date,open,high,low,close,volume,amount,outstanding_share,turnover,stock_return,momentum_5,momentum_5_signal,momentum_5_position,momentum_10,momentum_10_signal,momentum_10_position,momentum_20,momentum_20_signal,momentum_20_position,momentum_40,momentum_40_signal,momentum_40_position,momentum_60,momentum_60_signal,momentum_60_position,momentum_120,momentum_120_signal,momentum_120_position,momentum_250,momentum_250_signal,momentum_250_position,momentum_5_test_position,momentum_5_test_return,momentum_10_test_position,momentum_10_test_return,momentum_20_test_position,momentum_20_test_return,momentum_40_test_position,momentum_40_test_return,momentum_60_test_position,momentum_60_test_return,momentum_120_test_position,momentum_120_test_return,momentum_250_test_position,momentum_250_test_return
2020-01-02,21.58,22.88,21.28,22.52,59706353.0,1364459563.0,1035914811.0,0.057636354231062344,0.0,,0.0,0.0,,0.0,0.0,,0.0,0.0,,0.0,0.0,,0.0,0.0,,0.0,0.0,,0.0,0.0,,,,,,,,,,,,,,
2020-01-03,22.65,23.04,21.87,22.56,54787378.0,1261416122.0,1035914811.0,0.052887918406255896,0.001776198934280604,,0.0,0.0,,0.0,0.0,,0.0,0.0,,0.0,0.0,,0.0,0.0,,0.0,0.0,,0.0,0.0,,,,,,,,,,,,,,
2020-01-06,22.36,23.37,22.09,22.96,65388993.0,1534784505.0,1035914811.0,0.06312197905238755,0.0177304964539009,,0.0,0.0,,0.0,0.0,,0.0,0.0,,0.0,0.0,,0.0,0.0,,0.0,0.0,,0.0,0.0,,,,,,,,,,,,,,
2020-01-07,22.99,23.0,21.99,22.39,68532475.0,1568869490.0,1035914811.0,0.0661564776102038,-0.024825783972125426,,0.0,0.0,,0.0,0.0,,0.0,0.0,,0.0,0.0,,0.0,0.0,,0.0,0.0,,0.0,0.0,,,,,,,,,,,,,,
2020-01-08,22.01,22.01,21.01,21.1,71653575.0,1566318506.0,1035914811.0,0.06916937014427917,-0.057615006699419324,,0.0,0.0,,0.0,0.0,,0.0,0.0,,0.0,0.0,,0.0,0.0,,0.0,0.0,,0.0,0.0,,,,,,,,,,,,,,
2020-01-09,21.38,21.74,21.23,21.58,37094575.0,815925409.0,1035914811.0,0.035808518814584266,0.022748815165876568,-0.04174067495559508,0.0,0.0,,0.0,0.0,,0.0,0.0,,0.0,0.0,,0.0,0.0,,0.0,0.0,,0.0,0.0,,,,,,,,,,,,,,
2020-01-10,21.6,22.26,21.53,22.11,48336250.0,1089235201.0,1035914811.0,0.04666044880016683,0.024559777571825814,-0.019946808510638236,0.0,0.0,,0.0,0.0,,0.0,0.0,,0.0,0.0,,0.0,0.0,,0.0,0.0,,0.0,0.0,,,,,,,,,,,,,,
2020-01-13,21.78,22.86,21.54,22.74,65676363.0,1510585056.0,1035914811.0,0.06339938603310499,0.028493894165535938,-0.009581881533101133,0.0,0.0,,0.0,0.0,,0.0,0.0,,0.0,0.0,,0.0,0.0,,0.0,0.0,,0.0,0.0,,,,,,,,,,,,,,
2020-01-14,22.97,23.31,22.5,22.59,60335727.0,1410443808.0,1035914811.0,0.05824390805046613,-0.00659630606860151,0.008932559178204569,1.0,0.0,,0.0,0.0,,0.0,0.0,,0.0,0.0,,0.0,0.0,,0.0,0.0,,0.0,0.0,,,,,,,,,,,,,,
2020-01-15,22.7,24.01,22.56,23.55,83078861.0,1969641329.0,1035914811.0,0.08019854539950197,0.04249667994687911,0.1161137440758293,1.0,1.0,,0.0,0.0,,0.0,0.0,,0.0,0.0,,0.0,0.0,,0.0,0.0,,0.0,0.0,,,,,,,,,,,,,,
2020-01-16,23.33,23.92,22.99,23.53,70940479.0,1703871140.0,1035914811.0,0.0684809969378843,-0.000849256900212314,0.09036144578313277,1.0,1.0,0.04484902309058625,1.0,0.0,,0.0,0.0,,0.0,0.0,,0.0,0.0,,0.0,0.0,,0.0,0.0,,,,,,,,,,,,,,
2020-01-17,23.44,23.82,22.85,23.14,46348058.0,1105087592.0,1035914811.0,0.044741186734514216,-0.016574585635359185,0.04658525554047954,1.0,1.0,0.025709219858156107,1.0,1.0,,0.0,0.0,,0.0,0.0,,0.0,0.0,,0.0,0.0,,0.0,0.0,,,,,,,,,,,,,,
2020-01-20,23.03,24.5,22.83,24.23,74608216.0,1826608977.0,1035914811.0,0.07202157475476041,0.04710458081244595,0.06552330694810915,1.0,1.0,0.05531358885017412,1.0,1.0,,0.0,0.0,,0.0,0.0,,0.0,0.0,,0.0,0.0,,0.0,0.0,,,,,,,,,,,,,,
2020-01-21,24.04,24.68,23.85,23.92,58679672.0,1454888755.0,1035914811.0,0.05664526790900377,-0.012794056954189004,0.05887560867640551,1.0,1.0,0.06833407771326483,1.0,1.0,,0.0,0.0,,0.0,0.0,,0.0,0.0,,0.0,0.0,,0.0,0.0,,,,,,,,,,,,,,
2020-01-22,23.62,25.46,23.14,25.38,81527929.0,2047259453.0,1035914811.0,0.07870138367970492,0.061036789297658656,0.07770700636942673,1.0,1.0,0.20284360189573447,1.0,1.0,,0.0,0.0,,0.0,0.0,,0.0,0.0,,0.0,0.0,,0.0,0.0,,,,,,,,,,,,,,
2020-01-23,24.98,26.97,24.89,25.62,115494978.0,3049205535.0,1035914811.0,0.11149080674742858,0.009456264775413725,0.08882277943051431,1.0,1.0,0.1872103799814644,1.0,1.0,,0.0,0.0,,0.0,0.0,,0.0,0.0,,0.0,0.0,,0.0,0.0,,,,,,,,,,,,,,
2020-02-03,23.06,23.06,23.06,23.06,10968400.0,259073608.0,1035914811.0,0.010588129336052132,-0.09992193598750987,-0.0034572169403630504,0.0,1.0,0.042966983265490644,1.0,1.0,,0.0,0.0,,0.0,0.0,,0.0,0.0,,0.0,0.0,,0.0,0.0,,,,,,,,,,,,,,
2020-02-04,21.48,24.3,21.48,23.72,85696079.0,2064188239.0,1035914811.0,0.08272502534959894,0.028620988725065022,-0.021048287247214303,0.0,0.0,0.04309586631486373,1.0,1.0,,0.0,0.0,,0.0,0.0,,0.0,0.0,,0.0,0.0,,0.0,0.0,,,,,,,,,,,,,,
2020-02-05,23.53,24.52,22.95,23.43,91313271.0,2229738582.0,1035914811.0,0.08814747123062419,-0.012225969645868418,-0.020484949832776045,0.0,0.0,0.03718459495351922,1.0,1.0,,0.0,0.0,,0.0,0.0,,0.0,0.0,,0.0,0.0,,0.0,0.0,,,,,,,,,,,,,,
2020-02-06,23.19,24.16,22.8,24.01,70277864.0,1692568117.0,1035914811.0,0.06784135457254313,0.02475458813486986,-0.05397951142631985,0.0,0.0,0.019532908704883223,1.0,1.0,,0.0,0.0,,0.0,0.0,,0.0,0.0,,0.0,0.0,,0.0,0.0,,,,,,,,,,,,,,
2020-02-07,23.67,26.0,23.67,25.88,98672571.0,2506051558.0,1035914811.0,0.09525162682513283,0.07788421491045394,0.010148321623731471,1.0,0.0,0.09987250318742014,1.0,1.0,0.14920071047957362,1.0,0.0,,0.0,0.0,,0.0,0.0,,0.0,0.0,,0.0,0.0,,,,,,,,,,,,,,
2020-02-10,25.47,26.07,24.82,25.48,74286832.0,1934071489.0,1035914811.0,0.07171133302775029,-0.015455950540958163,0.10494362532523849,1.0,1.0,0.101123595505618,1.0,1.0,0.12943262411347534,1.0,1.0,,0.0,0.0,,0.0,0.0,,0.0,0.0,,0.0,0.0,,,,,,,,,,,,,,
2020-02-11,25.53,26.58,25.1,25.86,70867134.0,1883921005.0,1035914811.0,0.06841019478386433,0.01491365777080067,0.09021922428330531,1.0,1.0,0.06727197688815512,1.0,1.0,0.12630662020905925,1.0,1.0,,0.0,0.0,,0.0,0.0,,0.0,0.0,,0.0,0.0,,,,,,,,,,,,,,
2020-02-12,25.51,26.88,25.39,26.52,70879421.0,1905047219.0,1035914811.0,0.06842205579779088,0.025522041763341052,0.13188220230473746,1.0,1.0,0.10869565217391286,1.0,1.0,0.184457347029924,1.0,1.0,,0.0,0.0,,0.0,0.0,,0.0,0.0,,0.0,0.0,,,,,,,,,,,,,,
2020-02-13,26.46,27.74,26.11,27.17,85234787.0,2352896901.0,1035914811.0,0.08227972618493626,0.024509803921568762,0.13161182840483132,1.0,1.0,0.07052797478329409,1.0,1.0,0.28767772511848344,1.0,1.0,,0.0,0.0,,0.0,0.0,,0.0,0.0,,0.0,0.0,,,,,,,,,,,,,,
2020-02-14,27.69,29.88,27.38,29.63,132876007.0,3963446117.0,1035914811.0,0.12826924143668797,0.09054103790945889,0.14489953632148378,1.0,1.0,0.15651834504293505,1.0,1.0,0.3730305838739574,1.0,1.0,,0.0,0.0,,0.0,0.0,,0.0,0.0,,0.0,0.0,,,,,,,,,,,,,,
2020-02-17,29.29,30.04,28.86,30.02,89868373.0,2709860172.0,1035914811.0,0.08675266734843508,0.013162335470806585,0.1781789638932496,1.0,1.0,0.30182133564614055,1.0,1.0,0.35775667118950705,1.0,1.0,,0.0,0.0,,0.0,0.0,,0.0,0.0,,0.0,0.0,,,,,,,,,,,,,,
2020-02-18,29.89,30.85,29.29,30.85,96170376.0,2968312517.0,1035914811.0,0.09283618206709857,0.027648234510326608,0.19296210363495758,1.0,1.0,0.30059021922428353,1.0,1.0,0.35664028144239235,1.0,1.0,,0.0,0.0,,0.0,0.0,,0.0,0.0,,0.0,0.0,,,,,,,,,,,,,,
2020-02-19,30.46,32.1,29.78,29.78,102314392.0,3240084496.0,1035914811.0,0.09876718714083527,-0.03468395461912477,0.12292609351432882,1.0,1.0,0.27102005975245413,1.0,1.0,0.31828242585214706,1.0,1.0,,0.0,0.0,,0.0,0.0,,0.0,0.0,,0.0,0.0,,,,,,,,,,,,,,
2020-02-20,29.51,30.15,28.21,29.58,98850877.0,2966230530.0,1035914811.0,0.09542375101730252,-0.00671591672263272,0.08870077291129919,1.0,1.0,0.2319866722199082,1.0,1.0,0.2560509554140127,1.0,1.0,,0.0,0.0,,0.0,0.0,,0.0,0.0,,0.0,0.0,,,,,,,,,,,,,,
2020-02-21,29.37,30.7,29.29,30.11,94601550.0,2910167647.0,1035914811.0,0.09132174672614078,0.017917511832319155,0.0161997975025312,1.0,1.0,0.16344667697063375,1.0,1.0,0.2796430089247768,1.0,1.0,,0.0,0.0,,0.0,0.0,,0.0,0.0,,0.0,0.0,,,,,,,,,,,,,,
2020-02-24,30.0,33.08,29.48,33.08,106885615.0,3429484689.0,1035914811.0,0.10317992740814283,0.0986383261374959,0.10193204530313116,1.0,1.0,0.2982731554160125,1.0,1.0,0.42955920484010357,1.0,1.0,,0.0,0.0,,0.0,0.0,,0.0,0.0,,0.0,0.0,,,,,,,,,,,,,,
2020-02-25,31.99,34.34,30.95,34.25,137086293.0,4636245976.0,1035914811.0,0.1323335582659219,0.035368802902055574,0.11021069692058338,1.0,1.0,0.32443928847641157,1.0,1.0,0.4135369376805613,1.0,1.0,,0.0,0.0,,0.0,0.0,,0.0,0.0,,0.0,0.0,,,,,,,,,,,,,,
2020-02-26,33.51,34.07,30.82,30.82,114122521.0,3776799804.0,1035914811.0,0.11016593236062922,-0.1001459854014598,0.0349227669576897,1.0,1.0,0.1621417797888387,1.0,1.0,0.2884615384615383,1.0,1.0,,0.0,0.0,,0.0,0.0,,0.0,0.0,,0.0,0.0,,,,,,,,,,,,,,
2020-02-27,31.04,31.33,28.33,28.52,110707373.0,3331203827.0,1035914811.0,0.10686918636980469,-0.07462686567164178,-0.0358350236646382,0.0,1.0,0.04968715495031284,1.0,1.0,0.12371946414499613,1.0,1.0,,0.0,0.0,,0.0,0.0,,0.0,0.0,,0.0,0.0,,,,,,,,,,,,,,
2020-02-28,26.06,27.33,25.68,25.98,112214889.0,3043287758.0,1035914811.0,0.10832443730742257,-0.0890603085553997,-0.1371637329790767,0.0,0.0,-0.12318596017549777,0.0,1.0,0.014051522248243575,1.0,1.0,,0.0,0.0,,0.0,0.0,,0.0,0.0,,0.0,0.0,,,,,,,,,,,,,,
2020-03-02,26.7,26.98,25.4,26.31,100768628.0,2712237919.0,1035914811.0,0.09727501424825173,0.01270207852193983,-0.2046553808948005,0.0,0.0,-0.12358427714856768,0.0,0.0,0.1409366869037294,1.0,1.0,,0.0,0.0,,0.0,0.0,,0.0,0.0,,0.0,0.0,,,,,,,,,,,,,,
2020-03-03,26.84,27.75,26.15,26.49,88342913.0,2435547627.0,1035914811.0,0.08528009452313931,0.0068415051311288,-0.22656934306569343,0.0,0.0,-0.1413290113452189,0.0,0.0,0.11677908937605386,1.0,1.0,,0.0,0.0,,0.0,0.0,,0.0,0.0,,0.0,0.0,,,,,,,,,,,,,,
2020-03-04,26.08,26.14,24.24,25.49,93734343.0,2427813109.0,1035914811.0,0.09048460549522928,-0.03775009437523591,-0.17293964957819608,0.0,0.0,-0.14405641370047018,0.0,0.0,0.08792146820315838,1.0,1.0,,0.0,0.0,,0.0,0.0,,0.0,0.0,,0.0,0.0,,,,,,,,,,,,,,
2020-03-05,25.89,26.13,24.93,25.89,75277800.0,1974798556.0,1035914811.0,0.07266794450726316,0.015692428403295544,-0.09221598877980364,0.0,0.0,-0.12474645030425957,0.0,0.0,0.07830070803831735,1.0,1.0,,0.0,0.0,,0.0,0.0,,0.0,0.0,,0.0,0.0,,,,,,,,,,,,,,
2020-03-06,25.42,26.21,25.22,25.72,51651147.0,1364732774.0,1035914811.0,0.049860419458757986,-0.00656624179219778,-0.01000769822940728,0.0,0.0,-0.14579873796081033,0.0,0.0,-0.0061823802163832875,0.0,1.0,0.1420959147424512,1.0,0.0,,0.0,0.0,,0.0,0.0,,0.0,0.0,,,,,,,,,,,,,,
2020-03-09,24.95,25.19,23.16,23.25,83226325.0,2058919194.0,1035914811.0,0.08034089687322754,-0.09603421461897355,-0.11630558722919038,0.0,0.0,-0.2971584038694075,0.0,0.0,-0.08751962323390894,0.0,0.0,0.030585106382978733,1.0,1.0,,0.0,0.0,,0.0,0.0,,0.0,0.0,,,,,,,,,,,,,,
2020-03-10,23.06,24.92,23.06,24.87,91541114.0,2267301070.0,1035914811.0,0.08836741499200362,0.06967741935483884,-0.06115515288788209,0.0,0.0,-0.27386861313868616,0.0,0.0,-0.03828306264501158,0.0,0.0,0.08318815331010443,1.0,1.0,,0.0,0.0,,0.0,0.0,,0.0,0.0,,,,,,,,,,,,,,
2020-03-11,25.15,25.37,23.88,23.92,68154329.0,1724919372.0,1035914811.0,0.06579144180225453,-0.03819863289103331,-0.061592781482934345,0.0,0.0,-0.22388059701492535,0.0,0.0,-0.09803921568627438,0.0,0.0,0.06833407771326483,1.0,1.0,,0.0,0.0,,0.0,0.0,,0.0,0.0,,,,,,,,,,,,,,
2020-03-12,23.23,24.39,23.23,24.22,54270164.0,1330857790.0,1035914811.0,0.05238863603814233,0.012541806020066826,-0.0645036693704133,0.0,0.0,-0.15077138849929872,0.0,0.0,-0.10857563489142441,0.0,0.0,0.14786729857819902,1.0,1.0,,0.0,0.0,,0.0,0.0,,0.0,0.0,,,,,,,,,,,,,,
2020-03-13,23.23,25.09,23.19,24.72,93189527.0,2328594937.0,1035914811.0,0.08995867807898346,0.02064409578860449,-0.038880248833592534,0.0,0.0,-0.04849884526558901,0.0,0.0,-0.16571042861964225,0.0,0.0,0.1455050973123262,1.0,1.0,,0.0,0.0,,0.0,0.0,,0.0,0.0,,,,,,,,,,,,,,
2020-03-16,24.83,24.88,22.45,22.65,74861447.0,1819932485.0,1035914811.0,0.0722660263228923,-0.08373786407766992,-0.02580645161290329,0.0,0.0,-0.1391106043329533,0.0,0.0,-0.24550299800133246,0.0,0.0,0.024423337856173566,1.0,1.0,,0.0,0.0,,0.0,0.0,,0.0,0.0,,,,,,,,,,,,,,
2020-03-17,23.09,23.41,21.68,23.06,59435173.0,1385775905.0,1035914811.0,0.057374575948600855,0.018101545253863094,-0.07277844792923205,0.0,0.0,-0.1294828237070592,0.0,0.0,-0.25251215559157225,0.0,0.0,0.014072119613016687,1.0,1.0,,0.0,0.0,,0.0,0.0,,0.0,0.0,,,,,,,,,,,,,,
2020-03-18,23.27,23.91,22.5,22.52,58595734.0,1397377774.0,1035914811.0,0.05656424001065856,-0.02341717259323506,-0.05852842809364556,0.0,0.0,-0.11651628089446842,0.0,0.0,-0.24378777703156485,0.0,0.0,-0.003098716246126565,0.0,1.0,,0.0,0.0,,0.0,0.0,,0.0,0.0,,,,,,,,,,,,,,
2020-03-19,22.84,23.4,22.44,23.33,56344667.0,1326253727.0,1035914811.0,0.0543912167310445,0.035968028419182785,-0.03674649050371592,0.0,0.0,-0.09887987640015461,0.0,0.0,-0.21129141311697097,0.0,0.0,-0.009341825902335565,0.0,0.0,,0.0,0.0,,0.0,0.0,,0.0,0.0,,,,,,,,,,,,,,
2020-03-20,23.43,23.64,22.84,23.37,50240788.0,1196638828.0,1035914811.0,0.0484989571212917,0.0017145306472354793,-0.05461165048543681,0.0,0.0,-0.09136858475894238,0.0,0.0,-0.22384589837263358,0.0,0.0,-0.006799830004249885,0.0,0.0,,0.0,0.0,,0.0,0.0,,0.0,0.0,,,,,,,,,,,,,,
2020-03-23,22.48,23.14,21.04,21.04,63428604.0,1425456172.0,1035914811.0,0.06122955606626615,-0.09970047068891752,-0.07108167770419427,0.0,0.0,-0.09505376344086025,0.0,0.0,-0.3639661426844014,0.0,0.0,-0.09075194468452896,0.0,0.0,,0.0,0.0,,0.0,0.0,,0.0,0.0,,,,,,,,,,,,,,
2020-03-24,21.5,21.58,19.58,20.85,75270016.0,1596790532.0,1035914811.0,0.0726604303758719,-0.009030418250950412,-0.09583694709453583,0.0,0.0,-0.16164053075995177,0.0,0.0,-0.39124087591240875,0.0,0.0,-0.13949649195212543,0.0,0.0,,0.0,0.0,,0.0,0.0,,0.0,0.0,,,,,,,,,,,,,,
2020-03-25,21.44,22.08,21.44,21.62,58214869.0,1296391073.0,1035914811.0,0.0561965794695062,0.03693045563549169,-0.039964476021314366,0.0,0.0,-0.09615384615384615,0.0,0.0,-0.29850746268656714,0.0,0.0,-0.09615384615384615,0.0,0.0,,0.0,0.0,,0.0,0.0,,0.0,0.0,,,,,,,,,,,,,,
2020-03-26,21.46,22.14,21.28,21.38,45843030.0,1020753031.0,1035914811.0,0.04425366788196255,-0.01110083256244232,-0.08358336905272179,0.0,0.0,-0.11725846407927332,0.0,0.0,-0.25035063113604494,0.0,0.0,-0.15760441292356187,0.0,0.0,,0.0,0.0,,0.0,0.0,,0.0,0.0,,,,,,,,,,,,,,
2020-03-27,21.79,21.88,20.57,20.63,46044993.0,993853455.0,1035914811.0,0.04444862889406067,-0.03507951356407857,-0.11724433033804027,0.0,0.0,-0.16545307443365698,0.0,0.0,-0.20592763664357205,0.0,0.0,-0.1947697111631539,0.0,0.0,,0.0,0.0,,0.0,0.0,,0.0,0.0,,,,,,,,,,,,,,
2020-03-30,20.12,20.21,19.07,19.65,57364596.0,1147755904.0,1035914811.0,0.05537578514262598,-0.047503635482307294,-0.06606463878326996,0.0,0.0,-0.13245033112582782,0.0,0.0,-0.2531356898517674,0.0,0.0,-0.14787510841283613,0.0,0.0,,0.0,0.0,,0.0,0.0,,0.0,0.0,,,,,,,,,,,,,,
2020-03-31,20.0,20.23,19.16,19.2,41650822.0,838176271.0,1035914811.0,0.040206802294672474,-0.022900763358778553,-0.07913669064748208,0.0,0.0,-0.1673894189071986,0.0,0.0,-0.27519818799547,0.0,0.0,-0.1905564924114671,0.0,0.0,,0.0,0.0,,0.0,0.0,,0.0,0.0,,,,,,,,,,,,,,
2020-04-01,19.23,20.56,19.23,19.83,65515297.0,1347445924.0,1035914811.0,0.06324390413605159,0.03281249999999991,-0.08279370952821474,0.0,0.0,-0.11944937833037306,0.0,0.0,-0.22204786190663006,0.0,0.0,-0.15364916773367487,0.0,0.0,,0.0,0.0,,0.0,0.0,,0.0,0.0,,,,,,,,,,,,,,
2020-04-02,19.73,21.3,19.73,21.09,78404323.0,1646189048.0,1035914811.0,0.07568607202778956,0.06354009077155842,-0.013564078578110372,0.0,0.0,-0.09601371624517785,0.0,0.0,-0.1853997682502897,0.0,0.0,-0.12161599333611006,0.0,0.0,,0.0,0.0,,0.0,0.0,,0.0,0.0,,,,,,,,,,,,,,
2020-04-03,20.97,21.09,20.45,20.69,59309546.0,1262230324.0,1035914811.0,0.05725330439357913,-0.018966334755808334,0.002908385845855621,1.0,0.0,-0.11467693624304665,0.0,0.0,-0.1955676516329704,0.0,0.0,-0.20054095826893348,0.0,0.0,-0.08126110124333918,0.0,0.0,,0.0,0.0,,0.0,0.0,,,,,,,,,,,,,,
2020-04-07,21.47,21.62,20.94,21.16,59624696.0,1293373226.0,1035914811.0,0.057557528251229916,0.022716288061865653,0.0768447837150128,1.0,1.0,0.005703422053231932,1.0,0.0,-0.08989247311827953,0.0,0.0,-0.1695447409733124,0.0,0.0,-0.06205673758865238,0.0,0.0,,0.0,0.0,,0.0,0.0,,,,,,,,,,,,,,
2020-04-08,21.02,21.71,20.9,21.48,62167386.0,1360699549.0,1035914811.0,0.06001206406151094,0.01512287334593565,0.11875000000000013,1.0,1.0,0.030215827338129442,1.0,1.0,-0.13630880579010862,0.0,0.0,-0.16937354988399067,0.0,0.0,-0.06445993031358888,0.0,0.0,,0.0,0.0,,0.0,0.0,,,,,,,,,,,,,,
2020-04-09,21.65,21.65,21.0,21.2,41740878.0,907808551.0,1035914811.0,0.0402937360840572,-0.013035381750465591,0.06908724155320223,1.0,1.0,-0.01942645698427392,0.0,1.0,-0.11371237458193995,0.0,0.0,-0.20060331825037714,0.0,0.0,-0.05314872711031715,0.0,0.0,,0.0,0.0,,0.0,0.0,,,,,,,,,,,,,,
2020-04-10,21.09,21.13,20.01,20.22,45874628.0,961069269.0,1035914811.0,0.04428417039014611,-0.04622641509433967,-0.04125177809388336,0.0,1.0,-0.05425631431244149,0.0,0.0,-0.16515276630883569,0.0,0.0,-0.2557968347442032,0.0,0.0,-0.041706161137440856,0.0,0.0,,0.0,0.0,,0.0,0.0,,,,,,,,,,,,,,
2020-04-13,19.81,19.81,19.11,19.43,40124672.0,797206932.0,1035914811.0,0.038733563391439914,-0.0390702274975272,-0.060898985016916485,0.0,0.0,-0.05816771691711098,0.0,0.0,-0.2139967637540453,0.0,0.0,-0.34424569692878837,0.0,0.0,-0.09962928637627422,0.0,0.0,,0.0,0.0,,0.0,0.0,,,,,,,,,,,,,,
2020-04-14,19.52,20.27,19.31,20.09,59709775.0,1201527731.0,1035914811.0,0.05763965759149668,0.033968090581574906,-0.05056710775047257,0.0,0.0,0.0223918575063613,1.0,0.0,-0.1130242825607064,0.0,0.0,-0.3307794803464357,0.0,0.0,-0.09136137494346452,0.0,0.0,,0.0,0.0,,0.0,0.0,,,,,,,,,,,,,,
2020-04-15,19.92,21.19,19.83,20.56,73890175.0,1559143342.0,1035914811.0,0.07132842798981856,0.023394723743155765,-0.04283054003724407,0.0,0.0,0.0708333333333333,1.0,1.0,-0.10841283607979191,0.0,0.0,-0.33354943273906,0.0,0.0,-0.09586631486367636,0.0,0.0,,0.0,0.0,,0.0,0.0,,,,,,,,,,,,,,
2020-04-16,20.31,21.22,20.07,21.01,60078503.0,1276930703.0,1035914811.0,0.05799560191827395,0.021887159533074074,-0.008962264150943255,0.0,0.0,0.05950579929399913,1.0,1.0,-0.06705150976909402,0.0,0.0,-0.2944929482874412,0.0,0.0,-0.06994245241257191,0.0,0.0,,0.0,0.0,,0.0,0.0,,,,,,,,,,,,,,
2020-04-17,21.72,23.11,21.62,21.96,109290628.0,2497727913.0,1035914811.0,0.10550155943276691,0.04521656354117076,0.08605341246290821,1.0,0.0,0.04125177809388347,1.0,1.0,-0.05872267466780956,0.0,0.0,-0.2576064908722109,0.0,0.0,-0.06751592356687897,0.0,0.0,,0.0,0.0,,0.0,0.0,,,,,,,,,,,,,,
2020-04-20,21.97,22.61,21.63,22.31,71371081.0,1625421020.0,1035914811.0,0.06889667011431502,0.015938069216757667,0.14822439526505393,1.0,1.0,0.07829869502174946,1.0,1.0,-0.04535729567822,0.0,0.0,-0.2590501494520093,0.0,0.0,-0.05184870378240558,0.0,0.0,,0.0,0.0,,0.0,0.0,,,,,,,,,,,,,,
2020-04-21,22.01,22.21,21.56,21.94,49398519.0,1108211444.0,1035914811.0,0.04768588929847823,-0.01658449125952477,0.09208561473369836,1.0,1.0,0.036862003780718355,1.0,1.0,0.042775665399239715,1.0,0.0,-0.33675937122128163,0.0,0.0,-0.05185825410544509,0.0,0.0,,0.0,0.0,,0.0,0.0,,,,,,,,,,,,,,
2020-04-22,21.52,22.12,21.49,22.1,38410918.0,862663683.0,1035914811.0,0.037079224654506845,0.007292616226071136,0.07490272373540874,1.0,1.0,0.028864059590316682,1.0,1.0,0.05995203836930463,1.0,1.0,-0.3547445255474452,0.0,0.0,-0.08790755262071803,0.0,0.0,,0.0,0.0,,0.0,0.0,,,,,,,,,,,,,,
2020-04-23,22.09,22.43,21.56,22.04,47843861.0,1080561736.0,1035914811.0,0.04618513075782252,-0.002714932126696934,0.04902427415516408,1.0,1.0,0.039622641509434064,1.0,1.0,0.0194264569842737,1.0,1.0,-0.28487994808565875,0.0,0.0,-0.07859531772575257,0.0,0.0,,0.0,0.0,,0.0,0.0,,,,,,,,,,,,,,
2020-04-24,21.98,22.39,21.27,21.38,41309736.0,921852233.0,1035914811.0,0.03987754162924117,-0.029945553539019953,-0.02641165755919861,0.0,1.0,0.05736894164193873,1.0,1.0,0.0,0.0,1.0,-0.25035063113604494,0.0,0.0,-0.15760441292356187,0.0,0.0,,0.0,0.0,,0.0,0.0,,,,,,,,,,,,,,
2020-04-27,21.52,21.73,20.89,21.27,34457086.0,754732674.0,1035914811.0,0.03326247065310084,-0.005144995322731494,-0.04661586732406986,0.0,0.0,0.09469891919711793,1.0,1.0,0.031022782355792478,1.0,0.0,-0.18129330254041576,0.0,0.0,-0.16978922716627642,0.0,0.0,,0.0,0.0,,0.0,0.0,,,,,,,,,,,,,,
2020-04-28,21.3,22.45,20.5,22.06,66862288.0,1491799619.0,1035914811.0,0.06454419542033173,0.037141513869299425,0.005469462169553241,1.0,0.0,0.0980587356893976,1.0,1.0,0.1226463104325699,1.0,1.0,-0.16153553781832009,0.0,0.0,-0.043365134431916696,0.0,0.0,,0.0,0.0,,0.0,0.0,,,,,,,,,,,,,,
2020-04-29,22.15,22.52,21.9,22.36,45217796.0,1030245490.0,1035914811.0,0.043650110530179496,0.013599274705349051,0.0117647058823529,1.0,1.0,0.08754863813229585,1.0,1.0,0.1645833333333333,1.0,1.0,-0.15590788976972436,0.0,0.0,-0.05733558178752107,0.0,0.0,,0.0,0.0,,0.0,0.0,,,,,,,,,,,,,,
2020-04-30,23.92,24.59,23.53,24.59,78498091.0,1943299677.0,1035914811.0,0.07577658912340814,0.09973166368515218,0.1156987295825771,1.0,1.0,0.1703950499762017,1.0,1.0,0.24004034291477572,1.0,1.0,-0.03530796390741464,0.0,0.0,0.04950917626973972,1.0,0.0,,0.0,0.0,,0.0,0.0,,,,,,,,,,,,,,
2020-05-06,26.07,27.05,25.48,26.58,203756642.0,5516953689.0,1035914811.0,0.19669246914551547,0.08092720618137439,0.2432179607109448,1.0,1.0,0.2103825136612021,1.0,1.0,0.26031294452347087,1.0,1.0,0.02665121668597914,1.0,0.0,0.10703873386089113,1.0,1.0,,0.0,0.0,,0.0,0.0,,,,,,,,,,,,,,
2020-05-07,26.33,27.08,26.17,26.38,125087868.0,3412922821.0,1035914811.0,0.12075111454314365,-0.007524454477050413,0.2402444757874942,1.0,1.0,0.18242940385477358,1.0,1.0,0.2750120831319476,1.0,1.0,0.025660964230171057,1.0,1.0,0.019319938176197926,1.0,1.0,,0.0,0.0,,0.0,0.0,,,,,,,,,,,,,,
2020-05-08,26.84,26.91,25.62,26.09,105910833.0,2839218714.0,1035914811.0,0.10223894076556456,-0.010993176648976477,0.1826835902085222,1.0,1.0,0.18915223336371922,1.0,1.0,0.23298676748582237,1.0,1.0,0.12215053763440853,1.0,1.0,0.02394034536891687,1.0,1.0,,0.0,0.0,,0.0,0.0,,,,,,,,,,,,,,
2020-05-11,26.26,26.57,25.48,25.88,71654065.0,1911294830.0,1035914811.0,0.06916984315614733,-0.00804906094289004,0.15742397137745967,1.0,1.0,0.1710407239819003,1.0,1.0,0.20484171322160138,1.0,1.0,0.040611178126256364,1.0,1.0,0.0007733952049497894,1.0,1.0,,0.0,0.0,,0.0,0.0,,,,,,,,,,,,,,
2020-05-12,25.85,27.98,25.63,27.48,120731854.0,3320930544.0,1035914811.0,0.11654612205365987,0.0618238021638331,0.11752745018300126,1.0,1.0,0.2468239564428314,1.0,1.0,0.29622641509433967,1.0,1.0,0.1488294314381271,1.0,1.0,0.03619909502262453,1.0,1.0,,0.0,0.0,,0.0,0.0,,,,,,,,,,,,,,
2020-05-13,26.94,27.24,26.55,26.85,76506724.0,2107022729.0,1035914811.0,0.07385426213391595,-0.022925764192139653,0.01015801354401824,1.0,1.0,0.2558465855940133,1.0,1.0,0.32789317507418403,1.0,1.0,0.10858794384805948,1.0,1.0,-0.011777695988222314,0.0,1.0,,0.0,0.0,,0.0,0.0,,,,,,,,,,,,,,
2020-05-14,26.85,29.18,26.68,28.24,133132077.0,3820961504.0,1035914811.0,0.12851643357766415,0.051769087523277246,0.07050796057619402,1.0,1.0,0.3276915843911612,1.0,1.0,0.45342254246011326,1.0,1.0,0.14239482200647258,1.0,1.0,-0.046911913601080046,0.0,0.0,,0.0,0.0,,0.0,0.0,,,,,,,,,,,,,,
2020-05-15,28.6,31.01,28.41,30.47,133658812.0,4081046389.0,1035914811.0,0.12902490685597506,0.07896600566572243,0.1678804139517056,1.0,1.0,0.38123300090661827,1.0,1.0,0.5166749626679941,1.0,1.0,0.3452538631346578,1.0,1.0,0.014990006662225053,1.0,0.0,,0.0,0.0,,0.0,0.0,,,,,,,,,,,,,,
2020-05-18,31.25,32.65,28.6,29.58,211639001.0,6652226670.0,1035914811.0,0.2043015494639935,-0.029209058089924578,0.1429675425038639,1.0,1.0,0.32289803220035784,1.0,1.0,0.438715953307393,1.0,1.0,0.28274067649609713,1.0,1.0,-0.04116693679092387,0.0,1.0,,0.0,0.0,,0.0,0.0,,,,,,,,,,,,,,
2020-05-19,29.68,32.54,28.63,32.11,165575286.0,5166961474.0,1035914811.0,0.15983484765524797,0.0855307640297498,0.1684861717612809,1.0,1.0,0.3058153721024808,1.0,1.0,0.5283198476915754,1.0,1.0,0.42584369449378334,1.0,1.0,0.0782404298186703,1.0,0.0,,0.0,0.0,,0.0,0.0,,,,,,,,,,,,,,
2020-05-20,31.24,32.47,30.61,31.16,120454309.0,3866185936.0,1035914811.0,0.11627819944356409,-0.029585798816567976,0.1605214152700185,1.0,1.0,0.17231000752445458,1.0,1.0,0.41894353369763193,1.0,1.0,0.3356193741963138,1.0,1.0,0.053414469235970374,1.0,1.0,,0.0,0.0,,0.0,0.0,,,,,,,,,,,,,,
2020-05-21,31.08,31.3,28.71,28.9,115749652.0,3530049365.0,1035914811.0,0.11173665128724566,-0.07252888318356876,0.02337110481586402,1.0,1.0,0.09552691432903715,1.0,1.0,0.29538323621694307,1.0,1.0,0.23662815575524165,1.0,1.0,-0.04018598472268353,0.0,1.0,,0.0,0.0,,0.0,0.0,,,,,,,,,,,,,,
2020-05-22,28.45,29.56,27.62,28.87,102736440.0,3005804985.0,1035914811.0,0.09917460288151049,-0.001038062283736929,-0.05251066622907774,0.0,1.0,0.10655423533921038,1.0,1.0,0.3158614402917046,1.0,1.0,0.37214828897338403,1.0,1.0,-0.12726723095525994,0.0,0.0,,0.0,0.0,,0.0,0.0,,,,,,,,,,,,,,
2020-05-25,28.21,28.7,27.29,27.7,73422995.0,2107367271.0,1035914811.0,0.07087744496009528,-0.04052649809490827,-0.06355645706558477,0.0,0.0,0.07032457496136013,1.0,1.0,0.25339366515837103,1.0,1.0,0.3285371702637889,1.0,1.0,-0.1912408759124088,0.0,0.0,,0.0,0.0,,0.0,0.0,,,,,,,,,,,,,,
2020-05-26,28.16,28.48,27.92,28.1,70256065.0,2028525905.0,1035914811.0,0.06782031133639231,0.014440433212996373,-0.12488321395203983,0.0,0.0,0.022561863173216956,1.0,1.0,0.27495462794918346,1.0,1.0,0.299722479185939,1.0,1.0,-0.08825438027255028,0.0,0.0,,0.0,0.0,,0.0,0.0,,,,,,,,,,,,,,
2020-05-27,28.02,29.63,27.43,28.77,95474784.0,2802317705.0,1035914811.0,0.09216470600303059,0.023843416370106674,-0.07670089858793327,0.0,0.0,0.07150837988826808,1.0,1.0,0.3456501403180543,1.0,1.0,0.3456501403180543,1.0,1.0,0.008765778401121915,1.0,0.0,,0.0,0.0,,0.0,0.0,,,,,,,,,,,,,,
2020-05-28,28.21,28.66,27.46,28.4,67767791.0,1947660555.0,1035914811.0,0.06541830494206535,-0.012860618700034743,-0.01730103806228378,0.0,0.0,0.0056657223796034994,1.0,1.0,0.3352139163140573,1.0,1.0,0.3766359670382937,1.0,1.0,0.09314857582755964,1.0,1.0,,0.0,0.0,,0.0,0.0,,,,,,,,,,,,,,
2020-05-29,27.99,29.53,27.93,28.34,77993345.0,2300436547.0,1035914811.0,0.07528934249401324,-0.0021126760563380254,-0.018358157256667895,0.0,0.0,-0.06990482441745982,0.0,1.0,0.2846781504986402,1.0,1.0,0.44223918575063625,1.0,1.0,0.07715697453439763,1.0,1.0,,0.0,0.0,,0.0,0.0,,,,,,,,,,,,,,
2020-06-01,28.9,29.94,28.57,29.78,88046657.0,2656057554.0,1035914811.0,0.08499410961699243,0.05081157374735357,0.0750902527075814,1.0,0.0,0.006761325219743153,1.0,0.0,0.33184257602862255,1.0,1.0,0.5510416666666669,1.0,1.0,0.12419781049452627,1.0,1.0,,0.0,0.0,,0.0,0.0,,,,,,,,,,,,,,
2020-06-02,30.59,31.17,29.69,30.46,91086228.0,2838828097.0,1035914811.0,0.0879282997335193,0.022834116856951026,0.08398576512455525,1.0,1.0,-0.05138586110246024,0.0,1.0,0.23871492476616507,1.0,1.0,0.536056480080686,1.0,1.0,0.19497842291094547,1.0,1.0,,0.0,0.0,,0.0,0.0,,,,,,,,,,,,,,
2020-06-03,30.56,31.03,29.43,29.72,89787449.0,2768644633.0,1035914811.0,0.0866745489557442,-0.024294156270518785,0.03302050747306229,1.0,1.0,-0.04621309370988447,0.0,0.0,0.11813393528969152,1.0,1.0,0.40919867235656704,1.0,1.0,0.14793356508304356,1.0,1.0,,0.0,0.0,,0.0,0.0,,,,,,,,,,,,,,
2020-06-04,29.49,29.71,28.81,28.87,64333722.0,1918704456.0,1035914811.0,0.06210329393581766,-0.028600269179003934,0.016549295774648032,1.0,1.0,-0.001038062283736929,0.0,0.0,0.09438968915845347,1.0,1.0,0.3953600773320445,1.0,1.0,0.12247278382581661,1.0,1.0,,0.0,0.0,,0.0,0.0,,,,,,,,,,,,,,
2020-06-05,28.95,29.61,28.95,29.13,47691369.0,1428237890.0,1035914811.0,0.04603792560313147,0.009005888465535072,0.02787579393083983,1.0,1.0,0.009005888465535072,1.0,0.0,0.11651973936374094,1.0,1.0,0.3766540642722116,1.0,1.0,0.25290322580645164,1.0,1.0,,0.0,0.0,,0.0,0.0,,,,,,,,,,,,,,
2020-06-08,29.31,29.45,27.63,27.67,81520784.0,2368322017.0,1035914811.0,0.07869448639440295,-0.05012015104703049,-0.0708529214237743,0.0,1.0,-0.0010830324909746336,0.0,1.0,0.06916537867078842,1.0,1.0,0.28817504655493487,1.0,1.0,0.11258544431041417,1.0,1.0,,0.0,0.0,,0.0,0.0,,,,,,,,,,,,,,
2020-06-09,27.49,28.35,27.25,28.05,53373857.0,1520979181.0,1035914811.0,0.051523403694244505,0.013733285146367846,-0.07912015758371638,0.0,0.0,-0.001779359430605032,0.0,0.0,0.020742358078602585,1.0,1.0,0.3231132075471699,1.0,1.0,0.1726588628762542,1.0,1.0,,0.0,0.0,,0.0,0.0,,,,,,,,,,,,,,
2020-06-10,27.82,28.26,27.46,27.97,39843075.0,1136957900.0,1035914811.0,0.0384617292627936,-0.002852049910873511,-0.05888290713324362,0.0,0.0,-0.027806743135210366,0.0,0.0,0.041713221601489714,1.0,1.0,0.38328387734915936,1.0,1.0,0.15483071841453344,1.0,1.0,,0.0,0.0,,0.0,0.0,,,,,,,,,,,,,,
2020-06-11,28.18,28.72,27.58,27.68,60705063.0,1750887648.0,1035914811.0,0.05860043929809205,-0.010368251698248065,-0.041219258746103216,0.0,0.0,-0.025352112676056304,0.0,0.0,-0.019830028328611804,0.0,1.0,0.4246011322696861,1.0,1.0,0.11974110032362462,1.0,1.0,,0.0,0.0,,0.0,0.0,,,,,,,,,,,,,,
2020-06-12,26.76,27.42,26.65,27.09,56134759.0,1558182959.0,1035914811.0,0.05418858616936987,-0.02131502890173409,-0.07003089598352208,0.0,0.0,-0.044107268877911054,0.0,0.0,-0.11092878240892678,0.0,0.0,0.34843205574912894,1.0,1.0,0.1960264900662252,1.0,1.0,,0.0,0.0,,0.0,0.0,,,,,,,,,,,,,,
2020-06-15,26.65,27.06,25.88,25.9,67194661.0,1819159271.0,1035914811.0,0.06486504516248295,-0.043927648578811374,-0.06396819660281905,0.0,0.0,-0.13028878441907332,0.0,0.0,-0.12440838404327248,0.0,0.0,0.25972762645914393,1.0,1.0,0.12315698178664358,1.0,1.0,,0.0,0.0,,0.0,0.0,,,,,,,,,,,,,,
2020-06-16,26.35,26.79,26.15,26.48,47926273.0,1299748521.0,1035914811.0,0.04626468556206404,0.022393822393822482,-0.05597147950089132,0.0,0.0,-0.13066316480630336,0.0,0.0,-0.17533478667081903,0.0,0.0,0.26035221323179436,1.0,1.0,0.17584369449378334,1.0,1.0,,0.0,0.0,,0.0,0.0,,,,,,,,,,,,,,
2020-06-17,26.46,26.7,25.97,26.3,46152314.0,1243574355.0,1035914811.0,0.044552229111820274,-0.006797583081570968,-0.05970682874508393,0.0,0.0,-0.11507402422611035,0.0,0.0,-0.15596919127086006,0.0,0.0,0.19763205828779595,1.0,1.0,0.12730390055722252,1.0,1.0,,0.0,0.0,,0.0,0.0,,,,,,,,,,,,,,
2020-06-18,26.26,28.2,26.22,27.59,94392219.0,2654449232.0,1035914811.0,0.09111967316007416,0.049049429657794574,-0.0032514450867051625,0.0,0.0,-0.04433668167648086,0.0,0.0,-0.04532871972318331,0.0,0.0,0.23666517256835506,1.0,1.0,0.1805733846812152,1.0,1.0,,0.0,0.0,,0.0,0.0,,,,,,,,,,,,,,
2020-06-19,27.63,28.2,27.04,27.84,70905083.0,2011599058.0,1208991732.0,0.05864811240909297,0.009061254077564307,0.027685492801771794,1.0,0.0,-0.044284243048403726,0.0,0.0,-0.035677173536543205,0.0,0.0,0.26891522333637186,1.0,1.0,0.3231939163498099,1.0,1.0,,0.0,0.0,,0.0,0.0,,,,,,,,,,,,,,
2020-06-22,28.34,30.35,28.34,30.04,130788945.0,3958767218.0,1208991732.0,0.10818018150019905,0.07902298850574718,0.15984555984555993,1.0,1.0,0.08565233104445236,1.0,0.0,0.08447653429602897,1.0,0.0,0.35927601809954735,1.0,1.0,0.440767386091127,1.0,1.0,,0.0,0.0,,0.0,0.0,,,,,,,,,,,,,,
2020-06-23,29.97,30.14,29.22,29.91,80623866.0,2452710675.0,1208991732.0,0.06668686299998618,-0.004327563249001298,0.12953172205438057,1.0,1.0,0.06631016042780757,1.0,1.0,0.06441281138790034,1.0,1.0,0.3570780399274047,1.0,1.0,0.3834412580943569,1.0,1.0,,0.0,0.0,,0.0,0.0,,,,,,,,,,,,,,
2020-06-24,29.94,31.03,29.59,30.3,88688456.0,2756967440.0,1208991732.0,0.07335737181038059,0.013039117352056095,0.15209125475285168,1.0,1.0,0.0833035395066144,1.0,1.0,0.05318039624608972,1.0,1.0,0.4172123479887746,1.0,1.0,0.4172123479887746,1.0,1.0,,0.0,0.0,,0.0,0.0,,,,,,,,,,,,,,
2020-06-29,29.87,30.67,29.57,30.02,71931813.0,2212797363.0,1208991732.0,0.05949735725736129,-0.009240924092409286,0.08807538963392525,1.0,1.0,0.08453757225433534,1.0,1.0,0.057042253521126796,1.0,1.0,0.4113775270333804,1.0,1.0,0.4551623848763937,1.0,1.0,,0.0,0.0,,0.0,0.0,,,,,,,,,,,,,,
2020-06-30,30.56,30.75,29.79,30.53,79776111.0,2478060189.0,1208991732.0,0.06598565473068099,0.016988674217188526,0.09662356321839094,1.0,1.0,0.12698412698412698,1.0,1.0,0.07727593507410035,1.0,1.0,0.38395285584768835,1.0,1.0,0.5536895674300255,1.0,1.0,,0.0,0.0,,0.0,0.0,,,,,,,,,,,,,,
2020-07-01,30.65,31.55,29.61,30.17,106203507.0,3334114011.0,1208991732.0,0.08784469255576348,-0.011791680314444775,0.004327563249001409,1.0,1.0,0.16486486486486496,1.0,1.0,0.013096037609133582,1.0,1.0,0.34928443649373886,1.0,1.0,0.5713541666666668,1.0,1.0,,0.0,0.0,,0.0,0.0,,,,,,,,,,,,,,
2020-07-02,30.18,33.18,29.82,33.18,158390892.0,5219797334.0,1208991732.0,0.1310107321726498,0.09976798143851506,0.1093279839518555,1.0,1.0,0.25302114803625364,1.0,1.0,0.08929743926460931,1.0,1.0,0.34932899552663677,1.0,1.0,0.6732223903177006,1.0,1.0,,0.0,0.0,,0.0,0.0,,,,,,,,,,,,,,
2020-07-03,34.17,34.27,32.1,33.29,139052699.0,4706100320.0,1208991732.0,0.11501542592848765,0.0033152501506932275,0.09867986798679862,1.0,1.0,0.26577946768060823,1.0,1.0,0.12012113055181706,1.0,1.0,0.2524454477050415,1.0,1.0,0.5784732100521575,1.0,1.0,,0.0,0.0,,0.0,0.0,,,,,,,,,,,,,,
2020-07-06,35.05,36.62,34.25,36.62,124096675.0,4570543821.0,1208991732.0,0.10264476730102237,0.10003003905076602,0.21985343104596922,1.0,1.0,0.3272924972816238,1.0,1.0,0.2684447523380671,1.0,1.0,0.38817285822592873,1.0,1.0,0.7699371677138711,1.0,1.0,0.6261101243339253,1.0,0.0,,0.0,0.0,,,,,,,,,,,,,,
2020-07-07,39.05,40.28,37.1,37.43,203064943.0,8191464267.0,1208991732.0,0.16796222639510988,0.02211906062261071,0.22600720602685875,1.0,1.0,0.3444683908045978,1.0,1.0,0.28492962581531067,1.0,1.0,0.43464929091605975,1.0,1.0,0.7689035916824196,1.0,1.0,0.659131205673759,1.0,1.0,,0.0,0.0,,,,,,,,,,,,,,
2020-07-08,38.01,41.0,36.81,40.63,167692620.0,6658842647.0,1208991732.0,0.13870452176094783,0.08549292011755294,0.3467020218760357,1.0,1.0,0.35252996005326254,1.0,1.0,0.46837730393928445,1.0,1.0,0.5699381761978364,1.0,1.0,0.8915270018621975,1.0,1.0,0.7695993031358885,1.0,1.0,,0.0,0.0,,,,,,,,,,,,,,
2020-07-09,39.94,43.34,39.33,42.3,141780711.0,6072379825.0,1208991732.0,0.11727186154156428,0.04110263352202792,0.27486437613019876,1.0,1.0,0.41424272818455354,1.0,1.0,0.5080213903743314,1.0,1.0,0.5393013100436681,1.0,1.0,0.9952830188679245,1.0,1.0,0.8892362661902633,1.0,1.0,,0.0,0.0,,,,,,,,,,,,,,
2020-07-10,41.43,46.53,40.86,46.53,142426809.0,6362965314.0,1208991732.0,0.11780627214413407,0.10000000000000009,0.39771703214178444,1.0,1.0,0.5356435643564357,1.0,1.0,0.66356810868788,1.0,1.0,0.7329608938547485,1.0,1.0,1.3011869436201784,1.0,1.0,1.2052132701421798,1.0,1.0,,0.0,0.0,,,,,,,,,,,,,,
2020-07-13,46.55,51.17,45.57,49.78,165937137.0,8187846776.0,1208991732.0,0.13725249942404072,0.06984741027294228,0.35936646641179704,1.0,1.0,0.6582278481012658,1.0,1.0,0.7984104046242775,1.0,1.0,0.7627478753541077,1.0,1.0,1.5620174987133302,1.0,1.0,1.3067655236329938,1.0,1.0,,0.0,0.0,,,,,,,,,,,,,,
2020-07-14,49.74,52.16,46.83,49.93,143866362.0,7175721820.0,1208991732.0,0.11899697755749417,0.0030132583366813126,0.33395671920919057,1.0,1.0,0.6354405502784146,1.0,1.0,0.8431155407899593,1.0,1.0,0.6386609780111585,1.0,1.0,1.4853160776505723,1.0,1.0,1.2582541836273178,1.0,1.0,,0.0,0.0,,,,,,,,,,,,,,
2020-07-15,48.81,49.8,44.95,44.96,160108270.0,7706579888.0,1208991732.0,0.13243123651072247,-0.09953935509713596,0.106571498892444,1.0,1.0,0.4902220749088497,1.0,1.0,0.735907335907336,1.0,1.0,0.5199459093982421,1.0,1.0,1.1867704280155644,1.0,1.0,0.977132805628848,1.0,1.0,,0.0,0.0,,,,,,,,,,,,,,
2020-07-16,43.39,44.91,40.47,40.47,140171508.0,5987334572.0,1208991732.0,0.11594083258792708,-0.09986654804270467,-0.04326241134751774,0.0,1.0,0.21971066907775771,1.0,1.0,0.5283232628398791,1.0,1.0,0.2603550295857988,1.0,1.0,0.926225606853879,1.0,1.0,0.7915006640106241,1.0,1.0,,0.0,0.0,,,,,,,,,,,,,,
2020-07-17,40.02,40.68,37.65,38.24,124277294.0,4964015175.0,1208991732.0,0.1027941636907737,-0.05510254509513213,-0.17816462497313557,0.0,0.0,0.14869330129167935,1.0,1.0,0.45399239543726244,1.0,1.0,0.22721437740693196,1.0,1.0,0.7413479052823315,1.0,1.0,0.6237791932059449,1.0,1.0,,0.0,0.0,,,,,,,,,,,,,,
2020-07-20,39.15,41.12,37.59,40.98,118025777.0,4756462354.0,1208991732.0,0.09762331195164865,0.07165271966527187,-0.17677782241864215,0.0,0.0,0.11906062261059525,1.0,1.0,0.4853207683943457,1.0,1.0,0.41799307958477505,1.0,1.0,0.8368444643657553,1.0,1.0,0.7416064598385039,1.0,1.0,,0.0,0.0,,,,,,,,,,,,,,
2020-07-21,40.16,41.8,39.71,40.02,95963199.0,3983057805.0,1208991732.0,0.07937457011492614,-0.02342606149341131,-0.19847786901662323,0.0,0.0,0.06919583222014447,1.0,1.0,0.4375000000000002,1.0,1.0,0.3862140630412194,1.0,1.0,0.8240656335460346,1.0,1.0,0.7294727744165947,1.0,1.0,,0.0,0.0,,,,,,,,,,,,,,
2020-07-22,40.16,41.87,39.54,40.46,93757881.0,3922221111.0,1208991732.0,0.07755047327321177,0.010994502748625568,-0.10008896797153022,0.0,0.0,-0.004184100418410108,0.0,1.0,0.3468708388814914,1.0,1.0,0.46064981949458494,1.0,1.0,0.8307692307692307,1.0,1.0,0.6698307882789929,1.0,1.0,,0.0,0.0,,,,,,,,,,,,,,
2020-07-23,39.71,41.49,38.94,41.47,99285471.0,4070965020.0,1208991732.0,0.0821225392796979,0.02496292634700925,0.024709661477637868,1.0,0.0,-0.019621749408983424,0.0,0.0,0.38649281176863926,1.0,1.0,0.47580071174377214,1.0,1.0,0.881578947368421,1.0,1.0,0.7336956521739129,1.0,1.0,,0.0,0.0,,,,,,,,,,,,,,
2020-07-24,40.81,41.84,37.74,38.42,102211261.0,4162106222.0,1208991732.0,0.08454256410084367,-0.0735471425126597,0.004707112970711247,1.0,1.0,-0.17429615301955725,0.0,0.0,0.2679867986798681,1.0,1.0,0.33541883906847425,1.0,1.0,0.7970065481758655,1.0,1.0,0.5137903861308117,1.0,1.0,,0.0,0.0,,,,,,,,,,,,,,
2020-07-27,38.45,39.54,37.74,38.61,65856214.0,2611896467.0,1208991732.0,0.054472013543927195,0.004945340968245615,-0.057833089311859376,0.0,1.0,-0.22438730413820818,0.0,0.0,0.28614257161892076,1.0,1.0,0.35950704225352115,1.0,1.0,0.8152327221438647,1.0,1.0,0.5070257611241218,1.0,1.0,,0.0,0.0,,,,,,,,,,,,,,
2020-07-28,39.2,39.46,37.84,38.27,55579997.0,2195628122.0,1208991732.0,0.04597218949384842,-0.00880600880600868,-0.04372813593203395,0.0,0.0,-0.23352693771279787,0.0,0.0,0.2535211267605635,1.0,1.0,0.35038814396612583,1.0,1.0,0.7348141432456938,1.0,1.0,0.6595836947094538,1.0,1.0,,0.0,0.0,,,,,,,,,,,,,,
2020-07-29,37.98,41.23,37.79,41.0,97487776.0,3980663789.0,1208991732.0,0.08063560189839247,0.07133524954272263,0.01334651507661877,1.0,0.0,-0.08807829181494664,0.0,0.0,0.3589658601259529,1.0,1.0,0.3767629281396909,1.0,1.0,0.8336314847942756,1.0,1.0,0.7284991568296797,1.0,1.0,,0.0,0.0,,,,,,,,,,,,,,
2020-07-30,41.49,41.49,39.95,40.89,85305530.0,3561580390.0,1208991732.0,0.07055923356802575,-0.002682926829268295,-0.013986013986013957,0.0,1.0,0.010378057820607856,1.0,0.0,0.23236889692585905,1.0,1.0,0.34241628365068943,1.0,1.0,0.6628710858072389,1.0,1.0,0.7451984635083226,1.0,1.0,,0.0,0.0,,,,,,,,,,,,,,
2020-07-31,40.62,44.03,40.62,43.47,125304275.0,5432354913.0,1208991732.0,0.10364361615005652,0.06309611151870875,0.13144195731389896,1.0,0.0,0.13676778242677812,1.0,1.0,0.30579753679783717,1.0,1.0,0.4626514131897712,1.0,1.0,0.6354401805869074,1.0,1.0,0.8104956268221573,1.0,1.0,,0.0,0.0,,,,,,,,,,,,,,
2020-08-03,44.52,46.86,44.52,46.52,128805062.0,6034660491.0,1208991732.0,0.10653924141145409,0.0701633310328964,0.2048692048692049,1.0,1.0,0.13518789653489516,1.0,1.0,0.2703440742763519,1.0,1.0,0.6113612746795982,1.0,1.0,0.7634571645185748,1.0,1.0,0.7975270479134469,1.0,1.0,,0.0,0.0,,,,,,,,,,,,,,
2020-08-04,45.88,46.15,44.64,45.02,94774066.0,4402254210.0,1208991732.0,0.07839099597746463,-0.03224419604471196,0.1763783642539849,1.0,1.0,0.12493753123438278,1.0,1.0,0.20277851990382056,1.0,1.0,0.5454857535187094,1.0,1.0,0.725565350709084,1.0,1.0,0.7668759811616956,1.0,1.0,,0.0,0.0,,,,,,,,,,,,,,
2020-08-05,48.81,48.81,46.19,47.04,128095318.0,6240379663.0,1208991732.0,0.10595218694183758,0.04486894713460665,0.14731707317073162,1.0,1.0,0.16262975778546718,1.0,1.0,0.157765198129461,1.0,1.0,0.7000361402240693,1.0,1.0,0.8176197836166925,1.0,1.0,0.8190255220417633,1.0,1.0,,0.0,0.0,,,,,,,,,,,,,,
2020-08-06,46.45,49.4,45.62,47.69,114837241.0,5618851065.0,1208991732.0,0.09498596058223498,0.01381802721088432,0.16629982880899963,1.0,1.0,0.1499879430913913,1.0,1.0,0.1274231678486999,1.0,1.0,0.7001782531194294,1.0,1.0,0.7354439592430857,1.0,1.0,0.798265460030166,1.0,1.0,,0.0,0.0,,,,,,,,,,,,,,
2020-08-07,46.81,47.29,43.53,44.88,126406408.0,5855602082.0,1208991732.0,0.10455522949763232,-0.058922205913189196,0.03243616287094553,1.0,1.0,0.16814159292035402,1.0,1.0,-0.03546099290780136,0.0,1.0,0.6045763317840545,1.0,1.0,0.6715083798882682,1.0,1.0,0.6518218623481782,1.0,1.0,,0.0,0.0,,,,,,,,,,,,,,
2020-08-10,43.64,45.46,43.36,44.21,76962919.0,3489125780.0,1208991732.0,0.06365876371435765,-0.014928698752228242,-0.04965606190885641,0.0,1.0,0.14504014504014506,1.0,1.0,-0.11189232623543588,0.0,0.0,0.5971820809248556,1.0,1.0,0.5655099150141645,1.0,1.0,0.49206884913938587,1.0,1.0,,0.0,0.0,,,,,,,,,,,,,,
2020-08-11,43.93,44.81,41.99,42.48,71995117.0,3220594972.0,1208991732.0,0.05954971824406157,-0.0391314182311695,-0.05641936916925827,0.0,0.0,0.11000783903841116,1.0,1.0,-0.14920889244942925,0.0,0.0,0.5681063122923586,1.0,1.0,0.3941581883820151,1.0,1.0,0.41505662891405715,1.0,1.0,,0.0,0.0,,,,,,,,,,,,,,
2020-08-12,42.37,44.07,40.51,43.81,90042662.0,3869957208.0,1208991732.0,0.07447748368886281,0.03130885122410554,-0.06866496598639449,0.0,0.0,0.06853658536585372,1.0,1.0,-0.02557829181494664,0.0,0.0,0.6915057915057916,1.0,1.0,0.48106828938471957,1.0,1.0,0.42009724473257704,1.0,1.0,,0.0,0.0,,,,,,,,,,,,,,
2020-08-13,43.9,44.4,43.1,43.12,54525718.0,2439797980.0,1208991732.0,0.0451001578892518,-0.015749828806208788,-0.09582721744600542,0.0,0.0,0.054536561506480785,1.0,1.0,0.06548060291573998,1.0,0.0,0.6283987915407854,1.0,1.0,0.34288383681096235,1.0,1.0,0.44795164539959687,1.0,1.0,,0.0,0.0,,,,,,,,,,,,,,
2020-08-14,42.95,44.56,42.67,44.4,64867668.0,2933504496.0,1208991732.0,0.05365435203819905,0.029684601113172615,-0.010695187165775444,0.0,0.0,0.021394064872325647,1.0,1.0,0.16108786610878645,1.0,1.0,0.688212927756654,1.0,1.0,0.4249037227214376,1.0,1.0,0.5010141987829615,1.0,1.0,,0.0,0.0,,,,,,,,,,,,,,
2020-08-17,44.55,46.43,44.01,46.01,77286925.0,3573569781.0,1208991732.0,0.06392676058433128,0.03626126126126117,0.040714770413933454,1.0,0.0,-0.010963026655202213,0.0,1.0,0.12274280136652038,1.0,1.0,0.6676332004349401,1.0,1.0,0.5920415224913496,1.0,1.0,0.5280637661906342,1.0,1.0,,0.0,0.0,,,,,,,,,,,,,,
2020-08-18,45.98,46.59,45.35,45.8,64627019.0,3037432817.0,1208991732.0,0.05345530270342659,-0.004564225168441682,0.07815442561205277,1.0,1.0,0.017325633051976874,1.0,0.0,0.1444277861069463,1.0,1.0,0.6451149425287355,1.0,1.0,0.5864218912365775,1.0,1.0,0.3845223700120919,1.0,1.0,,0.0,0.0,,,,,,,,,,,,,,
2020-08-19,45.59,45.76,42.95,43.03,75078766.0,3396275858.0,1208991732.0,0.062100313850616144,-0.060480349344978035,-0.017804154302670683,0.0,1.0,-0.08524659863945572,0.0,1.0,0.06351952545724182,1.0,1.0,0.4324234354194407,1.0,1.0,0.5534296028880867,1.0,1.0,0.2563503649635037,1.0,1.0,,0.0,0.0,,,,,,,,,,,,,,
2020-08-20,41.98,44.15,41.49,43.61,54354114.0,2418809718.0,1208991732.0,0.04495821812617656,0.01347896816174754,0.011363636363636465,1.0,0.0,-0.08555252673516456,0.0,0.0,0.0516035688449481,1.0,1.0,0.4580407890337679,1.0,1.0,0.5519572953736653,1.0,1.0,0.4149902660609994,1.0,1.0,,0.0,0.0,,,,,,,,,,,,,,
2020-08-21,43.05,43.86,39.81,42.17,116034943.0,4978016330.0,1208991732.0,0.09597662244393247,-0.03301994955285481,-0.05022522522522521,0.0,1.0,-0.060383244206773656,0.0,0.0,0.09760541384695465,1.0,1.0,0.3917491749174917,1.0,1.0,0.46576294751477243,1.0,1.0,0.47861150070126235,1.0,1.0,,0.0,0.0,,,,,,,,,,,,,,
2020-08-24,41.56,42.45,40.52,41.38,57090811.0,2420263586.0,1208991732.0,0.04722183741120903,-0.01873369694095328,-0.10063029776135612,0.0,0.0,-0.0640126668174621,0.0,0.0,0.07174307174307182,1.0,1.0,0.3784143904063959,1.0,1.0,0.45704225352112693,1.0,1.0,0.5927636643571979,1.0,1.0,,0.0,0.0,,,,,,,,,,,,,,
2020-08-25,41.54,42.15,40.86,41.1,40229103.0,1706589131.0,1208991732.0,0.03327491986520881,-0.006766553890768523,-0.1026200873362445,0.0,0.0,-0.03248587570621464,0.0,0.0,0.07394826234648555,1.0,1.0,0.34621683589911556,1.0,1.0,0.45024700070571644,1.0,1.0,0.5621436716077539,1.0,1.0,,0.0,0.0,,,,,,,,,,,,,,
2020-08-26,41.2,41.58,39.71,39.71,49588630.0,2057241989.0,1208991732.0,0.04101651705919193,-0.03381995133819948,-0.07715547292586566,0.0,0.0,-0.09358593928326864,0.0,0.0,-0.03146341463414637,0.0,1.0,0.31620815379516065,1.0,1.0,0.33344526527871055,1.0,1.0,0.4990562476406193,1.0,1.0,,0.0,0.0,,,,,,,,,,,,,,
2020-08-27,39.54,41.29,38.95,40.7,51593625.0,2133637297.0,1208991732.0,0.04267491963294915,0.024930747922437657,-0.06672781472139411,0.0,0.0,-0.05612244897959173,0.0,0.0,-0.004646612863780875,0.0,0.0,0.22664255575647996,1.0,1.0,0.3361785948785292,1.0,1.0,0.5967045900353081,1.0,1.0,,0.0,0.0,,,,,,,,,,,,,,
2020-08-28,40.71,41.26,40.39,41.08,36755877.0,1537008199.0,1208991732.0,0.030402091285765716,0.00933660933660918,-0.025847759070429244,0.0,0.0,-0.07477477477477479,0.0,0.0,-0.05498044628479415,0.0,0.0,0.2340042054671072,1.0,1.0,0.38223418573351275,1.0,1.0,0.5867130166087291,1.0,1.0,,0.0,0.0,,,,,,,,,,,,,,
2020-08-31,41.44,41.79,40.81,40.84,40009176.0,1690219919.0,1208991732.0,0.0330930104325974,-0.0058422590068158975,-0.013049782503624874,0.0,0.0,-0.11236687676592039,0.0,0.0,-0.12209802235597589,0.0,0.0,0.1152375750955763,1.0,1.0,0.41461724974021474,1.0,1.0,0.5878693623639193,1.0,1.0,,0.0,0.0,,,,,,,,,,,,,,
2020-09-01,40.42,40.81,39.83,40.41,31836056.0,1312905373.0,1208991732.0,0.02633273260465937,-0.010528893241919857,-0.016788321167883313,0.0,0.0,-0.11768558951965069,0.0,0.0,-0.10239893380719689,0.0,0.0,0.07961528185947087,1.0,1.0,0.38722966014418114,1.0,1.0,0.738064516129032,1.0,1.0,,0.0,0.0,,,,,,,,,,,,,,
2020-09-02,38.51,38.51,36.66,37.0,114348873.0,4390665185.0,1208991732.0,0.09458201406459246,-0.08438505320465228,-0.06824477461596579,0.0,0.0,-0.14013478968161752,0.0,0.0,-0.21343537414965985,0.0,0.0,-0.08934285011075571,0.0,1.0,0.3371882905674015,1.0,1.0,0.48773622838761543,1.0,1.0,,0.0,0.0,,,,,,,,,,,,,,
2020-09-03,37.0,37.39,36.17,36.91,44710580.0,1692081028.0,1208991732.0,0.036981708655721396,-0.0024324324324325186,-0.09312039312039322,0.0,0.0,-0.15363448750286635,0.0,0.0,-0.22604319563849862,0.0,0.0,-0.12742316784869978,0.0,0.0,0.31586452762923334,1.0,1.0,0.543060200668896,1.0,1.0,,0.0,0.0,,,,,,,,,,,,,,
2020-09-04,36.34,38.14,36.22,37.3,53277075.0,2046668522.0,1208991732.0,0.04406736091723744,0.010566242210783061,-0.0920155793573515,0.0,0.0,-0.11548494190182601,0.0,0.0,-0.1688948306595367,0.0,0.0,-0.1983666451751559,0.0,0.0,0.33357168394708614,1.0,1.0,0.5400495458298926,1.0,1.0,,0.0,0.0,,,,,,,,,,,,,,
2020-09-07,36.22,37.3,35.41,35.44,59092226.0,2189505405.0,1208991732.0,0.04887727883981923,-0.04986595174262731,-0.13222331047992175,0.0,0.0,-0.1435476075398744,0.0,0.0,-0.19837140918344276,0.0,0.0,-0.2880674969867417,0.0,0.0,0.28034682080924855,1.0,1.0,0.43365695792880254,1.0,1.0,,0.0,0.0,,,,,,,,,,,,,,
2020-09-08,35.43,35.78,34.24,34.53,44531102.0,1589136198.0,1208991732.0,0.03683325602759374,-0.02567720090293446,-0.14550853749072,0.0,0.0,-0.1598540145985401,0.0,0.0,-0.1871468926553671,0.0,0.0,-0.3084318045263369,0.0,0.0,0.2746400885935769,1.0,1.0,0.5245033112582782,1.0,1.0,,0.0,0.0,,,,,,,,,,,,,,
2020-09-09,33.88,34.22,32.8,33.18,50403261.0,1728254837.0,1208991732.0,0.04169032729166753,-0.03909643788010431,-0.1032432432432433,0.0,0.0,-0.1644422059934526,0.0,0.0,-0.24263866697101122,0.0,0.0,-0.2620106761565837,0.0,0.0,0.2810810810810811,1.0,1.0,0.4388551604509974,1.0,1.0,,0.0,0.0,,,,,,,,,,,,,,
2020-09-10,33.9,34.49,33.39,33.49,44665581.0,1552644468.0,1208991732.0,0.03694448838464017,0.009342977697408106,-0.09265781630994296,0.0,0.0,-0.17714987714987718,0.0,0.0,-0.22333024118738398,0.0,0.0,-0.1724734371139115,0.0,0.0,0.26472809667673713,1.0,1.0,0.4871225577264655,1.0,1.0,,0.0,0.0,,,,,,,,,,,,,,
2020-09-11,33.53,35.37,33.52,35.29,59763510.0,2132250845.0,1208991732.0,0.04943252167749316,0.0537473872797849,-0.05388739946380694,0.0,0.0,-0.14094449853943525,0.0,0.0,-0.20518018018018014,0.0,0.0,-0.07714435146443521,0.0,0.0,0.34182509505703407,1.0,1.0,0.5126446635233606,1.0,1.0,,0.0,0.0,,,,,,,,,,,,,,
2020-09-14,35.39,35.61,34.75,35.14,44119052.0,1586920457.0,1208991732.0,0.03649243483825578,-0.004250495891187311,-0.008465011286681645,0.0,0.0,-0.13956904995102848,0.0,0.0,-0.23625298848076504,0.0,0.0,-0.14250854075158603,0.0,0.0,0.27364987314244305,1.0,1.0,0.5036371416345742,1.0,1.0,,0.0,0.0,,,,,,,,,,,,,,
2020-09-15,34.9,35.93,34.33,35.38,45538556.0,1640019226.0,1208991732.0,0.03766655701165705,0.006829823562891413,0.02461627570228786,1.0,0.0,-0.12447414006434032,0.0,0.0,-0.22751091703056758,0.0,0.0,-0.1159420289855072,0.0,0.0,0.2708333333333335,1.0,1.0,0.6815589353612168,1.0,1.0,,0.0,0.0,,,,,,,,,,,,,,
2020-09-16,35.16,35.72,34.97,35.04,30535089.0,1103104658.0,1208991732.0,0.02525665659390961,-0.009609949123798867,0.05605786618444841,1.0,1.0,-0.05297297297297299,0.0,0.0,-0.18568440622821292,0.0,0.0,-0.13395946613939702,0.0,0.0,0.16644474034620504,1.0,1.0,0.6805755395683453,1.0,1.0,,0.0,0.0,,,,,,,,,,,,,,
2020-09-17,34.67,36.02,34.02,35.29,41972402.0,1506473995.0,1208991732.0,0.03471686438298984,0.007134703196347125,0.0537473872797849,1.0,1.0,-0.04389054456786767,0.0,0.0,-0.19078193074982808,0.0,0.0,-0.14902339040270074,0.0,0.0,0.17987295218990296,1.0,1.0,0.6322849213691026,1.0,1.0,,0.0,0.0,,,,,,,,,,,,,,
2020-09-18,35.24,36.12,35.02,36.11,41479245.0,1512249143.0,1208991732.0,0.034308956713361545,0.023236044205157347,0.023236044205157347,1.0,1.0,-0.031903485254691666,0.0,0.0,-0.14370405501541383,0.0,0.0,-0.06012493492972415,0.0,0.0,0.19174917491749177,1.0,1.0,0.6889616463985033,1.0,1.0,,0.0,0.0,,,,,,,,,,,,,,
2020-09-21,36.42,37.42,35.94,36.64,48015330.0,1815071828.0,1208991732.0,0.03971518475198307,0.014677374688452094,0.042686397268070664,1.0,1.0,0.033860045146727025,1.0,0.0,-0.11454809086515227,0.0,0.0,-0.05102305102305105,0.0,0.0,0.2205196535642906,1.0,1.0,0.7760542898691227,1.0,1.0,,0.0,0.0,,,,,,,,,,,,,,
2020-09-22,36.07,36.39,35.64,35.68,27860644.0,1027435182.0,1208991732.0,0.02304452814901467,-0.026200873362445476,0.00847936687394002,1.0,1.0,0.033304373008977706,1.0,1.0,-0.13187347931873483,0.0,0.0,-0.06767703161745497,0.0,0.0,0.1686865378316409,1.0,1.0,0.8157760814249364,1.0,1.0,,0.0,0.0,,,,,,,,,,,,,,
2020-09-23,35.9,36.22,35.37,35.83,23701333.0,870008103.0,1208991732.0,0.019604214299126406,0.004204035874439516,0.0225456621004565,1.0,1.0,0.07986738999397214,1.0,1.0,-0.09770838579702856,0.0,0.0,-0.12609756097560976,0.0,0.0,0.18760357971494845,1.0,1.0,0.8661458333333334,1.0,1.0,,0.0,0.0,,,,,,,,,,,,,,
2020-09-24,35.39,35.88,35.05,35.45,24144145.0,876018888.0,1208991732.0,0.01997047983120533,-0.010605637733742568,0.004533862283933265,1.0,1.0,0.058524932815765984,1.0,1.0,-0.12899262899262898,0.0,0.0,-0.13303986304719972,0.0,0.0,0.06841470765521418,1.0,1.0,0.7876954109934446,1.0,1.0,,0.0,0.0,,,,,,,,,,,,,,
2020-09-25,35.64,35.93,35.14,35.75,21380165.0,778637062.0,1208991732.0,0.017684293807891813,0.008462623413258097,-0.009969537524231464,0.0,1.0,0.013034854066307666,1.0,1.0,-0.1297468354430379,0.0,0.0,-0.17759374281113405,0.0,0.0,0.07389606488434963,1.0,1.0,0.6951161688003793,1.0,1.0,,0.0,0.0,,,,,,,,,,,,,,
2020-09-28,35.14,35.35,34.0,34.12,30432283.0,1076335329.0,1208991732.0,0.02517162210005916,-0.04559440559440564,-0.06877729257641929,0.0,0.0,-0.02902675014228806,0.0,1.0,-0.1645445641527915,0.0,0.0,-0.2665520206362856,0.0,0.0,-0.06826870562534137,0.0,1.0,0.6491058482358625,1.0,1.0,,0.0,0.0,,,,,,,,,,,,,,
2020-09-29,34.51,35.33,34.2,35.05,29900091.0,1070217471.0,1208991732.0,0.02473142719556663,0.027256740914419764,-0.017656950672645833,0.0,0.0,-0.009327303561334266,0.0,0.0,-0.13264043553575844,0.0,0.0,-0.22145713016437152,0.0,0.0,-0.06358535933742993,0.0,0.0,0.6564272211720226,1.0,1.0,,0.0,0.0,,,,,,,,,,,,,,
2020-09-30,35.35,35.4,34.85,34.94,16692212.0,600355753.0,1208991732.0,0.013806721384592562,-0.0031383737517831634,-0.024839519955344724,0.0,0.0,-0.0028538812785388057,0.0,0.0,-0.05567567567567577,0.0,0.0,-0.2572278911564626,0.0,0.0,-0.14004430223972442,0.0,0.0,0.6266294227188081,1.0,1.0,,0.0,0.0,,,,,,,,,,,,,,
2020-10-09,35.81,36.27,35.44,35.91,26543772.0,973927226.0,1208991732.0,0.021955296547884084,0.027761877504293153,0.012976022566995482,1.0,0.0,0.01756871635024071,1.0,0.0,-0.027092928745597433,0.0,0.0,-0.24701195219123506,0.0,0.0,-0.1510638297872341,0.0,0.0,0.6938679245283017,1.0,1.0,,0.0,0.0,,,,,,,,,,,,,,
2020-10-12,36.51,38.31,36.31,38.22,56544051.0,2176361748.0,1208991732.0,0.046769592796520466,0.06432748538011701,0.06909090909090909,1.0,1.0,0.058432567155912496,1.0,1.0,0.02466487935656847,1.0,0.0,-0.14839572192513373,0.0,0.0,-0.1785944551901999,0.0,0.0,0.8902077151335313,1.0,1.0,,0.0,0.0,,,,,,,,,,,,,,
2020-10-13,38.38,38.83,37.59,38.42,42900734.0,1677538928.0,1208991732.0,0.03548472075076192,0.005232862375719627,0.12602579132473646,1.0,1.0,0.04858078602620086,1.0,1.0,0.08408577878103851,1.0,1.0,-0.1309658448314861,0.0,0.0,-0.2282040980313379,0.0,0.0,0.9773546062789502,1.0,1.0,,0.0,0.0,,,,,,,,,,,,,,
2020-10-14,38.14,38.17,37.19,37.39,30525489.0,1175762344.0,1208991732.0,0.025248716092956706,-0.02680895366996361,0.06676176890156937,1.0,1.0,0.04792600896860999,1.0,1.0,0.08282652765710985,1.0,1.0,-0.11982109227871929,0.0,0.0,-0.25115161225716,0.0,0.0,0.8611249377799901,1.0,1.0,,0.0,0.0,,,,,,,,,,,,,,
2020-10-15,37.39,38.37,36.8,36.92,32193574.0,1240894351.0,1208991732.0,0.026628448440042765,-0.012570205937416423,0.05666857469948505,1.0,1.0,0.030421434552051485,1.0,1.0,0.1127185051235684,1.0,1.0,-0.1572700296735905,0.0,0.0,-0.17882562277580072,0.0,0.0,0.7957198443579769,1.0,1.0,,0.0,0.0,,,,,,,,,,,,,,
2020-10-16,37.66,37.88,36.82,37.27,25969665.0,990709166.0,1208991732.0,0.02148043225824145,0.009479956663055233,0.037872458925090724,1.0,1.0,0.05133991537376592,1.0,1.0,0.11286951328754857,1.0,1.0,-0.1356679035250462,0.0,0.0,-0.07907091672844069,0.0,0.0,0.7739171822941457,1.0,1.0,,0.0,0.0,,,,,,,,,,,,,,
2020-10-19,37.59,37.74,36.85,36.95,25255433.0,965610591.0,1208991732.0,0.02088966560442946,-0.008585994097129013,-0.03322867608581881,0.0,1.0,0.03356643356643363,1.0,1.0,0.04703882119580638,1.0,1.0,-0.1677927927927927,0.0,0.0,-0.033734309623430936,0.0,0.0,0.6826047358834244,1.0,1.0,,0.0,0.0,,,,,,,,,,,,,,
2020-10-20,36.96,36.96,35.99,36.87,26820514.0,999496721.0,1208991732.0,0.022184199684832914,-0.0021650879566983416,-0.040343571056741356,0.0,0.0,0.08059788980070337,1.0,1.0,0.04923164484917475,1.0,1.0,-0.19865246685503157,0.0,0.0,-0.1002928257686676,0.0,0.0,0.6526221425369789,1.0,1.0,,0.0,0.0,,,,,,,,,,,,,,
2020-10-21,36.98,36.99,35.36,35.7,27223291.0,1002650461.0,1208991732.0,0.02251735084653168,-0.03173311635475984,-0.04519925113666745,0.0,0.0,0.018544935805991702,1.0,1.0,0.009044657998869443,1.0,1.0,-0.2205240174672488,0.0,0.0,-0.1079460269865068,0.0,0.0,0.6271649954421148,1.0,1.0,,0.0,0.0,,,,,,,,,,,,,,
2020-10-22,35.14,35.52,34.41,35.17,19623679.0,705498415.0,1208991732.0,0.01623144185406224,-0.014845938375350198,-0.04739978331527628,0.0,0.0,0.006582713222667458,1.0,1.0,0.003710045662100425,1.0,1.0,-0.18266325819195905,0.0,0.0,-0.13074641621354421,0.0,0.0,0.5914027149321266,1.0,1.0,,0.0,0.0,,,,,,,,,,,,,,
2020-10-23,35.14,35.66,34.28,34.47,18655936.0,667725867.0,1208991732.0,0.015430987248471936,-0.019903326698891166,-0.07512744834987939,0.0,0.0,-0.0401002506265663,0.0,1.0,-0.023236044205157236,0.0,1.0,-0.209584957578537,0.0,0.0,-0.16879672052085848,0.0,0.0,0.5639745916515426,1.0,1.0,,0.0,0.0,,,,,,,,,,,,,,
2020-10-26,33.95,34.71,33.7,34.14,16014643.0,560919174.0,1208991732.0,0.013246280000201028,-0.009573542210617902,-0.07604871447902573,0.0,0.0,-0.1067503924646781,0.0,0.0,-0.05455552478537795,0.0,0.0,-0.19041972966563914,0.0,0.0,-0.11140031233732428,0.0,0.0,0.596819457436857,1.0,1.0,,0.0,0.0,,,,,,,,,,,,,,
2020-10-27,33.76,34.94,33.76,34.91,18039633.0,636177340.0,1208991732.0,0.01492122114859922,0.022554188635032002,-0.05315975047464061,0.0,0.0,-0.09135866736074971,0.0,0.0,-0.047216157205240306,0.0,0.0,-0.1563557274045434,0.0,0.0,-0.09583009583009594,0.0,0.0,0.6412787964268922,1.0,1.0,,0.0,0.0,,,,,,,,,,,,,,
2020-10-28,34.9,35.31,34.05,34.8,19841093.0,706810487.0,1208991732.0,0.01641127269512212,-0.0031509596104267734,-0.025210084033613578,0.0,0.0,-0.06926985825086929,0.0,0.0,-0.024663677130044914,0.0,0.0,-0.15328467153284686,0.0,0.0,-0.09067154429056712,0.0,0.0,0.5775158658204895,1.0,1.0,,0.0,0.0,,,,,,,,,,,,,,
2020-10-29,34.23,35.47,34.05,35.31,23332155.0,838976967.0,1208991732.0,0.019298854063627295,0.014655172413793327,0.003980665339778255,1.0,0.0,-0.04360780065005421,0.0,0.0,-0.014512977951437245,0.0,0.0,-0.11080332409972293,0.0,0.0,-0.13878048780487795,0.0,0.0,0.5791592128801433,1.0,1.0,,0.0,0.0,,,,,,,,,,,,,,
2020-10-30,35.46,37.21,35.42,36.14,53596010.0,1996404851.0,1208991732.0,0.044331163383009804,0.023506088926649626,0.04844792573252099,1.0,1.0,-0.03031929165548708,0.0,0.0,0.019464033850493667,1.0,0.0,-0.11203931203931206,0.0,0.0,-0.11616532159452186,0.0,0.0,0.46970313135420905,1.0,1.0,,0.0,0.0,,,,,,,,,,,,,,
2020-11-02,37.43,37.76,36.31,37.6,63551696.0,2423566789.0,1208991732.0,0.0525658648590328,0.04039845047039292,0.10134739308728768,1.0,1.0,0.017591339648173276,1.0,0.0,0.051748251748251706,1.0,1.0,-0.08471275559883151,0.0,0.0,-0.13503565677478713,0.0,0.0,0.41459744168547785,1.0,1.0,,0.0,0.0,,,,,,,,,,,,,,
2020-11-03,37.67,38.41,37.04,37.32,59092828.0,2289061270.0,1208991732.0,0.04887777677539982,-0.007446808510638281,0.06903466055571483,1.0,1.0,0.012205044751830929,1.0,1.0,0.09378663540445498,1.0,1.0,-0.08619000979431934,0.0,0.0,-0.19776440240756665,0.0,0.0,0.41470811220621684,1.0,1.0,,0.0,0.0,,,,,,,,,,,,,,
2020-11-04,37.37,38.18,37.0,37.46,38287150.0,1476752814.0,1208991732.0,0.03166866156864669,0.0037513397642015,0.07643678160919554,1.0,1.0,0.04929971988795523,1.0,1.0,0.06875891583452232,1.0,1.0,-0.0730017322444938,0.0,0.0,-0.1679253665037761,0.0,0.0,0.4357991567650441,1.0,1.0,,0.0,0.0,,,,,,,,,,,,,,
2020-11-05,38.43,38.66,37.29,37.84,41336834.0,1602663081.0,1208991732.0,0.034191163517402784,0.010144153764015007,0.07165109034267925,1.0,1.0,0.07591697469434178,1.0,1.0,0.08299942759015466,1.0,1.0,0.022702702702702693,1.0,0.0,-0.19557823129251695,0.0,0.0,0.4621329211746523,1.0,1.0,,0.0,0.0,,,,,,,,,,,,,,
2020-11-06,38.08,40.17,37.19,40.17,82894128.0,3283387065.0,1208991732.0,0.06856467733064696,0.06157505285412257,0.11151079136690645,1.0,1.0,0.16536118363794605,1.0,1.0,0.11862990810359242,1.0,1.0,0.08832294771064775,1.0,1.0,-0.15768504927657778,0.0,0.0,0.46179039301310043,1.0,1.0,,0.0,0.0,,,,,,,,,,,,,,
2020-11-09,41.49,44.19,41.2,44.19,106249162.0,4705204075.0,1208991732.0,0.08788245542774316,0.10007468259895425,0.1752659574468085,1.0,1.0,0.2943760984182775,1.0,1.0,0.1562009419152277,1.0,1.0,0.1847184986595174,1.0,1.0,-0.015374331550802256,0.0,0.0,0.6458100558659217,1.0,1.0,,0.0,0.0,,,,,,,,,,,,,,
2020-11-10,44.13,45.1,42.27,43.67,115786986.0,5227768577.0,1208991732.0,0.09577152840280963,-0.011767368182846738,0.170150053590568,1.0,1.0,0.2509309653394445,1.0,1.0,0.13664757938573668,1.0,1.0,0.23222347629796847,1.0,1.0,-0.01221443112418008,0.0,0.0,0.546388101983003,1.0,1.0,,0.0,0.0,,,,,,,,,,,,,,
2020-11-11,42.95,43.83,40.48,40.73,93169680.0,3984076245.0,1208991732.0,0.07706395133560764,-0.06732310510648054,0.08729311265349704,1.0,1.0,0.17040229885057467,1.0,1.0,0.08932869751270389,1.0,1.0,0.1795540110049232,1.0,1.0,-0.04119585687382299,0.0,0.0,0.3367246471939611,1.0,1.0,,0.0,0.0,,,,,,,,,,,,,,
2020-11-12,41.48,41.59,39.98,40.67,51402403.0,2147682279.0,1208991732.0,0.04251675312532245,-0.001473115639577638,0.07478858350951367,1.0,1.0,0.15179835740583392,1.0,1.0,0.10157096424702061,1.0,1.0,0.2257383966244726,1.0,1.0,-0.07167313398767405,0.0,0.0,0.37491548343475345,1.0,1.0,,0.0,0.0,,,,,,,,,,,,,,
2020-11-13,40.28,42.62,40.04,42.07,65636582.0,2793181884.0,1208991732.0,0.05429034811629299,0.03442340791738374,0.04729897933781424,1.0,1.0,0.16408411732152728,1.0,1.0,0.12878991145693575,1.0,1.0,0.2561958793669752,1.0,1.0,-0.024350649350649234,0.0,0.0,0.31018374338212396,1.0,1.0,,0.0,0.0,,,,,,,,,,,,,,
2020-11-16,41.97,42.12,40.67,41.46,42905718.0,1818360706.0,1208991732.0,0.03548884319417331,-0.014499643451390543,-0.0617786829599456,0.0,1.0,0.10265957446808516,1.0,1.0,0.12205683355886321,1.0,1.0,0.17483706432417123,1.0,1.0,-0.0662162162162162,0.0,0.0,0.33055198973042366,1.0,1.0,,0.0,0.0,,,,,,,,,,,,,,
2020-11-17,41.1,43.04,39.44,43.04,83591388.0,3524638552.0,1208991732.0,0.06914140584048262,0.03810902074288469,-0.014426379665674394,0.0,0.0,0.15326902465166126,1.0,1.0,0.1673447247084352,1.0,1.0,0.22481502561183841,1.0,1.0,-0.06455118452510322,0.0,0.0,0.48927335640138403,1.0,1.0,,0.0,0.0,,,,,,,,,,,,,,
2020-11-18,42.47,44.13,42.22,42.47,72917682.0,3215584904.0,1208991732.0,0.0603128045213133,-0.013243494423791802,0.04272035354775361,1.0,0.0,0.1337426588360917,1.0,1.0,0.18963585434173647,1.0,1.0,0.20039570378745042,1.0,1.0,-0.07270742358078597,0.0,0.0,0.4710772428126082,1.0,1.0,,0.0,0.0,,,,,,,,,,,,,,
2020-11-19,41.77,43.13,41.11,41.76,51595313.0,2231513129.0,1208991732.0,0.04267631583770004,-0.016717683070402667,0.026801081878534472,1.0,1.0,0.10359408033826623,1.0,1.0,0.18737560420813182,1.0,1.0,0.1917808219178081,1.0,1.0,-0.02951429235417158,0.0,0.0,0.507581227436823,1.0,1.0,,0.0,0.0,,,,,,,,,,,,,,
2020-11-20,41.59,42.07,40.61,40.97,44909211.0,1894510001.0,1208991732.0,0.037146003410385604,-0.018917624521072818,-0.026146898027097687,0.0,1.0,0.019915359721184966,1.0,1.0,0.18856977081520165,1.0,1.0,0.16095211107962593,1.0,1.0,-0.06053657418023395,0.0,0.0,0.45800711743772227,1.0,1.0,,0.0,0.0,,,,,,,,,,,,,,
2020-11-23,41.0,42.61,40.42,41.83,50867632.0,2162737652.0,1208991732.0,0.04207442503833434,0.020990969001708493,0.008924264351181765,1.0,0.0,-0.05340574790676622,0.0,1.0,0.22524897480960737,1.0,1.0,0.15840487399612302,1.0,1.0,-0.008062603746739505,0.0,0.0,0.45394508168230785,1.0,1.0,,0.0,0.0,,,,,,,,,,,,,,
2020-11-24,42.27,43.78,42.23,42.65,80300532.0,3539808848.0,1208991732.0,0.06641942196507925,0.019603155629930757,-0.009061338289962806,0.0,1.0,-0.02335699564918714,0.0,0.0,0.22171297622457753,1.0,1.0,0.16402838427947586,1.0,1.0,0.03069115514741405,1.0,0.0,0.5017605633802817,1.0,1.0,,0.0,0.0,,,,,,,,,,,,,,
2020-11-25,42.71,44.71,42.17,43.81,96354290.0,4320899366.0,1208991732.0,0.07969805537098577,0.027198124267292068,0.03155168354132343,1.0,0.0,0.07561993616498919,1.0,0.0,0.25890804597701167,1.0,1.0,0.22785874439461895,1.0,1.0,0.0659367396593673,1.0,1.0,0.5458715596330277,1.0,1.0,,0.0,0.0,,,,,,,,,,,,,,
2020-11-26,43.76,44.7,42.71,42.71,78470595.0,3526217213.0,1208991732.0,0.06490581608046928,-0.025108422734535507,0.022749042145594034,1.0,1.0,0.050159822965330614,1.0,1.0,0.20957235910506933,1.0,1.0,0.19201786212670946,1.0,1.0,0.07554772097708384,1.0,1.0,0.4341840161182,1.0,1.0,,0.0,0.0,,,,,,,,,,,,,,
2020-11-27,42.17,42.48,41.16,41.9,68064746.0,2909753866.0,1208991732.0,0.05629876879918977,-0.018965113556544178,0.022699536246033603,1.0,1.0,-0.00404088424055149,0.0,1.0,0.1593801881571666,1.0,1.0,0.1819464033850493,1.0,1.0,0.029484029484029284,1.0,1.0,0.3755745239658568,1.0,1.0,,0.0,0.0,,,,,,,,,,,,,,
2020-11-30,42.57,43.44,41.85,43.01,72498351.0,3167224586.0,1208991732.0,0.059965960958283875,0.026491646778042943,0.0282094190772173,1.0,1.0,0.03738543174143749,1.0,0.0,0.14388297872340416,1.0,1.0,0.20307692307692293,1.0,1.0,0.04698149951314501,1.0,1.0,0.4471736204576042,1.0,1.0,,0.0,0.0,,,,,,,,,,,,,,
2020-12-01,42.52,43.92,42.52,43.92,61017526.0,2705582768.0,1208991732.0,0.0504697628486346,0.02115787026272975,0.02977725674091447,1.0,1.0,0.020446096654275214,1.0,1.0,0.17684887459807075,1.0,1.0,0.2872215709261432,1.0,1.0,0.07541625857002932,1.0,1.0,0.5213023900242466,1.0,1.0,,0.0,0.0,,,,,,,,,,,,,,
2020-12-02,44.36,45.35,43.72,45.01,92759121.0,4244800737.0,1208991732.0,0.07672436340532393,0.02481785063752273,0.02739100661949312,1.0,1.0,0.05980692253355313,1.0,1.0,0.20154831820608643,1.0,1.0,0.28416547788873037,1.0,1.0,0.11383320960158372,1.0,1.0,0.5451424648129077,1.0,1.0,,0.0,0.0,,,,,,,,,,,,,,
2020-12-03,45.15,46.75,43.75,43.78,105628538.0,4905605721.0,1208991732.0,0.08736911527530612,-0.027327260608753567,0.02505268087099033,1.0,1.0,0.048371647509578564,1.0,1.0,0.15697674418604635,1.0,1.0,0.25300515168860915,1.0,1.0,0.18324324324324337,1.0,1.0,0.5822190097578603,1.0,1.0,,0.0,0.0,,,,,,,,,,,,,,
2020-12-04,42.95,44.24,42.76,43.38,64426834.0,2869488249.0,1208991732.0,0.05328972258017063,-0.009136592051164905,0.03532219570405748,1.0,1.0,0.05882352941176472,1.0,1.0,0.07991038088125468,1.0,1.0,0.20802005012531355,1.0,1.0,0.17529124898401527,1.0,1.0,0.5465240641711231,1.0,1.0,,0.0,0.0,,,,,,,,,,,,,,
2020-12-07,44.32,44.87,43.25,43.36,56344327.0,2540087578.0,1208991732.0,0.046604393982737344,-0.0004610419548179978,0.008137642408742263,1.0,1.0,0.036576619650968256,1.0,1.0,-0.018782529984159302,0.0,1.0,0.13448456305599166,1.0,1.0,0.162466487935657,1.0,1.0,0.5502323918484091,1.0,1.0,,0.0,0.0,,,,,,,,,,,,,,
2020-12-08,42.95,43.89,42.76,43.04,40663813.0,1802750426.0,1208991732.0,0.03363448394533768,-0.0073800738007380184,-0.020036429872495543,0.0,1.0,0.009144196951934358,1.0,1.0,-0.014426379665674394,0.0,0.0,0.12024986985944808,1.0,1.0,0.21444695259593693,1.0,1.0,0.5549132947976878,1.0,1.0,,0.0,0.0,,,,,,,,,,,,,,
2020-12-09,42.91,42.94,40.76,40.79,69159007.0,2957175996.0,1208991732.0,0.057203870935984204,-0.052276951672862504,-0.09375694290157743,0.0,0.0,-0.06893403332572479,0.0,1.0,0.001473115639577749,1.0,0.0,0.09093340465365074,1.0,1.0,0.18129163046626107,1.0,1.0,0.5057216685123662,1.0,1.0,,0.0,0.0,,,,,,,,,,,,,,
2020-12-10,40.51,41.28,40.35,40.82,40089496.0,1679497039.0,1208991732.0,0.0331594459572367,0.0007354743809757647,-0.0676107811786204,0.0,0.0,-0.0442519316319363,0.0,0.0,0.003688222276862607,1.0,1.0,0.10563380281690127,1.0,1.0,0.23025919228450875,1.0,1.0,0.5760617760617761,1.0,1.0,,0.0,0.0,,,,,,,,,,,,,,
2020-12-11,40.56,40.83,39.12,39.12,64653542.0,2629094402.0,1208991732.0,0.05347724081871554,-0.041646251837334725,-0.09820193637621033,0.0,0.0,-0.0663484486873509,0.0,0.0,-0.07012122652721664,0.0,1.0,0.049637778374027164,1.0,1.0,0.16810988354732737,1.0,1.0,0.4773413897280965,1.0,1.0,,0.0,0.0,,,,,,,,,,,,,,
2020-12-14,39.69,39.73,38.96,39.64,36803170.0,1485063612.0,1208991732.0,0.03044120900572048,0.013292433537832382,-0.08579335793357934,0.0,0.0,-0.07835387119274584,0.0,0.0,-0.04389773275446218,0.0,0.0,0.07280108254397821,1.0,1.0,0.12326438084443181,1.0,1.0,0.5072243346007603,1.0,1.0,,0.0,0.0,,,,,,,,,,,,,,
2020-12-15,39.64,40.47,39.35,40.06,36324985.0,1487112046.0,1208991732.0,0.030045685209036648,0.010595358224016138,-0.06923791821561331,0.0,0.0,-0.08788706739526408,0.0,0.0,-0.06923791821561331,0.0,0.0,0.08652020612964484,1.0,1.0,0.14001138303927152,1.0,1.0,0.45197535338890904,1.0,1.0,,0.0,0.0,,,,,,,,,,,,,,
2020-12-16,39.49,39.51,37.2,37.73,70272007.0,2741401129.0,1208991732.0,0.0581244727652116,-0.05816275586620079,-0.07501838685952444,0.0,0.0,-0.16174183514774498,0.0,0.0,-0.11160819401930777,0.0,0.0,0.056862745098039014,1.0,1.0,0.06642170717919704,1.0,1.0,0.3552442528735631,1.0,1.0,,0.0,0.0,,,,,,,,,,,,,,
2020-12-17,37.4,38.38,36.73,38.1,52655875.0,2021539938.0,1208991732.0,0.043553544334743226,0.009806520010601671,-0.06663400293973543,0.0,0.0,-0.12973960712654176,0.0,0.0,-0.08764367816091945,0.0,0.0,0.08330963889678711,1.0,1.0,0.08732876712328763,1.0,1.0,0.2683089214380827,1.0,1.0,,0.0,0.0,,,,,,,,,,,,,,
2020-12-18,38.62,39.03,37.1,37.28,53627205.0,2088473485.0,1208991732.0,0.044356965875429165,-0.021522309711286103,-0.047034764826175746,0.0,0.0,-0.14061779621945603,0.0,0.0,-0.09006590187942387,0.0,0.0,0.08152016246011029,1.0,1.0,0.0563899121564182,1.0,1.0,0.2464058843196255,1.0,1.0,,0.0,0.0,,,,,,,,,,,,,,
2020-12-21,36.71,38.84,36.27,38.34,52893890.0,2062987875.0,1359844003.0,0.03889702780856401,0.028433476394849944,-0.032795156407668946,0.0,0.0,-0.1157749077490774,0.0,0.0,-0.08343294286397307,0.0,0.0,0.12302284710017575,1.0,1.0,0.06175574633065639,1.0,1.0,0.26534653465346536,1.0,1.0,,0.0,0.0,,,,,,,,,,,,,,
2020-12-22,37.98,38.73,37.35,37.49,38559402.0,1501925717.0,1359844003.0,0.028355753979818817,-0.022170057381325048,-0.06415376934598105,0.0,0.0,-0.12894981412639395,0.0,0.0,-0.12098475967174671,0.0,0.0,0.07390432540819258,1.0,1.0,0.023198689956331897,1.0,1.0,0.24883411059293814,1.0,1.0,,0.0,0.0,,,,,,,,,,,,,,
2020-12-23,37.35,40.59,37.29,40.23,77357034.0,3099750978.0,1359844003.0,0.05688669717213144,0.0730861563083487,0.06626027034190307,1.0,0.0,-0.013728855111546978,0.0,0.0,-0.08171650308148837,0.0,0.0,0.15603448275862064,1.0,1.0,0.12752242152466353,1.0,1.0,0.3177202751392072,1.0,1.0,,0.0,0.0,,,,,,,,,,,,,,
2020-12-24,39.83,41.1,39.66,39.81,49860587.0,2054074916.0,1359844003.0,0.03666640209465262,-0.010439970171513657,0.04488188976377949,1.0,1.0,-0.024742773150416397,0.0,0.0,-0.06789978927651596,0.0,0.0,0.12744265080713668,1.0,1.0,0.11108010047446282,1.0,1.0,0.31952270467351673,1.0,1.0,,0.0,0.0,,,,,,,,,,,,,,
2020-12-25,39.88,40.7,39.18,40.09,40384731.0,1654180924.0,1359844003.0,0.029698061623911136,0.007033408691283549,0.07537553648068673,1.0,1.0,0.024795501022494948,1.0,0.0,-0.04319809069212399,0.0,0.0,0.10929717764250135,1.0,1.0,0.13088857545839216,1.0,1.0,0.20825798673899953,1.0,1.0,,0.0,0.0,,,,,,,,,,,,,,
2020-12-28,40.07,40.08,38.46,38.64,41780116.0,1679123202.0,1359844003.0,0.030724197707845465,-0.0361686206036419,0.00782472613458518,1.0,1.0,-0.025227043390514625,0.0,1.0,-0.10160427807486627,0.0,0.0,0.02765957446808498,1.0,1.0,0.08083916083916076,1.0,1.0,0.16070892159807748,1.0,1.0,,0.0,0.0,,,,,,,,,,,,,,
2020-12-29,38.1,39.7,38.09,38.77,39914900.0,1596206592.0,1359844003.0,0.029352558022789618,0.0033643892339545456,0.03414243798346228,1.0,1.0,-0.03220169745381929,0.0,0.0,-0.11725865209471764,0.0,0.0,0.03885316184351573,1.0,1.0,0.1362837045720986,1.0,1.0,0.0587110868377938,1.0,1.0,,0.0,0.0,,,,,,,,,,,,,,
2020-12-30,38.48,40.22,37.97,40.14,57056073.0,2303271792.0,1359844003.0,0.04195780756772584,0.035336600464276335,-0.0022371364653243075,0.0,1.0,0.06387490060959466,1.0,0.0,-0.108198178182626,0.0,0.0,0.07154297917778973,1.0,1.0,0.14522111269614846,1.0,1.0,0.07240181672455259,1.0,1.0,,0.0,0.0,,,,,,,,,,,,,,
2020-12-31,40.34,41.57,39.93,41.56,72724975.0,3044454780.0,1359844003.0,0.05348038071981702,0.035376183358246216,0.04395880432052257,1.0,0.0,0.09081364829396321,1.0,1.0,-0.05070808588396525,0.0,0.0,0.09830866807610983,1.0,1.0,0.1894676588437323,1.0,1.0,0.02288949052424316,1.0,1.0,,0.0,0.0,,,,,,,,,,,,,,
2021-01-04,41.49,42.01,40.67,41.52,67647177.0,2874817273.0,1359844003.0,0.049746277404438426,-0.0009624639076034613,0.035669743078074356,1.0,1.0,0.11373390557939911,1.0,1.0,-0.04287690179806358,0.0,0.0,0.033607169529499714,1.0,1.0,0.1562238930659985,1.0,1.0,-0.018439716312056653,0.0,1.0,,0.0,0.0,,,,,,,,,,,,,,
2021-01-05,41.25,43.38,41.09,43.24,90405338.0,3923012239.0,1359844003.0,0.06648213898105487,0.041425818882466325,0.11904761904761907,1.0,1.0,0.12780386019822632,1.0,1.0,-0.0027675276752766598,0.0,0.0,-0.021498076487893147,0.0,1.0,0.13134484563055993,1.0,1.0,-0.07070707070707072,0.0,0.0,,0.0,0.0,,,,,,,,,,,,,,
2021-01-06,43.57,43.57,41.32,41.38,72288714.0,3128182100.0,1359844003.0,0.053159563773875027,-0.043015726179463476,0.06732009285530038,1.0,1.0,0.10376100293411583,1.0,1.0,-0.038568773234200715,0.0,0.0,-0.052438745133959186,0.0,0.0,0.0770432066631963,1.0,1.0,-0.16874246685415828,0.0,0.0,,0.0,0.0,,,,,,,,,,,,,,
2021-01-07,41.66,41.8,40.42,41.15,56662246.0,2383044566.0,1359844003.0,0.04166819567170603,-0.005558240695988537,0.0251619332336821,1.0,1.0,0.0228685060899827,1.0,1.0,0.008825692571708732,1.0,0.0,0.01031180947704402,1.0,0.0,0.10056164749933139,1.0,1.0,-0.17584618465852198,0.0,0.0,,0.0,0.0,,,,,,,,,,,,,,
2021-01-08,41.49,41.88,40.52,41.03,47617412.0,2013355037.0,1359844003.0,0.035016819499111326,-0.002916160388821365,-0.012752646775745946,0.0,1.0,0.030645566440592686,1.0,1.0,0.005144536991670723,1.0,1.0,0.008851733464470213,1.0,1.0,0.11132177681473454,1.0,1.0,-0.08741103202846978,0.0,0.0,,0.0,0.0,,,,,,,,,,,,,,
2021-01-11,41.04,42.76,41.04,42.49,78671769.0,3393344807.0,1359844003.0,0.057853524982600525,0.035583719229831834,0.023362235067437398,1.0,0.0,0.059865303068096676,1.0,1.0,0.08614519427402878,1.0,1.0,0.009983361064891838,1.0,1.0,0.14005902870941767,1.0,1.0,0.04991351618482831,1.0,0.0,,0.0,0.0,,,,,,,,,,,,,,
2021-01-12,42.61,43.23,41.46,43.17,70922685.0,3086844226.0,1359844003.0,0.052155015460254965,0.016003765591903862,-0.0016188714153561046,0.0,1.0,0.11723602484472062,1.0,1.0,0.08905146316851664,1.0,1.0,0.04124457308248908,1.0,1.0,0.16833558863328824,1.0,1.0,0.12892259414225937,1.0,1.0,,0.0,0.0,,,,,,,,,,,,,,
2021-01-13,43.56,46.2,43.56,45.27,126230244.0,5811517580.0,1359844003.0,0.09282700348092796,0.04864489228630986,0.09400676655389084,1.0,0.0,0.16765540366262566,1.0,1.0,0.13005491762356458,1.0,1.0,0.05181226765799263,1.0,1.0,0.22782750203417423,1.0,1.0,0.10468521229868255,1.0,1.0,1.010213143872114,1.0,0.0,0.0,0.0,0.0,0.0,0.0,0.0,0.0,0.0,0.0,0.0,0.0,0.0,0.0,0.0
2021-01-14,45.86,46.85,43.57,44.87,125982298.0,5890113456.0,1359844003.0,0.09264466933123652,-0.008835873647006998,0.09040097205346287,1.0,1.0,0.11783756851021421,1.0,1.0,0.18923933209647492,1.0,1.0,0.05651047798445963,1.0,1.0,0.25686274509803897,1.0,1.0,0.12118940529735123,1.0,1.0,0.988918439716312,1.0,1.0,1.0,-0.009435873647006997,1.0,-0.009435873647006997,1.0,-0.009435873647006997,1.0,-0.009435873647006997,1.0,-0.009435873647006997,1.0,-0.009435873647006997,1.0,-0.009435873647006997
2021-01-15,45.08,45.96,43.23,43.93,84015866.0,3852646364.0,1359844003.0,0.06178345884869854,-0.020949409404947605,0.07067999025103577,1.0,1.0,0.05702598652550517,1.0,1.0,0.153018372703412,1.0,1.0,0.05196360153256707,1.0,1.0,0.24907591697469433,1.0,1.0,0.08576371725160659,1.0,1.0,0.9133275261324041,1.0,1.0,1.0,-0.020949409404947605,1.0,-0.020949409404947605,1.0,-0.020949409404947605,1.0,-0.020949409404947605,1.0,-0.020949409404947605,1.0,-0.020949409404947605,1.0,-0.020949409404947605
2021-01-18,43.45,47.82,43.25,47.06,108226077.0,5123091544.0,1359844003.0,0.07958712673015332,0.07124971545640801,0.10755471875735467,1.0,1.0,0.13342967244701343,1.0,1.0,0.2623390557939915,1.0,1.0,0.14864535025628522,1.0,1.0,0.3652451407020598,1.0,1.0,0.13479623824451425,1.0,1.0,1.1018311746315321,1.0,1.0,1.0,0.07124971545640801,1.0,0.07124971545640801,1.0,0.07124971545640801,1.0,0.07124971545640801,1.0,0.07124971545640801,1.0,0.07124971545640801,1.0,0.07124971545640801
2021-01-19,47.15,47.73,45.88,46.05,91078183.0,4369445101.0,1359844003.0,0.06697693470653192,-0.02146196345091389,0.06671299513551077,1.0,1.0,0.06498612395929682,1.0,1.0,0.20109546165884185,1.0,1.0,0.10088453263208219,1.0,1.0,0.34885764499121263,1.0,1.0,0.19859448204060381,1.0,1.0,1.1824644549763028,1.0,1.0,1.0,-0.02146196345091389,1.0,-0.02146196345091389,1.0,-0.02146196345091389,1.0,-0.02146196345091389,1.0,-0.02146196345091389,1.0,-0.02146196345091389,1.0,-0.02146196345091389
2021-01-20,45.98,46.81,44.76,46.45,70588655.0,3320268143.0,1359844003.0,0.05190937699050176,0.00868621064060826,0.026065827258670238,1.0,1.0,0.12252295795070078,1.0,1.0,0.23899706588423575,1.0,1.0,0.08909730363423218,1.0,1.0,0.33056430822114025,1.0,1.0,0.2030562030562031,1.0,1.0,1.152455977757183,1.0,1.0,1.0,0.00868621064060826,1.0,0.00868621064060826,1.0,0.00868621064060826,1.0,0.00868621064060826,1.0,0.00868621064060826,1.0,0.00868621064060826,1.0,0.00868621064060826
2021-01-21,46.23,46.85,45.3,46.25,61993011.0,2927643681.0,1359844003.0,0.0455883254720652,-0.0043057050592034685,0.030755515934923094,1.0,1.0,0.12393681652490884,1.0,1.0,0.14963957245836457,1.0,1.0,0.05569504679296955,1.0,1.0,0.3290229885057472,1.0,1.0,0.20851842174026647,1.0,1.0,1.0918136589778382,1.0,1.0,1.0,-0.0043057050592034685,1.0,-0.0043057050592034685,1.0,-0.0043057050592034685,1.0,-0.0043057050592034685,1.0,-0.0043057050592034685,1.0,-0.0043057050592034685,1.0,-0.0043057050592034685
2021-01-22,46.27,46.74,42.96,43.1,109929247.0,4970493241.0,1359844003.0,0.08083960127594135,-0.06810810810810808,-0.01889369451399947,0.0,1.0,0.05045088959298072,1.0,1.0,0.0826425521225822,1.0,1.0,0.009131350971669505,1.0,1.0,0.2206173888416878,1.0,1.0,0.051219512195122,1.0,1.0,0.8953386103781884,1.0,1.0,1.0,-0.06810810810810808,1.0,-0.06810810810810808,1.0,-0.06810810810810808,1.0,-0.06810810810810808,1.0,-0.06810810810810808,1.0,-0.06810810810810808,1.0,-0.06810810810810808
2021-01-25,44.42,47.05,43.73,44.86,124089122.0,5768742712.0,1359844003.0,0.09125246846420809,0.04083526682134564,-0.04674883127921803,0.0,0.0,0.055777830077665236,1.0,1.0,0.11898228984784232,1.0,1.0,0.07064439140811452,1.0,1.0,0.24128389596015487,1.0,1.0,0.09708975299584255,1.0,1.0,0.985834440017707,1.0,1.0,0.0,-0.0006,1.0,0.04083526682134564,1.0,0.04083526682134564,1.0,0.04083526682134564,1.0,0.04083526682134564,1.0,0.04083526682134564,1.0,0.04083526682134564
2021-01-26,44.61,47.02,44.2,45.85,99215665.0,4661023449.0,1359844003.0,0.0729610637551931,0.022068658047258216,-0.004343105320303908,0.0,0.0,0.0620801482511002,1.0,1.0,0.18659420289855078,1.0,1.0,0.06603115554522221,1.0,1.0,0.21941489361702127,1.0,1.0,0.054750402576489554,1.0,1.0,0.9469214437367304,1.0,1.0,0.0,0.0,1.0,0.022068658047258216,1.0,0.022068658047258216,1.0,0.022068658047258216,1.0,0.022068658047258216,1.0,0.022068658047258216,1.0,0.022068658047258216
2021-01-27,45.49,45.84,42.11,43.03,103942257.0,4608332934.0,1359844003.0,0.07643689774024763,-0.06150490730643399,-0.07362755651237896,0.0,0.0,-0.04948089242323839,0.0,1.0,0.10987877224658238,1.0,1.0,-0.020264116575592017,0.0,1.0,0.15300107181136124,1.0,1.0,-0.07502149613069653,0.0,1.0,0.8287292817679557,1.0,1.0,0.0,-0.0,1.0,-0.06150490730643399,1.0,-0.06150490730643399,1.0,-0.06150490730643399,1.0,-0.06150490730643399,1.0,-0.06150490730643399,1.0,-0.06150490730643399
2021-01-28,41.78,42.91,40.66,40.78,68831481.0,2941654521.0,1359844003.0,0.05061718906591376,-0.052289100627469165,-0.11827027027027026,0.0,0.0,-0.0911522175172721,0.0,0.0,0.015944195316392573,1.0,1.0,-0.09397911575205509,0.0,0.0,0.08862786972770964,1.0,1.0,-0.09418036428254117,0.0,0.0,0.7623163353500433,1.0,1.0,0.0,-0.0,0.0,-0.0006,1.0,-0.052289100627469165,0.0,-0.0006,1.0,-0.052289100627469165,0.0,-0.0006,1.0,-0.052289100627469165
2021-01-29,41.3,41.47,39.15,39.79,63432077.0,2592613975.0,1359844003.0,0.04664658362287163,-0.024276606179499782,-0.07679814385150818,0.0,0.0,-0.09424083769633507,0.0,0.0,-0.04258902791145336,0.0,1.0,-0.09113750571037005,0.0,0.0,0.05153276955602526,1.0,1.0,-0.15412414965986398,0.0,0.0,0.6421791167973585,1.0,1.0,0.0,-0.0,0.0,-0.0,1.0,-0.024276606179499782,0.0,-0.0,1.0,-0.024276606179499782,0.0,-0.0,1.0,-0.024276606179499782
2021-02-01,39.9,40.59,39.06,40.56,48056632.0,1963198661.0,1359844003.0,0.03533981242994091,0.01935159587836144,-0.09585376727596961,0.0,0.0,-0.13812154696132595,0.0,0.0,-0.023121387283236983,0.0,0.0,-0.06500691562932226,0.0,0.0,0.009708737864077666,1.0,1.0,-0.14950723422101064,0.0,0.0,0.6956521739130435,1.0,1.0,0.0,0.0,0.0,0.0,0.0,-0.0006,0.0,0.0,1.0,0.01935159587836144,0.0,0.0,1.0,0.01935159587836144
2021-02-02,40.6,40.6,39.4,40.23,43926404.0,1797436054.0,1359844003.0,0.03230253168973236,-0.008136094674556338,-0.12257360959651042,0.0,0.0,-0.12638436482084692,0.0,0.0,-0.0696114708603146,0.0,0.0,-0.0721863468634687,0.0,0.0,-0.0896130346232179,0.0,1.0,-0.10360962566844933,0.0,0.0,0.5851063829787233,1.0,1.0,0.0,-0.0,0.0,-0.0,0.0,-0.0,0.0,-0.0,1.0,-0.008136094674556338,0.0,-0.0,1.0,-0.008136094674556338
2021-02-03,40.03,40.11,38.01,38.05,61885582.0,2469454605.0,1359844003.0,0.04550932449859839,-0.054188416604524,-0.11573320938879861,0.0,0.0,-0.1808396124865448,0.0,0.0,-0.0804736587723539,0.0,0.0,-0.1159386617100372,0.0,0.0,-0.12869246622395247,0.0,0.0,-0.13933499208323918,0.0,0.0,0.4851678376268538,1.0,1.0,0.0,-0.0,0.0,-0.0,0.0,-0.0,0.0,-0.0,0.0,-0.0006,0.0,-0.0,1.0,-0.054188416604524
2021-02-04,37.84,40.58,37.05,40.41,81045679.0,3224154405.0,1359844003.0,0.05959924728218991,0.06202365308804203,-0.009073075036782896,0.0,0.0,-0.12627027027027038,0.0,0.0,-0.017982989064398547,0.0,0.0,-0.009316008825692612,0.0,0.0,-0.007856616744414402,0.0,0.0,-0.048728813559322015,0.0,0.0,0.7523850823937555,1.0,1.0,0.0,0.0,0.0,0.0,0.0,0.0,0.0,0.0,0.0,0.0,0.0,0.0,1.0,0.06202365308804203
2021-02-05,39.83,40.11,38.95,39.11,47228727.0,1911667680.0,1359844003.0,0.03473098891917531,-0.03217025488740399,-0.017089721035436045,0.0,0.0,-0.0925754060324826,0.0,0.0,-0.04679502802827207,0.0,0.0,-0.04189122978931903,0.0,0.0,-0.038357511679370626,0.0,0.0,-0.10728144259301531,0.0,0.0,0.6488195615514334,1.0,1.0,0.0,-0.0,0.0,-0.0,0.0,-0.0,0.0,-0.0,0.0,-0.0,0.0,-0.0,1.0,-0.03217025488740399
2021-02-08,39.34,40.56,38.72,39.82,44814073.0,1837254851.0,1359844003.0,0.0329553043592751,0.01815392482740985,-0.018244575936883667,0.0,0.0,-0.11234953187695051,0.0,0.0,-0.06283831489762304,0.0,0.0,0.017893660531697497,1.0,0.0,-0.053482291419063466,0.0,0.0,-0.07653061224489788,0.0,0.0,0.699530516431925,1.0,1.0,0.0,0.0,0.0,0.0,0.0,0.0,0.0,0.0,0.0,0.0,0.0,0.0,1.0,0.01815392482740985
2021-02-09,39.82,40.89,39.34,40.78,45512767.0,1882628961.0,1359844003.0,0.03346910888277822,0.024108488196886046,0.013671389510315768,1.0,0.0,-0.11057797164667393,0.0,0.0,-0.05536252026870514,0.0,0.0,0.028758829465186597,1.0,1.0,-0.016401350699469353,0.0,0.0,-0.08153153153153148,0.0,0.0,0.6984589754269055,1.0,1.0,0.0,0.0,0.0,0.0,0.0,0.0,1.0,0.023508488196886047,0.0,0.0,0.0,0.0,1.0,0.024108488196886046
2021-02-10,41.13,41.2,40.38,40.89,39174452.0,1640405984.0,1359844003.0,0.028808048506722722,0.0026974006866111733,0.07463863337713539,1.0,1.0,-0.049732744596793,0.0,0.0,-0.096752816434725,0.0,0.0,0.020718921617573605,1.0,1.0,-0.04995353159851301,0.0,0.0,-0.11128015648772005,0.0,0.0,0.5799845440494591,1.0,1.0,1.0,0.0020974006866111734,0.0,0.0,0.0,0.0,1.0,0.0026974006866111733,0.0,0.0,0.0,0.0,1.0,0.0026974006866111733
2021-02-18,41.51,42.95,41.25,41.91,55877648.0,2412443027.0,1359844003.0,0.04109121919626541,0.0249449743213499,0.037119524870081744,1.0,1.0,0.02770966159882282,1.0,0.0,-0.06596835301983506,0.0,0.0,0.11078717201166177,1.0,1.0,-0.01318577819637401,0.0,0.0,-0.0849344978165939,0.0,0.0,0.6448194662480375,1.0,1.0,1.0,0.0249449743213499,0.0,0.0,0.0,0.0,1.0,0.0249449743213499,0.0,0.0,0.0,0.0,1.0,0.0249449743213499
2021-02-19,41.3,42.27,40.61,42.08,42853537.0,1822816744.0,1359844003.0,0.03151356839862462,0.004056311142925262,0.07593965737663,1.0,1.0,0.05755214878110082,1.0,1.0,-0.042112451627589365,0.0,0.0,0.10446194225721772,1.0,1.0,0.00766283524904221,1.0,0.0,-0.02207762026493154,0.0,0.0,0.6272235112142304,1.0,1.0,1.0,0.004056311142925262,1.0,0.003456311142925262,0.0,0.0,1.0,0.004056311142925262,0.0,0.0,0.0,0.0,1.0,0.004056311142925262
2021-02-22,42.17,43.25,40.82,40.82,56210023.0,2421311593.0,1359844003.0,0.04133564061465365,-0.029942965779467645,0.0251130085384228,1.0,1.0,0.0064102564102563875,1.0,1.0,-0.13259668508287292,0.0,0.0,0.09495708154506444,1.0,1.0,-0.003661215523553807,0.0,1.0,-0.06397615225865627,0.0,0.0,0.5392156862745099,1.0,1.0,1.0,-0.029942965779467645,1.0,-0.029942965779467645,0.0,-0.0,1.0,-0.029942965779467645,1.0,-0.030542965779467645,0.0,-0.0,1.0,-0.029942965779467645
2021-02-23,40.03,40.63,39.35,39.71,37797185.0,1547952834.0,1359844003.0,0.027795236009876347,-0.027192552670259662,-0.026238352133398757,0.0,1.0,-0.012925677355207443,0.0,1.0,-0.13767643865363732,0.0,0.0,0.03573291601460604,1.0,1.0,-0.050681329189576796,0.0,0.0,-0.05833530946170262,0.0,0.0,0.46153846153846145,1.0,1.0,1.0,-0.027192552670259662,1.0,-0.027192552670259662,0.0,-0.0,1.0,-0.027192552670259662,0.0,-0.0006,0.0,-0.0,1.0,-0.027192552670259662
2021-02-24,40.02,41.19,39.71,39.98,42785982.0,1774645895.0,1359844003.0,0.03146388990620125,0.0067992948879374016,-0.02225483003179274,0.0,0.0,0.0507227332457294,1.0,0.0,-0.13928955866523152,0.0,0.0,0.06641771138970376,1.0,1.0,-0.06260257913247369,0.0,0.0,-0.033832769453842615,0.0,0.0,0.34930813364832924,1.0,1.0,0.0,-0.0006,0.0,-0.0006,0.0,0.0,1.0,0.0067992948879374016,0.0,0.0,0.0,0.0,1.0,0.0067992948879374016
2021-02-25,40.04,40.31,38.66,38.66,43293051.0,1735114966.0,1359844003.0,0.03183677753072387,-0.03301650825412705,-0.07754712479121928,0.0,0.0,-0.04330611234842863,0.0,1.0,-0.16410810810810816,0.0,0.0,-0.03902560278399203,0.0,1.0,-0.11755307007532534,0.0,0.0,-0.05936739659367407,0.0,0.0,0.2878081279147233,1.0,1.0,0.0,-0.0,1.0,-0.033616508254127056,0.0,-0.0,1.0,-0.03301650825412705,0.0,-0.0,0.0,-0.0,1.0,-0.03301650825412705
2021-02-26,37.71,38.62,37.6,38.62,39827391.0,1553532594.0,1359844003.0,0.02928820578841057,-0.0010346611484738366,-0.0822243346007605,0.0,0.0,-0.012528765021733612,0.0,0.0,-0.10394431554524375,0.0,0.0,-0.02989198693795536,0.0,0.0,-0.09576211660032785,0.0,0.0,-0.0274490052883406,0.0,0.0,0.2518638573743921,1.0,1.0,0.0,-0.0,0.0,-0.0006,0.0,-0.0,0.0,-0.0006,0.0,-0.0,0.0,-0.0,1.0,-0.0010346611484738366
2021-03-01,38.77,39.63,38.22,39.51,38259086.0,1530225468.0,1359844003.0,0.028134908059744557,0.02304505437597104,-0.03209211170994619,0.0,0.0,-0.007785032646911105,0.0,0.0,-0.11925991975033445,0.0,0.0,-0.014467448241456848,0.0,0.0,-0.05704057279236274,0.0,0.0,-0.029238329238329364,0.0,0.0,0.3267293485560778,1.0,1.0,0.0,0.0,0.0,0.0,0.0,0.0,0.0,0.0,0.0,0.0,0.0,0.0,1.0,0.02304505437597104
2021-03-02,40.19,40.28,38.95,39.34,33498478.0,1358568564.0,1359844003.0,0.024634059440713656,-0.004302708175145442,-0.009317552253840233,0.0,0.0,-0.03531142717018143,0.0,0.0,-0.14198473282442747,0.0,0.0,0.018115942028985588,1.0,0.0,-0.08532899325738186,0.0,0.0,-0.0423563777994157,0.0,0.0,0.3299526707234619,1.0,1.0,0.0,-0.0,0.0,-0.0,0.0,-0.0,0.0,-0.0,0.0,-0.0,0.0,-0.0,1.0,-0.004302708175145442
2021-03-03,39.25,39.95,38.44,39.83,32577458.0,1306172631.0,1359844003.0,0.02395676116387594,0.01245551601423478,-0.003751875937968996,0.0,0.0,-0.025923208608461756,0.0,0.0,-0.0743667208924007,0.0,0.0,0.02734072736652049,1.0,1.0,-0.09312386156648456,0.0,0.0,-0.024730656219392855,0.0,0.0,0.32281634008634996,1.0,1.0,0.0,0.0,0.0,0.0,0.0,0.0,1.0,0.01185551601423478,0.0,0.0,0.0,0.0,1.0,0.01245551601423478
2021-03-04,39.64,40.75,39.21,39.57,40872082.0,1674001562.0,1359844003.0,0.030056449055796585,-0.006527742907356249,0.023538541127780643,1.0,0.0,-0.05583392984967783,0.0,0.0,-0.029671407552721907,0.0,0.0,-0.01420029895366215,0.0,1.0,-0.12086203065985335,0.0,0.0,-0.02078693392724562,0.0,0.0,0.1961910519951633,1.0,1.0,0.0,-0.0,0.0,-0.0,0.0,-0.0,1.0,-0.006527742907356249,0.0,-0.0,0.0,-0.0,1.0,-0.006527742907356249
2021-03-05,38.63,39.63,38.27,39.15,26556529.0,1060817735.0,1359844003.0,0.019529099618347916,-0.010614101592115288,0.01372345934748842,1.0,1.0,-0.06962927756653992,0.0,0.0,-0.016084443327469278,0.0,0.0,-0.05798845043310885,0.0,0.0,-0.105756052992234,0.0,0.0,0.05810810810810807,1.0,0.0,0.1430656934306569,1.0,1.0,1.0,-0.011214101592115288,0.0,-0.0,0.0,-0.0,0.0,-0.0006,0.0,-0.0,0.0,-0.0,1.0,-0.010614101592115288
2021-03-08,39.32,39.49,37.4,37.44,33420789.0,1318261953.0,1359844003.0,0.02457692862289293,-0.04367816091954024,-0.05239179954441919,0.0,1.0,-0.08280254777070073,0.0,0.0,-0.07692307692307698,0.0,0.0,-0.09826589595375734,0.0,0.0,-0.13692946058091293,0.0,0.0,0.014359252235166764,1.0,1.0,0.21479558728098636,1.0,1.0,1.0,-0.04367816091954024,0.0,-0.0,0.0,-0.0,0.0,-0.0,0.0,-0.0,1.0,-0.044278160919540246,1.0,-0.04367816091954024
2021-03-09,37.11,37.51,34.51,34.99,47866038.0,1749513345.0,1359844003.0,0.035199653706161176,-0.06543803418803407,-0.1105744789018811,0.0,0.0,-0.11886174767061186,0.0,0.0,-0.1302510564255529,0.0,0.0,-0.19079555966697503,0.0,0.0,-0.19303505535055343,0.0,0.0,-0.06193029490616608,0.0,1.0,0.22685834502103797,1.0,1.0,0.0,-0.0006,0.0,-0.0,0.0,-0.0,0.0,-0.0,0.0,-0.0,1.0,-0.06543803418803407,1.0,-0.06543803418803407
2021-03-10,35.5,35.65,34.43,34.47,29764179.0,1067392562.0,1359844003.0,0.0218879363620652,-0.014861388968276712,-0.13457193070549833,0.0,0.0,-0.1378189094547273,0.0,0.0,-0.09408672798948747,0.0,0.0,-0.16698888351860808,0.0,0.0,-0.19911710037174724,0.0,0.0,-0.027370203160270834,0.0,0.0,0.32678983833718234,1.0,1.0,0.0,-0.0,0.0,-0.0,0.0,-0.0,0.0,-0.0,0.0,-0.0,0.0,-0.0006,1.0,-0.014861388968276712
2021-03-11,34.48,36.34,33.97,36.07,41249718.0,1496237944.0,1359844003.0,0.030334154439036785,0.046417174354511204,-0.08845084660096036,0.0,0.0,-0.06699430936368334,0.0,0.0,-0.10739915862410288,0.0,0.0,-0.1234507897934386,0.0,0.0,-0.11571463594018139,0.0,0.0,0.04459889950767448,1.0,0.0,0.370961611554542,1.0,1.0,0.0,0.0,0.0,0.0,0.0,0.0,0.0,0.0,0.0,0.0,0.0,0.0,1.0,0.046417174354511204
2021-03-12,35.93,35.93,35.1,35.25,25710292.0,932648592.0,1359844003.0,0.01890679514950216,-0.022733573606875557,-0.09961685823754785,0.0,0.0,-0.08726048679440701,0.0,0.0,-0.09869598568141136,0.0,0.0,-0.14087253229344388,0.0,0.0,-0.13645271925526703,0.0,0.0,0.06238698010849908,1.0,1.0,0.33069082672706696,1.0,1.0,0.0,-0.0,0.0,-0.0,0.0,-0.0,0.0,-0.0,0.0,-0.0,1.0,-0.023333573606875557,1.0,-0.022733573606875557
2021-03-15,34.58,34.65,33.15,33.25,37376958.0,1295688729.0,1359844003.0,0.027486210122294446,-0.05673758865248224,-0.1119123931623931,0.0,0.0,-0.1584409010377119,0.0,0.0,-0.16499246609743845,0.0,0.0,-0.21746293245469528,0.0,0.0,-0.1500511247443762,0.0,0.0,-0.0071663183039714085,0.0,1.0,0.3044331110239311,1.0,1.0,0.0,-0.0,0.0,-0.0,0.0,-0.0,0.0,-0.0,0.0,-0.0,1.0,-0.05673758865248224,1.0,-0.05673758865248224
2021-03-16,33.87,33.97,32.36,32.81,32341422.0,1091970306.0,1359844003.0,0.023783185371741497,-0.013233082706766819,-0.06230351529008282,0.0,0.0,-0.16598881545500765,0.0,0.0,-0.1954389406571848,0.0,0.0,-0.2399814686124624,0.0,0.0,-0.17230070635721484,0.0,0.0,-0.0702748654009634,0.0,0.0,0.26728466589416766,1.0,1.0,0.0,-0.0,0.0,-0.0,0.0,-0.0,0.0,-0.0,0.0,-0.0,0.0,-0.0006,1.0,-0.013233082706766819
2021-03-17,33.04,33.57,32.63,33.18,26176203.0,889492306.0,1359844003.0,0.019249416067028093,0.011277049679975448,-0.03742384682332456,0.0,0.0,-0.1669595782073814,0.0,0.0,-0.18855465884079237,0.0,0.0,-0.26706428098078205,0.0,0.0,-0.17174238642036954,0.0,0.0,-0.055776892430278946,0.0,0.0,0.2900466562986004,1.0,1.0,0.0,0.0,0.0,0.0,0.0,0.0,0.0,0.0,0.0,0.0,0.0,0.0,1.0,0.011277049679975448
2021-03-18,33.39,33.47,32.74,33.03,23080674.0,782875066.0,1359844003.0,0.016973030692550694,-0.004520795660036159,-0.08428056556695307,0.0,0.0,-0.16527672479150868,0.0,0.0,-0.2118826055833929,0.0,0.0,-0.26387341207934023,0.0,0.0,-0.12456930824277757,0.0,0.0,-0.06642170717919738,0.0,0.0,0.4206451612903226,1.0,1.0,0.0,-0.0,0.0,-0.0,0.0,-0.0,0.0,-0.0,0.0,-0.0,0.0,-0.0,1.0,-0.004520795660036159
2021-03-19,32.39,33.34,32.03,33.11,28386925.0,954328191.0,1359844003.0,0.020875133425138914,0.0024220405691794955,-0.06070921985815603,0.0,0.0,-0.15427841634738182,0.0,0.0,-0.2131653992395437,0.0,0.0,-0.24630093330298197,0.0,0.0,-0.1309711286089239,0.0,0.0,-0.05507990867579904,0.0,0.0,0.33132287897064727,1.0,1.0,0.0,0.0,0.0,0.0,0.0,0.0,0.0,0.0,0.0,0.0,0.0,0.0,1.0,0.0024220405691794955
2021-03-22,33.11,33.63,32.73,33.27,24768172.0,841518254.0,1359844003.0,0.018213980386984137,0.0048323769254003945,0.0006015037593984918,1.0,0.0,-0.11137820512820495,0.0,0.0,-0.1849583537481626,0.0,0.0,-0.2930301742456438,0.0,0.0,-0.10756437768240334,0.0,0.0,-0.057240011334655616,0.0,0.0,0.390886287625418,1.0,1.0,0.0,0.0,0.0,0.0,0.0,0.0,0.0,0.0,0.0,0.0,0.0,0.0,1.0,0.0048323769254003945
2021-03-23,33.39,34.31,33.14,33.22,28259259.0,972434727.0,1359844003.0,0.020781250597609907,-0.0015028554253082582,0.012496190185918854,1.0,1.0,-0.05058588168048017,0.0,0.0,-0.1634349030470914,0.0,0.0,-0.27861020629750266,0.0,0.0,-0.13354199269692235,0.0,0.0,-0.08003323179174748,0.0,0.0,0.37159372419488035,1.0,1.0,1.0,-0.002102855425308258,0.0,-0.0,0.0,-0.0,0.0,-0.0,0.0,-0.0,0.0,-0.0,1.0,-0.0015028554253082582
2021-03-24,33.03,33.04,32.31,32.38,20347840.0,678039589.0,1359844003.0,0.014963363411619208,-0.025285972305839732,-0.024110910186859513,0.0,1.0,-0.06063243400058016,0.0,0.0,-0.19009504752376172,0.0,0.0,-0.3029063509149623,0.0,0.0,-0.13630301413710322,0.0,0.0,-0.11626637554585151,0.0,0.0,0.3098705501618124,1.0,1.0,1.0,-0.025285972305839732,0.0,-0.0,0.0,-0.0,0.0,-0.0,0.0,-0.0,0.0,-0.0,1.0,-0.025285972305839732
2021-03-25,31.97,32.73,31.9,32.17,15272506.0,506778736.0,1359844003.0,0.011231072068786407,-0.006485484867202018,-0.026036936118679965,0.0,0.0,-0.10812309398392006,0.0,0.0,-0.16787377133988612,0.0,0.0,-0.30443243243243234,0.0,0.0,-0.20034799900571698,0.0,0.0,-0.0983744394618834,0.0,0.0,0.42030905077262704,1.0,1.0,0.0,-0.0006,0.0,-0.0,0.0,-0.0,0.0,-0.0,0.0,-0.0,0.0,-0.0,1.0,-0.006485484867202018
2021-03-26,32.4,33.27,32.1,33.1,23650222.0,792307582.0,1359844003.0,0.017391864028391792,0.028908921355299988,-0.000302023557837483,0.0,0.0,-0.06099290780141842,0.0,0.0,-0.14293112377006723,0.0,0.0,-0.23201856148491884,0.0,0.0,-0.16855061542326055,0.0,0.0,-0.07619313424504592,0.0,0.0,0.4353859496964443,1.0,1.0,0.0,0.0,0.0,0.0,0.0,0.0,0.0,0.0,0.0,0.0,0.0,0.0,1.0,0.028908921355299988
2021-03-29,33.5,33.75,33.08,33.14,22358584.0,763817021.0,1359844003.0,0.016442021254404134,0.0012084592145014117,-0.003907424105801138,0.0,0.0,-0.0033082706766917047,0.0,0.0,-0.1612250063275119,0.0,0.0,-0.26125724476148016,0.0,0.0,-0.17335994013469702,0.0,0.0,-0.06516220028208752,0.0,0.0,0.4715808170515099,1.0,1.0,0.0,0.0,0.0,0.0,0.0,0.0,0.0,0.0,0.0,0.0,0.0,0.0,1.0,0.0012084592145014117
2021-03-30,33.18,33.68,32.86,33.56,21405621.0,730699383.0,1359844003.0,0.01574123278315476,0.012673506336753126,0.010234798314268545,1.0,0.0,0.022858884486437026,1.0,0.0,-0.1469242501270971,0.0,0.0,-0.2680479825517993,0.0,0.0,-0.1314699792960662,0.0,0.0,-0.0612587412587412,0.0,0.0,0.43849121303043304,1.0,1.0,0.0,0.0,0.0,0.0,0.0,0.0,0.0,0.0,0.0,0.0,0.0,0.0,1.0,0.012673506336753126
2021-03-31,33.52,33.75,32.96,33.38,17266737.0,589804466.0,1359844003.0,0.012697586606924941,-0.005363528009535101,0.030883261272390383,1.0,1.0,0.006027727546714878,1.0,1.0,-0.16193823750941494,0.0,0.0,-0.22426214269114564,0.0,0.0,-0.13902501934485423,0.0,0.0,-0.021688159437280086,0.0,0.0,0.42832691484809593,1.0,1.0,1.0,-0.005963528009535101,1.0,-0.005963528009535101,0.0,-0.0,0.0,-0.0,0.0,-0.0,0.0,-0.0,1.0,-0.005363528009535101
2021-04-01,33.9,35.24,33.79,34.4,44569318.0,1579650242.0,1359844003.0,0.03277531680227588,0.030557219892150878,0.06931924152937508,1.0,1.0,0.0414774447471995,1.0,1.0,-0.13065453626484713,0.0,0.0,-0.15644923982344294,0.0,0.0,-0.14299950174389642,0.0,0.0,-0.01854493580599137,0.0,0.0,0.6349809885931559,1.0,1.0,1.0,0.030557219892150878,1.0,0.030557219892150878,0.0,0.0,0.0,0.0,0.0,0.0,0.0,0.0,1.0,0.030557219892150878
2021-04-02,34.96,37.74,34.96,37.27,81981069.0,3066088868.0,1359844003.0,0.06028711294761654,0.08343023255813975,0.12598187311178255,1.0,1.0,0.12564180006040493,1.0,1.0,-0.04802043422733071,0.0,0.0,-0.0633324956019099,0.0,0.0,-0.10322425409047153,0.0,0.0,0.06668574699484853,1.0,0.0,0.7875299760191847,1.0,1.0,1.0,0.08343023255813975,1.0,0.08343023255813975,0.0,0.0,0.0,0.0,0.0,0.0,0.0,0.0,1.0,0.08343023255813975
2021-04-06,37.66,38.25,36.72,37.68,49883566.0,1916246869.0,1359844003.0,0.03668330035647479,0.011000804936946551,0.1369945684972842,1.0,1.0,0.13255184851217305,1.0,1.0,0.0064102564102563875,1.0,0.0,-0.07100591715976334,0.0,0.0,-0.09248554913294804,0.0,0.0,0.04928989139515472,1.0,1.0,0.7428307123034226,1.0,1.0,1.0,0.011000804936946551,1.0,0.011000804936946551,0.0,0.0,0.0,0.0,0.0,0.0,1.0,0.010400804936946551,1.0,0.011000804936946551
2021-04-07,37.53,37.85,36.78,37.74,37363105.0,1426709846.0,1359844003.0,0.02747602292437363,0.0015923566878981443,0.1245530393325387,1.0,1.0,0.13606261288380495,1.0,1.0,0.07859388396684763,1.0,1.0,-0.06189410887397451,0.0,0.0,-0.12719703977798336,0.0,0.0,-0.012558869701726816,0.0,1.0,0.7652011225444342,1.0,1.0,1.0,0.0015923566878981443,1.0,0.0015923566878981443,1.0,0.0009923566878981445,0.0,0.0,0.0,0.0,1.0,0.0015923566878981443,1.0,0.0015923566878981443
2021-04-08,37.1,37.93,36.94,36.95,29124557.0,1112076424.0,1359844003.0,0.021417572115439185,-0.020932697403285627,0.1069502696225284,1.0,1.0,0.14113650401482403,1.0,1.0,0.0719466202494925,1.0,1.0,-0.028909329829172048,0.0,0.0,-0.10705654905751572,0.0,0.0,-0.03826132222800627,0.0,0.0,0.7910809500727098,1.0,1.0,1.0,-0.020932697403285627,1.0,-0.020932697403285627,1.0,-0.020932697403285627,0.0,-0.0,0.0,-0.0,0.0,-0.0006,1.0,-0.020932697403285627
2021-04-09,36.9,37.49,36.01,36.37,36552934.0,1370570323.0,1359844003.0,0.026880240615364173,-0.015696887686062366,0.05726744186046506,1.0,1.0,0.13055641902393522,1.0,1.0,0.00831716107568603,1.0,1.0,-0.09997525365008664,0.0,0.0,-0.11616038882138524,0.0,0.0,-0.02728002139609531,0.0,0.0,0.8508905852417303,1.0,1.0,1.0,-0.015696887686062366,1.0,-0.015696887686062366,1.0,-0.015696887686062366,0.0,-0.0,0.0,-0.0,0.0,-0.0,1.0,-0.015696887686062366
2021-04-12,36.47,36.7,34.88,35.1,36197147.0,1327178706.0,1359844003.0,0.02661860251627701,-0.0349188891943909,-0.05822377247115651,0.0,1.0,0.06042296072507547,1.0,1.0,-0.004255319148936176,0.0,1.0,-0.10253132191255432,0.0,0.0,-0.14452839385815253,0.0,0.0,-0.04929577464788737,0.0,0.0,0.8281250000000002,1.0,1.0,1.0,-0.0349188891943909,1.0,-0.0349188891943909,1.0,-0.0349188891943909,0.0,-0.0,0.0,-0.0,0.0,-0.0,1.0,-0.0349188891943909
2021-04-13,35.24,35.57,34.58,35.03,23903108.0,858877484.0,1359844003.0,0.017577830947716436,-0.00199430199430195,-0.07032908704883223,0.0,0.0,0.05703077851538918,1.0,1.0,0.05353383458646621,1.0,0.0,-0.12029131089904566,0.0,0.0,-0.1755707225229466,0.0,0.0,-0.06010195867990342,0.0,0.0,0.7665153807362584,1.0,1.0,0.0,-0.0006,1.0,-0.00199430199430195,0.0,-0.0006,0.0,-0.0,0.0,-0.0,0.0,-0.0,1.0,-0.00199430199430195
2021-04-14,35.39,35.69,34.81,35.29,27582779.0,995036240.0,1359844003.0,0.02028378177140073,0.007422209534684532,-0.06491785903550618,0.0,0.0,0.05154946364719892,1.0,1.0,0.07558671136848516,1.0,1.0,-0.13462481608631682,0.0,0.0,-0.18253416724577254,0.0,0.0,-0.044925575101488646,0.0,0.0,0.6733048838311997,1.0,1.0,0.0,0.0,1.0,0.007422209534684532,1.0,0.006822209534684532,0.0,0.0,0.0,0.0,0.0,0.0,1.0,0.007422209534684532
2021-04-15,35.14,35.14,33.68,34.8,34405556.0,1207274784.0,1359844003.0,0.025301105070946878,-0.013884953244545306,-0.05818673883626535,0.0,0.0,0.04254044337926888,1.0,1.0,0.0488245931283906,1.0,1.0,-0.14893617021276606,0.0,0.0,-0.2312789927104043,0.0,0.0,-0.056143205858421474,0.0,0.0,0.6819719671338809,1.0,1.0,0.0,-0.0,1.0,-0.013884953244545306,1.0,-0.013884953244545306,0.0,-0.0,0.0,-0.0,0.0,-0.0,1.0,-0.013884953244545306
2021-04-16,34.75,34.84,34.04,34.59,20130391.0,709192417.0,1359844003.0,0.014803456099074328,-0.006034482758620507,-0.04894143524883132,0.0,0.0,0.00552325581395352,1.0,1.0,0.04722979109900094,1.0,1.0,-0.17465998568360763,0.0,0.0,-0.22910630710942714,0.0,0.0,-0.031092436974789917,0.0,0.0,0.6346880907372403,1.0,1.0,0.0,-0.0,1.0,-0.006034482758620507,1.0,-0.006034482758620507,0.0,-0.0,0.0,-0.0,0.0,-0.0,1.0,-0.006034482758620507
2021-04-19,34.22,35.34,33.9,35.23,33945366.0,1214961347.0,1359844003.0,0.024962691253637863,0.018502457357617574,0.0037037037037035425,1.0,0.0,-0.05473571236919794,0.0,1.0,0.0640289942615524,1.0,1.0,-0.16278517110266166,0.0,0.0,-0.19804234008650135,0.0,0.0,0.001705999431333316,1.0,0.0,0.6401303538175045,1.0,1.0,0.0,0.0,1.0,0.018502457357617574,1.0,0.018502457357617574,0.0,0.0,0.0,0.0,0.0,0.0,1.0,0.018502457357617574
2021-04-20,34.95,34.95,34.24,34.46,29979922.0,1061872335.0,1359844003.0,0.022046589118943225,-0.02185637240987781,-0.01627176705680844,0.0,1.0,-0.08545647558386404,0.0,0.0,0.03576795912233233,1.0,1.0,-0.1558059774620284,0.0,0.0,-0.26774330641733957,0.0,0.0,-0.0002901073397156839,0.0,1.0,0.6254716981132076,1.0,1.0,1.0,-0.02245637240987781,0.0,-0.0006,1.0,-0.02185637240987781,0.0,-0.0,0.0,-0.0,1.0,-0.02245637240987781,1.0,-0.02185637240987781
2021-04-21,34.07,34.52,33.68,34.23,24120645.0,841046062.0,1359844003.0,0.01773780297356652,-0.00667440510737094,-0.030036837631057023,0.0,0.0,-0.09300476947535785,0.0,0.0,0.030403371462974116,1.0,1.0,-0.13800050365147332,0.0,0.0,-0.2566775244299675,0.0,0.0,0.002636203866432263,1.0,0.0,0.6928783382789316,1.0,1.0,0.0,-0.0006,0.0,-0.0,1.0,-0.00667440510737094,0.0,-0.0,0.0,-0.0,0.0,-0.0006,1.0,-0.00667440510737094
2021-04-22,34.56,35.57,34.56,35.24,43574731.0,1565079556.0,1359844003.0,0.03204391893766362,0.029506281040023508,0.012643678160919603,1.0,0.0,-0.046278755074424915,0.0,0.0,0.08832612723903632,1.0,1.0,-0.11855927963981983,0.0,0.0,-0.24133476856835312,0.0,0.0,0.009452878831280653,1.0,1.0,0.8136901698404531,1.0,1.0,0.0,0.0,0.0,0.0,1.0,0.029506281040023508,0.0,0.0,0.0,0.0,1.0,0.028906281040023508,1.0,0.029506281040023508
2021-04-23,34.96,36.06,34.75,36.0,43431824.0,1580898392.0,1359844003.0,0.03193882820689985,0.02156640181611791,0.040763226366001604,1.0,1.0,-0.010173219686554824,0.0,0.0,0.11905502020516012,1.0,1.0,-0.06880496637351263,0.0,0.0,-0.22162162162162158,0.0,0.0,0.034482758620689724,1.0,1.0,0.7919362867098059,1.0,1.0,1.0,0.02096640181611791,0.0,0.0,1.0,0.02156640181611791,0.0,0.0,0.0,0.0,1.0,0.02156640181611791,1.0,0.02156640181611791
2021-04-26,36.37,36.71,35.32,35.4,45522406.0,1680591668.0,1359844003.0,0.03347619719583379,-0.01666666666666672,0.004825432869713264,1.0,1.0,0.008547008547008517,1.0,0.0,0.06948640483383683,1.0,1.0,-0.08337648886587257,0.0,0.0,-0.17865429234338748,0.0,0.0,0.002548853016142605,1.0,1.0,0.7217898832684826,1.0,1.0,1.0,-0.01666666666666672,0.0,-0.0,1.0,-0.01666666666666672,0.0,-0.0,0.0,-0.0,1.0,-0.01666666666666672,1.0,-0.01666666666666672
2021-04-27,35.2,35.58,34.05,34.6,33717687.0,1200160764.0,1359844003.0,0.024795261019362674,-0.022598870056497078,0.004062681369704002,1.0,1.0,-0.012275192691978298,0.0,1.0,0.044055522027760974,1.0,1.0,-0.1242723361174386,0.0,0.0,-0.22871154703522067,0.0,0.0,-0.042612064194798016,0.0,1.0,0.646834840552118,1.0,1.0,1.0,-0.022598870056497078,1.0,-0.023198870056497078,1.0,-0.022598870056497078,0.0,-0.0,0.0,-0.0,1.0,-0.022598870056497078,1.0,-0.022598870056497078
2021-04-28,34.6,36.41,34.42,36.4,46501843.0,1698961960.0,1359844003.0,0.03419645407665191,0.052023121387283044,0.06339468302658502,1.0,1.0,0.031453669594786016,1.0,0.0,0.08462455303933236,1.0,1.0,-0.07473309608540935,0.0,0.0,-0.20610687022900764,0.0,0.0,-0.03191489361702138,0.0,0.0,0.6575591985428049,1.0,1.0,1.0,0.052023121387283044,0.0,-0.0006,1.0,0.052023121387283044,0.0,0.0,0.0,0.0,0.0,-0.0006,1.0,0.052023121387283044
2021-04-29,35.22,35.97,35.03,35.31,51739666.0,1877228197.0,1359844003.0,0.038048236331413965,-0.02994505494505484,0.0019863791146423893,1.0,1.0,0.014655172413793327,1.0,1.0,0.05781905332534443,1.0,1.0,-0.11348229977403956,0.0,0.0,-0.1794097141529165,0.0,0.0,-0.053858520900321505,0.0,0.0,0.5826983415508742,1.0,1.0,1.0,-0.02994505494505484,1.0,-0.03054505494505484,1.0,-0.02994505494505484,0.0,-0.0,0.0,-0.0,0.0,-0.0,1.0,-0.02994505494505484
2021-04-30,35.37,36.22,35.2,35.93,41874550.0,1533353317.0,1359844003.0,0.03079364243811722,0.017558765222316586,-0.0019444444444444153,0.0,1.0,0.03873952009251225,1.0,1.0,0.044476744186046524,1.0,1.0,-0.09198888046499876,0.0,0.0,-0.11893084845512514,0.0,0.0,-0.04084356647090237,0.0,0.0,0.6376481312670919,1.0,1.0,1.0,0.017558765222316586,1.0,0.017558765222316586,1.0,0.017558765222316586,0.0,0.0,0.0,0.0,0.0,0.0,1.0,0.017558765222316586
2021-05-06,35.63,36.1,35.27,35.35,30314012.0,1104869388.0,1359844003.0,0.02229227171140453,-0.01614249930420253,-0.0014124293785310327,0.0,0.0,0.0034061879080331536,1.0,1.0,-0.05151596458277441,0.0,1.0,-0.09706257982120048,0.0,0.0,-0.11158582558431762,0.0,0.0,-0.06580338266384778,0.0,0.0,0.5995475113122171,1.0,1.0,0.0,-0.0006,1.0,-0.01614249930420253,1.0,-0.01614249930420253,0.0,-0.0,0.0,-0.0,0.0,-0.0,1.0,-0.01614249930420253
2021-05-07,35.5,35.9,33.74,33.81,42015029.0,1489652792.0,1359844003.0,0.030896947669960054,-0.04356435643564349,-0.022832369942196507,0.0,0.0,-0.018862449216482835,0.0,1.0,-0.10270700636942665,0.0,0.0,-0.09695512820512808,0.0,0.0,-0.16642011834319526,0.0,0.0,-0.15832710978342046,0.0,0.0,0.5340290381125228,1.0,1.0,0.0,-0.0,1.0,-0.04356435643564349,0.0,-0.0006,0.0,-0.0,0.0,-0.0,0.0,-0.0,1.0,-0.04356435643564349
2021-05-10,33.39,33.59,32.37,32.69,34469022.0,1159132399.0,1359844003.0,0.025347776600813526,-0.03312629399585931,-0.101923076923077,0.0,0.0,-0.04498977505112467,0.0,0.0,-0.13381028086910451,0.0,0.0,-0.06573306659045453,0.0,0.0,-0.18742232165050954,0.0,0.0,-0.2602398732744965,0.0,0.0,0.528999064546305,1.0,1.0,0.0,-0.0,0.0,-0.0006,0.0,-0.0,0.0,-0.0,0.0,-0.0,0.0,-0.0,1.0,-0.03312629399585931
2021-05-11,32.23,33.12,32.23,33.06,21088748.0,707681166.0,1359844003.0,0.015508211201781504,0.01131844600795362,-0.06372132540356834,0.0,0.0,-0.06186152099886488,0.0,0.0,-0.105277401894452,0.0,0.0,-0.040905134899912876,0.0,0.0,-0.13114323258869898,0.0,0.0,-0.24295855278223033,0.0,0.0,0.5543018335684065,1.0,1.0,0.0,0.0,0.0,0.0,0.0,0.0,0.0,0.0,0.0,0.0,0.0,0.0,1.0,0.01131844600795362
2021-05-12,33.02,34.36,32.49,33.93,27058873.0,929131375.0,1359844003.0,0.019898512579608,0.02631578947368407,-0.055663790704146954,0.0,0.0,-0.057499999999999996,0.0,0.0,-0.06708825955457787,0.0,0.0,-0.059329082339894645,0.0,0.0,-0.1603563474387527,0.0,0.0,-0.16695310581880674,0.0,0.0,0.5380779691749775,1.0,1.0,0.0,0.0,0.0,0.0,0.0,0.0,0.0,0.0,0.0,0.0,0.0,0.0,1.0,0.02631578947368407
2021-05-13,33.29,34.6,33.12,33.56,24231928.0,842853165.0,1359844003.0,0.017819638095650004,-0.010904804008252222,-0.050636492220650586,0.0,0.0,-0.051977401129943424,0.0,0.0,-0.043874643874643904,0.0,0.0,-0.0479432624113475,0.0,0.0,-0.14190744055228832,0.0,0.0,-0.17482173592328498,0.0,0.0,0.5008944543828266,1.0,1.0,0.0,-0.0,0.0,-0.0,0.0,-0.0,0.0,-0.0,0.0,-0.0,0.0,-0.0,1.0,-0.010904804008252222
2021-05-14,34.46,34.57,33.7,34.08,23939213.0,834082091.0,1359844003.0,0.017604381787313,0.015494636471990342,0.007985803016858695,1.0,0.0,-0.015028901734104094,0.0,0.0,-0.027119611761347473,0.0,0.0,0.02496240601503752,1.0,0.0,-0.14414866901054746,0.0,0.0,-0.1899215593059188,0.0,0.0,0.3859292395282634,1.0,1.0,0.0,0.0,0.0,0.0,0.0,0.0,0.0,0.0,0.0,0.0,0.0,0.0,1.0,0.015494636471990342
2021-05-17,34.66,35.34,34.17,34.41,39813873.0,1420766960.0,1359844003.0,0.02927826494227662,0.009683098591549255,0.05261547873967576,1.0,1.0,-0.0546703296703297,0.0,0.0,-0.024936242561632294,0.0,0.0,0.04876562023773223,1.0,1.0,-0.15620402157920565,0.0,0.0,-0.17004341534008693,0.0,0.0,0.29458239277652365,1.0,1.0,1.0,0.009083098591549255,0.0,0.0,0.0,0.0,1.0,0.009083098591549255,0.0,0.0,0.0,0.0,1.0,0.009683098591549255
2021-05-18,32.21,33.08,32.17,32.68,56798461.0,1892839788.0,1359844003.0,0.04176836524976019,-0.05027608253414695,-0.011494252873563315,0.0,1.0,-0.0744831492495045,0.0,0.0,-0.060919540229884994,0.0,0.0,-0.015069318866787196,0.0,1.0,-0.20078258742968946,0.0,0.0,-0.24070631970260226,0.0,0.0,0.23881728582259298,1.0,1.0,1.0,-0.05027608253414695,0.0,-0.0,0.0,-0.0,1.0,-0.05027608253414695,0.0,-0.0,0.0,-0.0,1.0,-0.05027608253414695
2021-05-19,32.44,32.91,32.37,32.62,26204500.0,876287888.0,1359844003.0,0.019270225071544474,-0.001835985312117594,-0.038608900677866265,0.0,0.0,-0.09212357361536327,0.0,0.0,-0.05695287655391745,0.0,0.0,-0.01241295791704522,0.0,0.0,-0.2216654736339776,0.0,0.0,-0.23192842006121972,0.0,0.0,0.2502874664622461,1.0,1.0,0.0,-0.0006,0.0,-0.0,0.0,-0.0,0.0,-0.0006,0.0,-0.0,0.0,-0.0,1.0,-0.001835985312117594
2021-05-20,32.41,32.53,31.24,31.3,56105918.0,1815938834.0,1359844003.0,0.04125908403921534,-0.040465971796443845,-0.06734207389749702,0.0,0.0,-0.11456859971711464,0.0,0.0,-0.11155265398807823,0.0,0.0,-0.054666263968589535,0.0,0.0,-0.25617870722433456,0.0,0.0,-0.2504789272030651,0.0,0.0,0.2094281298299847,1.0,1.0,0.0,-0.0,0.0,-0.0,0.0,-0.0,0.0,-0.0,0.0,-0.0,0.0,-0.0,1.0,-0.040465971796443845
2021-05-21,31.42,31.73,30.97,31.09,28827993.0,924932260.0,1359844003.0,0.02119948533537784,-0.006709265175718904,-0.0877347417840375,0.0,0.0,-0.08044957113280105,0.0,0.0,-0.09779454439930357,0.0,0.0,-0.06552449654343262,0.0,0.0,-0.23836354728074471,0.0,0.0,-0.24115206248474497,0.0,0.0,0.13136826783114985,1.0,1.0,0.0,-0.0,0.0,-0.0,0.0,-0.0,0.0,-0.0,0.0,-0.0,0.0,-0.0,1.0,-0.006709265175718904
2021-05-24,30.94,31.66,30.44,31.59,31468194.0,1002673386.0,1359844003.0,0.02314103230265891,0.01608234158893529,-0.08195292066259796,0.0,0.0,-0.03364943407769949,0.0,0.0,-0.07712532865907096,0.0,0.0,-0.049066827212522535,0.0,0.0,-0.20448249811130703,0.0,0.0,-0.24480038250059766,0.0,0.0,0.17653631284916194,1.0,1.0,0.0,0.0,0.0,0.0,0.0,0.0,0.0,0.0,0.0,0.0,0.0,0.0,1.0,0.01608234158893529
2021-05-25,31.63,32.62,31.44,32.48,42818341.0,1406692928.0,1359844003.0,0.031487686018055704,0.028173472617917028,-0.006119951040391758,0.0,0.0,-0.017543859649122973,0.0,0.0,-0.07832009080590252,0.0,0.0,0.0030883261272387497,1.0,0.0,-0.18759379689844924,0.0,0.0,-0.23845252051582655,0.0,0.0,0.15014164305948996,1.0,1.0,0.0,0.0,0.0,0.0,0.0,0.0,0.0,0.0,0.0,0.0,0.0,0.0,1.0,0.028173472617917028
2021-05-26,32.53,33.11,32.13,32.19,31283241.0,1041863249.0,1359844003.0,0.02300502184881864,-0.008928571428571397,-0.013182096873084026,0.0,0.0,-0.05128205128205132,0.0,0.0,-0.10583333333333345,0.0,0.0,0.0006216972334471826,1.0,1.0,-0.16735644076564926,0.0,0.0,-0.2652362474320932,0.0,0.0,0.05644896619625861,1.0,1.0,0.0,-0.0,0.0,-0.0,0.0,-0.0,1.0,-0.009528571428571397,0.0,-0.0,0.0,-0.0,1.0,-0.008928571428571397
2021-05-27,32.04,34.41,31.94,34.07,71564934.0,2453805829.0,1359844003.0,0.052627311546117106,0.05840323081702392,0.08849840255591057,1.0,0.0,0.015196662693682805,1.0,0.0,-0.037570621468926535,0.0,0.0,0.02930513595166162,1.0,1.0,-0.1178146038322112,0.0,0.0,-0.20229454460313745,0.0,0.0,0.15179175118323207,1.0,1.0,0.0,0.0,0.0,0.0,0.0,0.0,1.0,0.05840323081702392,0.0,0.0,0.0,0.0,1.0,0.05840323081702392
2021-05-28,33.97,34.05,33.34,33.44,40132509.0,1381666457.0,1359844003.0,0.02951258299588942,-0.01849134135603181,0.07558700546799613,1.0,1.0,-0.018779342723004744,0.0,1.0,-0.03352601156069379,0.0,0.0,0.00905250452625217,1.0,1.0,-0.15363199190078458,0.0,0.0,-0.201909307875895,0.0,0.0,0.041420118343195256,1.0,1.0,1.0,-0.01909134135603181,1.0,-0.01909134135603181,0.0,-0.0,1.0,-0.01849134135603181,0.0,-0.0,0.0,-0.0,1.0,-0.01849134135603181
2021-05-31,33.83,34.32,33.55,33.83,31474790.0,1091174791.0,1359844003.0,0.02314588285903556,0.01166267942583743,0.07090851535295983,1.0,1.0,-0.016855565242661963,0.0,0.0,-0.07060439560439558,0.0,0.0,0.008045292014302596,1.0,1.0,-0.1400610066090494,0.0,0.0,-0.2134387351778656,0.0,0.0,0.08568677792041068,1.0,1.0,1.0,0.01166267942583743,0.0,-0.0006,0.0,0.0,1.0,0.01166267942583743,0.0,0.0,0.0,0.0,1.0,0.01166267942583743
2021-06-01,33.76,34.93,33.29,34.5,48909290.0,1726420138.0,1359844003.0,0.035966838763931364,0.019804906887378015,0.06219211822660098,1.0,1.0,0.05569155446756424,1.0,0.0,-0.022939677145284665,0.0,0.0,0.03355302576393049,1.0,1.0,-0.13381872960080343,0.0,0.0,-0.21448087431693996,0.0,0.0,0.19377162629757794,1.0,1.0,1.0,0.019804906887378015,0.0,0.0,0.0,0.0,1.0,0.019804906887378015,0.0,0.0,0.0,0.0,1.0,0.019804906887378015
2021-06-02,34.7,35.11,33.85,34.1,35334570.0,1244206437.0,1359844003.0,0.02598428196325987,-0.011594202898550732,0.05933519726623193,1.0,1.0,0.04537093807480086,1.0,1.0,-0.05093236849429439,0.0,0.0,-0.008720930232558044,0.0,1.0,-0.13823603740207224,0.0,0.0,-0.24239057987113966,0.0,0.0,0.1811569102874957,1.0,1.0,1.0,-0.011594202898550732,1.0,-0.012194202898550732,0.0,-0.0,1.0,-0.011594202898550732,0.0,-0.0,0.0,-0.0,1.0,-0.011594202898550732
2021-06-03,34.02,34.41,33.56,33.62,28650099.0,996731301.0,1359844003.0,0.021068665918145026,-0.014076246334310927,-0.01320810096859415,0.0,1.0,0.07412140575079862,1.0,1.0,-0.04893917963224903,0.0,0.0,-0.09793399517037849,0.0,0.0,-0.1412515964240103,0.0,0.0,-0.2320694380995889,0.0,0.0,0.2137184115523465,1.0,1.0,1.0,-0.014076246334310927,1.0,-0.014076246334310927,0.0,-0.0,0.0,-0.0006,0.0,-0.0,0.0,-0.0,1.0,-0.014076246334310927
2021-06-04,33.25,34.36,33.2,33.96,38181377.0,1325595983.0,1359844003.0,0.028077762534354466,0.010113027959548049,0.015550239234449759,1.0,0.0,0.09231264072048884,1.0,1.0,0.004436557231588312,1.0,0.0,-0.0987261146496815,0.0,0.0,-0.09294871794871784,0.0,0.0,-0.21715076071922546,0.0,0.0,0.20854092526690393,1.0,1.0,0.0,-0.0006,1.0,0.010113027959548049,0.0,0.0,0.0,0.0,0.0,0.0,0.0,0.0,1.0,0.010113027959548049
2021-06-07,35.62,36.8,35.05,36.08,87805461.0,3224118458.0,1359844003.0,0.06457024541512796,0.0624263839811543,0.0665090156665682,1.0,1.0,0.14213358657803088,1.0,1.0,0.10370143774854701,1.0,1.0,-0.04398516163222055,0.0,0.0,0.0311517576450413,1.0,0.0,-0.16789667896678973,0.0,0.0,0.25408411539798403,1.0,1.0,1.0,0.061826383981154295,1.0,0.0624263839811543,1.0,0.061826383981154295,0.0,0.0,0.0,0.0,0.0,0.0,1.0,0.0624263839811543
2021-06-08,36.34,36.56,34.95,35.0,62716090.0,2280616490.0,1359844003.0,0.046120062199516865,-0.029933481152993324,0.01449275362318847,1.0,1.0,0.07758620689655182,1.0,1.0,0.05868118572292791,1.0,1.0,-0.05277401894451972,0.0,0.0,0.015375689004931914,1.0,1.0,-0.18680297397769519,0.0,0.0,0.23239436619718323,1.0,1.0,1.0,-0.029933481152993324,1.0,-0.029933481152993324,1.0,-0.029933481152993324,0.0,-0.0,1.0,-0.030533481152993324,0.0,-0.0,1.0,-0.029933481152993324
2021-06-09,35.14,35.77,34.38,34.57,46798024.0,1673078723.0,1359844003.0,0.03441425920675991,-0.012285714285714233,0.01378299120234594,1.0,1.0,0.0739360049704878,1.0,1.0,0.018862363689949868,1.0,1.0,-0.04949133901567215,0.0,0.0,-0.04158580537843082,0.0,1.0,-0.15248835498896784,0.0,0.0,0.21983062808750886,1.0,1.0,1.0,-0.012285714285714233,1.0,-0.012285714285714233,1.0,-0.012285714285714233,0.0,-0.0,1.0,-0.012285714285714233,0.0,-0.0,1.0,-0.012285714285714233
2021-06-10,34.68,34.98,34.36,34.77,44517250.0,1580624095.0,1359844003.0,0.032737027116190476,0.005785363031530322,0.034205829863176884,1.0,1.0,0.020545934840035196,1.0,1.0,0.03605482717520858,1.0,1.0,-0.009401709401709368,0.0,0.0,-0.013617021276595698,0.0,0.0,-0.1482116609505144,0.0,0.0,0.16756212222968436,1.0,1.0,1.0,0.005785363031530322,1.0,0.005785363031530322,1.0,0.005785363031530322,0.0,0.0,0.0,-0.0006,0.0,0.0,1.0,0.005785363031530322
2021-06-11,34.8,34.93,33.04,33.08,63649395.0,2187875241.0,1359844003.0,0.046806394600837166,-0.04860511935576661,-0.025912838633686763,0.0,1.0,-0.010765550239234423,0.0,1.0,-0.02934272300469487,0.0,1.0,-0.05566657151013421,0.0,0.0,-0.005112781954887291,0.0,0.0,-0.15439672801635995,0.0,0.0,0.08601444517399859,1.0,1.0,1.0,-0.04860511935576661,1.0,-0.04860511935576661,1.0,-0.04860511935576661,0.0,-0.0,0.0,-0.0,0.0,-0.0,1.0,-0.04860511935576661
2021-06-15,32.75,33.63,32.7,33.09,35936810.0,1224362974.0,1359844003.0,0.026427156291985353,0.0003022974607014284,-0.08287139689578704,0.0,0.0,-0.021874076263671105,0.0,0.0,-0.038360941586747854,0.0,0.0,-0.062340606404080345,0.0,0.0,0.008533983541603174,1.0,0.0,-0.16523713420787078,0.0,0.0,0.11339165545087493,1.0,1.0,0.0,-0.0006,0.0,-0.0006,0.0,-0.0006,0.0,0.0,0.0,0.0,0.0,0.0,1.0,0.0003022974607014284
2021-06-16,33.0,34.08,32.71,32.74,34067292.0,1162945143.0,1359844003.0,0.02505235300875905,-0.010577213659715978,-0.0645714285714285,0.0,0.0,-0.05101449275362313,0.0,0.0,0.001835985312117483,1.0,0.0,-0.05919540229885045,0.0,0.0,-0.013261000602772688,0.0,1.0,-0.18272591113330006,0.0,0.0,0.13404918600623494,1.0,1.0,0.0,-0.0,0.0,-0.0,0.0,-0.0,0.0,-0.0,1.0,-0.011177213659715978,0.0,-0.0,1.0,-0.010577213659715978
2021-06-17,32.61,35.34,32.61,34.94,83711094.0,2944257066.0,1359844003.0,0.061559336082169715,0.0671960904092852,0.010702921608330751,1.0,0.0,0.02463343108504379,1.0,0.0,0.0711220110361741,1.0,1.0,0.010118531367447003,1.0,0.0,0.05782621858916137,1.0,0.0,-0.07394646170156371,0.0,0.0,0.19945073807071734,1.0,1.0,0.0,0.0,0.0,0.0,1.0,0.0665960904092852,0.0,0.0,0.0,-0.0006,0.0,0.0,1.0,0.0671960904092852
2021-06-18,35.05,35.2,34.27,35.0,67826801.0,2420029109.0,1359844003.0,0.049878369026421336,0.0017172295363481194,0.006614897900488748,1.0,1.0,0.04104699583581217,1.0,1.0,0.11821086261980818,1.0,1.0,-0.00652852682372973,0.0,1.0,0.05708245243128962,1.0,1.0,-0.0813648293963255,0.0,0.0,0.2649078424286231,1.0,1.0,1.0,0.0011172295363481195,1.0,0.0011172295363481195,1.0,0.0017172295363481194,1.0,0.0011172295363481195,1.0,0.0011172295363481195,0.0,0.0,1.0,0.0017172295363481194
2021-06-21,34.61,34.8,34.02,34.42,55099987.0,1937266281.0,1359844003.0,0.04051934404125912,-0.01657142857142857,0.0405078597339783,1.0,1.0,0.013545347467609048,1.0,1.0,0.10710839498230951,1.0,1.0,-0.0011607661056296514,0.0,0.0,0.03456567478208594,1.0,1.0,-0.07671673819742486,0.0,0.0,0.22709447415329764,1.0,1.0,1.0,-0.01657142857142857,1.0,-0.01657142857142857,1.0,-0.01657142857142857,0.0,-0.0006,1.0,-0.01657142857142857,0.0,-0.0,1.0,-0.01657142857142857
2021-06-22,34.66,34.79,33.59,33.93,46845591.0,1631569504.0,1359844003.0,0.03444923895435968,-0.014235909355026166,0.025385312783318126,1.0,1.0,-0.05958980044345896,0.0,1.0,0.07407407407407396,1.0,1.0,-0.008764241893076119,0.0,0.0,0.021372667068031426,1.0,1.0,-0.11502347417840386,0.0,0.0,0.21308544869503043,1.0,1.0,1.0,-0.014235909355026166,1.0,-0.014235909355026166,1.0,-0.014235909355026166,0.0,-0.0,1.0,-0.014235909355026166,0.0,-0.0,1.0,-0.014235909355026166
2021-06-23,33.93,36.22,33.83,36.13,116345425.0,4218596640.0,1359844003.0,0.08555792042567106,0.06483937518420291,0.10354306658521684,1.0,1.0,0.03228571428571425,1.0,0.0,0.11237684729064057,1.0,1.0,0.02525539160045409,1.0,0.0,0.11581222977146388,1.0,1.0,-0.03627634035742866,0.0,0.0,0.30527456647398865,1.0,1.0,1.0,0.06483937518420291,0.0,-0.0006,1.0,0.06483937518420291,0.0,0.0,1.0,0.06483937518420291,0.0,0.0,1.0,0.06483937518420291
2021-06-24,36.1,36.12,35.1,35.2,70074761.0,2546566497.0,1359844003.0,0.05153147040793325,-0.025740381954054814,0.0074413279908416285,1.0,1.0,0.01822389354932019,1.0,1.0,0.09350730040385224,1.0,1.0,-0.022222222222222143,0.0,1.0,0.09418713086726771,1.0,1.0,-0.12503107133979607,0.0,0.0,0.29937246216315994,1.0,1.0,1.0,-0.025740381954054814,1.0,-0.026340381954054814,1.0,-0.025740381954054814,1.0,-0.026340381954054814,1.0,-0.025740381954054814,0.0,-0.0,1.0,-0.025740381954054814
2021-06-25,34.95,36.9,34.73,36.45,122275886.0,4542735815.0,1359844003.0,0.08991905375193246,0.035511363636363535,0.04142857142857159,1.0,1.0,0.04831751509922344,1.0,1.0,0.0698561784561198,1.0,1.0,0.029661016949152685,1.0,0.0,0.1012084592145015,1.0,1.0,-0.08440090429540315,0.0,0.0,0.4073359073359075,1.0,1.0,1.0,0.035511363636363535,1.0,0.035511363636363535,1.0,0.035511363636363535,0.0,-0.0006,1.0,0.035511363636363535,0.0,0.0,1.0,0.035511363636363535
2021-06-28,36.95,37.28,36.03,36.43,84946769.0,3173349718.0,1359844003.0,0.06246802487093808,-0.0005486968449932572,0.05839628123184193,1.0,1.0,0.10126964933494564,1.0,1.0,0.08941387559808622,1.0,1.0,0.052890173410404584,1.0,1.0,0.0992757996378999,1.0,1.0,-0.09129458717884764,0.0,0.0,0.37575528700906347,1.0,1.0,1.0,-0.0005486968449932572,1.0,-0.0005486968449932572,1.0,-0.0005486968449932572,1.0,-0.001148696844993257,1.0,-0.0005486968449932572,0.0,-0.0,1.0,-0.0005486968449932572
2021-06-29,36.12,36.23,35.05,35.39,65986436.0,2396576467.0,1359844003.0,0.04852500423168024,-0.028547900082349642,0.04302976716769824,1.0,1.0,0.0695074040495618,1.0,1.0,0.04611291752882063,1.0,1.0,-0.02774725274725265,0.0,1.0,0.054529201430274066,1.0,1.0,-0.08410973084886131,0.0,0.0,0.3456273764258555,1.0,1.0,1.0,-0.028547900082349642,1.0,-0.028547900082349642,1.0,-0.028547900082349642,1.0,-0.028547900082349642,1.0,-0.028547900082349642,0.0,-0.0,1.0,-0.028547900082349642
2021-06-30,36.12,37.09,35.82,36.78,100225381.0,3761559624.0,1359844003.0,0.07370358716065169,0.039276631816897334,0.0179905895377801,1.0,1.0,0.12339645693341472,1.0,1.0,0.06608695652173924,1.0,1.0,0.041631265930331285,1.0,0.0,0.10185739964050322,1.0,1.0,-0.05132834665978858,0.0,0.0,0.33309169989126497,1.0,1.0,1.0,0.039276631816897334,1.0,0.039276631816897334,1.0,0.039276631816897334,0.0,-0.0006,1.0,0.039276631816897334,0.0,0.0,1.0,0.039276631816897334
2021-07-01,36.41,37.93,36.04,36.7,108436094.0,4114625890.0,1359844003.0,0.07974156870992209,-0.002175095160413254,0.042613636363636465,1.0,1.0,0.05037206639954217,1.0,1.0,0.07624633431085037,1.0,1.0,0.021430559421096618,1.0,1.0,0.06686046511627919,1.0,1.0,-0.0857000498256103,0.0,0.0,0.31824712643678166,1.0,1.0,1.0,-0.002175095160413254,1.0,-0.002175095160413254,1.0,-0.002175095160413254,1.0,-0.002775095160413254,1.0,-0.002175095160413254,0.0,-0.0,1.0,-0.002175095160413254
2021-07-02,37.78,39.44,37.39,38.16,145009502.0,5698398578.0,1359844003.0,0.10663686546404544,0.03978201634877365,0.04691358024691339,1.0,1.0,0.09028571428571408,1.0,1.0,0.13503866745984539,1.0,1.0,0.07949080622347937,1.0,1.0,0.023879796082640015,1.0,1.0,-0.08180943214629466,0.0,0.0,0.27030625832223687,1.0,1.0,1.0,0.03978201634877365,1.0,0.03978201634877365,1.0,0.03978201634877365,1.0,0.03978201634877365,1.0,0.03978201634877365,0.0,0.0,1.0,0.03978201634877365
2021-07-05,38.61,39.19,37.17,39.19,117843656.0,4611385150.0,1359844003.0,0.08665968724355215,0.02699161425576513,0.07576173483392812,1.0,1.0,0.13858221963974415,1.0,1.0,0.1540047114252061,1.0,1.0,0.15912451937296646,1.0,1.0,0.040074309978768596,1.0,1.0,-0.05611753371868988,0.0,0.0,0.3102641257104646,1.0,1.0,1.0,0.02699161425576513,1.0,0.02699161425576513,1.0,0.02699161425576513,1.0,0.02699161425576513,1.0,0.02699161425576513,0.0,0.0,1.0,0.02699161425576513
2021-07-06,39.19,40.59,38.51,39.44,113121583.0,4569362365.0,1359844003.0,0.0831871764337957,0.006379178361826998,0.1144391070923989,1.0,1.0,0.16239316239316226,1.0,1.0,0.09312638580931254,1.0,1.0,0.20648516365861114,1.0,1.0,0.04504504504504503,1.0,1.0,-0.08788159111933402,0.0,0.0,0.30165016501650155,1.0,1.0,1.0,0.006379178361826998,1.0,0.006379178361826998,1.0,0.006379178361826998,1.0,0.006379178361826998,1.0,0.006379178361826998,0.0,0.0,1.0,0.006379178361826998
2021-07-07,38.68,39.95,38.28,39.56,77821023.0,3122065689.0,1359844003.0,0.05722790469224138,0.0030425963488844854,0.07558455682436116,1.0,1.0,0.09493495709936339,1.0,1.0,0.13028571428571434,1.0,1.0,0.19661222020568658,1.0,1.0,0.0706359945872801,1.0,1.0,-0.04398260028999512,0.0,0.0,0.31778814123917387,1.0,1.0,1.0,0.0030425963488844854,1.0,0.0030425963488844854,1.0,0.0030425963488844854,1.0,0.0030425963488844854,1.0,0.0030425963488844854,0.0,0.0,1.0,0.0030425963488844854
2021-07-08,39.6,41.98,39.05,41.34,117502124.0,4892091157.0,1359844003.0,0.08640853196453005,0.0449949443882709,0.12643051771117175,1.0,1.0,0.17443181818181808,1.0,1.0,0.19583453861729838,1.0,1.0,0.21839080459770122,1.0,1.0,0.1366510860599397,1.0,1.0,0.0046172539489672815,1.0,0.0,0.3540779561087455,1.0,1.0,1.0,0.0449949443882709,1.0,0.0449949443882709,1.0,0.0449949443882709,1.0,0.0449949443882709,1.0,0.0449949443882709,0.0,0.0,1.0,0.0449949443882709
2021-07-09,40.81,41.39,40.03,40.93,79275097.0,3299403873.0,1359844003.0,0.05829719940309947,-0.009917755200774203,0.07258909853249484,1.0,1.0,0.12290809327846364,1.0,1.0,0.17716422203048587,1.0,1.0,0.21960667461263395,1.0,1.0,0.16609686609686602,1.0,1.0,-0.002437241043139249,0.0,1.0,0.35664567451110374,1.0,1.0,1.0,-0.009917755200774203,1.0,-0.009917755200774203,1.0,-0.009917755200774203,1.0,-0.009917755200774203,1.0,-0.009917755200774203,1.0,-0.010517755200774203,1.0,-0.009917755200774203
2021-07-12,40.92,41.1,39.56,40.44,86090521.0,3554683655.0,1359844003.0,0.0633091154647685,-0.01197165892988028,0.03189589180913499,1.0,1.0,0.11007411474059836,1.0,1.0,0.2224909310761789,1.0,1.0,0.18661971830985924,1.0,1.0,0.15443905224093624,1.0,1.0,-0.04824664626971065,0.0,0.0,0.21880650994575035,1.0,1.0,1.0,-0.01197165892988028,1.0,-0.01197165892988028,1.0,-0.01197165892988028,1.0,-0.01197165892988028,1.0,-0.01197165892988028,0.0,-0.0006,1.0,-0.01197165892988028
2021-07-13,39.98,39.98,37.6,37.64,121920869.0,4794502199.0,1359844003.0,0.08965798189426585,-0.069238377843719,-0.045638945233265615,0.0,1.0,0.06357728171799937,1.0,1.0,0.13750377757630705,1.0,1.0,0.09386806160999717,1.0,1.0,0.06659110229526788,1.0,1.0,-0.12809821635394947,0.0,0.0,0.1306698708320817,1.0,1.0,1.0,-0.069238377843719,1.0,-0.069238377843719,1.0,-0.069238377843719,1.0,-0.069238377843719,1.0,-0.069238377843719,0.0,-0.0,1.0,-0.069238377843719
2021-07-14,37.44,38.45,37.3,37.68,61586706.0,2393155344.0,1359844003.0,0.04528953752351842,0.0010626992561104665,-0.04752275025278063,0.0,0.0,0.02446982055464919,1.0,1.0,0.15088576664630415,1.0,1.0,0.15299877600979195,1.0,1.0,0.08275862068965534,1.0,1.0,-0.16766070245195497,0.0,0.0,0.02894593118514477,1.0,1.0,0.0,-0.0006,1.0,0.0010626992561104665,1.0,0.0010626992561104665,1.0,0.0010626992561104665,1.0,0.0010626992561104665,0.0,0.0,1.0,0.0010626992561104665
2021-07-15,37.66,37.92,36.72,37.25,55117386.0,2101277774.0,1359844003.0,0.04053213889122839,-0.011411889596602998,-0.09893565553942918,0.0,0.0,0.014986376021798309,1.0,1.0,0.06611333714939893,1.0,1.0,0.14193746167995114,1.0,1.0,0.07690083839259887,1.0,1.0,-0.16982393581457544,0.0,0.0,-0.004808976756612293,0.0,1.0,0.0,-0.0,1.0,-0.011411889596602998,1.0,-0.011411889596602998,1.0,-0.011411889596602998,1.0,-0.011411889596602998,0.0,-0.0,1.0,-0.011411889596602998
2021-07-16,37.26,37.61,36.56,36.57,51632446.0,1955081235.0,1359844003.0,0.037969389052047026,-0.01825503355704694,-0.10652333251893475,0.0,0.0,-0.04166666666666652,0.0,1.0,0.04485714285714293,1.0,1.0,0.16837060702875406,1.0,1.0,0.038035764973034514,1.0,1.0,-0.16753926701570676,0.0,0.0,-0.09992616293379286,0.0,0.0,0.0,-0.0,1.0,-0.01825503355704694,1.0,-0.01825503355704694,1.0,-0.01825503355704694,1.0,-0.01825503355704694,0.0,-0.0,0.0,-0.0006
2021-07-19,36.17,36.66,35.69,36.32,39863744.0,1476527680.0,1359844003.0,0.02931493900186726,-0.006836204539239832,-0.10187932739861516,0.0,0.0,-0.07323296759377385,0.0,0.0,0.055200464846019814,1.0,1.0,0.16822129302026378,1.0,1.0,0.05397562391178168,1.0,1.0,-0.22821929451763712,0.0,0.0,-0.14137115839243497,0.0,0.0,0.0,-0.0,0.0,-0.0006,1.0,-0.006836204539239832,1.0,-0.006836204539239832,1.0,-0.006836204539239832,0.0,-0.0,0.0,-0.0
2021-07-20,35.94,37.39,35.81,37.37,52371515.0,1972717491.0,1359844003.0,0.03851288448120619,0.028909691629955825,-0.007173219978746093,0.0,0.0,-0.05248478701825554,0.0,0.0,0.10138520483348068,1.0,1.0,0.18296929408040508,1.0,1.0,0.09173239848086467,1.0,1.0,-0.18849077090119437,0.0,0.0,-0.19686223941543102,0.0,0.0,0.0,0.0,0.0,0.0,1.0,0.028909691629955825,1.0,0.028909691629955825,1.0,0.028909691629955825,0.0,0.0,0.0,0.0
2021-07-21,37.43,38.3,36.46,36.61,96439297.0,3691576995.0,1359844003.0,0.07091938250802435,-0.020337168852020304,-0.02839702760084928,0.0,0.0,-0.07457027300303343,0.0,0.0,0.01328535842789913,1.0,1.0,0.12715517241379315,1.0,1.0,0.03887627695800222,1.0,1.0,-0.2118406889128095,0.0,0.0,-0.26456408196062675,0.0,0.0,0.0,-0.0,0.0,-0.0,1.0,-0.020337168852020304,1.0,-0.020337168852020304,1.0,-0.020337168852020304,0.0,-0.0,0.0,-0.0
2021-07-22,36.46,37.03,35.49,36.14,98088276.0,3624741367.0,1359844003.0,0.07213200615923884,-0.012838022398251825,-0.029798657718120736,0.0,0.0,-0.12578616352201266,0.0,0.0,0.02670454545454537,1.0,1.0,0.1227089158123642,1.0,1.0,0.0038888888888888307,1.0,1.0,-0.21859459459459463,0.0,0.0,-0.27618666132585623,0.0,0.0,0.0,-0.0,0.0,-0.0,1.0,-0.012838022398251825,1.0,-0.012838022398251825,1.0,-0.012838022398251825,0.0,-0.0,0.0,-0.0
2021-07-23,36.32,36.6,35.06,35.07,75854712.0,2760726193.0,1359844003.0,0.05578192192093669,-0.029607083563918057,-0.04101722723543888,0.0,0.0,-0.14317126801856828,0.0,0.0,-0.037860082304526865,0.0,1.0,0.02935133548576463,1.0,1.0,-0.009322033898304993,0.0,1.0,-0.18631090487238977,0.0,0.0,-0.2199733096085409,0.0,0.0,0.0,-0.0,0.0,-0.0,1.0,-0.029607083563918057,1.0,-0.029607083563918057,1.0,-0.029607083563918057,0.0,-0.0,0.0,-0.0
2021-07-26,34.95,36.12,33.73,36.03,82933222.0,2989042368.0,1359844003.0,0.06098730576230662,0.0273738237810095,-0.00798458149779735,0.0,0.0,-0.10905044510385753,0.0,0.0,-0.010979961570134478,0.0,0.0,0.07745215311004805,1.0,1.0,0.041329479768786204,1.0,0.0,-0.19683459652251445,0.0,0.0,-0.10971089696071157,0.0,0.0,0.0,0.0,0.0,0.0,0.0,-0.0006,1.0,0.0273738237810095,0.0,-0.0006,0.0,0.0,0.0,0.0
2021-07-27,35.87,39.25,35.68,37.22,158585491.0,6077552221.0,1359844003.0,0.11662035545999315,0.03302803219539263,-0.0040139149050040235,0.0,0.0,-0.011158342189160564,0.0,0.0,0.05170952246397276,1.0,0.0,0.1002069169376294,1.0,1.0,0.022527472527472447,1.0,1.0,-0.18822246455834246,0.0,0.0,-0.026673640167364066,0.0,0.0,0.0,0.0,0.0,0.0,0.0,0.0,1.0,0.03302803219539263,1.0,0.03242803219539263,0.0,0.0,0.0,0.0
2021-07-28,36.54,36.91,33.73,35.38,79936431.0,2898937810.0,1359844003.0,0.05878353018702837,-0.049435787211176696,-0.03359737776563776,0.0,0.0,-0.061040339702760016,0.0,0.0,-0.03806416530723211,0.0,1.0,0.025507246376811565,1.0,1.0,0.0019824412347777542,1.0,1.0,-0.1777829421333953,0.0,0.0,-0.13665202537823318,0.0,0.0,0.0,-0.0,0.0,-0.0,1.0,-0.0500357872111767,1.0,-0.049435787211176696,1.0,-0.049435787211176696,0.0,-0.0,0.0,-0.0
2021-07-29,35.78,37.62,35.64,37.05,94279898.0,3545221002.0,1359844003.0,0.06933140697904008,0.04720180893159953,0.025179856115107757,1.0,0.0,-0.005369127516778649,0.0,0.0,0.009536784741144277,1.0,0.0,0.08651026392961869,1.0,1.0,0.031171722794322232,1.0,1.0,-0.0914664051005396,0.0,0.0,-0.07421289355322358,0.0,0.0,0.0,0.0,0.0,0.0,0.0,-0.0006,1.0,0.04720180893159953,1.0,0.04720180893159953,0.0,0.0,0.0,0.0
2021-07-30,37.34,38.59,36.75,38.3,106541491.0,4131616390.0,1359844003.0,0.07834831845781946,0.03373819163292846,0.09210151126318777,1.0,1.0,0.0473065354115394,1.0,0.0,0.0036687631027254586,1.0,1.0,0.13920285544318856,1.0,1.0,0.08345120226308333,1.0,1.0,-0.03744659462176436,0.0,0.0,-0.053386060306475636,0.0,0.0,1.0,0.03313819163292846,0.0,0.0,1.0,0.03313819163292846,1.0,0.03373819163292846,1.0,0.03373819163292846,0.0,0.0,0.0,0.0
2021-08-02,38.61,39.23,37.17,38.29,102468623.0,4003529538.0,1359844003.0,0.07535321902655036,-0.0002610966057440267,0.06272550652234243,1.0,1.0,0.05424008810572678,1.0,1.0,-0.022965042102577105,0.0,1.0,0.12750294464075385,1.0,1.0,0.1325051759834368,1.0,1.0,-0.05596646942800798,0.0,0.0,-0.07668193875090423,0.0,0.0,1.0,-0.0002610966057440267,1.0,-0.0008610966057440267,1.0,-0.0002610966057440267,1.0,-0.0002610966057440267,1.0,-0.0002610966057440267,0.0,-0.0,0.0,-0.0
2021-08-03,37.56,37.9,35.25,35.81,100457920.0,3748744812.0,1359844003.0,0.07387459133428263,-0.06476886915643765,-0.037882858678129905,0.0,1.0,-0.04174471501204158,0.0,1.0,-0.09203853955375241,0.0,0.0,-0.007483370288248192,0.0,1.0,0.09544203120220263,1.0,1.0,-0.1098682575192641,0.0,0.0,-0.06793336803748051,0.0,0.0,1.0,-0.06476886915643765,1.0,-0.06476886915643765,0.0,-0.0006,1.0,-0.06476886915643765,1.0,-0.06476886915643765,0.0,-0.0,0.0,-0.0
2021-08-04,35.34,36.8,35.32,36.48,65716585.0,2441837570.0,1359844003.0,0.048326561616641554,0.018709857581680867,0.031091011871113405,1.0,0.0,-0.0035509423654739303,0.0,0.0,-0.07785642062689602,0.0,0.0,0.04228571428571426,1.0,0.0,0.10344827586206873,1.0,1.0,-0.04126149802890933,0.0,0.0,-0.05516705516705522,0.0,0.0,0.0,-0.0006,0.0,-0.0006,0.0,0.0,0.0,-0.0006,1.0,0.018709857581680867,0.0,0.0,0.0,0.0
2021-08-05,36.27,37.02,35.76,36.09,50053673.0,1859752176.0,1359844003.0,0.03680839338157525,-0.01069078947368407,-0.025910931174088936,0.0,1.0,-0.0013835085777531564,0.0,0.0,-0.12699564586357037,0.0,0.0,0.04396875903962982,1.0,1.0,0.06366047745358094,1.0,1.0,-0.10690423162583507,0.0,0.0,-0.05696367912202771,0.0,0.0,1.0,-0.01129078947368407,0.0,-0.0,0.0,-0.0,1.0,-0.01129078947368407,1.0,-0.01069078947368407,0.0,-0.0,0.0,-0.0
2021-08-06,36.97,39.39,36.49,37.91,138015409.0,5368040428.0,1359844003.0,0.10149356006683069,0.050429481850928104,-0.010182767624020927,0.0,0.0,0.0809808953521527,1.0,0.0,-0.07378451013926224,0.0,0.0,0.09030773655450086,1.0,1.0,0.12961859356376615,1.0,1.0,-0.030682689849143463,0.0,0.0,-0.07536585365853665,0.0,0.0,0.0,-0.0006,0.0,0.0,0.0,0.0,1.0,0.050429481850928104,1.0,0.050429481850928104,0.0,0.0,0.0,0.0
2021-08-09,37.18,37.43,35.78,36.71,85833437.0,3205430332.0,1359844003.0,0.0631200614266341,-0.03165391717224997,-0.04126403760773045,0.0,0.0,0.018873161254510107,1.0,1.0,-0.09223541048466855,0.0,0.0,0.10973397823458297,1.0,1.0,0.07717136150234749,1.0,1.0,-0.07810145655449519,0.0,0.0,-0.10222548300317924,0.0,0.0,0.0,-0.0,1.0,-0.03225391717224997,0.0,-0.0,1.0,-0.03165391717224997,1.0,-0.03165391717224997,0.0,-0.0,0.0,-0.0
2021-08-10,36.39,36.75,35.81,36.21,61130325.0,2258832541.0,1359844003.0,0.044953924762795014,-0.013620266957232396,0.01117006422786937,1.0,0.0,-0.02713594841483069,0.0,1.0,-0.03799149840595106,0.0,0.0,0.09428830462375326,1.0,1.0,0.052310374891020084,1.0,1.0,-0.11206473761647862,0.0,0.0,-0.16701173222912347,0.0,0.0,0.0,-0.0,1.0,-0.013620266957232396,0.0,-0.0,1.0,-0.013620266957232396,1.0,-0.013620266957232396,0.0,-0.0,0.0,-0.0
2021-08-11,36.04,36.41,35.81,36.16,46522902.0,1717778771.0,1359844003.0,0.034211940411815016,-0.0013808340237504435,-0.00877192982456143,0.0,1.0,0.022046353872243962,1.0,0.0,-0.04033970276008503,0.0,0.0,0.10445937690897966,1.0,1.0,0.10648714810281512,1.0,1.0,-0.11567620445096605,0.0,0.0,-0.22269991401547728,0.0,0.0,1.0,-0.0019808340237504433,0.0,-0.0006,0.0,-0.0,1.0,-0.0013808340237504435,1.0,-0.0013808340237504435,0.0,-0.0,0.0,-0.0
2021-08-12,36.2,36.95,36.08,36.21,52559965.0,1957791107.0,1359844003.0,0.038651466553549965,0.0013827433628319508,0.0033250207813797505,1.0,0.0,-0.02267206477732786,0.0,1.0,-0.027919463087248353,0.0,0.0,0.036348025186033306,1.0,1.0,0.1100551808706316,1.0,1.0,-0.13600572655690757,0.0,0.0,-0.1956908040870724,0.0,0.0,0.0,-0.0006,1.0,0.0007827433628319508,0.0,0.0,1.0,0.0013827433628319508,1.0,0.0013827433628319508,0.0,0.0,0.0,0.0
2021-08-13,35.84,35.85,34.25,34.35,91314451.0,3245442306.0,1359844003.0,0.067150681106471,-0.05136702568351281,-0.09390662094434177,0.0,1.0,-0.10313315926892941,0.0,0.0,-0.06070549630844957,0.0,0.0,-0.018571428571428572,0.0,1.0,0.09744408945686911,1.0,1.0,-0.18369771863117867,0.0,0.0,-0.26977040816326525,0.0,0.0,1.0,-0.051967025683512816,0.0,-0.0006,0.0,-0.0,1.0,-0.05136702568351281,1.0,-0.05136702568351281,0.0,-0.0,0.0,-0.0
2021-08-16,34.12,34.7,33.73,34.2,38858487.0,1361659721.0,1359844003.0,0.02857569464899865,-0.004366812227074246,-0.06837374012530639,0.0,0.0,-0.10681640114912505,0.0,0.0,-0.05837004405286339,0.0,0.0,-0.00639163277164434,0.0,0.0,0.10003216468317788,1.0,1.0,-0.16217540421362076,0.0,0.0,-0.2828685258964142,0.0,0.0,0.0,-0.0006,0.0,-0.0,0.0,-0.0,0.0,-0.0006,1.0,-0.004366812227074246,0.0,-0.0,0.0,-0.0
2021-08-17,34.22,34.5,32.87,32.94,53687435.0,1840416184.0,1359844003.0,0.03948058371516016,-0.03684210526315801,-0.09030654515327263,0.0,0.0,-0.0801452108349624,0.0,0.0,-0.11854428686111851,0.0,0.0,-0.02917771883289133,0.0,0.0,0.04273504273504258,1.0,1.0,-0.17048602367161936,0.0,0.0,-0.26604278074866317,0.0,0.0,0.0,-0.0,0.0,-0.0,0.0,-0.0,0.0,-0.0,1.0,-0.03684210526315801,0.0,-0.0,0.0,-0.0
2021-08-18,33.09,33.2,32.76,33.14,29626466.0,999944954.0,1359844003.0,0.02178666518706558,0.006071645415907767,-0.08351769911504414,0.0,0.0,-0.09155701754385959,0.0,0.0,-0.0947828462168806,0.0,0.0,-0.08275671187378919,0.0,0.0,0.020320197044335186,1.0,1.0,-0.17108554277138566,0.0,0.0,-0.250395838045691,0.0,0.0,0.0,0.0,0.0,0.0,0.0,0.0,0.0,0.0,1.0,0.006071645415907767,0.0,0.0,0.0,0.0
2021-08-19,33.14,33.82,33.0,33.58,31901244.0,1094907014.0,1359844003.0,0.02345948794833932,0.013277006638503286,-0.07263186964926827,0.0,0.0,-0.06954835134386272,0.0,0.0,-0.07083563918096303,0.0,0.0,-0.04602272727272738,0.0,0.0,0.04318111214662945,1.0,1.0,-0.13140196585618202,0.0,0.0,-0.20951035781544258,0.0,0.0,0.0,0.0,0.0,0.0,0.0,0.0,0.0,0.0,1.0,0.013277006638503286,0.0,0.0,0.0,0.0
2021-08-20,34.02,34.55,33.56,34.13,42872153.0,1496056385.0,1359844003.0,0.031527258204189765,0.016378796902918547,-0.006404657933042124,0.0,0.0,-0.09970983909258757,0.0,0.0,-0.026803535785571597,0.0,0.0,-0.0636488340192044,0.0,0.0,0.0017610801291458866,1.0,1.0,-0.11626100466079736,0.0,0.0,-0.22095412006391235,0.0,0.0,0.0,0.0,0.0,0.0,0.0,0.0,0.0,0.0,1.0,0.016378796902918547,0.0,0.0,0.0,0.0
2021-08-23,35.07,35.11,34.16,34.22,46552177.0,1639491166.0,1359844003.0,0.034233468616473355,0.0026369762672133756,0.0005847953216373547,1.0,0.0,-0.06782892944701724,0.0,0.0,-0.050235914515681435,0.0,0.0,-0.06066428767499321,0.0,0.0,0.023325358851674638,1.0,1.0,-0.13389015439129337,0.0,0.0,-0.2064007421150278,0.0,0.0,0.0,0.0,0.0,0.0,0.0,0.0,0.0,0.0,1.0,0.0026369762672133756,0.0,0.0,0.0,0.0
2021-08-24,34.24,34.88,33.92,34.32,46670450.0,1644370417.0,1359844003.0,0.034320444034049984,0.0029222676797195923,0.041894353369763326,1.0,1.0,-0.05219552609776301,0.0,0.0,-0.07791509940891994,0.0,0.0,-0.03023452952811534,0.0,0.0,0.014484185634052738,1.0,1.0,-0.12760549059481452,0.0,0.0,-0.22702702702702704,0.0,0.0,1.0,0.0023222676797195925,0.0,0.0,0.0,0.0,0.0,0.0,1.0,0.0029222676797195923,0.0,0.0,0.0,0.0
2021-08-25,34.63,34.7,33.73,33.83,39961762.0,1391873757.0,1359844003.0,0.029387019328569262,-0.014277389277389307,0.020820760410380057,1.0,1.0,-0.0644358407079646,0.0,0.0,-0.04381006218202388,0.0,0.0,-0.08020663404023931,0.0,0.0,-0.019420289855072492,0.0,1.0,-0.15064022093899077,0.0,0.0,-0.26472505976961536,0.0,0.0,1.0,-0.014277389277389307,0.0,-0.0,0.0,-0.0,0.0,-0.0,1.0,-0.014277389277389307,0.0,-0.0,0.0,-0.0
2021-08-26,33.71,34.02,32.98,33.0,42627868.0,1455457223.0,1359844003.0,0.031347616275070635,-0.024534436890333966,-0.01727218582489576,0.0,1.0,-0.08864954432477223,0.0,0.0,-0.10931174089068818,0.0,0.0,-0.10081743869209814,0.0,0.0,-0.032258064516129115,0.0,0.0,-0.16603487490523128,0.0,0.0,-0.2794759825327511,0.0,0.0,1.0,-0.024534436890333966,0.0,-0.0,0.0,-0.0,0.0,-0.0,0.0,-0.0006,0.0,-0.0,0.0,-0.0
2021-08-27,32.92,33.07,32.3,32.66,35885510.0,1198776070.0,1359844003.0,0.026389431376563566,-0.01030303030303037,-0.043070612364488836,0.0,0.0,-0.04919941775836989,0.0,0.0,-0.1472584856396867,0.0,0.0,-0.1441299790356394,0.0,0.0,-0.028554431885782328,0.0,0.0,-0.16577266922094513,0.0,0.0,-0.24099465489193594,0.0,0.0,0.0,-0.0006,0.0,-0.0,0.0,-0.0,0.0,-0.0,0.0,-0.0,0.0,-0.0,0.0,-0.0
2021-08-30,32.67,33.26,32.31,32.46,36010555.0,1204619273.0,1359844003.0,0.026481386777127257,-0.006123698714023185,-0.05143191116306245,0.0,0.0,-0.05087719298245619,0.0,0.0,-0.15225907547662576,0.0,0.0,-0.17172748150038264,0.0,0.0,-0.044169611307420475,0.0,0.0,-0.13301282051282048,0.0,0.0,-0.25567530382939685,0.0,0.0,0.0,-0.0,0.0,-0.0,0.0,-0.0,0.0,-0.0,0.0,-0.0,0.0,-0.0,0.0,-0.0
2021-08-31,32.33,33.41,31.31,33.38,58066587.0,1911254581.0,1602874555.0,0.0362265324000979,0.028342575477510845,-0.027389277389277322,0.0,0.0,0.013357619914997176,1.0,0.0,-0.06785814018430603,0.0,0.0,-0.15365111561866118,0.0,0.0,-0.07483370288248326,0.0,0.0,-0.04601314661331812,0.0,0.0,-0.2084420203936448,0.0,0.0,0.0,0.0,0.0,0.0,0.0,0.0,0.0,0.0,0.0,0.0,0.0,0.0,0.0,0.0
2021-09-01,33.04,33.18,32.31,32.8,38801682.0,1299196710.0,1602874555.0,0.024207560023310745,-0.017375674056321344,-0.030446349394029015,0.0,0.0,-0.01025950512975271,0.0,1.0,-0.10087719298245612,0.0,0.0,-0.17087967644084945,0.0,0.0,-0.06285714285714294,0.0,0.0,-0.0484479257325211,0.0,0.0,-0.20734654422426302,0.0,0.0,0.0,-0.0,1.0,-0.017975674056321344,0.0,-0.0,0.0,-0.0,0.0,-0.0,0.0,-0.0,0.0,-0.0
2021-09-02,32.54,32.54,32.06,32.17,31831182.0,1049931487.0,1602874555.0,0.019858810473162698,-0.019207317073170582,-0.025151515151515147,0.0,0.0,-0.04198927933293617,0.0,0.0,-0.10861734552507618,0.0,0.0,-0.22181906144170294,0.0,0.0,-0.06942435637836275,0.0,0.0,-0.10812309398392006,0.0,0.0,-0.21727493917274943,0.0,0.0,0.0,-0.0,0.0,-0.0006,0.0,-0.0,0.0,-0.0,0.0,-0.0,0.0,-0.0,0.0,-0.0
2021-09-03,32.04,32.96,31.79,32.57,36795603.0,1219757137.0,1602874555.0,0.022956009180643583,0.012433944668946095,-0.0027556644213103665,0.0,0.0,-0.04570758863170232,0.0,0.0,-0.14085993141651276,0.0,0.0,-0.20425116051795744,0.0,0.0,-0.06327293643945942,0.0,0.0,-0.07602836879432628,0.0,0.0,-0.1798035759254596,0.0,0.0,0.0,0.0,0.0,0.0,0.0,0.0,0.0,0.0,0.0,0.0,0.0,0.0,0.0,0.0
2021-09-06,32.36,33.09,32.17,32.94,29076980.0,976622707.0,1602874555.0,0.018140521296128503,0.011360147374884777,0.014787430683918634,1.0,0.0,-0.037405026300409205,0.0,0.0,-0.10269681285753207,0.0,0.0,-0.185459940652819,0.0,0.0,-0.004232164449818665,0.0,0.0,-0.009323308270676733,0.0,0.0,-0.19066339066339077,0.0,0.0,0.0,0.0,0.0,0.0,0.0,0.0,0.0,0.0,0.0,0.0,0.0,0.0,0.0,0.0
2021-09-07,32.94,33.19,32.76,33.08,27826186.0,938113862.0,1602874555.0,0.017360177010233967,0.004250151791135526,-0.008987417615338611,0.0,1.0,-0.036130536130536184,0.0,0.0,-0.0864402098867717,0.0,0.0,-0.12114771519659939,0.0,0.0,-0.00030220610456344055,0.0,0.0,0.008229198415117267,1.0,0.0,-0.19474196689386558,0.0,0.0,1.0,0.003650151791135526,0.0,0.0,0.0,0.0,0.0,0.0,0.0,0.0,0.0,0.0,0.0,0.0
2021-09-08,33.08,33.41,32.98,33.13,31178389.0,1058019382.0,1602874555.0,0.019451546537277212,0.0015114873035066978,0.010060975609756273,1.0,0.0,-0.02069169376293223,0.0,0.0,-0.08379424778761047,0.0,0.0,-0.12075371549893832,0.0,0.0,0.011912034208918731,1.0,0.0,-0.0015069318866786086,0.0,1.0,-0.18878550440744368,0.0,0.0,0.0,-0.0006,0.0,0.0,0.0,0.0,0.0,0.0,0.0,0.0,1.0,0.0009114873035066979,0.0,0.0
2021-09-09,32.94,33.11,32.36,32.56,29516881.0,984797836.0,1602874555.0,0.018414966353995182,-0.017204950196196833,0.012123096052222504,1.0,1.0,-0.013333333333333308,0.0,0.0,-0.10080088373377516,0.0,0.0,-0.1259060402684563,0.0,0.0,-0.06811677160847152,0.0,1.0,-0.014229488343929675,0.0,0.0,-0.19425884682009387,0.0,0.0,1.0,-0.017804950196196833,0.0,-0.0,0.0,-0.0,0.0,-0.0,1.0,-0.017804950196196833,0.0,-0.0006,0.0,-0.0
2021-09-10,32.46,33.85,32.4,33.56,52589469.0,1792754832.0,1602874555.0,0.03280947272882499,0.03071253071253066,0.03039607000307032,1.0,1.0,0.027556644213104997,1.0,0.0,-0.022998544395924303,0.0,0.0,-0.08230790265244725,0.0,0.0,-0.04114285714285704,0.0,0.0,0.013591060102688068,1.0,0.0,-0.09297297297297291,0.0,0.0,1.0,0.03071253071253066,0.0,0.0,0.0,0.0,0.0,0.0,0.0,-0.0006,0.0,0.0,0.0,0.0
2021-09-13,33.53,33.53,32.89,33.1,29652774.0,1002949395.0,1602874555.0,0.01849974716206035,-0.013706793802145456,0.004857316332726347,1.0,1.0,0.019716574245224994,1.0,1.0,-0.032163742690058506,0.0,0.0,-0.08865638766519823,0.0,0.0,-0.03834979662986637,0.0,0.0,-0.005109708446047523,0.0,1.0,-0.10322405852072591,0.0,0.0,1.0,-0.013706793802145456,1.0,-0.014306793802145456,0.0,-0.0,0.0,-0.0,0.0,-0.0,1.0,-0.014306793802145456,0.0,-0.0
2021-09-14,33.18,33.41,32.27,32.45,35602513.0,1196675240.0,1602874555.0,0.02221166521668316,-0.01963746223564955,-0.01904474002418366,0.0,1.0,-0.027860994607549427,0.0,1.0,-0.014875531268973785,0.0,0.0,-0.13165640888413155,0.0,0.0,-0.043619216033009,0.0,0.0,-0.023178807947019764,0.0,0.0,-0.1300268096514744,0.0,0.0,1.0,-0.01963746223564955,1.0,-0.01963746223564955,0.0,-0.0,0.0,-0.0,0.0,-0.0,0.0,-0.0006,0.0,-0.0
2021-09-15,32.26,32.42,31.89,31.95,25839862.0,847589968.0,1602874555.0,0.01612095089999105,-0.015408320493066396,-0.03561726531844256,0.0,0.0,-0.02591463414634143,0.0,0.0,-0.03590826795413404,0.0,0.0,-0.1272876263316034,0.0,0.0,-0.11569332964295609,0.0,0.0,-0.013279802347128,0.0,0.0,-0.0984762979683973,0.0,0.0,0.0,-0.0006,0.0,-0.0006,0.0,-0.0,0.0,-0.0,0.0,-0.0,0.0,-0.0,0.0,-0.0
2021-09-16,31.87,32.06,31.28,31.3,28839379.0,931082790.0,1602874555.0,0.017992286988422496,-0.020344287949921713,-0.038697788697788726,0.0,0.0,-0.027043829654958107,0.0,0.0,-0.06789755807027986,0.0,0.0,-0.133923630326508,0.0,0.0,-0.11079545454545459,0.0,0.0,-0.027043829654958107,0.0,0.0,-0.09354184766869389,0.0,0.0,0.0,-0.0,0.0,-0.0,0.0,-0.0,0.0,-0.0,0.0,-0.0,0.0,-0.0,0.0,-0.0
2021-09-17,31.3,31.61,30.69,31.4,23892996.0,761408595.0,1602874555.0,0.014906341812881295,0.0031948881789136685,-0.06436233611442199,0.0,0.0,-0.03592262818544678,0.0,0.0,-0.0799882801054792,0.0,0.0,-0.10464784716281728,0.0,0.0,-0.13854595336076825,0.0,0.0,-0.05135951661631433,0.0,0.0,-0.05364677516576255,0.0,0.0,0.0,0.0,0.0,0.0,0.0,0.0,0.0,0.0,0.0,0.0,0.0,0.0,0.0,0.0
2021-09-22,30.97,31.76,30.86,31.46,16373172.0,527258041.0,1602874555.0,0.010214880477655347,0.0019108280254778176,-0.04954682779456199,0.0,0.0,-0.04493017607771699,0.0,0.0,-0.08065458796025715,0.0,0.0,-0.1268387454898695,0.0,0.0,-0.13642602250892122,0.0,0.0,-0.05069402534701262,0.0,0.0,-0.06061510898775757,0.0,0.0,0.0,0.0,0.0,0.0,0.0,0.0,0.0,0.0,0.0,0.0,0.0,0.0,0.0,0.0
2021-09-23,31.48,32.21,31.39,31.92,24801581.0,808846390.0,1602874555.0,0.015473189041921,0.014621741894469187,-0.016332819722650216,0.0,0.0,-0.035066505441354145,0.0,0.0,-0.0699300699300699,0.0,0.0,-0.14239656098871567,0.0,0.0,-0.09805029669398135,0.0,0.0,-0.04886769964243143,0.0,0.0,-0.09549447435534142,0.0,0.0,0.0,0.0,0.0,0.0,0.0,0.0,0.0,0.0,0.0,0.0,0.0,0.0,0.0,0.0
2021-09-24,31.93,31.99,31.28,31.28,18674227.0,602496131.0,1602874555.0,0.011650460693725342,-0.020050125313283207,-0.020970266040688523,0.0,0.0,-0.055840627829761624,0.0,0.0,-0.07537688442211044,0.0,0.0,-0.11588468061051449,0.0,0.0,-0.14953779227841213,0.0,0.0,-0.06291192330736972,0.0,0.0,-0.10984632896983493,0.0,0.0,0.0,-0.0,0.0,-0.0,0.0,-0.0,0.0,-0.0,0.0,-0.0,0.0,-0.0,0.0,-0.0
2021-09-27,31.38,31.87,31.38,31.54,21083659.0,681898419.0,1602874555.0,0.013153655059425408,0.00831202046035795,0.007667731629392938,1.0,0.0,-0.03132678132678146,0.0,0.0,-0.044242424242424305,0.0,0.0,-0.14871794871794863,0.0,0.0,-0.140599455040872,0.0,0.0,-0.08313953488372094,0.0,0.0,-0.1085358959864331,0.0,0.0,0.0,0.0,0.0,0.0,0.0,0.0,0.0,0.0,0.0,0.0,0.0,0.0,0.0,0.0
2021-09-28,31.38,31.77,30.95,31.26,16861924.0,541260526.0,1602874555.0,0.01051980265542365,-0.00887761572606205,-0.004458598726114538,0.0,1.0,-0.06853396901072706,0.0,0.0,-0.04286589099816274,0.0,0.0,-0.18381201044386408,0.0,0.0,-0.18081761006289299,0.0,0.0,-0.1612557016367051,0.0,0.0,-0.10787671232876705,0.0,0.0,1.0,-0.009477615726062049,0.0,-0.0,0.0,-0.0,0.0,-0.0,0.0,-0.0,0.0,-0.0,0.0,-0.0
2021-09-29,30.99,31.76,30.9,31.37,25803944.0,828569819.0,1602874555.0,0.01609854240901591,0.00351887396033268,-0.0028607755880483143,0.0,0.0,-0.05226586102719033,0.0,0.0,-0.03357979051139859,0.0,0.0,-0.18072603813006005,0.0,0.0,-0.19954069915794836,0.0,0.0,-0.1674628450106157,0.0,0.0,-0.11107962595636156,0.0,0.0,0.0,-0.0006,0.0,0.0,0.0,0.0,0.0,0.0,0.0,0.0,0.0,0.0,0.0,0.0
2021-09-30,31.48,31.69,31.25,31.35,18596580.0,598017083.0,1602874555.0,0.011602018350088538,-0.0006375518010838244,-0.017857142857142905,0.0,0.0,-0.03389830508474578,0.0,0.0,-0.06081485919712404,0.0,0.0,-0.1245462161407428,0.0,0.0,-0.20512170385395534,0.0,0.0,-0.1693163751987281,0.0,0.0,-0.1318194405981722,0.0,0.0,0.0,-0.0,0.0,-0.0,0.0,-0.0,0.0,-0.0,0.0,-0.0,0.0,-0.0,0.0,-0.0
2021-10-08,31.64,31.97,31.49,31.68,19613256.0,635981041.0,1602874555.0,0.012236301299324076,0.010526315789473717,0.012787723785166127,1.0,0.0,-0.008450704225352101,0.0,0.0,-0.03414634146341455,0.0,0.0,-0.13157894736842102,0.0,0.0,-0.199191102123357,0.0,0.0,-0.14262516914749668,0.0,0.0,-0.1353711790393013,0.0,0.0,0.0,0.0,0.0,0.0,0.0,0.0,0.0,0.0,0.0,0.0,0.0,0.0,0.0,0.0
2021-10-11,31.68,31.94,31.57,31.78,17014494.0,553023355.0,1602874555.0,0.01061498789591803,0.0031565656565657463,0.007609384908053407,1.0,1.0,0.015335463258785875,1.0,0.0,-0.012123096052222615,0.0,0.0,-0.11942366306456087,0.0,0.0,-0.23125302370585388,0.0,0.0,-0.12620291448996412,0.0,0.0,-0.10930493273542596,0.0,0.0,1.0,0.0025565656565657464,0.0,0.0,0.0,0.0,0.0,0.0,0.0,0.0,0.0,0.0,0.0,0.0
2021-10-12,31.82,32.1,31.03,31.2,21273559.0,686332894.0,1602874555.0,0.013272129708241579,-0.018250471994965434,-0.0019193857965451588,0.0,1.0,-0.006369426751592355,0.0,1.0,-0.04206324838808728,0.0,0.0,-0.17699815352149828,0.0,0.0,-0.23772294160762275,0.0,0.0,-0.11111111111111116,0.0,0.0,-0.12922132291375943,0.0,0.0,1.0,-0.018250471994965434,1.0,-0.018850471994965434,0.0,-0.0,0.0,-0.0,0.0,-0.0,0.0,-0.0,0.0,-0.0
2021-10-13,31.15,32.04,31.11,31.93,23999736.0,778662800.0,1602874555.0,0.014972934672358062,0.023397435897435814,0.017851450430347526,1.0,0.0,0.014939605848696802,1.0,0.0,-0.030661809350333913,0.0,0.0,-0.13020975211114139,0.0,0.0,-0.21043521266073195,0.0,0.0,-0.08849557522123896,0.0,0.0,-0.09929478138222858,0.0,0.0,0.0,-0.0006,0.0,-0.0006,0.0,0.0,0.0,0.0,0.0,0.0,0.0,0.0,0.0,0.0
2021-10-14,31.87,31.87,31.43,31.62,17369567.0,561866000.0,1602874555.0,0.010836510534038642,-0.009708737864077666,0.008612440191387627,1.0,1.0,-0.009398496240601517,0.0,1.0,-0.04413542926239411,0.0,0.0,-0.12676056338028163,0.0,0.0,-0.1599362380446333,0.0,0.0,-0.10399546613771604,0.0,0.0,-0.11552447552447553,0.0,0.0,1.0,-0.010308737864077665,1.0,-0.010308737864077665,0.0,-0.0,0.0,-0.0,0.0,-0.0,0.0,-0.0,0.0,-0.0
2021-10-15,31.61,32.74,31.44,32.5,43541362.0,1441632692.0,1602874555.0,0.02716454750883484,0.027830487033523088,0.025883838383838453,1.0,1.0,0.03900255754475701,1.0,0.0,-0.019015997585270172,0.0,0.0,-0.10121681415929196,0.0,0.0,-0.1374734607218684,0.0,0.0,-0.0660919540229884,0.0,0.0,-0.047479484173505226,0.0,0.0,1.0,0.027830487033523088,0.0,-0.0006,0.0,0.0,0.0,0.0,0.0,0.0,0.0,0.0,0.0,0.0
2021-10-18,31.97,32.14,31.39,31.82,28391139.0,921169875.0,1602874555.0,0.017712639402401642,-0.020923076923076933,0.0012586532410321372,1.0,1.0,0.00887761572606216,1.0,1.0,-0.022727272727272818,0.0,0.0,-0.1212372272852803,0.0,0.0,-0.1457718120805369,0.0,0.0,-0.0800809482509397,0.0,0.0,-0.09215406562054196,0.0,0.0,1.0,-0.020923076923076933,1.0,-0.021523076923076933,0.0,-0.0,0.0,-0.0,0.0,-0.0,0.0,-0.0,0.0,-0.0
2021-10-19,31.67,31.87,31.28,31.37,26563087.0,854138935.0,1602874555.0,0.016572155891513295,-0.014142049025769987,0.005448717948717929,1.0,1.0,0.00351887396033268,1.0,1.0,-0.06525625744934449,0.0,0.0,-0.08675400291120816,0.0,0.0,-0.14219305441618812,0.0,0.0,-0.10956571104172574,0.0,0.0,-0.10217515741270744,0.0,0.0,1.0,-0.014142049025769987,1.0,-0.014142049025769987,0.0,-0.0,0.0,-0.0,0.0,-0.0,0.0,-0.0,0.0,-0.0
2021-10-20,31.42,31.52,30.97,31.0,23343055.0,742015662.0,1602874555.0,0.01456324509437359,-0.011794708320051028,-0.029126213592232997,0.0,1.0,-0.011794708320051028,0.0,1.0,-0.06344410876132933,0.0,0.0,-0.09356725146198841,0.0,0.0,-0.1464757709251101,0.0,0.0,-0.1004062681369704,0.0,0.0,-0.13673071567808404,0.0,0.0,1.0,-0.011794708320051028,1.0,-0.011794708320051028,0.0,-0.0,0.0,-0.0,0.0,-0.0,0.0,-0.0,0.0,-0.0
2021-10-21,30.89,30.89,30.21,30.28,31477355.0,981701520.0,1602874555.0,0.019638065188451383,-0.023225806451612874,-0.04237824161922832,0.0,0.0,-0.03413078149920257,0.0,0.0,-0.06687211093990764,0.0,0.0,-0.08075288403157244,0.0,0.0,-0.18972437784318963,0.0,0.0,-0.11539585159217047,0.0,0.0,-0.20774463631606488,0.0,0.0,0.0,-0.0006,0.0,-0.0006,0.0,-0.0,0.0,-0.0,0.0,-0.0,0.0,-0.0,0.0,-0.0
2021-10-22,30.34,30.94,30.33,30.49,24771974.0,777611872.0,1602874555.0,0.015454717852202727,0.006935270805812355,-0.061846153846153884,0.0,0.0,-0.03756313131313138,0.0,0.0,-0.04569640062597813,0.0,0.0,-0.07996378998189502,0.0,0.0,-0.16716744059000277,0.0,0.0,-0.13479001135073787,0.0,0.0,-0.2064029151483603,0.0,0.0,0.0,0.0,0.0,0.0,0.0,0.0,0.0,0.0,0.0,0.0,0.0,0.0,0.0,0.0
2021-10-25,30.5,30.86,29.83,30.82,22187448.0,690194501.0,1602874555.0,0.01384228599224348,0.010823220728107596,-0.031426775612822144,0.0,0.0,-0.030207677784770293,0.0,0.0,-0.015335463258785986,0.0,0.0,-0.0821917808219178,0.0,0.0,-0.14720531267293857,0.0,0.0,-0.14388888888888884,0.0,0.0,-0.17571543193367212,0.0,0.0,0.0,0.0,0.0,0.0,0.0,0.0,0.0,0.0,0.0,0.0,0.0,0.0,0.0,0.0
2021-10-26,30.78,31.87,30.57,31.56,44555589.0,1430538800.0,1602874555.0,0.027797302578054836,0.0240103828682674,0.006056742110296387,1.0,0.0,0.011538461538461497,1.0,0.0,0.005095541401273884,1.0,0.0,-0.07530032229709949,0.0,0.0,-0.10008554319931573,0.0,0.0,-0.1084745762711864,0.0,0.0,-0.14517876489707482,0.0,0.0,0.0,0.0,0.0,0.0,0.0,0.0,0.0,0.0,0.0,0.0,0.0,0.0,0.0,0.0
2021-10-27,31.48,31.48,30.02,30.34,71341517.0,2221186821.0,1779553000.0,0.04008957136988896,-0.03865652724968316,-0.021290322580645116,0.0,1.0,-0.0497964296899468,0.0,1.0,-0.03560076287349012,0.0,1.0,-0.11338398597311516,0.0,0.0,-0.15792395226200395,0.0,0.0,-0.12312138728323707,0.0,0.0,-0.18594043466595123,0.0,0.0,1.0,-0.03925652724968316,1.0,-0.03925652724968316,1.0,-0.03925652724968316,0.0,-0.0,0.0,-0.0,0.0,-0.0,0.0,-0.0
2021-10-28,30.3,30.89,29.41,29.49,46981849.0,1445624161.0,1779553000.0,0.02640092708674594,-0.02801582069874753,-0.026089828269484916,0.0,0.0,-0.06736242884250487,0.0,0.0,-0.07612781954887227,0.0,0.0,-0.14073426573426584,0.0,0.0,-0.20768404083825898,0.0,0.0,-0.18983516483516483,0.0,0.0,-0.2018944519621111,0.0,0.0,0.0,-0.0006,0.0,-0.0006,0.0,-0.0006,0.0,-0.0,0.0,-0.0,0.0,-0.0,0.0,-0.0
2021-10-29,29.62,30.59,29.49,30.22,49335478.0,1520730154.0,1779553000.0,0.02772352270485903,0.02475415395049163,-0.008855362413906165,0.0,0.0,-0.07015384615384623,0.0,0.0,-0.03388746803069065,0.0,0.0,-0.10671002069169377,0.0,0.0,-0.1458451102317695,0.0,0.0,-0.14415179835740588,0.0,0.0,-0.18036343911038777,0.0,0.0,0.0,0.0,0.0,0.0,0.0,0.0,0.0,0.0,0.0,0.0,0.0,0.0,0.0,0.0
2021-11-01,30.15,30.89,30.01,30.33,44963841.0,1398428784.0,1779553000.0,0.025266929953758052,0.0036399735274652567,-0.015898767034393302,0.0,0.0,-0.04682589566310502,0.0,0.0,-0.03836398224476856,0.0,0.0,-0.08090909090909093,0.0,0.0,-0.18137651821862344,0.0,0.0,-0.1558586139716115,0.0,0.0,-0.15042016806722702,0.0,0.0,0.0,0.0,0.0,0.0,0.0,0.0,0.0,0.0,0.0,0.0,0.0,0.0,0.0,0.0
2021-11-02,30.37,32.41,30.37,31.57,102957735.0,3342017214.0,1779553000.0,0.05785595315228038,0.04088361358391035,0.0003168567807352307,1.0,0.0,0.006375518010838466,1.0,0.0,0.009916826615482988,1.0,0.0,-0.033374157991426734,0.0,0.0,-0.17571801566579626,0.0,0.0,-0.10693069306930691,0.0,0.0,-0.1023599658800114,0.0,0.0,0.0,0.0,0.0,0.0,0.0,0.0,0.0,0.0,0.0,0.0,0.0,0.0,0.0,0.0
2021-11-03,31.65,31.85,31.15,31.51,43804461.0,1409007416.0,1779553000.0,0.02461542926791166,-0.001900538485904324,0.03856295319709968,1.0,1.0,0.016451612903225943,1.0,1.0,0.004462862607586882,1.0,1.0,-0.029266789895255663,0.0,0.0,-0.17706973100026113,0.0,0.0,-0.0680272108843537,0.0,0.0,-0.08587177255584555,0.0,0.0,1.0,-0.002500538485904324,1.0,-0.002500538485904324,1.0,-0.002500538485904324,0.0,-0.0,0.0,-0.0,0.0,-0.0,0.0,-0.0
2021-11-04,31.67,31.94,31.26,31.69,51507531.0,1663212648.0,1779553000.0,0.028944083710909424,0.0057124722310377685,0.07460155985079697,1.0,1.0,0.04656538969616908,1.0,1.0,0.010845295055821325,1.0,1.0,-0.05062911923307378,0.0,0.0,-0.11505166154705393,0.0,0.0,-0.030590394616090477,0.0,0.0,-0.0717633274751025,0.0,0.0,1.0,0.0057124722310377685,1.0,0.0057124722310377685,1.0,0.0057124722310377685,0.0,0.0,0.0,0.0,0.0,0.0,0.0,0.0
2021-11-05,32.24,32.5,31.48,31.5,60569738.0,1975258235.0,1779553000.0,0.03403649006239207,-0.005995582202587557,0.04235605559232303,1.0,1.0,0.033125614955723304,1.0,1.0,-0.005681818181818121,0.0,1.0,-0.03963414634146334,0.0,0.0,-0.13651315789473673,0.0,0.0,-0.047186932849364815,0.0,0.0,-0.09767974792323109,0.0,0.0,1.0,-0.005995582202587557,1.0,-0.005995582202587557,1.0,-0.005995582202587557,0.0,-0.0,0.0,-0.0,0.0,-0.0,0.0,-0.0
2021-11-08,30.92,30.92,29.94,30.39,46238528.0,1434387824.0,1779553000.0,0.025983226124762792,-0.03523809523809518,0.001978239366963397,1.0,1.0,-0.0139519792342635,0.0,1.0,-0.04373820012586538,0.0,0.0,-0.05533105377681069,0.0,0.0,-0.1579384871155446,0.0,0.0,-0.10433244916003537,0.0,0.0,-0.12672413793103443,0.0,0.0,1.0,-0.03523809523809518,1.0,-0.03523809523809518,0.0,-0.0006,0.0,-0.0,0.0,-0.0,0.0,-0.0,0.0,-0.0
2021-11-09,30.5,31.76,30.23,31.36,59871996.0,1896954898.0,1779553000.0,0.03364440171211534,0.03191839420862119,-0.006651884700665245,0.0,1.0,-0.006337135614702172,0.0,0.0,0.00512820512820511,1.0,0.0,-0.03715075222597486,0.0,0.0,-0.17277763123186485,0.0,0.0,-0.06555423122765203,0.0,0.0,-0.11186632681959796,0.0,0.0,1.0,0.03191839420862119,0.0,-0.0006,0.0,0.0,0.0,0.0,0.0,0.0,0.0,0.0,0.0,0.0
2021-11-10,31.05,32.11,30.99,31.71,62264903.0,2019674872.0,1779553000.0,0.0349890691651218,0.011160714285714413,0.006347191367819693,1.0,0.0,0.04515491100856961,1.0,0.0,-0.006890072032571193,0.0,1.0,-0.03734061930783228,0.0,0.0,-0.13620266957232363,0.0,0.0,-0.06954225352112664,0.0,0.0,-0.12257885998893192,0.0,0.0,0.0,-0.0006,0.0,0.0,1.0,0.010560714285714413,0.0,0.0,0.0,0.0,0.0,0.0,0.0,0.0
2021-11-11,31.49,32.48,31.44,32.0,67980944.0,2223869555.0,1779553000.0,0.03820113477935189,0.009145380006307047,0.00978226569895857,1.0,1.0,0.08511359782977279,1.0,1.0,0.012017710309930374,1.0,0.0,-0.03264812575574361,0.0,0.0,-0.1162662247997791,0.0,0.0,-0.07003777971519898,0.0,0.0,-0.14893617021276595,0.0,0.0,1.0,0.008545380006307047,1.0,0.008545380006307047,0.0,-0.0006,0.0,0.0,0.0,0.0,0.0,0.0,0.0,0.0
2021-11-12,31.62,32.29,31.56,31.64,53700989.0,1747368705.0,1779553000.0,0.030176673018449014,-0.011249999999999982,0.004444444444444473,1.0,1.0,0.046988749172733435,1.0,1.0,-0.026461538461538425,0.0,1.0,-0.04497434349532148,0.0,0.0,-0.12499999999999989,0.0,0.0,-0.03182374541003674,0.0,0.0,-0.15219721329046088,0.0,0.0,1.0,-0.011249999999999982,1.0,-0.011249999999999982,1.0,-0.011849999999999982,0.0,-0.0,0.0,-0.0,0.0,-0.0,0.0,-0.0
2021-11-15,31.52,31.97,31.34,31.38,37309514.0,1204217376.0,1779553000.0,0.020965666097047968,-0.00821744627054366,0.03257650542941759,1.0,1.0,0.03461918892185967,1.0,1.0,-0.013827781269641792,0.0,0.0,-0.036240786240786305,0.0,0.0,-0.13338856669428345,0.0,0.0,-0.03801348865726539,0.0,0.0,-0.16230646022423922,0.0,0.0,1.0,-0.00821744627054366,1.0,-0.00821744627054366,0.0,-0.0006,0.0,-0.0,0.0,-0.0,0.0,-0.0,0.0,-0.0
2021-11-16,31.72,32.16,31.01,31.08,53470303.0,1727528844.0,1779553000.0,0.03004704158853375,-0.009560229445506718,-0.008928571428571508,0.0,1.0,-0.015521064301552201,0.0,1.0,-0.00924450111571573,0.0,0.0,-0.07389749702026238,0.0,0.0,-0.09519650655021838,0.0,0.0,-0.007028753993610248,0.0,0.0,-0.17864693446088808,0.0,0.0,1.0,-0.009560229445506718,1.0,-0.009560229445506718,0.0,-0.0,0.0,-0.0,0.0,-0.0,0.0,-0.0,0.0,-0.0
2021-11-17,31.07,31.45,30.33,31.45,46620535.0,1473150426.0,1779553000.0,0.026197890706261627,0.011904761904761862,-0.008199306212551272,0.0,0.0,-0.0019041574103459968,0.0,0.0,0.014516129032257963,1.0,0.0,-0.049848942598187396,0.0,0.0,-0.08040935672514626,0.0,0.0,0.011579285944033346,1.0,0.0,-0.2170774209609162,0.0,0.0,0.0,-0.0006,0.0,-0.0006,0.0,0.0,0.0,0.0,0.0,0.0,0.0,0.0,0.0,0.0
2021-11-18,31.18,31.6,30.67,30.72,36963926.0,1174966785.0,1779553000.0,0.02077146676721626,-0.02321144674085851,-0.040000000000000036,0.0,0.0,-0.03060902492899975,0.0,0.0,0.014531043593130732,1.0,1.0,-0.05331278890600932,0.0,0.0,-0.06739526411657559,0.0,0.0,-0.02754036087369427,0.0,1.0,-0.30482009504412766,0.0,0.0,0.0,-0.0,0.0,-0.0,1.0,-0.02381144674085851,0.0,-0.0,0.0,-0.0,1.0,-0.02381144674085851,0.0,-0.0
2021-11-19,30.74,31.06,30.43,30.97,31207272.0,981882860.0,1779553000.0,0.017536579129702797,0.00813802083333326,-0.021175726927939342,0.0,0.0,-0.016825396825396854,0.0,0.0,0.01574286651361101,1.0,1.0,-0.030672926447574356,0.0,0.0,-0.06547978273989141,0.0,0.0,-0.04649014778325122,0.0,0.0,-0.29081749484772157,0.0,0.0,0.0,0.0,0.0,0.0,1.0,0.00813802083333326,0.0,0.0,0.0,0.0,0.0,-0.0006,0.0,0.0
2021-11-22,30.97,32.23,30.95,32.14,86379895.0,2818045435.0,1779553000.0,0.048540220493573386,0.037778495318049776,0.02421924792861696,1.0,0.0,0.057584731819677604,1.0,0.0,0.0428293316028554,1.0,1.0,0.026837060702875393,1.0,0.0,-0.0428826682549136,0.0,0.0,-0.001553277415346277,0.0,0.0,-0.210901055732875,0.0,0.0,0.0,0.0,0.0,0.0,1.0,0.037778495318049776,0.0,0.0,0.0,0.0,0.0,0.0,0.0,0.0
2021-11-23,32.26,33.21,32.16,32.62,97641944.0,3271515968.0,1779553000.0,0.0548688035703348,0.014934660858742843,0.04954954954954949,1.0,1.0,0.0401785714285714,1.0,1.0,0.033586818757921355,1.0,1.0,0.038853503184713256,1.0,1.0,-0.04424260181658379,0.0,0.0,-0.04255943645435878,0.0,0.0,-0.19793459552495707,0.0,0.0,1.0,0.014334660858742843,1.0,0.014334660858742843,1.0,0.014934660858742843,1.0,0.014334660858742843,0.0,0.0,0.0,0.0,0.0,0.0
2021-11-24,32.67,33.14,32.45,32.53,56593834.0,1896847169.0,1779553000.0,0.031802275065704703,-0.0027590435315756334,0.03434022257551672,1.0,1.0,0.025859350362661626,1.0,1.0,0.07218193803559658,1.0,1.0,0.03401144310235216,1.0,1.0,-0.04938632378725882,0.0,0.0,-0.027212918660286967,0.0,0.0,-0.2267649156168291,0.0,0.0,1.0,-0.0027590435315756334,1.0,-0.0027590435315756334,1.0,-0.0027590435315756334,1.0,-0.0027590435315756334,0.0,-0.0,0.0,-0.0,0.0,-0.0
2021-11-25,32.48,33.56,32.34,32.9,74247891.0,2514439823.0,1779553000.0,0.041722775888102234,0.011374116200430384,0.07096354166666674,1.0,1.0,0.028124999999999956,1.0,1.0,0.11563241776873512,1.0,1.0,0.030701754385964897,1.0,1.0,-0.04137529137529139,0.0,0.0,-0.02749039314218149,0.0,0.0,-0.20646406174626153,0.0,0.0,1.0,0.011374116200430384,1.0,0.011374116200430384,1.0,0.011374116200430384,1.0,0.011374116200430384,0.0,0.0,0.0,0.0,0.0,0.0
2021-11-26,32.84,32.84,32.09,32.39,48995513.0,1621975288.0,1779553000.0,0.027532483157287253,-0.015501519756838888,0.04585082337746216,1.0,1.0,0.023704171934260332,1.0,1.0,0.07180675049635998,1.0,1.0,0.03548593350383622,1.0,1.0,-0.042565770026603555,0.0,0.0,-0.061159420289855104,0.0,0.0,-0.24744423791821557,0.0,0.0,1.0,-0.015501519756838888,1.0,-0.015501519756838888,1.0,-0.015501519756838888,1.0,-0.015501519756838888,0.0,-0.0,0.0,-0.0,0.0,-0.0
2021-11-29,31.87,32.24,31.62,31.7,51154826.0,1666188333.0,1779553000.0,0.02874588506214763,-0.021302871256560718,-0.013690105787181106,0.0,1.0,0.010197578075207048,1.0,1.0,0.045169798878997636,1.0,1.0,0.005072923272035457,1.0,1.0,-0.039393939393939426,0.0,0.0,-0.0703812316715543,0.0,0.0,-0.25359076995526253,0.0,0.0,1.0,-0.021302871256560718,1.0,-0.021302871256560718,1.0,-0.021302871256560718,1.0,-0.021302871256560718,0.0,-0.0,0.0,-0.0,0.0,-0.0
2021-11-30,31.99,32.73,31.89,32.45,58937749.0,1947572747.0,1779553000.0,0.03311941200964512,0.023659305993690927,-0.005211526670753974,0.0,0.0,0.04407979407979412,1.0,1.0,0.027874564459930307,1.0,1.0,0.03806781829814465,1.0,1.0,-0.0064298836497241885,0.0,0.0,-0.03480071386079697,0.0,0.0,-0.22294061302681978,0.0,0.0,0.0,-0.0006,1.0,0.023659305993690927,1.0,0.023659305993690927,1.0,0.023659305993690927,0.0,0.0,0.0,0.0,0.0,0.0
2021-12-01,32.25,32.91,32.17,32.6,40732673.0,1357778379.0,1779553000.0,0.022889272193635145,0.0046224961479197635,0.0021518598217029616,1.0,0.0,0.0365659777424483,1.0,1.0,0.03459219295461757,1.0,1.0,0.03920943576665614,1.0,1.0,0.004313000616142926,1.0,0.0,-0.0400471142520612,0.0,0.0,-0.2042958262143031,0.0,0.0,0.0,0.0,1.0,0.0046224961479197635,1.0,0.0046224961479197635,1.0,0.0046224961479197635,0.0,0.0,0.0,0.0,0.0,0.0
2021-12-02,32.59,32.82,32.05,32.14,35196647.0,1164521543.0,1779553000.0,0.019778364004893363,-0.01411042944785279,-0.02310030395136775,0.0,1.0,0.04622395833333348,1.0,1.0,0.014200063111391659,1.0,1.0,0.02519936204146722,1.0,1.0,-0.03714799281006598,0.0,1.0,-0.10920177383592011,0.0,0.0,-0.23165192445613192,0.0,0.0,1.0,-0.01471042944785279,1.0,-0.01411042944785279,1.0,-0.01411042944785279,1.0,-0.01411042944785279,1.0,-0.01471042944785279,0.0,-0.0,0.0,-0.0
2021-12-03,32.26,33.07,32.22,32.89,58689765.0,1968913394.0,1779553000.0,0.03298006016117531,0.023335407591785984,0.01543686322939175,1.0,0.0,0.0619954794962867,1.0,1.0,0.04412698412698424,1.0,1.0,0.03819444444444442,1.0,1.0,0.002743902439024559,1.0,0.0,-0.060285714285714276,0.0,0.0,-0.22883939038686985,0.0,0.0,0.0,-0.0006,1.0,0.023335407591785984,1.0,0.023335407591785984,1.0,0.023335407591785984,0.0,-0.0006,0.0,0.0,0.0,0.0
2021-12-06,32.92,32.99,32.15,32.26,41379097.0,1377630421.0,1779553000.0,0.023252522965036725,-0.019154758285193196,0.01766561514195586,1.0,1.0,0.0037336652146857663,1.0,1.0,0.061533399144455325,1.0,1.0,0.01510383889238498,1.0,1.0,0.002797637550512766,1.0,1.0,-0.06682094301417418,0.0,0.0,-0.2636384387126228,0.0,0.0,1.0,-0.019754758285193196,1.0,-0.019154758285193196,1.0,-0.019154758285193196,1.0,-0.019154758285193196,1.0,-0.019754758285193196,0.0,-0.0,0.0,-0.0
2021-12-07,32.46,32.52,31.51,31.82,38392672.0,1249806880.0,1779553000.0,0.021574334678427672,-0.01363918164910094,-0.01941448382126354,0.0,1.0,-0.024524831391784074,0.0,1.0,0.014668367346938771,1.0,1.0,0.0198717948717948,1.0,1.0,-0.02302732575990174,0.0,1.0,-0.08484325568018414,0.0,0.0,-0.25497541559353787,0.0,0.0,1.0,-0.01363918164910094,1.0,-0.01363918164910094,1.0,-0.01363918164910094,1.0,-0.01363918164910094,1.0,-0.01363918164910094,0.0,-0.0,0.0,-0.0
2021-12-08,31.97,32.39,31.82,31.98,33612758.0,1102035507.0,1779553000.0,0.018888315211741377,0.005028284098051561,-0.01901840490797546,0.0,0.0,-0.016907470027666793,0.0,0.0,0.008514664143803197,1.0,1.0,0.0015659254619480034,1.0,1.0,-0.02914389799635697,0.0,0.0,-0.03325272067714624,0.0,0.0,-0.23675417661097853,0.0,0.0,0.0,-0.0006,0.0,-0.0006,1.0,0.005028284098051561,1.0,0.005028284098051561,0.0,-0.0006,0.0,0.0,0.0,0.0
2021-12-09,31.97,32.22,31.59,32.03,41475165.0,1356183073.0,1779553000.0,0.02330650730829596,0.0015634771732333519,-0.0034225264467953043,0.0,0.0,-0.026443768996960437,0.0,0.0,0.0009375000000000355,1.0,1.0,0.012966476913345959,1.0,1.0,-0.031741233373639544,0.0,0.0,-0.03203384708371115,0.0,0.0,-0.2552894675656824,0.0,0.0,0.0,0.0,0.0,0.0,1.0,0.0015634771732333519,1.0,0.0015634771732333519,0.0,0.0,0.0,0.0,0.0,0.0
2021-12-10,31.81,31.87,31.12,31.41,55841904.0,1794181802.0,1779553000.0,0.031379736371999034,-0.01935685295035905,-0.04499847978108851,0.0,0.0,-0.030256251929607902,0.0,0.0,-0.007269279393173234,0.0,1.0,-0.03353846153846152,0.0,1.0,-0.05191669182010272,0.0,0.0,-0.04062309102015893,0.0,0.0,-0.2848360655737705,0.0,0.0,0.0,-0.0,0.0,-0.0,1.0,-0.01935685295035905,1.0,-0.01935685295035905,0.0,-0.0,0.0,-0.0,0.0,-0.0
2021-12-13,31.28,31.69,31.22,31.46,29289678.0,943564223.0,1779553000.0,0.016459008526298457,0.0015918497293856415,-0.024798512089274527,0.0,0.0,-0.007570977917981003,0.0,0.0,0.002549394518801762,1.0,0.0,-0.011313639220615901,0.0,0.0,-0.03378378378378377,0.0,0.0,-0.09959931310818537,0.0,0.0,-0.301044212397245,0.0,0.0,0.0,0.0,0.0,0.0,0.0,-0.0006,0.0,-0.0006,0.0,0.0,0.0,0.0,0.0,0.0
2021-12-14,31.31,31.45,31.14,31.25,23873603.0,763517097.0,1779553000.0,0.013415505466822287,-0.006675143038779474,-0.017913262099308658,0.0,0.0,-0.03697996918335911,0.0,0.0,0.005469755469755588,1.0,1.0,-0.003825310806503057,0.0,0.0,-0.0688319427890346,0.0,0.0,-0.1071428571428571,0.0,0.0,-0.286203746002741,0.0,0.0,0.0,-0.0,0.0,-0.0,1.0,-0.007275143038779474,0.0,-0.0,0.0,-0.0,0.0,-0.0,0.0,-0.0
2021-12-15,31.25,31.54,30.97,31.03,27509047.0,880160576.0,1779553000.0,0.015458402756197764,-0.007039999999999935,-0.02970606629143213,0.0,0.0,-0.04815950920245404,0.0,0.0,-0.013354531001589787,0.0,1.0,0.000967741935483879,1.0,0.0,-0.06253776435045322,0.0,0.0,-0.09848925043579315,0.0,0.0,-0.2846934071000461,0.0,0.0,0.0,-0.0,0.0,-0.0,1.0,-0.007039999999999935,0.0,-0.0,0.0,-0.0,0.0,-0.0,0.0,-0.0
2021-12-16,31.04,31.24,30.83,31.01,27002093.0,855364135.0,1779553000.0,0.015173525598844204,-0.0006445375443119294,-0.03184514517639714,0.0,0.0,-0.035158680771624096,0.0,0.0,0.00944010416666674,1.0,0.0,0.024108322324966958,1.0,1.0,-0.044375963020030884,0.0,0.0,-0.08605953433539637,0.0,0.0,-0.2848247232472324,0.0,0.0,0.0,-0.0,0.0,-0.0,0.0,-0.0006,1.0,-0.0012445375443119293,0.0,-0.0,0.0,-0.0,0.0,-0.0
2021-12-17,30.98,31.09,30.44,30.46,33785090.0,1056983641.0,1779553000.0,0.018985155260899788,-0.017736214124476013,-0.0302451448583253,0.0,0.0,-0.07388263910003035,0.0,0.0,-0.016467549241201085,0.0,1.0,-0.0009839291571006603,0.0,1.0,-0.04663536776212829,0.0,0.0,-0.15693329642956,0.0,0.0,-0.29228624535315983,0.0,0.0,0.0,-0.0,0.0,-0.0,1.0,-0.018336214124476013,1.0,-0.017736214124476013,0.0,-0.0,0.0,-0.0,0.0,-0.0
2021-12-20,30.32,30.6,30.21,30.23,23099708.0,717275535.0,1779553000.0,0.012980623785860831,-0.007550886408404511,-0.039097266369993666,0.0,0.0,-0.06292622442653428,0.0,0.0,-0.059427504667081577,0.0,0.0,-0.019143413367942896,0.0,0.0,-0.034185303514376986,0.0,0.0,-0.14119318181818186,0.0,0.0,-0.25888698210345673,0.0,0.0,0.0,-0.0,0.0,-0.0,0.0,-0.0006,0.0,-0.0006,0.0,-0.0,0.0,-0.0,0.0,-0.0
2021-12-21,30.19,30.58,30.14,30.57,19127409.0,594044791.0,1779553000.0,0.010748434578795912,0.011247105524313517,-0.02176,0.0,0.0,-0.03928346951602768,0.0,0.0,-0.06284488044144687,0.0,0.0,-0.03136882129277563,0.0,0.0,-0.02643312101910822,0.0,0.0,-0.16131687242798365,0.0,0.0,-0.2511024007839294,0.0,0.0,0.0,0.0,0.0,0.0,0.0,0.0,0.0,0.0,0.0,0.0,0.0,0.0,0.0,0.0
2021-12-22,30.57,30.79,30.36,30.41,24086088.0,753151208.0,1779553000.0,0.013534909047384372,-0.005233889434085759,-0.0199806638736707,0.0,0.0,-0.04909318323952472,0.0,0.0,-0.06517061174300653,0.0,0.0,0.0023071852340144083,1.0,0.0,-0.03337571519389704,0.0,0.0,-0.16524842163052433,0.0,0.0,-0.22264826175869112,0.0,0.0,0.0,-0.0,0.0,-0.0,0.0,-0.0,0.0,-0.0,0.0,-0.0,0.0,-0.0,0.0,-0.0
2021-12-23,30.33,30.48,29.83,29.93,31582179.0,969620998.0,1779553000.0,0.017747253945232314,-0.015784281486353136,-0.03482747500806194,0.0,0.0,-0.06556353418670002,0.0,0.0,-0.09027355623100297,0.0,0.0,0.014920311970159528,1.0,1.0,-0.062343358395990034,0.0,0.0,-0.15428087030234527,0.0,0.0,-0.24495459132189712,0.0,0.0,0.0,-0.0,0.0,-0.0,0.0,-0.0,1.0,-0.016384281486353135,0.0,-0.0,0.0,-0.0,0.0,-0.0
2021-12-24,29.97,30.15,29.6,29.61,24339402.0,740624173.0,1779553000.0,0.013677256030025517,-0.01069161376545269,-0.027905449770190494,0.0,0.0,-0.05730659025787965,0.0,0.0,-0.08582895955541836,0.0,0.0,-0.020185307743216363,0.0,1.0,-0.053388746803069154,0.0,0.0,-0.19494290375203915,0.0,0.0,-0.26085871193210186,0.0,0.0,0.0,-0.0,0.0,-0.0,0.0,-0.0,1.0,-0.01069161376545269,0.0,-0.0,0.0,-0.0,0.0,-0.0
2021-12-27,29.51,29.82,29.47,29.8,15401143.0,467591276.0,1779553000.0,0.008654500877467544,0.0064167510976023134,-0.01422428051604363,0.0,0.0,-0.05276541640178001,0.0,0.0,-0.05993690851735012,0.0,0.0,-0.01747444774150997,0.0,0.0,-0.05516804058338609,0.0,0.0,-0.1880108991825613,0.0,0.0,-0.21017757752451627,0.0,0.0,0.0,0.0,0.0,0.0,0.0,0.0,0.0,-0.0006,0.0,0.0,0.0,0.0,0.0,0.0
2021-12-28,29.81,30.09,29.79,30.04,17771056.0,544103633.0,1779553000.0,0.009986247108122097,0.00805369127516764,-0.017337258750408924,0.0,0.0,-0.03871999999999998,0.0,0.0,-0.07426810477657941,0.0,0.0,-0.048463731390560705,0.0,0.0,-0.03902751119641723,0.0,0.0,-0.21278825995807127,0.0,0.0,-0.21154855643044623,0.0,0.0,0.0,0.0,0.0,0.0,0.0,0.0,0.0,0.0,0.0,0.0,0.0,0.0,0.0,0.0
2021-12-29,30.01,30.01,29.74,29.78,14104459.0,430420426.0,1779553000.0,0.007925843737163209,-0.008655126498002597,-0.020716869450838504,0.0,0.0,-0.04028359651949731,0.0,0.0,-0.08650306748466263,0.0,0.0,-0.054903205331640725,0.0,0.0,-0.05068536818616509,0.0,0.0,-0.2401122735391681,0.0,0.0,-0.20118025751072965,0.0,0.0,0.0,-0.0,0.0,-0.0,0.0,-0.0,0.0,-0.0,0.0,-0.0,0.0,-0.0,0.0,-0.0
2021-12-30,29.78,30.25,29.73,30.09,21327411.0,656485290.0,1779553000.0,0.011984701214293701,0.010409670920080494,0.005345806882726345,1.0,0.0,-0.029667849080941666,0.0,0.0,-0.06378344741754827,0.0,0.0,-0.050489113284947984,0.0,0.0,-0.04019138755980867,0.0,0.0,-0.23706896551724133,0.0,0.0,-0.21517996870109557,0.0,0.0,0.0,0.0,0.0,0.0,0.0,0.0,0.0,0.0,0.0,0.0,0.0,0.0,0.0,0.0
2021-12-31,30.02,30.39,29.97,30.32,20880560.0,646399579.0,1779553000.0,0.011733598268778733,0.00764373546028585,0.02397838568051336,1.0,1.0,-0.004596191726854881,0.0,0.0,-0.07813925205229555,0.0,0.0,-0.037460317460317416,0.0,0.0,-0.04292929292929293,0.0,0.0,-0.2335692618806876,0.0,0.0,-0.1912510002667378,0.0,0.0,1.0,0.00704373546028585,0.0,0.0,0.0,0.0,0.0,0.0,0.0,0.0,0.0,0.0,0.0,0.0
2022-01-04,30.4,30.48,30.02,30.25,19584078.0,604659319.0,1779553000.0,0.01100505464012592,-0.002308707124010545,0.015100671140939603,1.0,1.0,0.0006615944426067166,1.0,0.0,-0.06230626162430253,0.0,0.0,-0.0046067785455742305,0.0,0.0,-0.04814348646947775,0.0,0.0,-0.2682631833575231,0.0,0.0,-0.24807357693263732,0.0,0.0,1.0,-0.002308707124010545,0.0,-0.0,0.0,-0.0,0.0,-0.0,0.0,-0.0,0.0,-0.0,0.0,-0.0
2022-01-05,30.2,30.36,29.61,29.77,22341390.0,682780585.0,1779553000.0,0.012554495426660515,-0.015867768595041354,-0.00898801597869503,0.0,1.0,-0.026169447170428572,0.0,1.0,-0.06442489000628537,0.0,0.0,-0.050701530612244916,0.0,0.0,-0.04583333333333328,0.0,0.0,-0.2726606401172734,0.0,0.0,-0.25219794021602615,0.0,0.0,1.0,-0.015867768595041354,1.0,-0.016467768595041354,0.0,-0.0,0.0,-0.0,0.0,-0.0,0.0,-0.0,0.0,-0.0
2022-01-06,29.62,29.88,29.47,29.67,18464435.0,560732103.0,1779553000.0,0.010375883719113733,-0.003359086328518557,-0.003693754197447885,0.0,0.0,-0.024334100624794464,0.0,0.0,-0.07223264540337704,0.0,0.0,-0.06433301797540203,0.0,0.0,-0.07077983088005002,0.0,0.0,-0.266320474777448,0.0,0.0,-0.2599151908206535,0.0,0.0,0.0,-0.0006,0.0,-0.0006,0.0,-0.0,0.0,-0.0,0.0,-0.0,0.0,-0.0,0.0,-0.0
2022-01-07,29.7,29.88,29.6,29.64,16788668.0,510448139.0,1779553000.0,0.009434205106563277,-0.0010111223458039165,-0.014955134596211339,0.0,0.0,-0.009689274974941542,0.0,0.0,-0.07461754605057758,0.0,0.0,-0.07374999999999998,0.0,0.0,-0.06261859582542695,0.0,0.0,-0.21253985122210417,0.0,0.0,-0.23291925465838514,0.0,0.0,0.0,-0.0,0.0,-0.0,0.0,-0.0,0.0,-0.0,0.0,-0.0,0.0,-0.0,0.0,-0.0
2022-01-10,29.62,29.76,27.57,28.49,46752777.0,1361844374.0,1779553000.0,0.02627220262616511,-0.03879892037786781,-0.06035620052770452,0.0,0.0,-0.0378250591016549,0.0,0.0,-0.09296402419611594,0.0,0.0,-0.0995575221238939,0.0,0.0,-0.12338461538461543,0.0,0.0,-0.24389596602972408,0.0,0.0,-0.26515346917719895,0.0,0.0,0.0,-0.0,0.0,-0.0,0.0,-0.0,0.0,-0.0,0.0,-0.0,0.0,-0.0,0.0,-0.0
2022-01-11,28.37,28.52,27.87,27.96,28517637.0,821540630.0,1779553000.0,0.016025168679999976,-0.018603018603018495,-0.075702479338843,0.0,0.0,-0.06174496644295302,0.0,0.0,-0.11125238397965675,0.0,0.0,-0.10898661567877621,0.0,0.0,-0.1213073538654934,0.0,0.0,-0.24939597315436235,0.0,0.0,-0.3034379671150972,0.0,0.0,0.0,-0.0,0.0,-0.0,0.0,-0.0,0.0,-0.0,0.0,-0.0,0.0,-0.0,0.0,-0.0
2022-01-12,28.08,28.53,28.01,28.43,17739225.0,512719431.0,1779553000.0,0.00996836003198556,0.016809728183118766,-0.04501175680214986,0.0,0.0,-0.05359520639147797,0.0,0.0,-0.09023999999999999,0.0,0.0,-0.08526383526383519,0.0,0.0,-0.09372011475932418,0.0,0.0,-0.22258681979764838,0.0,0.0,-0.3159287776708374,0.0,0.0,0.0,0.0,0.0,0.0,0.0,0.0,0.0,0.0,0.0,0.0,0.0,0.0,0.0,0.0
2022-01-13,28.42,28.59,28.23,28.27,15658915.0,454509505.0,1779553000.0,0.008799352983586327,-0.005627857896588151,-0.04718570947084599,0.0,0.0,-0.05070517125587648,0.0,0.0,-0.08894618111505004,0.0,0.0,-0.10111287758346577,0.0,0.0,-0.08806451612903232,0.0,0.0,-0.22164096916299558,0.0,0.0,-0.31912331406551064,0.0,0.0,0.0,-0.0,0.0,-0.0,0.0,-0.0,0.0,-0.0,0.0,-0.0,0.0,-0.0,0.0,-0.0
2022-01-14,28.14,28.51,28.09,28.18,16217221.0,469908445.0,1779553000.0,0.009113086825736576,-0.0031835868411743684,-0.04925775978407565,0.0,0.0,-0.06347623795280821,0.0,0.0,-0.09126088358594009,0.0,0.0,-0.08268229166666663,0.0,0.0,-0.06935270805812421,0.0,0.0,-0.24591918651324585,0.0,0.0,-0.34828862164662355,0.0,0.0,0.0,-0.0,0.0,-0.0,0.0,-0.0,0.0,-0.0,0.0,-0.0,0.0,-0.0,0.0,-0.0
2022-01-17,28.18,28.49,28.18,28.45,17165520.0,498543032.0,1779553000.0,0.009645972893192842,0.00958126330731024,-0.0014040014040013205,0.0,0.0,-0.0616754617414248,0.0,0.0,-0.06598818122127381,0.0,0.0,-0.08136906683887635,0.0,0.0,-0.06690718268284679,0.0,0.0,-0.22288992078667036,0.0,0.0,-0.3124697921701306,0.0,0.0,0.0,0.0,0.0,0.0,0.0,0.0,0.0,0.0,0.0,0.0,0.0,0.0,0.0,0.0
2022-01-18,28.41,28.92,28.35,28.64,21927806.0,643776756.0,1779553000.0,0.012322086501497848,0.006678383128295273,0.024320457796852546,1.0,0.0,-0.05322314049586774,0.0,0.0,-0.052596758187231196,0.0,0.0,-0.1088985687616677,0.0,0.0,-0.07073329007138218,0.0,0.0,-0.20752628666297734,0.0,0.0,-0.3040097205346294,0.0,0.0,0.0,0.0,0.0,0.0,0.0,0.0,0.0,0.0,0.0,0.0,0.0,0.0,0.0,0.0
2022-01-19,28.47,28.53,27.94,28.13,19610851.0,564704610.0,1779553000.0,0.011020099429463467,-0.01780726256983245,-0.010552233556102686,0.0,1.0,-0.05508901578770575,0.0,0.0,-0.07981681386980699,0.0,0.0,-0.1376456161863887,0.0,0.0,-0.10868187579214195,0.0,0.0,-0.19788993441688052,0.0,0.0,-0.31440409456495255,0.0,0.0,1.0,-0.01840726256983245,0.0,-0.0,0.0,-0.0,0.0,-0.0,0.0,-0.0,0.0,-0.0,0.0,-0.0
2022-01-20,27.99,28.22,27.62,27.65,18785671.0,535199393.0,1779553000.0,0.010556398713609541,-0.017063633131887634,-0.021931376016979143,0.0,0.0,-0.06808223795079216,0.0,0.0,-0.09075961854653081,0.0,0.0,-0.15001537042729796,0.0,0.0,-0.08866183256427163,0.0,0.0,-0.23258395781293373,0.0,0.0,-0.34925864909390447,0.0,0.0,0.0,-0.0006,0.0,-0.0,0.0,-0.0,0.0,-0.0,0.0,-0.0,0.0,-0.0,0.0,-0.0
2022-01-21,27.57,27.86,27.53,27.55,15467131.0,437328348.0,1779553000.0,0.008691582099549719,-0.003616636528028905,-0.022356281050390336,0.0,0.0,-0.07051282051282048,0.0,0.0,-0.07951887738055463,0.0,0.0,-0.16261398176291786,0.0,0.0,-0.06578501186842989,0.0,0.0,-0.25980655561526056,0.0,0.0,-0.3618253416724577,0.0,0.0,0.0,-0.0,0.0,-0.0,0.0,-0.0,0.0,-0.0,0.0,-0.0,0.0,-0.0,0.0,-0.0
2022-01-24,27.38,27.71,27.18,27.42,15528944.0,435096810.0,1779553000.0,0.00872631722685416,-0.004718693284936459,-0.036203866432337306,0.0,0.0,-0.03755703755703743,0.0,0.0,-0.07396149949341435,0.0,0.0,-0.15344242050015433,0.0,0.0,-0.09265387160820637,0.0,0.0,-0.2249858677218768,0.0,0.0,-0.3943008614976806,0.0,0.0,0.0,-0.0,0.0,-0.0,0.0,-0.0,0.0,-0.0,0.0,-0.0,0.0,-0.0,0.0,-0.0
2022-01-25,27.69,28.15,27.25,27.27,23778098.0,672937080.0,1779553000.0,0.013361837495146254,-0.005470459518599591,-0.04783519553072624,0.0,0.0,-0.02467811158798283,0.0,0.0,-0.08489932885906049,0.0,0.0,-0.1397476340694006,0.0,0.0,-0.10089020771513346,0.0,0.0,-0.2639676113360323,0.0,0.0,-0.39224426119901934,0.0,0.0,0.0,-0.0,0.0,-0.0,0.0,-0.0,0.0,-0.0,0.0,-0.0,0.0,-0.0,0.0,-0.0
2022-01-26,27.35,27.83,27.27,27.77,16786094.0,473109592.0,1779553000.0,0.009432758675914681,0.018335166850018236,-0.012797724848915726,0.0,0.0,-0.023214913823425998,0.0,0.0,-0.07556591211717711,0.0,0.0,-0.14422187981510026,0.0,0.0,-0.12036743744060818,0.0,0.0,-0.27493472584856393,0.0,0.0,-0.3678579558388345,0.0,0.0,0.0,0.0,0.0,0.0,0.0,0.0,0.0,0.0,0.0,0.0,0.0,0.0,0.0,0.0
2022-01-27,27.74,27.79,26.59,26.63,22340972.0,619780457.0,1779553000.0,0.012554260536213308,-0.04105149441843714,-0.03688969258589514,0.0,0.0,-0.05801202688362228,0.0,0.0,-0.10577568838146412,0.0,0.0,-0.18312883435582827,0.0,0.0,-0.15487146937480167,0.0,0.0,-0.3045181509532515,0.0,0.0,-0.4341266468338292,0.0,0.0,0.0,-0.0,0.0,-0.0,0.0,-0.0,0.0,-0.0,0.0,-0.0,0.0,-0.0,0.0,-0.0
2022-01-28,26.79,26.98,26.11,26.25,20375239.0,551574772.0,1779553000.0,0.011449638757598116,-0.014269620728501686,-0.047186932849364815,0.0,0.0,-0.06848828956706887,0.0,0.0,-0.12761714855433703,0.0,0.0,-0.18326073428749223,0.0,0.0,-0.17166298516882306,0.0,0.0,-0.26696453504607653,0.0,0.0,-0.4299674267100977,0.0,0.0,0.0,-0.0,0.0,-0.0,0.0,-0.0,0.0,-0.0,0.0,-0.0,0.0,-0.0,0.0,-0.0
2022-02-07,26.62,26.95,26.45,26.6,17618273.0,481494988.0,1779553000.0,0.009900392401912166,0.01333333333333342,-0.029905178701677637,0.0,0.0,-0.0650263620386643,0.0,0.0,-0.12269129287598945,0.0,0.0,-0.191243539069626,0.0,0.0,-0.15555555555555556,0.0,0.0,-0.27083333333333326,0.0,0.0,-0.4273412271259419,0.0,0.0,0.0,0.0,0.0,0.0,0.0,0.0,0.0,0.0,0.0,0.0,0.0,0.0,0.0,0.0
2022-02-08,26.66,27.03,26.39,27.03,17437324.0,476437234.0,1779553000.0,0.009798710125520286,0.016165413533834494,-0.008800880088008722,0.0,0.0,-0.056215083798882626,0.0,0.0,-0.10644628099173548,0.0,0.0,-0.16212027278363295,0.0,0.0,-0.11056268509378087,0.0,0.0,-0.25103906899418127,0.0,0.0,-0.4155675675675675,0.0,0.0,0.0,0.0,0.0,0.0,0.0,0.0,0.0,0.0,0.0,0.0,0.0,0.0,0.0,0.0
2022-02-09,26.91,27.31,26.85,27.3,17887567.0,497366718.0,1779553000.0,0.010051719167678625,0.009988901220865598,-0.016924738926899496,0.0,0.0,-0.029505865623889016,0.0,0.0,-0.08296943231441045,0.0,0.0,-0.14204902576995604,0.0,0.0,-0.1294642857142857,0.0,0.0,-0.2798733843313109,0.0,0.0,-0.36658932714617165,0.0,0.0,0.0,0.0,0.0,0.0,0.0,0.0,0.0,0.0,0.0,0.0,0.0,0.0,0.0,0.0
2022-02-10,27.35,27.54,27.18,27.32,15363306.0,429447831.0,1779553000.0,0.008633238796484286,0.00073260073260073,0.02591062711227954,1.0,0.0,-0.011934900542495464,0.0,0.0,-0.07920458375463435,0.0,0.0,-0.1457160725453408,0.0,0.0,-0.1384421318196153,0.0,0.0,-0.2557886134568238,0.0,0.0,-0.3909942041908159,0.0,0.0,0.0,0.0,0.0,0.0,0.0,0.0,0.0,0.0,0.0,0.0,0.0,0.0,0.0,0.0
2022-02-11,27.17,27.55,27.11,27.17,15975899.0,446480935.0,1779553000.0,0.008977478614011497,-0.0054904831625182116,0.035047619047619216,1.0,1.0,-0.013793103448275779,0.0,0.0,-0.08333333333333326,0.0,0.0,-0.15173275054636282,0.0,0.0,-0.15093749999999995,0.0,0.0,-0.24965479149406233,0.0,0.0,-0.4074154852780807,0.0,0.0,1.0,-0.006090483162518211,0.0,-0.0,0.0,-0.0,0.0,-0.0,0.0,-0.0,0.0,-0.0,0.0,-0.0
2022-02-14,26.93,27.11,26.49,26.82,13558459.0,371646046.0,1779553000.0,0.007619025114733869,-0.012881854987118246,0.008270676691729317,1.0,1.0,-0.021881838074398252,0.0,0.0,-0.05861705861705857,0.0,0.0,-0.14613180515759316,0.0,0.0,-0.15233881163084706,0.0,0.0,-0.25829646017699104,0.0,0.0,-0.37671392052056707,0.0,0.0,1.0,-0.012881854987118246,0.0,-0.0,0.0,-0.0,0.0,-0.0,0.0,-0.0,0.0,-0.0,0.0,-0.0
2022-02-15,26.91,27.43,26.91,27.26,14844222.0,413526961.0,1779553000.0,0.008341545320650748,0.01640566741237892,0.008509064002959699,1.0,1.0,-0.0003667033370002848,0.0,0.0,-0.025035765379113006,0.0,0.0,-0.13350286077558804,0.0,0.0,-0.13129381771829185,0.0,0.0,-0.24716929025131174,0.0,0.0,-0.3315350662089259,0.0,0.0,1.0,0.01640566741237892,0.0,0.0,0.0,0.0,0.0,0.0,0.0,0.0,0.0,0.0,0.0,0.0
2022-02-16,27.47,27.53,27.15,27.21,12342759.0,344438734.0,1779553000.0,0.006935876031790006,-0.0018341892883345645,-0.003296703296703285,0.0,1.0,-0.020165646380986613,0.0,0.0,-0.04291241646148436,0.0,0.0,-0.12927999999999995,0.0,0.0,-0.12451737451737444,0.0,0.0,-0.20786026200873364,0.0,0.0,-0.31615983915556667,0.0,0.0,1.0,-0.0018341892883345645,0.0,-0.0,0.0,-0.0,0.0,-0.0,0.0,-0.0,0.0,-0.0,0.0,-0.0
2022-02-17,27.14,27.42,26.98,26.99,17291722.0,480008779.0,1779553000.0,0.009716890702328056,-0.008085262771040158,-0.012079062957540354,0.0,0.0,0.013518588058580638,1.0,0.0,-0.045277679518924696,0.0,0.0,-0.1301965839510152,0.0,0.0,-0.14181240063593004,0.0,0.0,-0.21081871345029246,0.0,0.0,-0.33456607495069046,0.0,0.0,0.0,-0.0006,0.0,-0.0,0.0,-0.0,0.0,-0.0,0.0,-0.0,0.0,-0.0,0.0,-0.0
2022-02-18,26.6,26.98,26.54,26.98,13581358.0,371694104.0,1779553000.0,0.0076318929528932265,-0.0003705075954055781,-0.006993006993007089,0.0,0.0,0.02780952380952373,1.0,1.0,-0.04258339247693399,0.0,0.0,-0.12995807803934223,0.0,0.0,-0.12174479166666663,0.0,0.0,-0.1809350333940497,0.0,0.0,-0.32935620183942327,0.0,0.0,0.0,-0.0,1.0,-0.000970507595405578,0.0,-0.0,0.0,-0.0,0.0,-0.0,0.0,-0.0,0.0,-0.0
2022-02-21,26.88,27.32,26.8,27.22,14903686.0,413731499.0,1779553000.0,0.0083749604535521,0.008895478131949464,0.014914243102162494,1.0,0.0,0.02330827067669161,1.0,1.0,-0.04323374340949038,0.0,0.0,-0.10636900853578468,0.0,0.0,-0.12108492089118505,0.0,0.0,-0.17863608931804476,0.0,0.0,-0.28462549277266747,0.0,0.0,0.0,0.0,1.0,0.008895478131949464,0.0,0.0,0.0,0.0,0.0,0.0,0.0,0.0,0.0,0.0
2022-02-22,27.04,27.05,26.61,26.67,19149372.0,523924721.0,1779553000.0,0.010760776442173962,-0.020205731080088052,-0.021643433602347772,0.0,1.0,-0.013318534961154205,0.0,1.0,-0.06878491620111726,0.0,0.0,-0.11776381078398934,0.0,0.0,-0.17019290603609205,0.0,0.0,-0.2057772483621202,0.0,0.0,-0.34001484780994795,0.0,0.0,1.0,-0.02080573108008805,1.0,-0.020205731080088052,0.0,-0.0,0.0,-0.0,0.0,-0.0,0.0,-0.0,0.0,-0.0
2022-02-23,26.64,27.86,26.64,27.81,44676466.0,1260707256.0,1779553000.0,0.02510544277130268,0.04274465691788509,0.022050716648291058,1.0,0.0,0.018681318681318615,1.0,0.0,-0.01137575542125846,0.0,0.0,-0.09028459273797851,0.0,0.0,-0.1474555487431024,0.0,0.0,-0.1851743334309992,0.0,0.0,-0.28892866274610074,0.0,0.0,0.0,-0.0006,0.0,-0.0006,0.0,0.0,0.0,0.0,0.0,0.0,0.0,0.0,0.0,0.0
2022-02-24,27.56,27.77,26.88,27.21,36051770.0,1008193122.0,1779553000.0,0.020258890856299307,-0.02157497303128364,0.008151167098925605,1.0,1.0,-0.004026354319180081,0.0,1.0,-0.015913200723327248,0.0,0.0,-0.10522854324235442,0.0,0.0,-0.1635413464494313,0.0,0.0,-0.20485096434833427,0.0,0.0,-0.31667503766951277,0.0,0.0,1.0,-0.02217497303128364,1.0,-0.02217497303128364,0.0,-0.0,0.0,-0.0,0.0,-0.0,0.0,-0.0,0.0,-0.0
2022-02-25,27.57,27.83,27.38,27.47,24876361.0,701790165.0,1779553000.0,0.01397899416314097,0.009555310547592732,0.01816160118606369,1.0,1.0,0.011041589988958211,1.0,0.0,-0.0029038112522686843,0.0,0.0,-0.0821917808219178,0.0,0.0,-0.16504559270516717,0.0,0.0,-0.19959207459207462,0.0,0.0,-0.3263854830799412,0.0,0.0,1.0,0.009555310547592732,0.0,-0.0006,0.0,0.0,0.0,0.0,0.0,0.0,0.0,0.0,0.0,0.0
2022-02-28,27.4,27.62,27.23,27.36,15259913.0,427128960.0,1779553000.0,0.008575138251010226,-0.004004368401892999,0.005143277002204183,1.0,1.0,0.020134228187919323,1.0,1.0,-0.002188183807439903,0.0,0.0,-0.07598784194528874,0.0,0.0,-0.15529484408768146,0.0,0.0,-0.19125036949453145,0.0,0.0,-0.33088774761555395,0.0,0.0,1.0,-0.004004368401892999,1.0,-0.004604368401892999,0.0,-0.0,0.0,-0.0,0.0,-0.0,0.0,-0.0,0.0,-0.0
2022-03-01,27.37,27.49,27.18,27.45,14904123.0,416798338.0,1779553000.0,0.008375206020837817,0.00328947368421062,0.02924634420697414,1.0,1.0,0.006969919295671145,1.0,1.0,0.0066006600660066805,1.0,0.0,-0.07885906040268464,0.0,0.0,-0.13406940063091488,0.0,0.0,-0.1681818181818182,0.0,0.0,-0.34502505368647096,0.0,0.0,1.0,0.00328947368421062,1.0,0.00328947368421062,0.0,0.0,0.0,0.0,0.0,0.0,0.0,0.0,0.0,0.0
2022-03-02,27.25,27.25,26.97,27.13,13769158.0,381468642.0,1779553000.0,0.007737425072476066,-0.011657559198542833,-0.024451636102121532,0.0,1.0,-0.002940095553105593,0.0,1.0,-0.023046453006841938,0.0,1.0,-0.0968708388814914,0.0,0.0,-0.1639445300462251,0.0,0.0,-0.16932026944274337,0.0,0.0,-0.3552756653992395,0.0,0.0,1.0,-0.011657559198542833,1.0,-0.011657559198542833,1.0,-0.012257559198542833,0.0,-0.0,0.0,-0.0,0.0,-0.0,0.0,-0.0
2022-03-03,27.24,27.4,26.88,26.89,14270876.0,395499993.0,1779553000.0,0.00801935991791197,-0.008846295613711752,-0.011760382212421927,0.0,0.0,-0.003705075954057002,0.0,0.0,0.009763424708974844,1.0,0.0,-0.09704499664204169,0.0,0.0,-0.17515337423312882,0.0,0.0,-0.17159581022797288,0.0,0.0,-0.3412542871141597,0.0,0.0,0.0,-0.0006,0.0,-0.0006,0.0,-0.0006,0.0,-0.0,0.0,-0.0,0.0,-0.0,0.0,-0.0
2022-03-04,26.7,27.29,26.62,26.78,17934960.0,495421227.0,1779553000.0,0.010078351136493266,-0.00409074005206389,-0.025118310884601258,0.0,0.0,-0.007412898443291294,0.0,0.0,0.020190476190476314,1.0,1.0,-0.11000332336324359,0.0,0.0,-0.16677037958929686,0.0,0.0,-0.19772318753744755,0.0,0.0,-0.3256106774112314,0.0,0.0,0.0,-0.0,0.0,-0.0,1.0,-0.00469074005206389,0.0,-0.0,0.0,-0.0,0.0,-0.0,0.0,-0.0
2022-03-07,26.67,26.67,25.51,25.57,29632620.0,785021536.0,1779553000.0,0.016651720965883004,-0.0451829723674384,-0.0654239766081871,0.0,0.0,-0.06061719324026449,0.0,0.0,-0.03872180451127827,0.0,1.0,-0.1566622691292876,0.0,0.0,-0.22256004864700518,0.0,0.0,-0.2204268292682926,0.0,0.0,-0.3604302151075537,0.0,0.0,0.0,-0.0,0.0,-0.0,1.0,-0.0451829723674384,0.0,-0.0,0.0,-0.0,0.0,-0.0,0.0,-0.0
2022-03-08,25.45,25.69,24.45,24.93,25907709.0,665914786.0,1779553000.0,0.014558548691722023,-0.025029331247555797,-0.09180327868852456,0.0,0.0,-0.06524184476940387,0.0,0.0,-0.0776914539400666,0.0,0.0,-0.17586776859504138,0.0,0.0,-0.22721636701797887,0.0,0.0,-0.22505439850792675,0.0,0.0,-0.35514743921365743,0.0,0.0,0.0,-0.0,0.0,-0.0,0.0,-0.0006,0.0,-0.0,0.0,-0.0,0.0,-0.0,0.0,-0.0
2022-03-09,25.13,25.56,23.83,25.09,27651216.0,706569544.0,1779553000.0,0.015538293043252997,0.0064179703168874,-0.07519351271654995,0.0,0.0,-0.09780654440848613,0.0,0.0,-0.080952380952381,0.0,0.0,-0.15720524017467252,0.0,0.0,-0.21150219987429286,0.0,0.0,-0.22965919557875347,0.0,0.0,-0.35033661315380626,0.0,0.0,0.0,0.0,0.0,0.0,0.0,0.0,0.0,0.0,0.0,0.0,0.0,0.0,0.0,0.0
2022-03-10,25.56,25.74,25.16,25.17,17686354.0,459235356.0,1779553000.0,0.009938649762046985,0.0031885213232363263,-0.06396429899590916,0.0,0.0,-0.07497243660418962,0.0,0.0,-0.07869692532942896,0.0,0.0,-0.15166835187057637,0.0,0.0,-0.2129455909943715,0.0,0.0,-0.23588342440801446,0.0,0.0,-0.36294608959757013,0.0,0.0,0.0,0.0,0.0,0.0,0.0,0.0,0.0,0.0,0.0,0.0,0.0,0.0,0.0,0.0
2022-03-11,24.67,25.32,24.49,25.3,17438397.0,444102745.0,1779553000.0,0.009799313085926634,0.005164878823996855,-0.05526512322628829,0.0,0.0,-0.07899526756461583,0.0,0.0,-0.06882591093117407,0.0,0.0,-0.14642375168690958,0.0,0.0,-0.2101155167030908,0.0,0.0,-0.23518742442563478,0.0,0.0,-0.3568886629384851,0.0,0.0,0.0,0.0,0.0,0.0,0.0,0.0,0.0,0.0,0.0,0.0,0.0,0.0,0.0,0.0
2022-03-14,25.02,25.46,24.69,24.69,15926893.0,408924146.0,1779553000.0,0.00894994023780129,-0.024110671936758865,-0.03441533046538914,0.0,0.0,-0.0975877192982455,0.0,0.0,-0.07941834451901564,0.0,0.0,-0.13338013338013333,0.0,0.0,-0.21394460362941736,0.0,0.0,-0.2547539993963176,0.0,0.0,-0.3801154908360531,0.0,0.0,0.0,-0.0,0.0,-0.0,0.0,-0.0,0.0,-0.0,0.0,-0.0,0.0,-0.0,0.0,-0.0
2022-03-15,24.47,24.62,23.12,23.17,26818839.0,656168504.0,1779553000.0,0.015070548053359467,-0.061563385986229235,-0.07059767348576007,0.0,0.0,-0.15591985428050992,0.0,0.0,-0.15003668378576662,0.0,0.0,-0.171316165951359,0.0,0.0,-0.26350921805467253,0.0,0.0,-0.28839066339066344,0.0,0.0,-0.41445539550164257,0.0,0.0,0.0,-0.0,0.0,-0.0,0.0,-0.0,0.0,-0.0,0.0,-0.0,0.0,-0.0,0.0,-0.0
2022-03-16,23.47,24.05,22.62,23.98,29298109.0,702829005.0,1779553000.0,0.016463746232902306,0.03495899870522212,-0.044240733359904305,0.0,0.0,-0.11610762992996682,0.0,0.0,-0.11870635795663365,0.0,0.0,-0.15652479774885686,0.0,0.0,-0.23263999999999996,0.0,0.0,-0.2854588796185936,0.0,0.0,-0.38748403575989776,0.0,0.0,0.0,0.0,0.0,0.0,0.0,0.0,0.0,0.0,0.0,0.0,0.0,0.0,0.0,0.0
2022-03-17,24.46,25.24,24.35,24.85,34866785.0,885949317.0,1779553000.0,0.019593001725714265,0.036280233527939965,-0.012713547874453779,0.0,0.0,-0.07586463369282259,0.0,0.0,-0.07928862541682091,0.0,0.0,-0.12097629996462678,0.0,0.0,-0.19916210119239441,0.0,0.0,-0.24924471299093653,0.0,0.0,-0.33627136752136744,0.0,0.0,0.0,0.0,0.0,0.0,0.0,0.0,0.0,0.0,0.0,0.0,0.0,0.0,0.0,0.0
2022-03-18,24.77,25.14,24.61,24.97,16790624.0,428134327.0,1779553000.0,0.009435304258990881,0.0048289738430582485,-0.013043478260869601,0.0,0.0,-0.06758775205377154,0.0,0.0,-0.07449962935507792,0.0,0.0,-0.11391057487579848,0.0,0.0,-0.19477587874879077,0.0,0.0,-0.23050847457627133,0.0,0.0,-0.2863675335810232,0.0,0.0,0.0,0.0,0.0,0.0,0.0,0.0,0.0,0.0,0.0,0.0,0.0,0.0,0.0,0.0
2022-03-21,25.02,25.41,25.0,25.24,20246174.0,522291350.0,1779553000.0,0.011377112117481188,0.010812975570684724,0.022276225192385368,1.0,0.0,-0.01290574892452101,0.0,0.0,-0.07274063188831748,0.0,0.0,-0.11282952548330405,0.0,0.0,-0.17137229152987532,0.0,0.0,-0.21001564945226925,0.0,0.0,-0.26776907455758636,0.0,0.0,0.0,0.0,0.0,0.0,0.0,0.0,0.0,0.0,0.0,0.0,0.0,0.0,0.0,0.0
2022-03-22,25.09,25.36,24.99,25.09,14257476.0,366455081.0,1779553000.0,0.008011829937068466,-0.005942947702060164,0.08286577470867496,1.0,1.0,0.0064179703168874,1.0,0.0,-0.059242594675665616,0.0,0.0,-0.12395251396648044,0.0,0.0,-0.1700297717499173,0.0,0.0,-0.19840255591054312,0.0,0.0,-0.3044080953701137,0.0,0.0,1.0,-0.006542947702060164,0.0,-0.0,0.0,-0.0,0.0,-0.0,0.0,-0.0,0.0,-0.0,0.0,-0.0
2022-03-23,25.09,25.32,24.96,25.18,13618083.0,350377513.0,1779553000.0,0.007652530157854247,0.0035870864886409226,0.05004170141784825,1.0,1.0,0.0035870864886409226,1.0,1.0,-0.09457029845379361,0.0,0.0,-0.10487024528972622,0.0,0.0,-0.17631665031076216,0.0,0.0,-0.19808917197452225,0.0,0.0,-0.28567375886524826,0.0,0.0,1.0,0.0035870864886409226,1.0,0.0029870864886409228,0.0,0.0,0.0,0.0,0.0,0.0,0.0,0.0,0.0,0.0
2022-03-24,25.04,25.04,24.75,24.78,12320017.0,313473156.0,1779553000.0,0.0069230964180330675,-0.015885623510722757,-0.0028169014084507005,0.0,1.0,-0.015494636471990453,0.0,1.0,-0.08930540242557883,0.0,0.0,-0.10379746835443027,0.0,0.0,-0.18513646826701735,0.0,0.0,-0.2123331214240305,0.0,0.0,-0.25473684210526315,0.0,0.0,1.0,-0.015885623510722757,1.0,-0.015885623510722757,0.0,-0.0,0.0,-0.0,0.0,-0.0,0.0,-0.0,0.0,-0.0
2022-03-25,25.02,25.26,24.7,24.7,13426924.0,342527754.0,1779553000.0,0.007545110485610712,-0.0032284100080710587,-0.010812975570684835,0.0,0.0,-0.02371541501976293,0.0,0.0,-0.10083727702948675,0.0,0.0,-0.10344827586206906,0.0,0.0,-0.17474106247911791,0.0,0.0,-0.22619047619047628,0.0,0.0,-0.24718073758000614,0.0,0.0,0.0,-0.0006,0.0,-0.0006,0.0,-0.0,0.0,-0.0,0.0,-0.0,0.0,-0.0,0.0,-0.0
2022-03-28,24.42,24.83,24.28,24.78,12271651.0,309108933.0,1779553000.0,0.00689591768269897,0.0032388663967612974,-0.018225039619651273,0.0,0.0,0.0036452004860267895,1.0,0.0,-0.09429824561403499,0.0,0.0,-0.09628008752735229,0.0,0.0,-0.16312056737588643,0.0,0.0,-0.2078005115089514,0.0,0.0,-0.2531645569620252,0.0,0.0,0.0,0.0,0.0,0.0,0.0,0.0,0.0,0.0,0.0,0.0,0.0,0.0,0.0,0.0
2022-03-29,24.85,25.0,24.24,24.35,13628875.0,341572239.0,1779553000.0,0.007658594602127613,-0.01735270379338172,-0.02949382223993613,0.0,0.0,0.050927924039706474,1.0,1.0,-0.1129326047358834,0.0,0.0,-0.10707737440410703,0.0,0.0,-0.18288590604026844,0.0,0.0,-0.2279644895370957,0.0,0.0,-0.26279140175597937,0.0,0.0,0.0,-0.0,1.0,-0.01795270379338172,0.0,-0.0,0.0,-0.0,0.0,-0.0,0.0,-0.0,0.0,-0.0
2022-03-30,24.52,24.77,24.39,24.76,13376029.0,336644393.0,1779553000.0,0.00751651060687712,0.016837782340862528,-0.016679904686258906,0.0,0.0,0.03252710592160146,1.0,1.0,-0.08735716918540348,0.0,0.0,-0.10839034929780333,0.0,0.0,-0.1757656458055925,0.0,0.0,-0.20793346129238643,0.0,0.0,-0.25218967079432186,0.0,0.0,0.0,0.0,1.0,0.016837782340862528,0.0,0.0,0.0,0.0,0.0,0.0,0.0,0.0,0.0,0.0
2022-03-31,24.83,24.85,24.0,24.03,21793352.0,541647762.0,1779553000.0,0.01224653157281632,-0.029483037156704417,-0.030266343825665842,0.0,0.0,-0.032997987927565364,0.0,1.0,-0.10635924135366304,0.0,0.0,-0.09763424708974833,0.0,0.0,-0.19308260577568837,0.0,0.0,-0.23398151099776854,0.0,0.0,-0.27772768259693426,0.0,0.0,0.0,-0.0,1.0,-0.029483037156704417,0.0,-0.0,0.0,-0.0,0.0,-0.0,0.0,-0.0,0.0,-0.0
2022-04-01,23.93,24.19,23.56,23.95,17320230.0,423237696.0,1779553000.0,0.009732910455603178,-0.0033291718684977933,-0.030364372469635637,0.0,0.0,-0.04084901882258707,0.0,0.0,-0.10567587752053775,0.0,0.0,-0.0876190476190476,0.0,0.0,-0.2040545031571951,0.0,0.0,-0.23604465709728872,0.0,0.0,-0.2790487658037327,0.0,0.0,0.0,-0.0,0.0,-0.0006,0.0,-0.0,0.0,-0.0,0.0,-0.0,0.0,-0.0,0.0,-0.0
2022-04-06,23.9,23.95,23.39,23.71,19225165.0,464758326.0,1779553000.0,0.010803367474865879,-0.010020876826722258,-0.043179983857949966,0.0,0.0,-0.060618066561014206,0.0,0.0,-0.07274149393820883,0.0,0.0,-0.10864661654135344,0.0,0.0,-0.21800791556728227,0.0,0.0,-0.25157828282828276,0.0,0.0,-0.26775787523162453,0.0,0.0,0.0,-0.0,0.0,-0.0,0.0,-0.0,0.0,-0.0,0.0,-0.0,0.0,-0.0,0.0,-0.0
2022-04-07,23.51,23.78,23.1,23.1,14960662.0,358104596.0,1779553000.0,0.008406977482547583,-0.025727541121889463,-0.05133470225872694,0.0,0.0,-0.07931446791550412,0.0,0.0,-0.07340553549939821,0.0,0.0,-0.1453940066592675,0.0,0.0,-0.23636363636363633,0.0,0.0,-0.27312775330396477,0.0,0.0,-0.2819396953683556,0.0,0.0,0.0,-0.0,0.0,-0.0,0.0,-0.0,0.0,-0.0,0.0,-0.0,0.0,-0.0,0.0,-0.0
2022-04-08,23.18,23.46,22.71,23.29,16815774.0,398112230.0,1779553000.0,0.009449437021544174,0.008225108225108135,-0.05936995153473357,0.0,0.0,-0.07505957108816519,0.0,0.0,-0.0717417297728179,0.0,0.0,-0.14688644688644692,0.0,0.0,-0.2176687940880081,0.0,0.0,-0.253525641025641,0.0,0.0,-0.2963746223564955,0.0,0.0,0.0,0.0,0.0,0.0,0.0,0.0,0.0,0.0,0.0,0.0,0.0,0.0,0.0,0.0
2022-04-11,23.21,23.21,22.09,22.19,22112141.0,510412845.0,1779553000.0,0.012425671502899886,-0.04723057106054096,-0.07657095297544736,0.0,0.0,-0.10451977401129942,0.0,0.0,-0.11839491458085027,0.0,0.0,-0.1877745241581259,0.0,0.0,-0.2521065048870913,0.0,0.0,-0.3050422799874726,0.0,0.0,-0.3304164152082075,0.0,0.0,0.0,-0.0,0.0,-0.0,0.0,-0.0,0.0,-0.0,0.0,-0.0,0.0,-0.0,0.0,-0.0
2022-04-12,22.19,22.89,22.01,22.88,16819452.0,387015026.0,1779553000.0,0.009451503832704055,0.0310950878774221,-0.044676409185803734,0.0,0.0,-0.0736842105263158,0.0,0.0,-0.09565217391304359,0.0,0.0,-0.1578947368421053,0.0,0.0,-0.22807017543859653,0.0,0.0,-0.2764073371283998,0.0,0.0,-0.31823599523241963,0.0,0.0,0.0,0.0,0.0,0.0,0.0,0.0,0.0,0.0,0.0,0.0,0.0,0.0,0.0,0.0
2022-04-13,22.78,23.09,22.52,22.57,13134803.0,306306476.0,1779553000.0,0.007380956341283457,-0.013548951048951041,-0.04808097849008863,0.0,0.0,-0.08918482647296211,0.0,0.0,-0.08586472255974087,0.0,0.0,-0.15846383296047728,0.0,0.0,-0.20779220779220775,0.0,0.0,-0.30553846153846154,0.0,0.0,-0.32384661473936494,0.0,0.0,0.0,-0.0,0.0,-0.0,0.0,-0.0,0.0,-0.0,0.0,-0.0,0.0,-0.0,0.0,-0.0
2022-04-14,22.83,23.39,22.63,23.15,17643028.0,416208520.0,1779553000.0,0.009914303198612235,0.02569782897651751,0.0021645021645020357,1.0,0.0,-0.04928131416837789,0.0,0.0,-0.0008631851532154844,0.0,0.0,-0.15077035950110063,0.0,0.0,-0.17203147353361958,0.0,0.0,-0.27247014456316787,0.0,0.0,-0.32703488372093026,0.0,0.0,0.0,0.0,0.0,0.0,0.0,0.0,0.0,0.0,0.0,0.0,0.0,0.0,0.0,0.0
2022-04-15,22.87,23.37,22.78,23.22,14104121.0,334077064.0,1779553000.0,0.007925653801825515,0.0030237580993519586,-0.003005581794761736,0.0,1.0,-0.06219709208400659,0.0,0.0,-0.03169307756463724,0.0,0.0,-0.14663726571113567,0.0,0.0,-0.18325712275765038,0.0,0.0,-0.25980235894166404,0.0,0.0,-0.3769788033270728,0.0,0.0,1.0,0.0024237580993519588,0.0,0.0,0.0,0.0,0.0,0.0,0.0,0.0,0.0,0.0,0.0,0.0
2022-04-18,23.21,23.84,23.04,23.71,20483466.0,495454683.0,1779553000.0,0.011510455715564527,0.021102497846684054,0.06849932401982883,1.0,0.0,-0.01331668747399084,0.0,0.0,-0.04587525150905436,0.0,0.0,-0.12152649129307147,0.0,0.0,-0.16130173328616904,0.0,0.0,-0.2351612903225806,0.0,0.0,-0.37075371549893843,0.0,0.0,0.0,-0.0006,0.0,0.0,0.0,0.0,0.0,0.0,0.0,0.0,0.0,0.0,0.0,0.0
2022-04-19,23.61,23.78,23.31,23.38,13613427.0,326628117.0,1779553000.0,0.007649913770480564,-0.013918177983973101,0.021853146853146876,1.0,1.0,-0.023799582463465585,0.0,0.0,-0.06367641169403282,0.0,0.0,-0.13343217197924395,0.0,0.0,-0.17033356990773596,0.0,0.0,-0.2278731836195509,0.0,0.0,-0.3804981452040276,0.0,0.0,1.0,-0.014518177983973101,0.0,-0.0,0.0,-0.0,0.0,-0.0,0.0,-0.0,0.0,-0.0,0.0,-0.0
2022-04-20,23.46,23.76,23.12,23.2,11496741.0,275316237.0,1779553000.0,0.006460465633785563,-0.007698887938408894,0.02791315906070002,1.0,1.0,-0.02150991142977654,0.0,0.0,-0.08082408874801894,0.0,0.0,-0.14768552534900803,0.0,0.0,-0.18453427065026362,0.0,0.0,-0.23909478517546734,0.0,0.0,-0.37212449255751023,0.0,0.0,1.0,-0.007698887938408894,0.0,-0.0,0.0,-0.0,0.0,-0.0,0.0,-0.0,0.0,-0.0,0.0,-0.0
2022-04-21,23.02,23.6,22.65,22.72,16073623.0,380200892.0,1779553000.0,0.009032393528037658,-0.020689655172413834,-0.018574514038876888,0.0,1.0,-0.016450216450216604,0.0,0.0,-0.09445994420087689,0.0,0.0,-0.14810648668916393,0.0,0.0,-0.2067039106145252,0.0,0.0,-0.26281635301752115,0.0,0.0,-0.37530932086884794,0.0,0.0,1.0,-0.020689655172413834,0.0,-0.0,0.0,-0.0,0.0,-0.0,0.0,-0.0,0.0,-0.0,0.0,-0.0
2022-04-22,22.5,22.91,22.08,22.25,16125000.0,369825811.0,1779553000.0,0.00906126426130607,-0.020686619718309762,-0.04177433247200679,0.0,0.0,-0.04465435809360241,0.0,0.0,-0.11636219221604449,0.0,0.0,-0.19992808342322899,0.0,0.0,-0.20902950586562385,0.0,0.0,-0.2949936628643852,0.0,0.0,-0.3660968660968661,0.0,0.0,0.0,-0.0006,0.0,-0.0,0.0,-0.0,0.0,-0.0,0.0,-0.0,0.0,-0.0,0.0,-0.0
2022-04-25,21.95,21.95,20.21,20.4,24343984.0,526443978.0,1779553000.0,0.013679830833922902,-0.08314606741573038,-0.1396035428089415,0.0,0.0,-0.08066696710229848,0.0,0.0,-0.1767554479418887,0.0,0.0,-0.2502756339581037,0.0,0.0,-0.26220614828209765,0.0,0.0,-0.3276203032300594,0.0,0.0,-0.41764202112475024,0.0,0.0,0.0,-0.0,0.0,-0.0,0.0,-0.0,0.0,-0.0,0.0,-0.0,0.0,-0.0,0.0,-0.0
2022-04-26,20.39,20.65,19.45,19.5,23674566.0,485921157.0,1779553000.0,0.013303658840169413,-0.044117647058823484,-0.16595380667236947,0.0,0.0,-0.1477272727272727,0.0,0.0,-0.21052631578947367,0.0,0.0,-0.2901346923917,0.0,0.0,-0.2921960072595281,0.0,0.0,-0.3387589013224822,0.0,0.0,-0.4474355341456503,0.0,0.0,0.0,-0.0,0.0,-0.0,0.0,-0.0,0.0,-0.0,0.0,-0.0,0.0,-0.0,0.0,-0.0
2022-04-27,19.07,20.59,19.05,20.55,29952630.0,611955639.0,1779553000.0,0.01683154702332552,0.05384615384615388,-0.11422413793103448,0.0,0.0,-0.08949933540097477,0.0,0.0,-0.17070217917675545,0.0,0.0,-0.2489035087719298,0.0,0.0,-0.25054704595185995,0.0,0.0,-0.31998676373262736,0.0,0.0,-0.4094827586206896,0.0,0.0,0.0,0.0,0.0,0.0,0.0,0.0,0.0,0.0,0.0,0.0,0.0,0.0,0.0,0.0
2022-04-28,20.33,20.72,20.14,20.38,19120142.0,398950996.0,1779553000.0,0.010744350969035482,-0.008272506082725117,-0.10299295774647887,0.0,0.0,-0.11965442764578837,0.0,0.0,-0.1630390143737167,0.0,0.0,-0.25755919854280507,0.0,0.0,-0.25265859919325273,0.0,0.0,-0.3280580283547643,0.0,0.0,-0.410812373518358,0.0,0.0,0.0,-0.0,0.0,-0.0,0.0,-0.0,0.0,-0.0,0.0,-0.0,0.0,-0.0,0.0,-0.0
2022-04-29,20.66,21.25,20.54,21.13,21186372.0,453478935.0,1779553000.0,0.011905445918160347,0.03680078508341511,-0.05033707865168546,0.0,0.0,-0.09000861326442722,0.0,0.0,-0.1466074313408725,0.0,0.0,-0.2211573903427939,0.0,0.0,-0.23910694994598491,0.0,0.0,-0.33069369654735514,0.0,0.0,-0.4002270791938688,0.0,0.0,0.0,0.0,0.0,0.0,0.0,0.0,0.0,0.0,0.0,0.0,0.0,0.0,0.0,0.0
2022-05-05,22.58,23.25,22.11,23.09,72228077.0,1696205944.0,1779553000.0,0.04058776389351708,0.0927591102697587,0.1318627450980392,1.0,0.0,-0.026149304091100833,0.0,0.0,-0.03911776945484813,0.0,0.0,-0.14131647452584606,0.0,0.0,-0.13293278257604202,0.0,0.0,-0.26721675658521105,0.0,0.0,-0.32994776552524674,0.0,0.0,0.0,0.0,0.0,0.0,0.0,0.0,0.0,0.0,0.0,0.0,0.0,0.0,0.0,0.0
2022-05-06,22.29,22.7,22.24,22.36,42488568.0,973179492.0,1779553000.0,0.023875977843874276,-0.031615417929839795,0.14666666666666672,1.0,1.0,-0.043627031650983694,0.0,0.0,-0.06638830897703552,0.0,0.0,-0.16504854368932043,0.0,0.0,-0.1481904761904762,0.0,0.0,-0.2944146418428527,0.0,0.0,-0.34677183756938357,0.0,0.0,1.0,-0.0322154179298398,0.0,-0.0,0.0,-0.0,0.0,-0.0,0.0,-0.0,0.0,-0.0,0.0,-0.0
2022-05-09,22.15,22.69,22.15,22.44,20631380.0,473751443.0,1779553000.0,0.011593574341421694,0.003577817531305927,0.09197080291970816,1.0,1.0,-0.03275862068965507,0.0,0.0,-0.053563897089835444,0.0,0.0,-0.1224090731325772,0.0,0.0,-0.15639097744360897,0.0,0.0,-0.28761904761904755,0.0,0.0,-0.36322360953461974,0.0,0.0,1.0,0.003577817531305927,0.0,0.0,0.0,0.0,0.0,0.0,0.0,0.0,0.0,0.0,0.0,0.0
2022-05-10,22.09,23.12,22.0,22.97,32006510.0,746623411.0,1779553000.0,0.017985702027419247,0.023618538324420513,0.12708537782139362,1.0,1.0,0.011003521126760507,1.0,0.0,-0.005627705627705759,0.0,0.0,-0.07862013638186927,0.0,0.0,-0.1502034776174621,0.0,0.0,-0.24415926291543277,0.0,0.0,-0.3619444444444445,0.0,0.0,1.0,0.023618538324420513,0.0,0.0,0.0,0.0,0.0,0.0,0.0,0.0,0.0,0.0,0.0,0.0
2022-05-11,22.97,23.87,22.87,23.19,44643661.0,1073775049.0,1779553000.0,0.025087008366707818,0.00957771005659569,0.09749171793658307,1.0,1.0,0.042247191011236085,1.0,1.0,-0.004293688278230956,0.0,0.0,-0.0757273814268632,0.0,0.0,-0.15054945054945057,0.0,0.0,-0.2605229591836734,0.0,0.0,-0.3449152542372881,0.0,0.0,1.0,0.00957771005659569,1.0,0.00897771005659569,0.0,0.0,0.0,0.0,0.0,0.0,0.0,0.0,0.0,0.0
2022-05-12,23.0,23.73,22.98,23.42,28607899.0,683986376.0,1779553000.0,0.01607589040618627,0.009918068132815927,0.01429190125595503,1.0,1.0,0.14803921568627465,1.0,1.0,0.0554303740423614,1.0,0.0,-0.06952721493841874,0.0,0.0,-0.14275256222547583,0.0,0.0,-0.2614317250078839,0.0,0.0,-0.323121387283237,0.0,0.0,1.0,0.009918068132815927,1.0,0.009918068132815927,0.0,0.0,0.0,0.0,0.0,0.0,0.0,0.0,0.0,0.0
2022-05-13,23.64,23.69,23.2,23.32,22179562.0,530534644.0,1779553000.0,0.01246355798338122,-0.004269854824936026,0.0429338103756709,1.0,1.0,0.1958974358974359,1.0,1.0,0.019230769230769384,1.0,1.0,-0.07826086956521738,0.0,0.0,-0.1417004048582996,0.0,0.0,-0.27125,0.0,0.0,-0.3593406593406593,0.0,0.0,1.0,-0.004269854824936026,1.0,-0.004269854824936026,1.0,-0.004869854824936026,0.0,-0.0,0.0,-0.0,0.0,-0.0,0.0,-0.0
2022-05-16,23.46,23.66,22.97,23.05,20620562.0,490948842.0,1779553000.0,0.011587495286737737,-0.011578044596912473,0.0271836007130124,1.0,1.0,0.12165450121654509,1.0,1.0,0.021267168808152492,1.0,1.0,-0.06642365330093158,0.0,0.0,-0.14056674123788215,0.0,0.0,-0.2714917825537294,0.0,0.0,-0.3472104219767771,0.0,0.0,1.0,-0.011578044596912473,1.0,-0.011578044596912473,1.0,-0.011578044596912473,0.0,-0.0,0.0,-0.0,0.0,-0.0,0.0,-0.0
2022-05-17,23.13,23.57,23.01,23.52,23174416.0,554944377.0,1779553000.0,0.013022605114879973,0.020390455531453355,0.02394427514148889,1.0,1.0,0.15407262021589796,1.0,1.0,0.0159827213822894,1.0,1.0,0.015105740181268867,1.0,0.0,-0.1371973587674249,0.0,0.0,-0.25047801147227533,0.0,0.0,-0.3453938213192318,0.0,0.0,1.0,0.020390455531453355,1.0,0.020390455531453355,1.0,0.020390455531453355,0.0,0.0,0.0,0.0,0.0,0.0,0.0,0.0
2022-05-18,23.51,23.71,23.37,23.42,17059240.0,410352678.0,1779553000.0,0.009586250030204213,-0.00425170068027203,0.009918068132815927,1.0,1.0,0.10837671557027928,1.0,1.0,0.008613264427218104,1.0,1.0,-0.02335279399499579,0.0,1.0,-0.1392870268283719,0.0,0.0,-0.24646074646074634,0.0,0.0,-0.33748231966053743,0.0,0.0,1.0,-0.00425170068027203,1.0,-0.00425170068027203,1.0,-0.00425170068027203,1.0,-0.00485170068027203,0.0,-0.0,0.0,-0.0,0.0,-0.0
2022-05-19,23.02,23.81,22.87,23.75,28037907.0,673886633.0,1779553000.0,0.015755589746413848,0.014090520922288574,0.014090520922288574,1.0,1.0,0.02858380251190984,1.0,1.0,0.001687051876845258,1.0,1.0,-0.04426559356136828,0.0,0.0,-0.1200444609114486,0.0,0.0,-0.2448330683624801,0.0,0.0,-0.29754510499852116,0.0,0.0,1.0,0.014090520922288574,1.0,0.014090520922288574,1.0,0.014090520922288574,0.0,-0.0006,0.0,0.0,0.0,0.0,0.0,0.0
2022-05-20,23.83,24.41,23.83,24.19,26700680.0,658468406.0,1779553000.0,0.01500414991854696,0.018526315789473724,0.037307032590051525,1.0,1.0,0.08184257602862255,1.0,1.0,0.03464499572284008,1.0,1.0,-0.031237484981978314,0.0,0.0,-0.10340993328391401,0.0,0.0,-0.21256510416666663,0.0,0.0,-0.26001835423676956,0.0,0.0,1.0,0.018526315789473724,1.0,0.018526315789473724,1.0,0.018526315789473724,0.0,0.0,0.0,0.0,0.0,0.0,0.0,0.0
2022-05-23,24.19,24.4,23.95,24.21,19015722.0,469346986.0,1779553000.0,0.010685673312343043,0.0008267879288961222,0.05032537960954442,1.0,1.0,0.07887700534759357,1.0,1.0,0.04353448275862082,1.0,1.0,-0.04080824088748014,0.0,0.0,-0.1105804555473916,0.0,0.0,-0.2182757507265095,0.0,0.0,-0.2676950998185118,0.0,0.0,1.0,0.0008267879288961222,1.0,0.0008267879288961222,1.0,0.0008267879288961222,0.0,0.0,0.0,0.0,0.0,0.0,0.0,0.0
2022-05-24,24.13,24.34,23.16,23.19,28947885.0,703373350.0,1779553000.0,0.0162669417544743,-0.042131350681536506,-0.014030612244897878,0.0,1.0,0.00957771005659569,1.0,1.0,0.020686619718309984,1.0,1.0,-0.0757273814268632,0.0,0.0,-0.13048368953880762,0.0,0.0,-0.27846919726197883,0.0,0.0,-0.31653404067197166,0.0,0.0,1.0,-0.042131350681536506,1.0,-0.042131350681536506,1.0,-0.042131350681536506,0.0,-0.0,0.0,-0.0,0.0,-0.0,0.0,-0.0
2022-05-25,23.22,23.62,23.18,23.3,16102925.0,384625714.0,1779553000.0,0.0090488594607747,0.004743423889607579,-0.005123825789923209,0.0,0.0,0.004743423889607579,1.0,1.0,0.04719101123595504,1.0,1.0,-0.07466243050039711,0.0,0.0,-0.16217188061848253,0.0,0.0,-0.2857142857142856,0.0,0.0,-0.3057210965435042,0.0,0.0,0.0,-0.0006,1.0,0.004743423889607579,1.0,0.004743423889607579,0.0,0.0,0.0,0.0,0.0,0.0,0.0,0.0
2022-05-26,23.36,23.56,22.85,23.29,17242239.0,409213736.0,1779553000.0,0.009689084281277377,-0.00042918454935625405,-0.01936842105263159,0.0,0.0,-0.005550811272416856,0.0,1.0,0.1416666666666666,1.0,1.0,-0.06012913640032291,0.0,0.0,-0.14406468210216838,0.0,0.0,-0.2840454964648018,0.0,0.0,-0.31660798122065725,0.0,0.0,0.0,-0.0,1.0,-0.00042918454935625405,1.0,-0.00042918454935625405,0.0,-0.0,0.0,-0.0,0.0,-0.0,0.0,-0.0
2022-05-27,23.36,23.63,22.89,23.06,16760833.0,398338520.0,1779553000.0,0.00941856353814694,-0.009875483039931354,-0.046713517982637565,0.0,0.0,-0.011149228130360234,0.0,0.0,0.1825641025641025,1.0,1.0,-0.06639676113360327,0.0,0.0,-0.16053876956680013,0.0,0.0,-0.29908814589665655,0.0,0.0,-0.3298459750072653,0.0,0.0,0.0,-0.0,0.0,-0.0006,1.0,-0.009875483039931354,0.0,-0.0,0.0,-0.0,0.0,-0.0,0.0,-0.0
2022-05-30,23.17,23.5,23.0,23.27,16443625.0,391435182.0,1779553000.0,0.009240312033415132,0.009106678230702547,-0.0388269310202396,0.0,0.0,0.009544468546637708,1.0,0.0,0.132360097323601,1.0,1.0,-0.06093623890234068,0.0,0.0,-0.14948830409356728,0.0,0.0,-0.2815683853041062,0.0,0.0,-0.2879436964504284,0.0,0.0,0.0,0.0,0.0,0.0,1.0,0.009106678230702547,0.0,0.0,0.0,0.0,0.0,0.0,0.0,0.0
2022-05-31,23.07,23.66,22.73,23.66,29639653.0,706437938.0,1779553000.0,0.016655673081948107,0.016759776536312776,0.0202673566192324,1.0,0.0,0.005952380952380931,1.0,1.0,0.16094210009813548,1.0,1.0,-0.028336755646817258,0.0,0.0,-0.1380692167577413,0.0,0.0,-0.2536277602523659,0.0,0.0,-0.2746781115879827,0.0,0.0,0.0,0.0,1.0,0.016159776536312776,1.0,0.016759776536312776,0.0,0.0,0.0,0.0,0.0,0.0,0.0,0.0
2022-06-01,23.52,23.7,23.32,23.45,19685817.0,473003221.0,1779553000.0,0.011062225738710789,-0.00887573964497046,0.006437768240343367,1.0,1.0,0.001280956447480719,1.0,1.0,0.10979649787032653,1.0,1.0,-0.05290791599353806,0.0,0.0,-0.13564319941024694,0.0,0.0,-0.2773497688751927,0.0,0.0,-0.25079872204472853,0.0,0.0,1.0,-0.00947573964497046,1.0,-0.00887573964497046,1.0,-0.00887573964497046,0.0,-0.0,0.0,-0.0,0.0,-0.0,0.0,-0.0
2022-06-02,23.39,23.94,23.27,23.87,27972331.0,678871350.0,1779553000.0,0.015718740043145666,0.017910447761193993,0.02490339201373981,1.0,1.0,0.00505263157894742,1.0,1.0,0.033780857514075446,1.0,1.0,-0.006658343736995476,0.0,0.0,-0.1123094087021197,0.0,0.0,-0.2677914110429448,0.0,0.0,-0.23222901254422645,0.0,0.0,1.0,0.017910447761193993,1.0,0.017910447761193993,1.0,0.017910447761193993,0.0,0.0,0.0,0.0,0.0,0.0,0.0,0.0
2022-06-06,23.95,24.71,23.9,24.7,45036774.0,1121670146.0,1779553000.0,0.025307913841284863,0.034771679932970256,0.0711188204683435,1.0,1.0,0.02108309218685389,1.0,1.0,0.10465116279069764,1.0,1.0,0.03131524008350728,1.0,0.0,-0.07766990291262144,0.0,0.0,-0.2314872433105165,0.0,0.0,-0.21810699588477367,0.0,0.0,1.0,0.034771679932970256,1.0,0.034771679932970256,1.0,0.034771679932970256,0.0,0.0,0.0,0.0,0.0,0.0,0.0,0.0
2022-06-07,24.73,24.78,24.15,24.29,32107394.0,799130080.0,1779553000.0,0.01804239266827119,-0.016599190283400844,0.04383326171035673,1.0,1.0,0.00330441966129702,1.0,1.0,0.08244206773618523,1.0,1.0,0.024462252214255464,1.0,1.0,-0.05005866249511148,0.0,0.0,-0.26147765278200064,0.0,0.0,-0.25215517241379304,0.0,0.0,1.0,-0.016599190283400844,1.0,-0.016599190283400844,1.0,-0.016599190283400844,1.0,-0.017199190283400844,0.0,-0.0,0.0,-0.0,0.0,-0.0
2022-06-08,24.2,24.37,23.71,24.14,29763095.0,731902089.0,1779553000.0,0.01672503993980511,-0.006175380815150233,0.020287404902789463,1.0,1.0,0.04096593359206557,1.0,1.0,0.05093600348280369,1.0,1.0,0.04502164502164496,1.0,1.0,-0.03168872843963089,0.0,0.0,-0.2517048977061376,0.0,0.0,-0.25007766387076724,0.0,0.0,1.0,-0.006175380815150233,1.0,-0.006175380815150233,1.0,-0.006175380815150233,1.0,-0.006175380815150233,0.0,-0.0,0.0,-0.0,0.0,-0.0
2022-06-09,24.12,24.12,23.42,23.54,24964329.0,604844993.0,1779553000.0,0.014028426801561964,-0.024855012427506318,0.003837953091684332,1.0,1.0,0.010300429184549209,1.0,1.0,0.015092712376024053,1.0,1.0,0.010734220695577612,1.0,1.0,-0.06177760063770432,0.0,0.0,-0.2602137020741673,0.0,0.0,-0.3090695626651013,0.0,0.0,1.0,-0.024855012427506318,1.0,-0.024855012427506318,1.0,-0.024855012427506318,1.0,-0.024855012427506318,0.0,-0.0,0.0,-0.0,0.0,-0.0
2022-06-10,23.32,23.8,23.27,23.8,24162740.0,584959980.0,1779553000.0,0.01357798278556469,0.011045029736618694,-0.0029325513196480912,0.0,1.0,0.021897810218978186,1.0,1.0,0.016225448334756587,1.0,1.0,0.0725552050473186,1.0,1.0,-0.054429876837505,0.0,0.0,-0.25578486554096314,0.0,0.0,-0.28827751196172247,0.0,0.0,1.0,0.011045029736618694,1.0,0.011045029736618694,1.0,0.011045029736618694,1.0,0.011045029736618694,0.0,0.0,0.0,0.0,0.0,0.0
2022-06-13,23.47,23.99,23.37,23.77,20459123.0,496605387.0,1779553000.0,0.011496776437678451,-0.0012605042016806678,-0.03765182186234817,0.0,0.0,0.03078924544666095,1.0,1.0,0.019296740994854122,1.0,1.0,0.03889860139860146,1.0,1.0,-0.06047430830039535,0.0,0.0,-0.2578832344676866,0.0,0.0,-0.29736919893585567,0.0,0.0,0.0,-0.0006,1.0,-0.0012605042016806678,1.0,-0.0012605042016806678,1.0,-0.0012605042016806678,0.0,-0.0,0.0,-0.0,0.0,-0.0
2022-06-14,23.52,23.62,22.69,23.58,30296142.0,717828034.0,1779553000.0,0.017024579768065352,-0.00799326882625162,-0.02923013585837797,0.0,0.0,0.01332187365706905,1.0,1.0,0.022993492407809013,1.0,1.0,0.04474966770048727,1.0,1.0,-0.04495747266099648,0.0,0.0,-0.24928366762177656,0.0,0.0,-0.3165217391304348,0.0,0.0,0.0,-0.0,1.0,-0.00799326882625162,1.0,-0.00799326882625162,1.0,-0.00799326882625162,0.0,-0.0,0.0,-0.0,0.0,-0.0
2022-06-15,23.55,25.22,23.5,24.69,71004605.0,1790646010.0,1779553000.0,0.039900247421683986,0.04707379134860057,0.022783761391880653,1.0,0.0,0.04353338968723586,1.0,1.0,0.04974489795918369,1.0,1.0,0.06652267818574531,1.0,1.0,0.06560207164436771,1.0,0.0,-0.2151938970120788,0.0,0.0,-0.2759530791788857,0.0,0.0,0.0,0.0,1.0,0.04707379134860057,1.0,0.04707379134860057,1.0,0.04707379134860057,0.0,0.0,0.0,0.0,0.0,0.0
2022-06-16,24.83,25.13,24.58,24.8,43223480.0,1100218461.0,1779553000.0,0.024288953461908694,0.0044552450384771625,0.05352591333899759,1.0,1.0,0.05756929637526653,1.0,1.0,0.05892399658411618,1.0,1.0,0.06804478897502153,1.0,1.0,0.034195162635529686,1.0,1.0,-0.20640000000000003,0.0,0.0,-0.2623438429506245,0.0,0.0,1.0,0.0038552450384771626,1.0,0.0044552450384771625,1.0,0.0044552450384771625,1.0,0.0044552450384771625,1.0,0.0038552450384771626,0.0,0.0,0.0,0.0
2022-06-17,24.44,24.73,24.17,24.72,32017610.0,802110352.0,1779553000.0,0.017991939548864237,-0.003225806451612967,0.03865546218487381,1.0,1.0,0.03560955173858393,1.0,1.0,0.04084210526315779,1.0,1.0,0.04259805989034149,1.0,1.0,-0.005231388329979936,0.0,1.0,-0.20335159523042223,0.0,0.0,-0.2720848056537103,0.0,0.0,1.0,-0.003225806451612967,1.0,-0.003225806451612967,1.0,-0.003225806451612967,1.0,-0.003225806451612967,1.0,-0.003225806451612967,0.0,-0.0,0.0,-0.0
2022-06-20,24.78,25.07,24.49,24.8,32070924.0,812095959.0,1779553000.0,0.01802189875772174,0.003236245954692629,0.04333193100546917,1.0,1.0,0.004048582995951566,1.0,1.0,0.025217031831335168,1.0,1.0,0.06073567151411474,1.0,1.0,-0.006808169803764419,0.0,0.0,-0.20025798129635608,0.0,0.0,-0.31263858093126384,0.0,0.0,1.0,0.003236245954692629,1.0,0.003236245954692629,1.0,0.003236245954692629,1.0,0.003236245954692629,0.0,-0.0006,0.0,0.0,0.0,0.0
2022-06-21,24.85,24.88,24.26,24.67,26409175.0,663925489.0,1779553000.0,0.014840341928562959,-0.005241935483870974,0.04622561492790522,1.0,1.0,0.015644298065047524,1.0,1.0,0.0190004130524577,1.0,1.0,0.06336206896551744,1.0,1.0,-0.022583201267828756,0.0,0.0,-0.19008535784635583,0.0,0.0,-0.29514285714285704,0.0,0.0,1.0,-0.005241935483870974,1.0,-0.005241935483870974,1.0,-0.005241935483870974,1.0,-0.005241935483870974,0.0,-0.0,0.0,-0.0,0.0,-0.0
2022-06-22,24.62,24.66,23.95,23.95,25518870.0,632167631.0,1779553000.0,0.014340044943870736,-0.029185245237130175,-0.029971648440664356,0.0,1.0,-0.007870753935377062,0.0,1.0,0.03277274687365228,1.0,1.0,0.054137323943662,1.0,1.0,-0.04543642885611798,0.0,0.0,-0.20774065497849825,0.0,0.0,-0.30720277697425513,0.0,0.0,1.0,-0.029185245237130175,1.0,-0.029185245237130175,1.0,-0.029185245237130175,1.0,-0.029185245237130175,0.0,-0.0,0.0,-0.0,0.0,-0.0
2022-06-23,23.8,24.39,23.77,24.39,21836515.0,539919376.0,1779553000.0,0.012270786540215435,0.018371607515657695,-0.01653225806451608,0.0,0.0,0.03610875106202216,1.0,0.0,0.04678111587982836,1.0,1.0,0.09617977528089883,1.0,1.0,-0.03137410643367744,0.0,0.0,-0.20215897939156036,0.0,0.0,-0.2985332182916307,0.0,0.0,0.0,-0.0006,0.0,-0.0006,1.0,0.018371607515657695,1.0,0.018371607515657695,0.0,0.0,0.0,0.0,0.0,0.0
2022-06-24,24.53,24.95,24.48,24.67,34690293.0,877527883.0,1779553000.0,0.019493824010861156,0.011480114801148078,-0.0020226537216827545,0.0,0.0,0.03655462184873959,1.0,1.0,0.0592528982395879,1.0,1.0,0.20931372549019622,1.0,1.0,-0.004439063761097595,0.0,0.0,-0.1887536994409733,0.0,0.0,-0.25423216444981855,0.0,0.0,0.0,0.0,1.0,0.010880114801148078,1.0,0.011480114801148078,1.0,0.011480114801148078,0.0,0.0,0.0,0.0,0.0,0.0
2022-06-27,24.76,25.45,24.67,25.22,45349453.0,1165597458.0,1779553000.0,0.025483620324879337,0.02229428455614091,0.01693548387096766,1.0,0.0,0.061001262095077724,1.0,1.0,0.09366869037294023,1.0,1.0,0.2933333333333332,1.0,1.0,0.021052631578947434,1.0,0.0,-0.15736719011025735,0.0,0.0,-0.2378362042913268,0.0,0.0,0.0,0.0,1.0,0.02229428455614091,1.0,0.02229428455614091,1.0,0.02229428455614091,0.0,0.0,0.0,0.0,0.0,0.0
2022-06-28,25.31,26.29,24.82,26.1,59244547.0,1554541102.0,1779553000.0,0.033291813730751484,0.03489294210943705,0.05796513984596685,1.0,1.0,0.10687022900763377,1.0,1.0,0.12161581435324464,1.0,1.0,0.27007299270072993,1.0,1.0,0.053268765133172025,1.0,1.0,-0.11854103343465039,0.0,0.0,-0.2028100183262065,0.0,0.0,1.0,0.03429294210943705,1.0,0.03489294210943705,1.0,0.03489294210943705,1.0,0.03489294210943705,1.0,0.03429294210943705,0.0,0.0,0.0,0.0
2022-06-29,25.9,26.97,25.83,26.34,81763100.0,2226057543.0,1779553000.0,0.04594586393324616,0.009195402298850519,0.09979123173277671,1.0,1.0,0.06682867557715677,1.0,1.0,0.11327134404057482,1.0,1.0,0.29244357212953886,1.0,1.0,0.08172484599589325,1.0,1.0,-0.11610738255033559,0.0,0.0,-0.2461362335432169,0.0,0.0,1.0,0.009195402298850519,1.0,0.009195402298850519,1.0,0.009195402298850519,1.0,0.009195402298850519,1.0,0.009195402298850519,0.0,0.0,0.0,0.0
2022-06-30,26.34,26.74,26.13,26.39,49324020.0,1334543176.0,1779553000.0,0.027717084009298964,0.0018982536066818323,0.08200082000820008,1.0,1.0,0.06411290322580654,1.0,1.0,0.12537313432835817,1.0,1.0,0.24893516327496457,1.0,1.0,0.06583198707592897,1.0,1.0,-0.12150466045272967,0.0,0.0,-0.246,0.0,0.0,1.0,0.0018982536066818323,1.0,0.0018982536066818323,1.0,0.0018982536066818323,1.0,0.0018982536066818323,1.0,0.0018982536066818323,0.0,0.0,0.0,0.0
2022-07-01,26.42,26.62,26.06,26.18,33501729.0,901752332.0,1779553000.0,0.018825923701064257,-0.007957559681697646,0.0612079448723144,1.0,1.0,0.059061488673139095,1.0,1.0,0.09677419354838701,1.0,1.0,0.13382416630576,1.0,1.0,0.08947149396587584,1.0,1.0,-0.12088650100738751,0.0,0.0,-0.23939570017431733,0.0,0.0,1.0,-0.007957559681697646,1.0,-0.007957559681697646,1.0,-0.007957559681697646,1.0,-0.007957559681697646,1.0,-0.007957559681697646,0.0,-0.0,0.0,-0.0
2022-07-04,25.76,25.78,25.3,25.71,38256465.0,999248447.0,1779553000.0,0.02149779467090893,-0.0179526355996944,0.019429024583663912,1.0,1.0,0.03669354838709671,1.0,1.0,0.04089068825910935,1.0,1.0,0.14982110912343471,1.0,1.0,0.07348643006263056,1.0,1.0,-0.14556331006979062,0.0,0.0,-0.24226348364279393,0.0,0.0,1.0,-0.0179526355996944,1.0,-0.0179526355996944,1.0,-0.0179526355996944,1.0,-0.0179526355996944,1.0,-0.0179526355996944,0.0,-0.0,0.0,-0.0
2022-07-05,25.61,26.0,25.29,25.6,29729190.0,778593615.0,1779553000.0,0.016705987402454436,-0.004278490859587647,-0.019157088122605415,0.0,1.0,0.037697608431292995,1.0,1.0,0.053931659118979125,1.0,1.0,0.14081996434937616,1.0,1.0,0.07971320118093628,1.0,1.0,-0.15567282321899734,0.0,0.0,-0.29144755051203985,0.0,0.0,1.0,-0.004278490859587647,1.0,-0.004278490859587647,1.0,-0.004278490859587647,1.0,-0.004278490859587647,1.0,-0.004278490859587647,0.0,-0.0,0.0,-0.0
2022-07-06,25.5,26.34,25.43,26.09,42041407.0,1114896383.0,1779553000.0,0.02362470069730994,0.01914062499999991,-0.009491268033409272,0.0,0.0,0.08935281837160747,1.0,1.0,0.08077879038939506,1.0,1.0,0.1358293426208097,1.0,1.0,0.12943722943722946,1.0,1.0,-0.13752066115702477,0.0,0.0,-0.2588068181818183,0.0,0.0,0.0,-0.0006,1.0,0.01914062499999991,1.0,0.01914062499999991,1.0,0.01914062499999991,1.0,0.01914062499999991,0.0,0.0,0.0,0.0
2022-07-07,26.18,26.27,25.57,25.71,27501904.0,725645091.0,1779553000.0,0.015454388826857082,-0.014564967420467534,-0.02576733611216364,0.0,0.0,0.05412054120541199,1.0,1.0,0.09218351741716235,1.0,1.0,0.10866752910737376,1.0,1.0,0.1039072563331902,1.0,1.0,-0.13637890493785687,0.0,0.0,-0.29465020576131695,0.0,0.0,0.0,-0.0,1.0,-0.014564967420467534,1.0,-0.014564967420467534,1.0,-0.014564967420467534,1.0,-0.014564967420467534,0.0,-0.0,0.0,-0.0
2022-07-08,25.8,26.14,25.59,25.61,25028369.0,662551252.0,1779553000.0,0.014064413366727486,-0.00388953714507978,-0.02177234530175709,0.0,0.0,0.038102959059586494,1.0,1.0,0.07605042016806718,1.0,1.0,0.09350982066609714,1.0,1.0,0.15412347904461465,1.0,1.0,-0.13683855746545337,0.0,0.0,-0.2970079604721384,0.0,0.0,0.0,-0.0,1.0,-0.00388953714507978,1.0,-0.00388953714507978,1.0,-0.00388953714507978,1.0,-0.00388953714507978,0.0,-0.0,0.0,-0.0
2022-07-11,25.42,25.45,24.64,24.83,26983103.0,686866427.0,1779553000.0,0.015162854379723447,-0.030456852791878264,-0.03422792687670173,0.0,0.0,-0.015463917525773252,0.0,1.0,0.04459402608329821,1.0,1.0,0.06475128644939954,1.0,1.0,0.08522727272727271,1.0,1.0,-0.16228070175438603,0.0,0.0,-0.2983893755298107,0.0,0.0,0.0,-0.0,1.0,-0.030456852791878264,1.0,-0.030456852791878264,1.0,-0.030456852791878264,1.0,-0.030456852791878264,0.0,-0.0,0.0,-0.0
2022-07-12,24.77,25.03,24.34,24.35,20285950.0,511314236.0,1779553000.0,0.011399463797931279,-0.01933145388642754,-0.048828125,0.0,0.0,-0.06704980842911878,0.0,0.0,0.03265479219677703,1.0,1.0,0.05639913232104132,1.0,1.0,0.07886575099689863,1.0,1.0,-0.14531414531414522,0.0,0.0,-0.3379554105492115,0.0,0.0,0.0,-0.0,0.0,-0.0006,1.0,-0.01933145388642754,1.0,-0.01933145388642754,1.0,-0.01933145388642754,0.0,-0.0,0.0,-0.0
2022-07-13,24.24,24.54,24.05,24.31,17146140.0,426078592.0,1779553000.0,0.009635082517913207,-0.001642710472279374,-0.06822537370640092,0.0,0.0,-0.07706909643128323,0.0,0.0,-0.01539084649655742,0.0,1.0,0.03358843537414957,1.0,1.0,0.05010799136069122,1.0,1.0,-0.13054363376251799,0.0,0.0,-0.3376021798365123,0.0,0.0,0.0,-0.0,0.0,-0.0,1.0,-0.001642710472279374,1.0,-0.001642710472279374,1.0,-0.001642710472279374,0.0,-0.0,0.0,-0.0
2022-07-14,24.46,24.62,24.25,24.43,14946659.0,370646488.0,1779553000.0,0.008399108652566122,0.00493624023035788,-0.04978607545702063,0.0,0.0,-0.07427055702917773,0.0,0.0,-0.014919354838709764,0.0,0.0,0.043125533731853016,1.0,1.0,0.05211024978466838,1.0,1.0,-0.14069644741470277,0.0,0.0,-0.35980083857442346,0.0,0.0,0.0,0.0,0.0,0.0,0.0,-0.0006,1.0,0.00493624023035788,1.0,0.00493624023035788,0.0,0.0,0.0,0.0
2022-07-15,24.34,24.74,24.03,24.03,21090380.0,521599567.0,1779553000.0,0.01185150428225515,-0.016373311502251298,-0.06169465052713774,0.0,0.0,-0.08212375859434673,0.0,0.0,-0.027912621359223233,0.0,0.0,0.011789473684210572,1.0,1.0,0.01349641501476162,1.0,1.0,-0.14998231340643786,0.0,0.0,-0.38683337586118904,0.0,0.0,0.0,-0.0,0.0,-0.0,0.0,-0.0,1.0,-0.016373311502251298,1.0,-0.016373311502251298,0.0,-0.0,0.0,-0.0
2022-07-18,24.04,24.91,23.59,24.72,27124168.0,669503594.0,1779553000.0,0.015242124286267394,0.028714107365792607,-0.004430124848972983,0.0,0.0,-0.03850641773628949,0.0,0.0,-0.003225806451612967,0.0,0.0,0.021909880115750235,1.0,1.0,0.057313943541488444,1.0,1.0,-0.12278211497515967,0.0,0.0,-0.37322515212981744,0.0,0.0,0.0,0.0,0.0,0.0,0.0,0.0,1.0,0.028714107365792607,1.0,0.028714107365792607,0.0,0.0,0.0,0.0
2022-07-19,24.69,24.89,24.49,24.8,17980962.0,450795991.0,1779553000.0,0.010104201448341241,0.003236245954692629,0.01848049281314168,1.0,0.0,-0.03125,0.0,0.0,0.005269558167815047,1.0,0.0,0.02437009500206533,1.0,1.0,0.06896551724137945,1.0,1.0,-0.12829525483304038,0.0,0.0,-0.37310414560161786,0.0,0.0,0.0,0.0,0.0,0.0,0.0,0.0,1.0,0.003236245954692629,1.0,0.003236245954692629,0.0,0.0,0.0,0.0
2022-07-20,24.88,25.29,24.74,24.88,20913532.0,530274548.0,1779553000.0,0.011752126517164703,0.003225806451612856,0.023447141094199875,1.0,1.0,-0.046377922575699504,0.0,0.0,0.03883089770354897,1.0,1.0,0.07287623975851654,1.0,1.0,0.09507042253521125,1.0,1.0,-0.13128491620111737,0.0,0.0,-0.39816158684083225,0.0,0.0,1.0,0.002625806451612856,0.0,0.0,1.0,0.002625806451612856,1.0,0.003225806451612856,1.0,0.003225806451612856,0.0,0.0,0.0,0.0
2022-07-21,24.76,25.41,24.54,24.92,28304030.0,721660883.0,1779553000.0,0.015905134604026965,0.001607717041800738,0.02005730659025806,1.0,1.0,-0.03072734344612993,0.0,0.0,0.02173021730217317,1.0,1.0,0.06952789699570827,1.0,1.0,0.1200000000000001,1.0,1.0,-0.11411304656949861,0.0,0.0,-0.39115563156608835,0.0,0.0,1.0,0.001607717041800738,0.0,0.0,1.0,0.001607717041800738,1.0,0.001607717041800738,1.0,0.001607717041800738,0.0,0.0,0.0,0.0
2022-07-22,24.92,25.17,24.33,24.5,20047837.0,501180854.0,1779553000.0,0.011265658848036557,-0.016853932584269704,0.019558884727423953,1.0,1.0,-0.04334244435767276,0.0,0.0,-0.0068909606809891555,0.0,1.0,0.0519536281665951,1.0,1.0,0.20098039215686292,1.0,1.0,-0.11392405063291133,0.0,0.0,-0.39416419386745793,0.0,0.0,1.0,-0.016853932584269704,0.0,-0.0,1.0,-0.016853932584269704,1.0,-0.016853932584269704,1.0,-0.016853932584269704,0.0,-0.0,0.0,-0.0
2022-07-25,24.47,24.64,24.01,24.09,14424899.0,355074666.0,1779553000.0,0.00810591142831936,-0.016734693877551,-0.025485436893203817,0.0,1.0,-0.02980265807490934,0.0,0.0,-0.044805709754163314,0.0,0.0,0.04466608846487419,1.0,1.0,0.2353846153846153,1.0,1.0,-0.12558983666061707,0.0,0.0,-0.35998937300743894,0.0,0.0,1.0,-0.016734693877551,0.0,-0.0,0.0,-0.0006,1.0,-0.016734693877551,1.0,-0.016734693877551,0.0,-0.0,0.0,-0.0
2022-07-26,24.19,24.43,23.79,24.43,14221449.0,348489664.0,1779553000.0,0.00799158496543795,0.01411374014113731,-0.014919354838709764,0.0,0.0,0.003285420944558526,1.0,0.0,-0.06398467432950194,0.0,0.0,0.04984959174903314,1.0,1.0,0.1888077858880779,1.0,1.0,-0.10904449307075137,0.0,0.0,-0.35164543524416136,0.0,0.0,0.0,-0.0006,0.0,0.0,0.0,0.0,1.0,0.01411374014113731,1.0,0.01411374014113731,0.0,0.0,0.0,0.0
2022-07-27,24.26,24.38,23.73,23.93,15590587.0,380368739.0,1779553000.0,0.008760956824550884,-0.020466639377814122,-0.03818327974276525,0.0,0.0,-0.015631427396133213,0.0,1.0,-0.09149582384206534,0.0,0.0,0.011411665257819115,1.0,1.0,0.174190382728165,1.0,1.0,-0.12247891455812243,0.0,0.0,-0.3575838926174497,0.0,0.0,0.0,-0.0,1.0,-0.021066639377814122,0.0,-0.0,1.0,-0.020466639377814122,1.0,-0.020466639377814122,0.0,-0.0,0.0,-0.0
2022-07-28,24.13,25.62,24.11,25.23,56336766.0,1439712216.0,1779553000.0,0.031657818564549633,0.05432511491851244,0.012439807383627599,1.0,0.0,0.032746623004502595,1.0,0.0,-0.04395604395604391,0.0,0.0,0.0759061833688699,1.0,1.0,0.1940369143398013,1.0,1.0,-0.09146561037090384,0.0,0.0,-0.31009023789991796,0.0,0.0,0.0,0.0,0.0,-0.0006,0.0,0.0,1.0,0.05432511491851244,1.0,0.05432511491851244,0.0,0.0,0.0,0.0
2022-07-29,25.19,25.35,24.79,24.85,25981330.0,659870562.0,1779553000.0,0.01459991919319065,-0.015061434799841456,0.014285714285714235,1.0,1.0,0.03412401165210155,1.0,1.0,-0.050802139037433136,0.0,0.0,0.04105571847507328,1.0,1.0,0.07622347336509327,1.0,1.0,-0.06684190762298148,0.0,0.0,-0.3158039647577092,0.0,0.0,1.0,-0.015661434799841455,1.0,-0.015661434799841455,0.0,-0.0,1.0,-0.015061434799841456,1.0,-0.015061434799841456,0.0,-0.0,0.0,-0.0
2022-08-01,24.67,24.91,23.94,24.85,24036043.0,598602160.0,1779553000.0,0.01350678681668936,0.0,0.03154836031548358,1.0,1.0,0.005258899676375606,1.0,1.0,-0.033450019447685664,0.0,0.0,0.006072874493927127,1.0,1.0,0.11135957066189639,1.0,1.0,-0.05333333333333323,0.0,0.0,-0.3350280974043349,0.0,0.0,1.0,0.0,1.0,0.0,0.0,0.0,1.0,0.0,1.0,0.0,0.0,0.0,0.0,0.0
2022-08-02,24.46,24.55,23.46,23.74,38202092.0,927743721.0,1779553000.0,0.02146724036878924,-0.04466800804828985,-0.0282439623413836,0.0,1.0,-0.04274193548387106,0.0,1.0,-0.07265625000000009,0.0,0.0,-0.0226430629888843,0.0,1.0,0.05793226381461669,1.0,1.0,-0.10751879699248135,0.0,0.0,-0.35154329418191754,0.0,0.0,1.0,-0.04466800804828985,1.0,-0.04466800804828985,0.0,-0.0,1.0,-0.04466800804828985,1.0,-0.04466800804828985,0.0,-0.0,0.0,-0.0
2022-08-03,23.7,25.17,23.7,24.45,45330922.0,1127110979.0,1779553000.0,0.025473207035699413,0.029907329401853477,0.02173004596740502,1.0,0.0,-0.01728295819935688,0.0,0.0,-0.06285933307780767,0.0,0.0,0.012841756420878259,1.0,0.0,0.06443186765346098,1.0,1.0,-0.09544950055493906,0.0,0.0,-0.323464305478694,0.0,0.0,0.0,-0.0006,0.0,-0.0006,0.0,0.0,0.0,-0.0006,1.0,0.029907329401853477,0.0,0.0,0.0,0.0
2022-08-04,24.6,26.28,24.57,25.92,79065194.0,2062342836.0,1779553000.0,0.04442980568715851,0.060122699386503164,0.027348394768133222,1.0,1.0,0.0401284109149278,1.0,0.0,0.008168028004667427,1.0,0.0,0.10110450297366191,1.0,1.0,0.11772315653298837,1.0,1.0,-0.05054945054945048,0.0,0.0,-0.26090675791274587,0.0,0.0,1.0,0.05952269938650316,0.0,0.0,0.0,0.0,1.0,0.05952269938650316,1.0,0.060122699386503164,0.0,0.0,0.0,0.0
2022-08-05,26.31,28.5,25.99,28.14,147870117.0,4109901251.0,1779553000.0,0.08309396629378277,0.08564814814814814,0.13239436619718314,1.0,1.0,0.14857142857142858,1.0,1.0,0.0987895353377588,1.0,1.0,0.1823529411764706,1.0,1.0,0.20153714773697695,1.0,1.0,0.030014641288433452,1.0,0.0,-0.21898417985012486,0.0,0.0,1.0,0.08564814814814814,1.0,0.08504814814814814,1.0,0.08504814814814814,1.0,0.08564814814814814,1.0,0.08564814814814814,0.0,0.0,0.0,0.0
2022-08-08,28.93,29.74,28.14,28.43,159820766.0,4672103860.0,1779553000.0,0.08980950047568126,0.01030561478322678,0.1440643863179074,1.0,1.0,0.1801577418015774,1.0,1.0,0.14498590414820778,1.0,1.0,0.19604543542280184,1.0,1.0,0.21912521440823318,1.0,1.0,0.046374677953625154,1.0,1.0,-0.2361633530360021,0.0,0.0,1.0,0.01030561478322678,1.0,0.01030561478322678,1.0,0.01030561478322678,1.0,0.01030561478322678,1.0,0.01030561478322678,1.0,0.00970561478322678,0.0,0.0
2022-08-09,27.8,29.5,27.3,29.12,131677550.0,3741442148.0,1779553000.0,0.0739947335089205,0.024270137179036366,0.22662173546756548,1.0,1.0,0.1919770773638969,1.0,1.0,0.19589322381930185,1.0,1.0,0.23494486853265495,1.0,1.0,0.2633405639913231,1.0,1.0,0.08575689783743479,1.0,1.0,-0.176936122102883,0.0,0.0,1.0,0.024270137179036366,1.0,0.024270137179036366,1.0,0.024270137179036366,1.0,0.024270137179036366,1.0,0.024270137179036366,1.0,0.024270137179036366,0.0,0.0
2022-08-10,28.19,29.2,27.82,28.11,112325813.0,3255853944.0,1779553000.0,0.0631202403075379,-0.03468406593406603,0.14969325153374236,1.0,1.0,0.17467613873798582,1.0,1.0,0.1563142739613328,1.0,1.0,0.13851761846901578,1.0,1.0,0.19515306122448983,1.0,1.0,0.031181217901687264,1.0,1.0,-0.24129554655870444,0.0,0.0,1.0,-0.03468406593406603,1.0,-0.03468406593406603,1.0,-0.03468406593406603,1.0,-0.03468406593406603,1.0,-0.03468406593406603,1.0,-0.03468406593406603,0.0,-0.0
2022-08-11,28.11,29.48,28.11,28.72,105938033.0,3117475329.0,1779553000.0,0.05953069843943957,0.02170046246887236,0.1080246913580245,1.0,1.0,0.1383273880301228,1.0,1.0,0.1756037658616454,1.0,1.0,0.15806451612903216,1.0,1.0,0.22630230572160537,1.0,1.0,0.05549430356486584,1.0,1.0,-0.25013054830287207,0.0,0.0,1.0,0.02170046246887236,1.0,0.02170046246887236,1.0,0.02170046246887236,1.0,0.02170046246887236,1.0,0.02170046246887236,1.0,0.02170046246887236,0.0,0.0
2022-08-12,28.58,29.34,28.49,28.58,86877516.0,2552597258.0,1779553000.0,0.04881985307546333,-0.004874651810584996,0.01563610518834402,1.0,1.0,0.15010060362173028,1.0,1.0,0.1893466500208072,1.0,1.0,0.15614886731391575,1.0,1.0,0.20336842105263142,1.0,1.0,0.058910707669507234,1.0,1.0,-0.2535910159310525,0.0,0.0,1.0,-0.004874651810584996,1.0,-0.004874651810584996,1.0,-0.004874651810584996,1.0,-0.004874651810584996,1.0,-0.004874651810584996,1.0,-0.004874651810584996,0.0,-0.0
2022-08-15,28.48,28.82,28.02,28.08,60840995.0,1743510805.0,1779553000.0,0.03418891991415822,-0.017494751574527623,-0.01231093914878656,0.0,1.0,0.1299798792756537,1.0,1.0,0.13592233009708732,1.0,1.0,0.13225806451612887,1.0,1.0,0.16081025217031808,1.0,1.0,0.040770941438102115,1.0,1.0,-0.21586149120357456,0.0,0.0,1.0,-0.017494751574527623,1.0,-0.017494751574527623,1.0,-0.017494751574527623,1.0,-0.017494751574527623,1.0,-0.017494751574527623,1.0,-0.017494751574527623,0.0,-0.0
2022-08-16,28.08,28.29,27.76,27.88,48679444.0,1381853044.0,1779553000.0,0.027354871700927142,-0.00712250712250706,-0.04258241758241765,0.0,0.0,0.17438921651221562,1.0,1.0,0.12419354838709662,1.0,1.0,0.13011755168220507,1.0,1.0,0.15159025196199916,1.0,1.0,0.02424687729610575,1.0,1.0,-0.23574561403508765,0.0,0.0,0.0,-0.0006,1.0,-0.00712250712250706,1.0,-0.00712250712250706,1.0,-0.00712250712250706,1.0,-0.00712250712250706,1.0,-0.00712250712250706,0.0,-0.0
2022-08-17,27.82,27.97,27.26,27.76,47834020.0,1341650711.0,1779553000.0,0.026879795094610838,-0.00430416068866557,-0.01245108502312342,0.0,0.0,0.1353783231083845,1.0,1.0,0.11575562700964648,1.0,1.0,0.15908141962421718,1.0,1.0,0.19706770159551534,1.0,1.0,0.040869891263592084,1.0,1.0,-0.23081185924078695,0.0,0.0,0.0,-0.0,1.0,-0.00430416068866557,1.0,-0.00430416068866557,1.0,-0.00430416068866557,1.0,-0.00430416068866557,1.0,-0.00430416068866557,0.0,-0.0
2022-08-18,27.64,28.23,27.15,28.0,58799555.0,1654351466.0,1779553000.0,0.03304175542959384,0.008645533141210304,-0.02506963788300831,0.0,0.0,0.08024691358024683,1.0,1.0,0.12359550561797739,1.0,1.0,0.14801148011480114,1.0,1.0,0.20171673819742475,1.0,1.0,0.006832074793239995,1.0,1.0,-0.26140859931416505,0.0,0.0,0.0,0.0,1.0,0.008645533141210304,1.0,0.008645533141210304,1.0,0.008645533141210304,1.0,0.008645533141210304,1.0,0.008645533141210304,0.0,0.0
2022-08-19,27.53,28.16,26.72,26.75,71236685.0,1970522980.0,1779553000.0,0.04003066219438252,-0.044642857142857095,-0.06403079076277107,0.0,0.0,-0.049395877754086714,0.0,1.0,0.09183673469387754,1.0,1.0,0.08431293068504253,1.0,1.0,0.14856161442679272,1.0,1.0,-0.016905549430356492,0.0,1.0,-0.2713157177880686,0.0,0.0,0.0,-0.0,1.0,-0.044642857142857095,1.0,-0.044642857142857095,1.0,-0.044642857142857095,1.0,-0.044642857142857095,1.0,-0.044642857142857095,0.0,-0.0
2022-08-22,26.51,27.1,26.31,26.57,35526858.0,959336769.0,1779553000.0,0.019963922400737712,-0.006728971962616792,-0.05377492877492873,0.0,0.0,-0.06542384804783674,0.0,0.0,0.10294728102947293,1.0,1.0,0.05352894528152263,1.0,1.0,0.15221162185602788,1.0,1.0,-0.032763014197306095,0.0,0.0,-0.26622479977906655,0.0,0.0,0.0,-0.0,0.0,-0.0006,1.0,-0.006728971962616792,1.0,-0.006728971962616792,1.0,-0.006728971962616792,0.0,-0.0006,0.0,-0.0
2022-08-23,26.44,26.56,25.96,26.07,44138517.0,1171556246.0,1779553000.0,0.024803148318707002,-0.01881821603312006,-0.06492109038737437,0.0,0.0,-0.10473901098901106,0.0,0.0,0.06713057715923054,1.0,1.0,-0.0011494252873563982,0.0,1.0,0.12032660077352819,1.0,1.0,-0.04714912280701755,0.0,0.0,-0.27903761061946897,0.0,0.0,0.0,-0.0,0.0,-0.0,1.0,-0.01881821603312006,1.0,-0.01881821603312006,1.0,-0.01881821603312006,0.0,-0.0,0.0,-0.0
2022-08-24,26.11,26.15,24.89,25.06,51681560.0,1332056377.0,1779553000.0,0.02904187737032839,-0.03874184886843124,-0.09726224783861681,0.0,0.0,-0.10850231234436147,0.0,0.0,0.047221061429168376,1.0,1.0,-0.04859529233105542,0.0,0.0,0.05917159763313595,1.0,1.0,-0.08706739526411655,0.0,0.0,-0.30792598729632703,0.0,0.0,0.0,-0.0,0.0,-0.0,1.0,-0.03874184886843124,0.0,-0.0006,1.0,-0.03874184886843124,0.0,-0.0,0.0,-0.0
2022-08-25,25.23,25.28,24.55,24.86,31880596.0,802602586.0,1779553000.0,0.017914946056678278,-0.007980845969672745,-0.11214285714285721,0.0,0.0,-0.1344011142061281,0.0,0.0,-0.01466508125247723,0.0,1.0,-0.05797650625236839,0.0,0.0,0.06012793176972275,1.0,1.0,-0.08367121267969035,0.0,0.0,-0.27627365356623,0.0,0.0,0.0,-0.0,0.0,-0.0,1.0,-0.007980845969672745,0.0,-0.0,1.0,-0.007980845969672745,0.0,-0.0,0.0,-0.0
2022-08-26,25.03,25.14,24.56,24.58,32111654.0,808353560.0,1779553000.0,0.018044786527852782,-0.011263073209975882,-0.08112149532710289,0.0,0.0,-0.1399580125962211,0.0,0.0,-0.010865191146881448,0.0,0.0,-0.06111535523300238,0.0,0.0,0.02974444909928775,1.0,1.0,-0.08590554109334336,0.0,0.0,-0.2812865497076025,0.0,0.0,0.0,-0.0,0.0,-0.0,0.0,-0.0006,0.0,-0.0,1.0,-0.011263073209975882,0.0,-0.0,0.0,-0.0
2022-08-29,24.13,24.59,24.05,24.31,23077795.0,569543145.0,1779553000.0,0.012968310019426227,-0.010984540276647636,-0.08505833646970273,0.0,0.0,-0.1342592592592593,0.0,0.0,-0.021730382293762673,0.0,0.0,-0.054453520031116365,0.0,0.0,-0.015789473684210575,0.0,1.0,-0.09223300970873793,0.0,0.0,-0.26199149969641766,0.0,0.0,0.0,-0.0,0.0,-0.0,0.0,-0.0,0.0,-0.0,1.0,-0.010984540276647636,0.0,-0.0,0.0,-0.0
2022-08-30,24.41,24.87,24.35,24.54,28138791.0,702282688.0,1779553000.0,0.01581228038726579,0.009461127108185918,-0.05868814729574223,0.0,0.0,-0.11979913916786222,0.0,0.0,0.033698399326032025,1.0,0.0,-0.04140625000000009,0.0,0.0,0.010292301358583833,1.0,0.0,-0.04028157997653503,0.0,0.0,-0.2595051297525649,0.0,0.0,0.0,0.0,0.0,0.0,0.0,0.0,0.0,0.0,0.0,-0.0006,0.0,0.0,0.0,0.0
2022-08-31,24.33,24.6,24.05,24.43,25486652.0,628411015.0,1779553000.0,0.01432194039739193,-0.004482477587611999,-0.025139664804469275,0.0,0.0,-0.11995677233429403,0.0,0.0,-0.0008179959100204082,0.0,1.0,-0.06362591031046383,0.0,0.0,0.012013256006627948,1.0,1.0,-0.020056157240272765,0.0,0.0,-0.2724836212030971,0.0,0.0,0.0,-0.0,0.0,-0.0,1.0,-0.005082477587611999,0.0,-0.0,1.0,-0.005082477587611999,0.0,-0.0,0.0,-0.0
2022-09-01,24.4,24.82,24.19,24.27,24444049.0,609666795.0,1779553000.0,0.013736061246841201,-0.006549324600900519,-0.023732904263877752,0.0,0.0,-0.13321428571428573,0.0,0.0,-0.06365740740740744,0.0,0.0,-0.05600933488914828,0.0,0.0,0.031011045029736728,1.0,1.0,-0.03268234356317257,0.0,0.0,-0.28889539994140057,0.0,0.0,0.0,-0.0,0.0,-0.0,0.0,-0.0006,0.0,-0.0,1.0,-0.006549324600900519,0.0,-0.0,0.0,-0.0
2022-09-02,24.16,24.72,24.16,24.52,23346063.0,581232542.0,1779553000.0,0.013119060235913176,0.010300782859497426,-0.0024410089503661414,0.0,0.0,-0.08336448598130841,0.0,0.0,-0.12864250177683012,0.0,0.0,-0.042561499414291326,0.0,0.0,0.030252100840336027,1.0,1.0,-0.025824394119984162,0.0,0.0,-0.2834599649327878,0.0,0.0,0.0,0.0,0.0,0.0,0.0,0.0,0.0,0.0,1.0,0.010300782859497426,0.0,0.0,0.0,0.0
2022-09-05,24.44,24.44,23.82,24.14,23538647.0,575510206.0,1779553000.0,0.01322728067104492,-0.015497553017944532,-0.006993006993006867,0.0,0.0,-0.09145652992096354,0.0,0.0,-0.1508969398522687,0.0,0.0,-0.02778896496173977,0.0,0.0,0.015565839293226746,1.0,1.0,-0.04584980237154146,0.0,0.0,-0.2966200466200466,0.0,0.0,0.0,-0.0,0.0,-0.0,0.0,-0.0,0.0,-0.0,1.0,-0.015497553017944532,0.0,-0.0,0.0,-0.0
2022-09-06,24.21,24.41,24.02,24.41,19852538.0,487830976.0,1779553000.0,0.011155912748875702,0.01118475559237786,-0.0052974735126324335,0.0,0.0,-0.06367472190257006,0.0,0.0,-0.16174450549450547,0.0,0.0,0.002464065708418728,1.0,0.0,0.03519932145886351,1.0,1.0,-0.011340623734305444,0.0,0.0,-0.27845107892403187,0.0,0.0,0.0,0.0,0.0,0.0,0.0,0.0,0.0,0.0,1.0,0.01118475559237786,0.0,0.0,0.0,0.0
2022-09-07,24.44,25.05,24.43,24.86,34600504.0,871806703.0,1779553000.0,0.01944336808175986,0.018435067595247823,0.017601309864920145,1.0,0.0,-0.007980845969672745,0.0,0.0,-0.11561721807186054,0.0,0.0,0.02262443438914019,1.0,1.0,0.0068853786958282814,1.0,1.0,0.0729391454466981,1.0,0.0,-0.2466666666666667,0.0,0.0,0.0,0.0,0.0,0.0,0.0,0.0,1.0,0.017835067595247823,1.0,0.018435067595247823,0.0,0.0,0.0,0.0
2022-09-08,24.73,24.77,24.56,24.69,17058187.0,426543410.0,1779553000.0,0.009585658308575244,-0.0068382944489138175,0.017305315203955507,1.0,1.0,-0.0068382944489138175,0.0,0.0,-0.14032033426183832,0.0,0.0,0.010642652476463343,1.0,1.0,-0.004435483870967705,0.0,1.0,0.02960800667222685,1.0,1.0,-0.24402939375382715,0.0,0.0,1.0,-0.007438294448913817,0.0,-0.0,0.0,-0.0,1.0,-0.0068382944489138175,1.0,-0.0068382944489138175,1.0,-0.007438294448913817,0.0,-0.0
2022-09-09,24.72,24.75,24.34,24.72,16824096.0,420073165.0,1779553000.0,0.009454113476811311,0.0012150668286754485,0.00815660685154973,1.0,1.0,0.005695687550854478,1.0,0.0,-0.13505948215535335,0.0,0.0,0.028714107365792607,1.0,1.0,0.0,0.0,0.0,-0.005231388329979936,0.0,1.0,-0.23844731977818856,0.0,0.0,1.0,0.0012150668286754485,0.0,0.0,0.0,0.0,1.0,0.0012150668286754485,0.0,-0.0006,1.0,0.0012150668286754485,0.0,0.0
2022-09-13,24.81,25.02,24.62,24.67,15941917.0,400727115.0,1779553000.0,0.008958382807367918,-0.0020226537216827545,0.021955260977630564,1.0,1.0,0.014808720691073862,1.0,1.0,-0.1214387464387463,0.0,0.0,-0.0020226537216827545,0.0,1.0,-0.005241935483870974,0.0,0.0,-0.012014417300760805,0.0,0.0,-0.2609346914319952,0.0,0.0,1.0,-0.0020226537216827545,1.0,-0.0026226537216827543,0.0,-0.0,1.0,-0.0020226537216827545,0.0,-0.0,0.0,-0.0006,0.0,-0.0
2022-09-14,24.14,24.57,24.06,24.38,15387651.0,379770802.0,1779553000.0,0.0086469191982481,-0.011755168220510814,-0.0012290045063498845,0.0,1.0,-0.006519967400163029,0.0,1.0,-0.12553802008608317,0.0,0.0,-0.01693548387096777,0.0,0.0,-0.011755168220510814,0.0,0.0,-0.034072900158478636,0.0,0.0,-0.25670731707317074,0.0,0.0,1.0,-0.011755168220510814,1.0,-0.011755168220510814,0.0,-0.0,0.0,-0.0006,0.0,-0.0,0.0,-0.0,0.0,-0.0
2022-09-15,24.4,24.54,23.67,23.91,22141295.0,540112608.0,1779553000.0,0.012442054268684328,-0.019278096800656175,-0.03821399839098949,0.0,0.0,-0.021285304952926687,0.0,0.0,-0.1386887608069165,0.0,0.0,-0.03898713826366551,0.0,0.0,-0.001670146137787043,0.0,0.0,-0.047030689517736146,0.0,0.0,-0.2567609574137395,0.0,0.0,0.0,-0.0006,0.0,-0.0006,0.0,-0.0,0.0,-0.0,0.0,-0.0,0.0,-0.0,0.0,-0.0
2022-09-16,23.88,24.03,23.2,23.24,18521791.0,445082805.0,1779553000.0,0.010408114284879404,-0.02802174822250114,-0.05872823005265304,0.0,0.0,-0.04243922538112899,0.0,0.0,-0.17000000000000004,0.0,0.0,-0.06741573033707882,0.0,0.0,-0.047150471504715186,0.0,0.0,-0.07704527402700556,0.0,0.0,-0.2864599324531778,0.0,0.0,0.0,-0.0,0.0,-0.0,0.0,-0.0,0.0,-0.0,0.0,-0.0,0.0,-0.0,0.0,-0.0
2022-09-19,23.06,23.35,22.49,22.53,18532444.0,429178482.0,1779553000.0,0.01041410061964999,-0.030550774526677982,-0.08859223300970864,0.0,0.0,-0.08115823817292,0.0,0.0,-0.1577570093457944,0.0,0.0,-0.08040816326530609,0.0,0.0,-0.08674503445480342,0.0,0.0,-0.09079903147699753,0.0,0.0,-0.3160291438979963,0.0,0.0,0.0,-0.0,0.0,-0.0,0.0,-0.0,0.0,-0.0,0.0,-0.0,0.0,-0.0,0.0,-0.0
2022-09-20,22.69,22.81,22.35,22.65,14872754.0,341220599.0,1779553000.0,0.008357578560458722,0.005326231691078487,-0.08188082691528187,0.0,0.0,-0.06172328086164047,0.0,0.0,-0.14753481369966137,0.0,0.0,-0.05977584059775842,0.0,0.0,-0.10190325138778744,0.0,0.0,-0.08299595141700411,0.0,0.0,-0.3152962515114873,0.0,0.0,0.0,0.0,0.0,0.0,0.0,0.0,0.0,0.0,0.0,0.0,0.0,0.0,0.0,0.0
2022-09-21,22.47,22.72,22.08,22.59,12546184.0,285147569.0,1779553000.0,0.0070501884461996915,-0.0026490066225165476,-0.07342083675143563,0.0,0.0,-0.07455960671855799,0.0,0.0,-0.13348676639815882,0.0,0.0,-0.07531723291035608,0.0,0.0,-0.1344827586206897,0.0,0.0,-0.08837772397094434,0.0,0.0,-0.3181406580138848,0.0,0.0,0.0,-0.0,0.0,-0.0,0.0,-0.0,0.0,-0.0,0.0,-0.0,0.0,-0.0,0.0,-0.0
2022-09-22,22.47,22.82,22.38,22.61,11153627.0,256620287.0,1779553000.0,0.006267656540715562,0.0008853474988932408,-0.054370556252614,0.0,0.0,-0.09050683829444894,0.0,0.0,-0.0977653631284916,0.0,0.0,-0.05516088591725865,0.0,0.0,-0.1416097190584662,0.0,0.0,-0.07145790554414788,0.0,0.0,-0.3055896805896806,0.0,0.0,0.0,0.0,0.0,0.0,0.0,0.0,0.0,0.0,0.0,0.0,0.0,0.0,0.0,0.0
2022-09-23,22.58,22.69,21.92,22.01,14614124.0,329149238.0,1779553000.0,0.008212244310790406,-0.026536930561698258,-0.05292598967297746,0.0,0.0,-0.10854597002835153,0.0,0.0,-0.11464199517296858,0.0,0.0,-0.12762584225128815,0.0,0.0,-0.1659719590754073,0.0,0.0,-0.1110662358642972,0.0,0.0,-0.34415971394517286,0.0,0.0,0.0,-0.0,0.0,-0.0,0.0,-0.0,0.0,-0.0,0.0,-0.0,0.0,-0.0,0.0,-0.0
2022-09-26,21.85,22.02,21.56,21.64,12096833.0,267658962.0,1779553000.0,0.006797680653512427,-0.016810540663334872,-0.039502885042166036,0.0,0.0,-0.12459546925566334,0.0,0.0,-0.11960943856794137,0.0,0.0,-0.12917505030181087,0.0,0.0,-0.17341482047364398,0.0,0.0,-0.0994590095713691,0.0,0.0,-0.34622356495468276,0.0,0.0,0.0,-0.0,0.0,-0.0,0.0,-0.0,0.0,-0.0,0.0,-0.0,0.0,-0.0,0.0,-0.0
2022-09-27,21.68,22.08,21.61,22.07,13730531.0,304696717.0,1779553000.0,0.007715719059786362,0.019870609981515797,-0.025607064017659997,0.0,0.0,-0.10539116335630327,0.0,0.0,-0.09214315096668035,0.0,0.0,-0.1118712273641852,0.0,0.0,-0.14157915208090244,0.0,0.0,-0.07849686847599158,0.0,0.0,-0.3198767334360555,0.0,0.0,0.0,0.0,0.0,0.0,0.0,0.0,0.0,0.0,0.0,0.0,0.0,0.0,0.0,0.0
2022-09-28,21.98,21.98,21.38,21.38,12393396.0,272538223.0,1779553000.0,0.006964330930295417,-0.03126415949252381,-0.05356352368304562,0.0,0.0,-0.12305168170631664,0.0,0.0,-0.12876935615321927,0.0,0.0,-0.09941027801179447,0.0,0.0,-0.16484375000000007,0.0,0.0,-0.09827077182623378,0.0,0.0,-0.330829420970266,0.0,0.0,0.0,-0.0,0.0,-0.0,0.0,-0.0,0.0,-0.0,0.0,-0.0,0.0,-0.0,0.0,-0.0
2022-09-29,21.58,21.76,21.24,21.33,10887173.0,237446438.0,1779553000.0,0.0061179256813368305,-0.002338634237605275,-0.05661211853162318,0.0,0.0,-0.10790464240903397,0.0,0.0,-0.1268931641424479,0.0,0.0,-0.12760736196319022,0.0,0.0,-0.18244538137217325,0.0,0.0,-0.0766233766233767,0.0,0.0,-0.3185303514376997,0.0,0.0,0.0,-0.0,0.0,-0.0,0.0,-0.0,0.0,-0.0,0.0,-0.0,0.0,-0.0,0.0,-0.0
2022-09-30,21.25,21.53,21.11,21.12,9807752.0,212474388.0,1779553000.0,0.005511357065510271,-0.009845288326300827,-0.040436165379373,0.0,0.0,-0.09122203098106707,0.0,0.0,-0.1297898640296662,0.0,0.0,-0.18518518518518523,0.0,0.0,-0.1785297549591599,0.0,0.0,-0.09317303563761259,0.0,0.0,-0.32738853503184706,0.0,0.0,0.0,-0.0,0.0,-0.0,0.0,-0.0,0.0,-0.0,0.0,-0.0,0.0,-0.0,0.0,-0.0
2022-10-10,21.12,21.12,20.22,20.24,17979157.0,375050419.0,1779553000.0,0.010103187148682843,-0.04166666666666674,-0.06469500924214422,0.0,0.0,-0.10164225477141597,0.0,0.0,-0.17455138662316483,0.0,0.0,-0.2807391613361764,0.0,0.0,-0.20968371729793056,0.0,0.0,-0.08787742226228046,0.0,0.0,-0.35664335664335667,0.0,0.0,0.0,-0.0,0.0,-0.0,0.0,-0.0,0.0,-0.0,0.0,-0.0,0.0,-0.0,0.0,-0.0
2022-10-11,20.33,20.43,20.11,20.34,9561267.0,196863414.0,1779553000.0,0.005372847563404968,0.004940711462450675,-0.0783869506116901,0.0,0.0,-0.10198675496688736,0.0,0.0,-0.15741507870753935,0.0,0.0,-0.2845585648962363,0.0,0.0,-0.18082964156262582,0.0,0.0,-0.11101398601398593,0.0,0.0,-0.3627819548872181,0.0,0.0,0.0,0.0,0.0,0.0,0.0,0.0,0.0,0.0,0.0,0.0,0.0,0.0,0.0,0.0
2022-10-12,20.26,21.03,20.22,21.01,19123245.0,399295652.0,1779553000.0,0.010746094665345736,0.032940019665683495,-0.0173058933582787,0.0,0.0,-0.06994245241257191,0.0,0.0,-0.13928717738631702,0.0,0.0,-0.27850274725274726,0.0,0.0,-0.1371663244353183,0.0,0.0,-0.06911829862649532,0.0,0.0,-0.3283248081841432,0.0,0.0,0.0,0.0,0.0,0.0,0.0,0.0,0.0,0.0,0.0,0.0,0.0,0.0,0.0,0.0
2022-10-13,20.79,21.25,20.7,21.0,14335622.0,306483492.0,1779553000.0,0.008055743211918948,-0.0004759638267491928,-0.015471167369901506,0.0,0.0,-0.07120743034055721,0.0,0.0,-0.15526950925181016,0.0,0.0,-0.25293489861259333,0.0,0.0,-0.13615795968737143,0.0,0.0,-0.09287257019438444,0.0,0.0,-0.3341788205453392,0.0,0.0,0.0,-0.0,0.0,-0.0,0.0,-0.0,0.0,-0.0,0.0,-0.0,0.0,-0.0,0.0,-0.0
2022-10-14,21.2,21.51,21.09,21.47,18018435.0,390536878.0,1779553000.0,0.010125258983576213,0.02238095238095239,0.016571969696969502,1.0,0.0,-0.024534302589732104,0.0,0.0,-0.13041717294451205,0.0,0.0,-0.25243732590529244,0.0,0.0,-0.12116250511665994,0.0,0.0,-0.0753660637381568,0.0,0.0,-0.31317978246960976,0.0,0.0,0.0,0.0,0.0,0.0,0.0,0.0,0.0,0.0,0.0,0.0,0.0,0.0,0.0,0.0
2022-10-17,21.52,21.86,21.37,21.79,17078375.0,375805758.0,1779553000.0,0.009597002730460965,0.014904517931998207,0.07658102766798414,1.0,1.0,0.006931608133086797,1.0,0.0,-0.11852750809061485,0.0,0.0,-0.23757872638208533,0.0,0.0,-0.093216812317936,0.0,0.0,-0.08097849008857028,0.0,0.0,-0.30538731271915853,0.0,0.0,1.0,0.014304517931998207,0.0,0.0,0.0,0.0,0.0,0.0,0.0,0.0,0.0,0.0,0.0,0.0
2022-10-18,21.87,21.9,21.43,21.49,13914900.0,304785842.0,1779553000.0,0.007819323167109943,-0.013767783386874788,0.056538839724680434,1.0,1.0,-0.026280018124150484,0.0,1.0,-0.1289014997973248,0.0,0.0,-0.2346866096866097,0.0,0.0,-0.13066343042071205,0.0,0.0,-0.08083832335329344,0.0,0.0,-0.31451355661881986,0.0,0.0,1.0,-0.013767783386874788,1.0,-0.014367783386874788,0.0,-0.0,0.0,-0.0,0.0,-0.0,0.0,-0.0,0.0,-0.0
2022-10-19,21.5,21.69,21.25,21.25,11619148.0,253187396.0,1779553000.0,0.006529250884913234,-0.011167985109353129,0.011423131841979961,1.0,1.0,-0.006080449017773604,0.0,0.0,-0.12838392124692366,0.0,0.0,-0.23780487804878048,0.0,0.0,-0.14314516129032262,0.0,0.0,-0.08405172413793105,0.0,0.0,-0.329229797979798,0.0,0.0,1.0,-0.011167985109353129,0.0,-0.0006,0.0,-0.0,0.0,-0.0,0.0,-0.0,0.0,-0.0,0.0,-0.0
2022-10-20,21.19,22.44,21.12,22.25,41310420.0,923887363.0,1779553000.0,0.02321393068933603,0.04705882352941182,0.059523809523809534,1.0,1.0,0.04313173933427117,1.0,0.0,-0.06942701798410711,0.0,0.0,-0.19848703170028825,0.0,0.0,-0.10570739549839225,0.0,0.0,-0.020686619718309762,0.0,0.0,-0.29987413467589685,0.0,0.0,1.0,0.04705882352941182,0.0,0.0,0.0,0.0,0.0,0.0,0.0,0.0,0.0,0.0,0.0,0.0
2022-10-21,22.07,22.23,21.72,21.94,21964907.0,488055410.0,1779553000.0,0.012342934995473582,-0.013932584269662818,0.02189101071262245,1.0,1.0,0.03882575757575757,1.0,1.0,-0.05593803786574858,0.0,0.0,-0.21642857142857141,0.0,0.0,-0.1195826645264848,0.0,0.0,-0.013932584269662818,0.0,0.0,-0.29679487179487174,0.0,0.0,1.0,-0.013932584269662818,1.0,-0.014532584269662818,0.0,-0.0,0.0,-0.0,0.0,-0.0,0.0,-0.0,0.0,-0.0
2022-10-24,21.94,22.41,21.48,21.63,21792897.0,485508572.0,1779553000.0,0.012246275890630962,-0.014129443938012853,-0.007342817806333168,0.0,1.0,0.06867588932806323,1.0,1.0,-0.03994673768308932,0.0,0.0,-0.19140186915887858,0.0,0.0,-0.11714285714285722,0.0,0.0,0.06029411764705883,1.0,0.0,-0.32258064516129037,0.0,0.0,1.0,-0.014129443938012853,1.0,-0.014129443938012853,0.0,-0.0,0.0,-0.0,0.0,-0.0,0.0,-0.0,0.0,-0.0
2022-10-25,21.49,21.78,21.09,21.32,15618867.0,338581829.0,1779553000.0,0.00877684845576389,-0.014331946370781279,-0.007910656119125115,0.0,0.0,0.048180924287118954,1.0,1.0,-0.0587196467991169,0.0,0.0,-0.19759126834776064,0.0,0.0,-0.11498547114985469,0.0,0.0,0.09333333333333327,1.0,1.0,-0.3257432005060089,0.0,0.0,0.0,-0.0006,1.0,-0.014331946370781279,0.0,-0.0,0.0,-0.0,0.0,-0.0,1.0,-0.014931946370781279,0.0,-0.0
2022-10-26,21.36,22.16,21.24,21.94,24846878.0,550895374.0,1779553000.0,0.013962426519468654,0.02908067542213888,0.03247058823529425,1.0,0.0,0.0442646358876726,1.0,1.0,-0.02877379371403266,0.0,0.0,-0.15841963943229764,0.0,0.0,-0.10192386410151444,0.0,0.0,0.06763990267639897,1.0,1.0,-0.32492307692307687,0.0,0.0,0.0,0.0,1.0,0.02908067542213888,0.0,0.0,0.0,0.0,0.0,0.0,1.0,0.02908067542213888,0.0,0.0
2022-10-27,21.9,23.61,21.9,23.02,51845277.0,1198797181.0,1779553000.0,0.029133876316131072,0.049225159525979834,0.034606741573033784,1.0,1.0,0.09619047619047616,1.0,1.0,0.018133569217160472,1.0,0.0,-0.08140462889066236,0.0,0.0,-0.03802758044295862,0.0,0.0,0.12953876349362115,1.0,1.0,-0.27655562539283474,0.0,0.0,1.0,0.04862515952597983,1.0,0.049225159525979834,0.0,0.0,0.0,0.0,0.0,0.0,1.0,0.049225159525979834,0.0,0.0
2022-10-28,22.84,24.06,22.68,23.29,62483189.0,1491594675.0,1779553000.0,0.035111732553062484,0.011728931364031192,0.06153144940747479,1.0,1.0,0.08476944573823952,1.0,1.0,0.058155383916401515,1.0,1.0,-0.06315366049879323,0.0,0.0,-0.07689258818866429,0.0,0.0,0.10222432560340744,1.0,1.0,-0.2575709276378706,0.0,0.0,1.0,0.011728931364031192,1.0,0.011728931364031192,1.0,0.011128931364031192,0.0,0.0,0.0,0.0,1.0,0.011728931364031192,0.0,0.0
2022-10-31,23.26,23.89,23.1,23.73,41232095.0,986499789.0,1779553000.0,0.02316991682742801,0.01889222842421656,0.09708737864077688,1.0,1.0,0.08903166590178979,1.0,1.0,0.09658040665434386,1.0,1.0,-0.03458096013018708,0.0,0.0,-0.04507042253521132,0.0,0.0,0.027717626678215757,1.0,1.0,-0.23451612903225805,0.0,0.0,1.0,0.01889222842421656,1.0,0.01889222842421656,1.0,0.01889222842421656,0.0,0.0,0.0,0.0,1.0,0.01889222842421656,0.0,0.0
2022-11-01,23.45,23.68,23.2,23.62,35932470.0,855426408.0,1779553000.0,0.020191851549237364,-0.004635482511588629,0.10787992495309573,1.0,1.0,0.09911586784550974,1.0,1.0,0.07023108291798819,1.0,1.0,-0.028383381324557755,0.0,0.0,-0.0494969818913481,0.0,0.0,0.05635062611806796,1.0,1.0,-0.2199471598414795,0.0,0.0,1.0,-0.004635482511588629,1.0,-0.004635482511588629,1.0,-0.004635482511588629,0.0,-0.0,0.0,-0.0,1.0,-0.004635482511588629,0.0,-0.0
2022-11-02,23.7,24.22,23.34,23.35,46303917.0,1114756061.0,1779553000.0,0.026019970745462483,-0.011430990685859399,0.06426618049225152,1.0,1.0,0.09882352941176475,1.0,1.0,0.0921421889616465,1.0,1.0,-0.048492257538712225,0.0,0.0,-0.016427969671440446,0.0,0.0,0.040552584670231706,1.0,1.0,-0.23417513938996382,0.0,0.0,1.0,-0.011430990685859399,1.0,-0.011430990685859399,1.0,-0.011430990685859399,0.0,-0.0,0.0,-0.0,1.0,-0.011430990685859399,0.0,-0.0
2022-11-03,23.07,23.74,22.98,23.6,38629434.0,916814126.0,1779553000.0,0.021707380448910484,0.010706638115631772,0.02519548218940071,1.0,1.0,0.06067415730337089,1.0,1.0,0.10642287857477739,1.0,1.0,-0.03397462136717144,0.0,0.0,-0.03476482617586907,0.0,0.0,0.027427078798432758,1.0,1.0,-0.23426346528228414,0.0,0.0,1.0,0.010706638115631772,1.0,0.010706638115631772,1.0,0.010706638115631772,0.0,0.0,0.0,0.0,1.0,0.010706638115631772,0.0,0.0
2022-11-04,23.5,23.78,23.25,23.68,34738829.0,830446195.0,1779553000.0,0.019521098275802968,0.003389830508474523,0.01674538428510086,1.0,1.0,0.07930720145852321,1.0,1.0,0.1212121212121211,1.0,1.0,-0.0243098475484137,0.0,0.0,-0.0864197530864198,0.0,0.0,0.02112979732643372,1.0,1.0,-0.24968314321926488,0.0,0.0,1.0,0.003389830508474523,1.0,0.003389830508474523,1.0,0.003389830508474523,0.0,0.0,0.0,0.0,1.0,0.003389830508474523,0.0,0.0
2022-11-07,23.67,24.08,23.57,23.84,31353132.0,757272779.0,1779553000.0,0.017618543533123206,0.006756756756756799,0.004635482511588629,1.0,1.0,0.10217290799815082,1.0,1.0,0.17786561264822143,1.0,1.0,-0.027732463295269127,0.0,0.0,-0.15280739161336176,0.0,0.0,0.017933390264730953,1.0,1.0,-0.21423862887277523,0.0,0.0,1.0,0.006756756756756799,1.0,0.006756756756756799,1.0,0.006756756756756799,0.0,0.0,0.0,0.0,1.0,0.006756756756756799,0.0,0.0
2022-11-08,23.83,23.9,23.43,23.59,17429769.0,417134405.0,1779553000.0,0.009794464677365607,-0.010486577181208045,-0.0012701100762066986,0.0,1.0,0.1064727954971858,1.0,1.0,0.15978367748279254,1.0,1.0,-0.022783761391880764,0.0,0.0,-0.17024270137179032,0.0,0.0,0.011578044596912473,1.0,1.0,-0.2000678195998643,0.0,0.0,1.0,-0.010486577181208045,1.0,-0.010486577181208045,1.0,-0.010486577181208045,0.0,-0.0,0.0,-0.0,1.0,-0.010486577181208045,0.0,-0.0
2022-11-09,23.54,23.6,23.3,23.43,16683631.0,396517326.0,1779553000.0,0.009375180733588716,-0.006782534972445964,0.003426124197002167,1.0,0.0,0.06791248860528709,1.0,1.0,0.11518324607329844,1.0,1.0,-0.040147480540762004,0.0,0.0,-0.19539835164835173,0.0,0.0,0.016485900216919758,1.0,1.0,-0.22468563864990065,0.0,0.0,0.0,-0.0006,1.0,-0.006782534972445964,1.0,-0.006782534972445964,0.0,-0.0,0.0,-0.0,1.0,-0.006782534972445964,0.0,-0.0
2022-11-10,23.23,23.57,22.85,22.88,24653442.0,578244063.0,1779553000.0,0.01385372731242059,-0.023474178403755874,-0.03050847457627126,0.0,1.0,-0.006081668114682914,0.0,1.0,0.08952380952380956,1.0,1.0,-0.07964601769911506,0.0,0.0,-0.18605478477410176,0.0,0.0,-0.027210884353741527,0.0,1.0,-0.24563138806462248,0.0,0.0,1.0,-0.024074178403755874,1.0,-0.023474178403755874,1.0,-0.023474178403755874,0.0,-0.0,0.0,-0.0,1.0,-0.023474178403755874,0.0,-0.0
2022-11-11,23.65,23.76,23.26,23.26,31410644.0,748984178.0,1779553000.0,0.01765086176135243,0.01660839160839167,-0.017736486486486402,0.0,0.0,-0.0012881064834692202,0.0,0.0,0.08337214718211472,1.0,1.0,-0.057918185500202446,0.0,0.0,-0.19011142061281328,0.0,0.0,-0.006831767719897575,0.0,0.0,-0.263224580297751,0.0,0.0,0.0,-0.0006,0.0,-0.0006,1.0,0.01660839160839167,0.0,0.0,0.0,0.0,0.0,-0.0006,0.0,0.0
2022-11-14,23.28,23.74,23.16,23.47,20950240.0,499952152.0,1779553000.0,0.011772754169164953,0.009028374892519286,-0.015520134228187987,0.0,0.0,-0.010956595027391547,0.0,0.0,0.07709958696649832,1.0,1.0,-0.05056634304207119,0.0,0.0,-0.17879636109167252,0.0,0.0,-0.011789473684210572,0.0,0.0,-0.2551570929863536,0.0,0.0,0.0,0.0,0.0,0.0,1.0,0.009028374892519286,0.0,0.0,0.0,0.0,0.0,0.0,0.0,0.0
2022-11-15,23.45,25.7,23.37,25.37,91267986.0,2281443129.0,1779553000.0,0.05128702882128265,0.08095440988495972,0.07545570156846115,1.0,0.0,0.07408975444538535,1.0,0.0,0.1805490926012101,1.0,1.0,0.028374543980543177,1.0,0.0,-0.09650997150997143,0.0,0.0,0.04878048780487809,1.0,0.0,-0.1994319974755443,0.0,0.0,0.0,0.0,0.0,0.0,1.0,0.08095440988495972,0.0,0.0,0.0,0.0,0.0,0.0,0.0,0.0
2022-11-16,25.57,25.57,24.81,24.86,43471144.0,1106856096.0,1779553000.0,0.02442812548994045,-0.020102483247930736,0.06103286384976525,1.0,1.0,0.06466809421841524,1.0,1.0,0.16988235294117637,1.0,1.0,0.01968826907301069,1.0,1.0,-0.10832137733142033,0.0,0.0,0.026848409748037927,1.0,1.0,-0.21079365079365087,0.0,0.0,1.0,-0.020702483247930736,1.0,-0.020702483247930736,1.0,-0.020102483247930736,1.0,-0.020702483247930736,0.0,-0.0,1.0,-0.020702483247930736,0.0,-0.0
2022-11-17,24.73,25.31,24.58,25.26,38077378.0,965503242.0,1779553000.0,0.021397158724690977,0.016090104585679832,0.10402097902097918,1.0,1.0,0.0703389830508474,1.0,1.0,0.1352808988764045,1.0,1.0,0.05646173149309908,1.0,1.0,-0.09005763688760804,0.0,0.0,0.0892626131953429,1.0,1.0,-0.16880552813425465,0.0,0.0,1.0,0.016090104585679832,1.0,0.016090104585679832,1.0,0.016090104585679832,1.0,0.016090104585679832,0.0,0.0,1.0,0.016090104585679832,0.0,0.0
2022-11-18,25.57,25.6,24.89,24.96,33983404.0,870036018.0,1779553000.0,0.019096595605750433,-0.01187648456057011,0.07308684436801371,1.0,1.0,0.05405405405405417,1.0,1.0,0.13764813126709208,1.0,1.0,0.07401032702237531,1.0,1.0,-0.10857142857142854,0.0,0.0,0.07124463519313307,1.0,1.0,-0.20408163265306123,0.0,0.0,1.0,-0.01187648456057011,1.0,-0.01187648456057011,1.0,-0.01187648456057011,1.0,-0.01187648456057011,0.0,-0.0,1.0,-0.01187648456057011,0.0,-0.0
2022-11-21,24.91,25.13,24.58,24.72,19564088.0,490476089.0,1779553000.0,0.010993821482136245,-0.009615384615384692,0.053259480187473285,1.0,1.0,0.03691275167785224,1.0,1.0,0.1428571428571428,1.0,1.0,0.0972037283621836,1.0,1.0,-0.07588785046728974,0.0,0.0,0.06139974237870338,1.0,1.0,-0.22043519394512778,0.0,0.0,1.0,-0.009615384615384692,1.0,-0.009615384615384692,1.0,-0.009615384615384692,1.0,-0.009615384615384692,0.0,-0.0,1.0,-0.009615384615384692,0.0,-0.0
2022-11-22,24.72,25.19,24.55,24.73,21882910.0,551699284.0,1779553000.0,0.012296857694038897,0.0004045307443365509,-0.025226645644461976,0.0,1.0,0.04832556167867752,1.0,1.0,0.1599437148217635,1.0,1.0,0.09183222958057402,1.0,1.0,-0.06925103500188179,0.0,0.0,0.0724197745013011,1.0,1.0,-0.2271875,0.0,0.0,1.0,0.0004045307443365509,1.0,0.0004045307443365509,1.0,0.0004045307443365509,1.0,0.0004045307443365509,0.0,0.0,1.0,0.0004045307443365509,0.0,0.0
2022-11-23,24.74,24.83,24.03,24.37,22207742.0,548519792.0,1779553000.0,0.012479393420707335,-0.01455721795390208,-0.019710378117457683,0.0,0.0,0.04011950490823746,1.0,1.0,0.11075660893345485,1.0,1.0,0.0787959274015051,1.0,1.0,-0.06520905255082465,0.0,0.0,0.047271164589600456,1.0,1.0,-0.22977243994943108,0.0,0.0,0.0,-0.0006,1.0,-0.01455721795390208,1.0,-0.01455721795390208,1.0,-0.01455721795390208,0.0,-0.0,1.0,-0.01455721795390208,0.0,-0.0
2022-11-24,24.42,24.56,24.22,24.36,12898007.0,319336913.0,1779553000.0,0.007247891464879102,-0.0004103405826837436,-0.03562945368171033,0.0,0.0,0.0646853146853148,1.0,1.0,0.05821025195482199,1.0,1.0,0.07739938080495357,1.0,1.0,-0.027932960893854775,0.0,0.0,0.029585798816567976,1.0,1.0,-0.2237093690248566,0.0,0.0,0.0,-0.0,1.0,-0.0004103405826837436,1.0,-0.0004103405826837436,1.0,-0.0004103405826837436,0.0,-0.0,1.0,-0.0004103405826837436,0.0,-0.0
2022-11-25,24.3,24.73,23.97,24.01,17782619.0,438727047.0,1779553000.0,0.009992744807263396,-0.014367816091953922,-0.038060897435897356,0.0,0.0,0.03224419604471196,1.0,1.0,0.030914555603263283,1.0,1.0,0.0908677873693775,1.0,1.0,-0.03419147224456953,0.0,0.0,0.023880597014925398,1.0,1.0,-0.22747747747747737,0.0,0.0,0.0,-0.0,1.0,-0.014367816091953922,1.0,-0.014367816091953922,1.0,-0.014367816091953922,0.0,-0.0,1.0,-0.014367816091953922,0.0,-0.0
2022-11-28,23.53,24.42,23.44,24.25,19032827.0,461907190.0,1779553000.0,0.010695285276695889,0.00999583506872126,-0.01901294498381878,0.0,0.0,0.03323391563698341,1.0,1.0,0.021913190054782872,1.0,1.0,0.12060998151571156,1.0,1.0,-0.013425549227013778,0.0,0.0,0.01591956430666097,1.0,1.0,-0.22893481717011122,0.0,0.0,0.0,0.0,1.0,0.00999583506872126,1.0,0.00999583506872126,1.0,0.00999583506872126,0.0,0.0,1.0,0.00999583506872126,0.0,0.0
2022-11-29,24.32,24.69,24.05,24.63,20979296.0,521029801.0,1779553000.0,0.01178908186494024,0.015670103092783494,-0.004043671653861769,0.0,0.0,-0.02916830902640921,0.0,1.0,0.04276037256562226,1.0,1.0,0.11599456275487086,1.0,1.0,0.013163307280954273,1.0,0.0,-0.002834008097166052,0.0,1.0,-0.1982421875,0.0,0.0,0.0,0.0,1.0,0.015670103092783494,1.0,0.015670103092783494,1.0,0.015670103092783494,0.0,0.0,1.0,0.015670103092783494,0.0,0.0
2022-11-30,24.64,24.77,24.45,24.64,16393593.0,408984409.0,1779553000.0,0.009212197107925417,0.00040600893219666645,0.011079195732457858,1.0,0.0,-0.008849557522123797,0.0,0.0,0.0552462526766595,1.0,1.0,0.1524789522918617,1.0,1.0,0.004074979625101838,1.0,1.0,0.014409221902017322,1.0,0.0,-0.20439134646432022,0.0,0.0,0.0,0.0,0.0,-0.0006,1.0,0.00040600893219666645,1.0,0.00040600893219666645,1.0,-0.0001939910678033335,0.0,-0.0006,0.0,0.0
2022-12-01,24.83,25.1,24.49,24.55,21076303.0,530368542.0,1779553000.0,0.01184359386879739,-0.0036525974025973795,0.007799671592775059,1.0,1.0,-0.02810768012668252,0.0,0.0,0.0402542372881356,1.0,1.0,0.15096108766994853,1.0,1.0,0.004911993450675389,1.0,1.0,0.016984258492129145,1.0,1.0,-0.23615432482887366,0.0,0.0,1.0,-0.004252597402597379,0.0,-0.0,1.0,-0.0036525974025973795,1.0,-0.0036525974025973795,1.0,-0.0036525974025973795,1.0,-0.004252597402597379,0.0,-0.0
2022-12-02,24.42,24.72,24.02,24.08,21117772.0,521923931.0,1779553000.0,0.011866896911752559,-0.01914460285132391,0.002915451895043608,1.0,1.0,-0.03525641025641035,0.0,0.0,0.016891891891891886,1.0,1.0,0.14015151515151492,1.0,1.0,-0.007828594973217973,0.0,1.0,0.022939677145284554,1.0,1.0,-0.2618025751072961,0.0,0.0,1.0,-0.01914460285132391,0.0,-0.0,1.0,-0.01914460285132391,1.0,-0.01914460285132391,1.0,-0.01914460285132391,1.0,-0.01914460285132391,0.0,-0.0
2022-12-05,24.15,24.51,24.02,24.5,19764710.0,486667943.0,1779553000.0,0.011106558781896352,0.01744186046511631,0.010309278350515427,1.0,1.0,-0.008899676375404453,0.0,0.0,0.027684563758389347,1.0,1.0,0.21047430830039526,1.0,1.0,-0.0008156606851549286,0.0,0.0,0.02941176470588225,1.0,1.0,-0.2468490624039349,0.0,0.0,1.0,0.01744186046511631,0.0,0.0,1.0,0.01744186046511631,1.0,0.01744186046511631,0.0,-0.0006,1.0,0.01744186046511631,0.0,0.0
2022-12-06,24.34,24.97,24.32,24.62,26606268.0,666686822.0,1779553000.0,0.014951096146054655,0.004897959183673528,-0.0004060089321964444,0.0,1.0,-0.004448038819247824,0.0,0.0,0.04366256888512088,1.0,1.0,0.21042281219272385,1.0,1.0,0.01988400994200501,1.0,0.0,0.035759360538494045,1.0,1.0,-0.2516717325227963,0.0,0.0,1.0,0.004897959183673528,0.0,0.0,1.0,0.004897959183673528,1.0,0.004897959183673528,0.0,0.0,1.0,0.004897959183673528,0.0,0.0
2022-12-07,24.39,24.52,24.09,24.12,22242102.0,546288462.0,1779553000.0,0.012498701640243364,-0.020308692120227456,-0.02110389610389607,0.0,0.0,-0.010258514567090704,0.0,0.0,0.0294494238156211,1.0,1.0,0.14802475011899086,1.0,1.0,-0.011880376894715217,0.0,1.0,0.022900763358778775,1.0,1.0,-0.25532571781414015,0.0,0.0,0.0,-0.0006,0.0,-0.0,1.0,-0.020308692120227456,1.0,-0.020308692120227456,1.0,-0.020908692120227456,1.0,-0.020308692120227456,0.0,-0.0
2022-12-08,24.05,24.2,23.5,23.59,23922862.0,576212065.0,1779553000.0,0.013443186013566328,-0.021973466003316844,-0.039103869653767886,0.0,0.0,-0.031609195402298784,0.0,0.0,0.031031468531468542,1.0,1.0,0.1233333333333333,1.0,1.0,-0.051086082059533355,0.0,0.0,-0.04455245038477118,0.0,1.0,-0.2558359621451104,0.0,0.0,0.0,-0.0,0.0,-0.0,1.0,-0.021973466003316844,1.0,-0.021973466003316844,0.0,-0.0006,1.0,-0.021973466003316844,0.0,-0.0
2022-12-09,23.61,23.96,23.57,23.87,19665382.0,475111247.0,1779553000.0,0.011050742517924445,0.011869436201780381,-0.008720930232558044,0.0,0.0,-0.005830903790087438,0.0,0.0,0.0262252794496991,1.0,1.0,0.11178388448998611,1.0,1.0,-0.03321182665046574,0.0,0.0,-0.03749999999999998,0.0,0.0,-0.264406779661017,0.0,0.0,0.0,0.0,0.0,0.0,1.0,0.011869436201780381,1.0,0.011869436201780381,0.0,0.0,0.0,-0.0006,0.0,0.0
2022-12-12,23.71,24.38,23.64,24.06,21023381.0,512784699.0,1779553000.0,0.0118138549399765,0.007959782153330375,-0.017959183673469492,0.0,0.0,-0.007835051546391858,0.0,0.0,0.025138474648487508,1.0,1.0,0.1041762276273519,1.0,1.0,-0.02669902912621358,0.0,0.0,-0.02669902912621358,0.0,0.0,-0.2619631901840491,0.0,0.0,0.0,0.0,0.0,0.0,1.0,0.007959782153330375,1.0,0.007959782153330375,0.0,0.0,0.0,0.0,0.0,0.0
2022-12-13,23.98,24.12,23.81,23.82,11789444.0,286436523.0,1779553000.0,0.006624946826534529,-0.009975062344139585,-0.03249390739236391,0.0,0.0,-0.032886723507917104,0.0,0.0,-0.06109578242018132,0.0,1.0,0.10842252210330394,1.0,1.0,-0.03445480340494533,0.0,0.0,-0.039516129032258096,0.0,0.0,-0.2588674548848786,0.0,0.0,0.0,-0.0,0.0,-0.0,1.0,-0.009975062344139585,1.0,-0.009975062344139585,0.0,-0.0,0.0,-0.0,0.0,-0.0
2022-12-14,24.54,24.83,24.17,24.18,40464895.0,1007852450.0,1779553000.0,0.022738797327193964,0.015113350125944613,0.0024875621890547706,1.0,0.0,-0.018668831168831224,0.0,0.0,-0.027353177795655714,0.0,0.0,0.13788235294117657,1.0,1.0,-0.008203445447087732,0.0,0.0,-0.019862180786380246,0.0,0.0,-0.2648221343873518,0.0,0.0,0.0,0.0,0.0,0.0,0.0,-0.0006,1.0,0.015113350125944613,0.0,0.0,0.0,0.0,0.0,0.0
2022-12-15,23.95,25.45,23.91,25.03,56048384.0,1423556731.0,1779553000.0,0.031495765509653266,0.03515301902398682,0.061042814752013674,1.0,1.0,0.019551934826884,1.0,0.0,-0.009105304829770455,0.0,0.0,0.12494382022471906,1.0,1.0,0.0468423253868675,1.0,0.0,0.045093945720250606,1.0,0.0,-0.22411655300681954,0.0,0.0,1.0,0.03455301902398682,0.0,0.0,0.0,0.0,1.0,0.03515301902398682,0.0,0.0,0.0,0.0,0.0,0.0
2022-12-16,24.75,24.91,24.56,24.82,24793126.0,621955473.0,1779553000.0,0.013932221181386562,-0.008389932081502183,0.03979891076665276,1.0,1.0,0.030730897009966895,1.0,1.0,-0.005608974358974339,0.0,0.0,0.13126709206927978,1.0,1.0,0.06798623063683307,1.0,1.0,0.017630176301763,1.0,1.0,-0.2199874292897549,0.0,0.0,1.0,-0.008389932081502183,1.0,-0.008989932081502183,0.0,-0.0,1.0,-0.008389932081502183,1.0,-0.008989932081502183,1.0,-0.008989932081502183,0.0,-0.0
2022-12-19,24.73,24.74,23.78,23.84,22850548.0,561690052.0,1779553000.0,0.012840611097281171,-0.03948428686543115,-0.009143807148794592,0.0,1.0,-0.02693877551020407,0.0,1.0,-0.03559870550161803,0.0,0.0,0.10217290799815082,1.0,1.0,0.05814469596094085,1.0,1.0,-0.033644102148358446,0.0,1.0,-0.2545340838023765,0.0,0.0,1.0,-0.03948428686543115,1.0,-0.03948428686543115,0.0,-0.0,1.0,-0.03948428686543115,1.0,-0.03948428686543115,1.0,-0.03948428686543115,0.0,-0.0
2022-12-20,23.67,24.25,23.48,23.79,17751186.0,429471338.0,1779553000.0,0.00997508138279669,-0.002097315436241587,-0.0012594458438287548,0.0,0.0,-0.03371242891957771,0.0,0.0,-0.03801051354630014,0.0,0.0,0.11585365853658525,1.0,1.0,0.050331125827814516,1.0,1.0,-0.05670103092783507,0.0,0.0,-0.25725881985638466,0.0,0.0,0.0,-0.0006,0.0,-0.0006,0.0,-0.0,1.0,-0.002097315436241587,1.0,-0.002097315436241587,0.0,-0.0006,0.0,-0.0
2022-12-21,23.79,24.0,23.26,23.54,15555311.0,372079309.0,1779553000.0,0.008741133869010926,-0.010508617065994152,-0.026468155500413593,0.0,0.0,-0.024046434494195745,0.0,0.0,-0.03405826836274117,0.0,0.0,0.07292616226071091,1.0,1.0,0.04205400619743238,1.0,1.0,-0.09808429118773954,0.0,0.0,-0.250557147405285,0.0,0.0,0.0,-0.0,0.0,-0.0,0.0,-0.0,1.0,-0.010508617065994152,1.0,-0.010508617065994152,0.0,-0.0,0.0,-0.0
2022-12-22,23.53,23.73,22.99,23.1,15031790.0,356257108.0,1779553000.0,0.008446947070415997,-0.01869158878504662,-0.07710747103475823,0.0,0.0,-0.020771513353115667,0.0,0.0,-0.051724137931034364,0.0,0.0,0.0034752389226759828,1.0,1.0,0.021671826625387025,1.0,1.0,-0.12300683371298404,0.0,0.0,-0.26573426573426573,0.0,0.0,0.0,-0.0,0.0,-0.0,0.0,-0.0,1.0,-0.01869158878504662,1.0,-0.01869158878504662,0.0,-0.0,0.0,-0.0
2022-12-23,22.84,23.05,22.47,22.61,14939249.0,344154212.0,1779553000.0,0.008394944685547438,-0.02121212121212135,-0.08904109589041098,0.0,0.0,-0.05278592375366575,0.0,0.0,-0.058309037900874716,0.0,0.0,-0.029197080291970767,0.0,1.0,0.027260336210813252,1.0,1.0,-0.14323607427055707,0.0,0.0,-0.27648000000000006,0.0,0.0,0.0,-0.0,0.0,-0.0,0.0,-0.0,1.0,-0.02121212121212135,1.0,-0.02121212121212135,0.0,-0.0,0.0,-0.0
2022-12-26,22.62,23.19,22.6,23.09,12122877.0,282645169.0,1779553000.0,0.006812315789414533,0.02122954444935865,-0.031459731543624136,0.0,0.0,-0.040315876974231,0.0,0.0,-0.04783505154639178,0.0,0.0,-0.026970080067425184,0.0,0.0,0.06700554528650637,1.0,1.0,-0.11802902979373564,0.0,0.0,-0.25588140509184665,0.0,0.0,0.0,0.0,0.0,0.0,0.0,0.0,0.0,-0.0006,1.0,0.02122954444935865,0.0,0.0,0.0,0.0
2022-12-27,23.11,23.28,22.88,23.11,11668101.0,273007901.0,1779553000.0,0.006556759478363387,0.0008661758336943048,-0.028583438419503948,0.0,0.0,-0.029806884970613012,0.0,0.0,-0.06171335769386921,0.0,0.0,-0.02159187129551232,0.0,0.0,0.047122791119166285,1.0,1.0,-0.10112796577207317,0.0,0.0,-0.2547565301515641,0.0,0.0,0.0,0.0,0.0,0.0,0.0,0.0,0.0,0.0,1.0,0.0008661758336943048,0.0,0.0,0.0,0.0
2022-12-28,23.05,23.08,22.72,22.81,10574873.0,245102835.0,1779553000.0,0.005942432172573674,-0.012981393336218172,-0.031011045029736617,0.0,0.0,-0.05665839536807282,0.0,0.0,-0.07426948051948057,0.0,0.0,-0.023126338329764518,0.0,0.0,0.06688493919550975,1.0,1.0,-0.10898437500000013,0.0,0.0,-0.2511490479317138,0.0,0.0,0.0,-0.0,0.0,-0.0,0.0,-0.0,0.0,-0.0,1.0,-0.012981393336218172,0.0,-0.0,0.0,-0.0
2022-12-29,22.74,22.94,22.63,22.71,9218366.0,213028712.0,1779553000.0,0.005180158163314046,-0.004384042086803985,-0.016883116883116944,0.0,0.0,-0.0926887734718338,0.0,0.0,-0.07494908350305496,0.0,0.0,-0.03771186440677965,0.0,0.0,0.06469760900140664,1.0,1.0,-0.12955155231889615,0.0,0.0,-0.24875951042011246,0.0,0.0,0.0,-0.0,0.0,-0.0,0.0,-0.0,0.0,-0.0,1.0,-0.004384042086803985,0.0,-0.0,0.0,-0.0
2022-12-30,22.9,22.93,22.65,22.71,9109892.0,210384541.0,1779553000.0,0.005119202406447012,0.0,0.00442282176028308,1.0,0.0,-0.08501208702659147,0.0,0.0,-0.05689368770764114,0.0,0.0,-0.04096283783783783,0.0,0.0,0.07528409090909083,1.0,1.0,-0.11668611435239207,0.0,0.0,-0.25711481844946027,0.0,0.0,0.0,0.0,0.0,0.0,0.0,0.0,0.0,0.0,1.0,0.0,0.0,0.0,0.0,0.0
2023-01-03,22.74,23.14,22.6,23.08,12943599.0,300896260.0,1779553000.0,0.00727351138179082,0.016292382210479905,-0.0004330879168471524,0.0,1.0,-0.03187919463087252,0.0,0.0,-0.05795918367346942,0.0,0.0,-0.03187919463087252,0.0,0.0,0.14031620553359692,1.0,1.0,-0.0987895353377587,0.0,0.0,-0.2410391318645183,0.0,0.0,1.0,0.015692382210479906,0.0,0.0,0.0,0.0,0.0,0.0,1.0,0.016292382210479905,0.0,0.0,0.0,0.0
2023-01-04,23.06,23.61,23.06,23.2,18334343.0,433550136.0,1779553000.0,0.010302779967778425,0.005199306759098743,0.0038944180008653184,1.0,0.0,-0.02480033627574607,0.0,0.0,-0.05767668562144601,0.0,0.0,-0.016532428995337023,0.0,0.0,0.14060963618485744,1.0,1.0,-0.06564639548932738,0.0,0.0,-0.22485800200467765,0.0,0.0,0.0,-0.0006,0.0,0.0,0.0,0.0,0.0,0.0,1.0,0.005199306759098743,0.0,0.0,0.0,0.0
2023-01-05,23.09,23.85,23.04,23.65,23371806.0,557969593.0,1779553000.0,0.013133526228215738,0.0193965517241379,0.036825953529153965,1.0,1.0,0.004672897196261738,1.0,0.0,-0.019485903814262073,0.0,0.0,0.009389671361502261,1.0,0.0,0.12565445026178002,1.0,1.0,-0.028747433264887157,0.0,0.0,-0.20128335021952048,0.0,0.0,1.0,0.0187965517241379,0.0,0.0,0.0,0.0,0.0,0.0,1.0,0.0193965517241379,0.0,0.0,0.0,0.0
2023-01-06,23.55,23.85,23.48,23.63,17336277.0,416384686.0,1779553000.0,0.009741927888632707,-0.0008456659619450191,0.0405107881990312,1.0,1.0,0.022943722943722822,1.0,1.0,0.0016956337431115465,1.0,0.0,0.032779720279720204,1.0,1.0,0.12523809523809515,1.0,1.0,-0.027972027972027913,0.0,0.0,-0.20704697986577192,0.0,0.0,1.0,-0.0008456659619450191,1.0,-0.001445665961945019,0.0,-0.0,1.0,-0.001445665961945019,1.0,-0.0008456659619450191,0.0,-0.0,0.0,-0.0
2023-01-09,23.7,23.95,23.55,23.67,14160124.0,340937407.0,1779553000.0,0.007957124064301541,0.0016927634363099742,0.042272126816380595,1.0,1.0,0.0468819106590006,1.0,1.0,-0.008378718056137435,0.0,1.0,0.017626827171109305,1.0,1.0,0.10246856078248734,1.0,1.0,-0.031109291854277465,0.0,0.0,-0.21205059920106517,0.0,0.0,1.0,0.0016927634363099742,1.0,0.0016927634363099742,1.0,0.0010927634363099743,1.0,0.0016927634363099742,1.0,0.0016927634363099742,0.0,0.0,0.0,0.0
2023-01-10,24.09,24.9,24.02,24.73,56330180.0,1405664951.0,1779553000.0,0.03165411763515894,0.04478242501056173,0.07149046793760849,1.0,1.0,0.07102641836292767,1.0,1.0,0.02784704904405655,1.0,0.0,0.05368555602897329,1.0,1.0,0.13492427719137234,1.0,1.0,0.02913025384935497,1.0,0.0,-0.16957689724647418,0.0,0.0,1.0,0.04478242501056173,1.0,0.04478242501056173,0.0,-0.0006,1.0,0.04478242501056173,1.0,0.04478242501056173,0.0,0.0,0.0,0.0
2023-01-11,24.98,26.92,24.87,25.77,103263020.0,2724199536.0,1779553000.0,0.05802750465987807,0.04205418520016169,0.11077586206896561,1.0,1.0,0.1151016875811337,1.0,1.0,0.08186397984886651,1.0,1.0,0.01576665352778872,1.0,1.0,0.1991624011167985,1.0,1.0,0.04247572815533984,1.0,1.0,-0.14356929212362912,0.0,0.0,1.0,0.04205418520016169,1.0,0.04205418520016169,1.0,0.04145418520016168,1.0,0.04205418520016169,1.0,0.04205418520016169,1.0,0.04145418520016168,0.0,0.0
2023-01-12,25.77,26.08,25.39,25.9,51981442.0,1358899226.0,1779553000.0,0.029210392722217322,0.005044625533566105,0.09513742071881603,1.0,1.0,0.13546690048224463,1.0,1.0,0.07113316790736146,1.0,1.0,0.04183427192276756,1.0,1.0,0.21882352941176464,1.0,1.0,0.04435483870967727,1.0,1.0,-0.14577836411609502,0.0,0.0,1.0,0.005044625533566105,1.0,0.005044625533566105,1.0,0.005044625533566105,1.0,0.005044625533566105,1.0,0.005044625533566105,1.0,0.005044625533566105,0.0,0.0
2023-01-13,26.07,26.19,25.52,25.88,41990206.0,1099997548.0,1779553000.0,0.023595928865282462,-0.0007722007722007485,0.09521794329242494,1.0,1.0,0.1395860854249229,1.0,1.0,0.033959248901318295,1.0,1.0,0.02454473475851149,1.0,1.0,0.16314606741573034,1.0,1.0,0.04019292604501601,1.0,1.0,-0.14446280991735538,0.0,0.0,1.0,-0.0007722007722007485,1.0,-0.0007722007722007485,1.0,-0.0007722007722007485,1.0,-0.0007722007722007485,1.0,-0.0007722007722007485,1.0,-0.0007722007722007485,0.0,-0.0
2023-01-16,25.67,26.26,25.62,26.1,42492215.0,1122740885.0,1779553000.0,0.02387802723492922,0.008500772797527034,0.10266159695817478,1.0,1.0,0.14927344782034346,1.0,1.0,0.05157131345688959,1.0,1.0,0.04567307692307687,1.0,1.0,0.18960802187784864,1.0,1.0,0.047351524879614804,1.0,1.0,-0.12327846825663413,0.0,0.0,1.0,0.008500772797527034,1.0,0.008500772797527034,1.0,0.008500772797527034,1.0,0.008500772797527034,1.0,0.008500772797527034,1.0,0.008500772797527034,0.0,0.0
2023-01-17,26.11,26.68,26.07,26.3,38890390.0,1040548579.0,1779553000.0,0.021854021768387903,0.00766283524904221,0.0634856449656287,1.0,1.0,0.13951473136915093,1.0,1.0,0.10318791946308736,1.0,1.0,0.06391585760517815,1.0,1.0,0.21590383726306062,1.0,1.0,0.07346938775510203,1.0,1.0,-0.11358274351196496,0.0,0.0,1.0,0.00766283524904221,1.0,0.00766283524904221,1.0,0.00766283524904221,1.0,0.00766283524904221,1.0,0.00766283524904221,1.0,0.00766283524904221,0.0,0.0
2023-01-18,26.27,26.4,26.06,26.11,24119950.0,640679548.0,1779553000.0,0.01355393742136368,-0.007224334600760551,0.013193636010865317,1.0,1.0,0.12543103448275872,1.0,1.0,0.09751996637242533,1.0,1.0,0.055802668823291546,1.0,1.0,0.22467166979362108,1.0,1.0,0.08385222083852217,1.0,1.0,-0.1190958164642375,0.0,0.0,1.0,-0.007224334600760551,1.0,-0.007224334600760551,1.0,-0.007224334600760551,1.0,-0.007224334600760551,1.0,-0.007224334600760551,1.0,-0.007224334600760551,0.0,-0.0
2023-01-19,26.11,26.58,25.93,26.52,31004898.0,829269229.0,1779553000.0,0.017422857313044344,0.01570279586365375,0.02393822393822398,1.0,1.0,0.12135306553911218,1.0,1.0,0.1265930331350893,1.0,1.0,0.0882232252769799,1.0,1.0,0.20875113947128532,1.0,1.0,0.08555055259926325,1.0,1.0,-0.06914706914706914,0.0,0.0,1.0,0.01570279586365375,1.0,0.01570279586365375,1.0,0.01570279586365375,1.0,0.01570279586365375,1.0,0.01570279586365375,1.0,0.01570279586365375,0.0,0.0
2023-01-20,26.49,26.88,26.42,26.85,33763058.0,915595240.0,1779553000.0,0.018972774623739783,0.012443438914027327,0.03748068006182392,1.0,1.0,0.13626745662293716,1.0,1.0,0.16233766233766223,1.0,1.0,0.10221674876847309,1.0,1.0,0.16637706342311032,1.0,1.0,0.12202256581696624,1.0,1.0,-0.03969957081545061,0.0,0.0,1.0,0.012443438914027327,1.0,0.012443438914027327,1.0,0.012443438914027327,1.0,0.012443438914027327,1.0,0.012443438914027327,1.0,0.012443438914027327,0.0,0.0
2023-01-30,27.29,27.41,26.71,26.76,39233031.0,1074996836.0,1779553000.0,0.022046565064372907,-0.003351955307262511,0.025287356321838983,1.0,1.0,0.13054499366286443,1.0,1.0,0.18354710305174704,1.0,1.0,0.11453561016243241,1.0,1.0,0.1489909832546159,1.0,1.0,0.06064209274673016,1.0,1.0,-0.05874076679563833,0.0,0.0,1.0,-0.003351955307262511,1.0,-0.003351955307262511,1.0,-0.003351955307262511,1.0,-0.003351955307262511,1.0,-0.003351955307262511,1.0,-0.003351955307262511,0.0,-0.0
2023-01-31,26.74,27.0,26.29,26.29,38640066.0,1039686978.0,1779553000.0,0.021713354982964825,-0.017563527653213895,-0.00038022813688221024,0.0,1.0,0.06308127780024253,1.0,1.0,0.13858813339107834,1.0,1.0,0.08412371134020624,1.0,1.0,0.10788032026970074,1.0,1.0,0.05794768611670009,1.0,1.0,-0.07003891050583655,0.0,0.0,1.0,-0.017563527653213895,1.0,-0.017563527653213895,1.0,-0.017563527653213895,1.0,-0.017563527653213895,1.0,-0.017563527653213895,1.0,-0.017563527653213895,0.0,-0.0
2023-02-01,26.44,27.35,26.43,27.19,43250997.0,1186698755.0,1779553000.0,0.024304416333764716,0.03423354887790042,0.04136346227499055,1.0,0.0,0.055102832751261266,1.0,1.0,0.176546949372566,1.0,1.0,0.1039382866423062,1.0,1.0,0.15114309906858603,1.0,1.0,0.09416498993963773,1.0,1.0,-0.035131298793470545,0.0,0.0,0.0,-0.0006,1.0,0.03423354887790042,1.0,0.03423354887790042,1.0,0.03423354887790042,1.0,0.03423354887790042,1.0,0.03423354887790042,0.0,0.0
2023-02-02,27.5,27.62,27.05,27.21,39900371.0,1105432102.0,1779553000.0,0.022421569349156782,0.0007355645457889359,0.026018099547511442,1.0,1.0,0.050579150579150634,1.0,1.0,0.19289785181937757,1.0,1.0,0.10430194805194803,1.0,1.0,0.16531049250535323,1.0,1.0,0.14616680707666396,1.0,1.0,-0.04358523725834795,0.0,0.0,1.0,0.00013556454578893598,1.0,0.0007355645457889359,1.0,0.0007355645457889359,1.0,0.0007355645457889359,1.0,0.0007355645457889359,1.0,0.0007355645457889359,0.0,0.0
2023-02-03,27.1,27.51,26.93,27.46,35425609.0,979539668.0,1779553000.0,0.019907026652198612,0.009187798603454533,0.02271880819366845,1.0,1.0,0.061051004636785144,1.0,1.0,0.2091589608102158,1.0,1.0,0.1185336048879837,1.0,1.0,0.16355932203389822,1.0,1.0,0.12310838445807781,1.0,1.0,-0.04120111731843579,0.0,0.0,1.0,0.009187798603454533,1.0,0.009187798603454533,1.0,0.009187798603454533,1.0,0.009187798603454533,1.0,0.009187798603454533,1.0,0.009187798603454533,0.0,0.0
2023-02-06,27.22,27.35,26.9,27.05,24103200.0,662732362.0,1779553000.0,0.0135445249453093,-0.014930808448652577,0.010837070254110515,1.0,1.0,0.036398467432950055,1.0,1.0,0.1911052399823867,1.0,1.0,0.12333887043189384,1.0,1.0,0.14231418918918926,1.0,1.0,0.043595679012345734,1.0,1.0,-0.03839317454674718,0.0,0.0,1.0,-0.014930808448652577,1.0,-0.014930808448652577,1.0,-0.014930808448652577,1.0,-0.014930808448652577,1.0,-0.014930808448652577,1.0,-0.014930808448652577,0.0,-0.0
2023-02-07,27.05,27.19,26.77,26.97,21040051.0,574791650.0,1779553000.0,0.011823222460921367,-0.0029574861367838157,0.025865348041080205,1.0,1.0,0.025475285171102646,1.0,1.0,0.16854419410745236,1.0,1.0,0.10081632653061212,1.0,1.0,0.13129194630872476,1.0,1.0,-0.041577825159914816,0.0,1.0,-0.024593128390596686,0.0,0.0,1.0,-0.0029574861367838157,1.0,-0.0029574861367838157,1.0,-0.0029574861367838157,1.0,-0.0029574861367838157,1.0,-0.0029574861367838157,1.0,-0.0029574861367838157,0.0,-0.0
2023-02-08,27.06,27.35,26.49,26.56,27342822.0,743574626.0,1779553000.0,0.015364994467711836,-0.01520207638116422,-0.02317028319235026,0.0,1.0,0.01723477594791256,1.0,1.0,0.14482758620689662,1.0,1.0,0.07879772542648245,1.0,1.0,0.125900805426028,1.0,1.0,-0.0657755891663736,0.0,0.0,-0.03593466424682401,0.0,0.0,1.0,-0.01520207638116422,1.0,-0.01520207638116422,1.0,-0.01520207638116422,1.0,-0.01520207638116422,1.0,-0.01520207638116422,0.0,-0.0006,0.0,-0.0
2023-02-09,26.46,27.69,26.41,27.68,48948769.0,1356491350.0,1779553000.0,0.027506215886798538,0.04216867469879526,0.01727306137449469,1.0,0.0,0.043740573152337925,1.0,1.0,0.17040169133192395,1.0,1.0,0.14759535655058031,1.0,1.0,0.18139137857447718,1.0,1.0,-0.0494505494505495,0.0,0.0,0.009482129832239172,1.0,0.0,0.0,-0.0006,1.0,0.04216867469879526,1.0,0.04216867469879526,1.0,0.04216867469879526,1.0,0.04216867469879526,0.0,0.0,0.0,0.0
2023-02-10,27.59,28.16,27.5,27.77,40364448.0,1137303465.0,1779553000.0,0.022682352253627736,0.0032514450867051625,0.0112891478514201,1.0,1.0,0.03426443202979512,1.0,1.0,0.1752010156580619,1.0,1.0,0.1771937261551504,1.0,1.0,0.21372377622377625,1.0,1.0,-0.012095339736748478,0.0,0.0,0.018335166850018236,1.0,1.0,1.0,0.0026514450867051627,1.0,0.0032514450867051625,1.0,0.0032514450867051625,1.0,0.0032514450867051625,1.0,0.0032514450867051625,0.0,0.0,1.0,0.0026514450867051627
2023-02-13,27.55,27.92,27.33,27.82,34144363.0,958825989.0,1779553000.0,0.019187044724152637,0.001800504141159509,0.028465804066543532,1.0,1.0,0.039611360239162785,1.0,1.0,0.17532741867342616,1.0,1.0,0.16547968160871385,1.0,1.0,0.1960447119518487,1.0,1.0,-0.03133704735376042,0.0,0.0,0.001800504141159509,1.0,1.0,1.0,0.001800504141159509,1.0,0.001800504141159509,1.0,0.001800504141159509,1.0,0.001800504141159509,1.0,0.001800504141159509,0.0,0.0,1.0,0.001800504141159509
2023-02-14,27.82,29.39,27.82,28.44,72399139.0,2110385100.0,1779553000.0,0.04068389028031197,0.022286125089863384,0.05450500556173532,1.0,1.0,0.08178014454165083,1.0,1.0,0.15002021835826929,1.0,1.0,0.18204488778054873,1.0,1.0,0.21175969322539423,1.0,1.0,-0.004898530440867632,0.0,0.0,0.06796845662786333,1.0,1.0,1.0,0.022286125089863384,1.0,0.022286125089863384,1.0,0.022286125089863384,1.0,0.022286125089863384,1.0,0.022286125089863384,0.0,0.0,1.0,0.022286125089863384
2023-02-15,28.38,28.95,28.17,28.86,46093700.0,1339084520.0,1779553000.0,0.025901841642255105,0.014767932489451407,0.08659638554216875,1.0,1.0,0.0614196395733726,1.0,1.0,0.11990686845168796,1.0,1.0,0.21158690176322414,1.0,1.0,0.13756405202995658,1.0,1.0,0.0277777777777779,1.0,0.0,0.09942857142857142,1.0,1.0,1.0,0.014767932489451407,1.0,0.014767932489451407,1.0,0.014767932489451407,1.0,0.014767932489451407,1.0,0.014767932489451407,0.0,0.0,1.0,0.014767932489451407
2023-02-16,28.64,28.78,27.4,27.62,49840405.0,1424279809.0,1779553000.0,0.028007260812125293,-0.042966042966042894,-0.0021676300578034047,0.0,1.0,0.015067989709665497,1.0,1.0,0.06640926640926659,1.0,1.0,0.14226633581472292,1.0,1.0,0.11102172164119084,1.0,1.0,-0.009325681492108995,0.0,1.0,0.03834586466165413,1.0,1.0,1.0,-0.042966042966042894,1.0,-0.042966042966042894,1.0,-0.042966042966042894,1.0,-0.042966042966042894,1.0,-0.042966042966042894,1.0,-0.0435660429660429,1.0,-0.042966042966042894
2023-02-17,27.66,27.93,26.76,26.77,37975104.0,1049549385.0,1779553000.0,0.021339686988811234,-0.03077480086893558,-0.036010082823190515,0.0,0.0,-0.025127458120903223,0.0,1.0,0.03438948995363211,1.0,1.0,0.06951658010387529,1.0,1.0,0.059778305621535965,1.0,1.0,-0.035662824207492894,0.0,0.0,-0.009618941916389234,0.0,1.0,0.0,-0.0006,1.0,-0.03077480086893558,1.0,-0.03077480086893558,1.0,-0.03077480086893558,1.0,-0.03077480086893558,0.0,-0.0006,1.0,-0.03077480086893558
2023-02-20,26.66,28.37,26.59,28.21,48172274.0,1347858007.0,1779553000.0,0.027069873164777897,0.053791557713858795,0.014018691588784993,1.0,0.0,0.042883548983364106,1.0,0.0,0.08084291187739456,1.0,1.0,0.13658340048348117,1.0,1.0,0.13020833333333326,1.0,1.0,0.007500000000000062,1.0,0.0,0.03333333333333344,1.0,0.0,0.0,0.0,0.0,-0.0006,1.0,0.053791557713858795,1.0,0.053791557713858795,1.0,0.053791557713858795,0.0,0.0,0.0,-0.0006
2023-02-21,28.02,28.67,27.84,28.24,34398339.0,983379652.0,1779553000.0,0.019329763710325007,0.0010634526763557695,-0.007032348804500765,0.0,1.0,0.04708935854653307,1.0,1.0,0.07376425855513302,1.0,1.0,0.18456375838926165,1.0,1.0,0.14239482200647258,1.0,1.0,0.055700934579439254,1.0,1.0,0.03367496339677878,1.0,1.0,1.0,0.0004634526763557695,1.0,0.0004634526763557695,1.0,0.0010634526763557695,1.0,0.0010634526763557695,1.0,0.0010634526763557695,1.0,0.0004634526763557695,1.0,0.0004634526763557695
2023-02-22,27.99,28.36,27.49,28.0,30006140.0,849995067.0,1779553000.0,0.016861616372201335,-0.008498583569405027,-0.02979902979902982,0.0,0.0,0.054216867469879526,1.0,1.0,0.07238605898123329,1.0,1.0,0.17696511139134086,1.0,1.0,0.13222806308127777,1.0,1.0,0.053820097854723414,1.0,1.0,0.030548398969451496,1.0,1.0,0.0,-0.0006,1.0,-0.008498583569405027,1.0,-0.008498583569405027,1.0,-0.008498583569405027,1.0,-0.008498583569405027,1.0,-0.008498583569405027,1.0,-0.008498583569405027
2023-02-23,27.99,28.14,27.55,27.73,19313628.0,545610069.0,1779553000.0,0.01085307827302699,-0.009642857142857175,0.003982621288921129,1.0,0.0,0.0018063583815028927,1.0,1.0,0.045625942684766274,1.0,1.0,0.17799490229396775,1.0,1.0,0.13787443578169878,1.0,1.0,0.06367472190256995,1.0,1.0,0.03392990305741983,1.0,1.0,0.0,-0.0,1.0,-0.009642857142857175,1.0,-0.009642857142857175,1.0,-0.009642857142857175,1.0,-0.009642857142857175,1.0,-0.009642857142857175,1.0,-0.009642857142857175
2023-02-24,27.99,28.3,27.57,27.84,32316712.0,917398182.0,1779553000.0,0.01816001658843541,0.0039668229354490325,0.03997011580127019,1.0,1.0,0.0025207057976233127,1.0,1.0,0.036871508379888285,1.0,1.0,0.20519480519480515,1.0,1.0,0.1428571428571428,1.0,1.0,0.11093375897845181,1.0,1.0,0.02127659574468077,1.0,1.0,1.0,0.0033668229354490327,1.0,0.0039668229354490325,1.0,0.0039668229354490325,1.0,0.0039668229354490325,1.0,0.0039668229354490325,1.0,0.0039668229354490325,1.0,0.0039668229354490325
2023-02-27,27.59,27.99,27.27,27.31,25433831.0,710069722.0,1779553000.0,0.0142922582243968,-0.019037356321839116,-0.03190358029067719,0.0,1.0,-0.01833213515456511,0.0,1.0,0.020553064275037336,1.0,1.0,0.20787262273330387,1.0,1.0,0.13744273219491876,1.0,1.0,0.09855189058728886,1.0,1.0,0.003675119441381769,1.0,1.0,1.0,-0.019037356321839116,1.0,-0.019037356321839116,1.0,-0.019037356321839116,1.0,-0.019037356321839116,1.0,-0.019037356321839116,1.0,-0.019037356321839116,1.0,-0.019037356321839116
2023-02-28,27.45,28.03,27.23,27.73,28983571.0,812235473.0,1779553000.0,0.016286995104950512,0.015378982057854262,-0.018059490084985752,0.0,0.0,-0.024964838255977506,0.0,0.0,0.05477367820464063,1.0,1.0,0.20095279341706362,1.0,1.0,0.14350515463917524,1.0,1.0,0.12815296989422298,1.0,1.0,0.027417562060022327,1.0,1.0,0.0,-0.0006,0.0,-0.0006,1.0,0.015378982057854262,1.0,0.015378982057854262,1.0,0.015378982057854262,1.0,0.015378982057854262,1.0,0.015378982057854262
2023-03-01,27.75,28.83,27.64,28.76,56354382.0,1629237904.0,1779553000.0,0.0316677176796645,0.03714388748647668,0.027142857142857135,1.0,0.0,-0.0034650034650034467,0.0,0.0,0.05774181684442814,1.0,1.0,0.24448290783210735,1.0,1.0,0.16768168899715796,1.0,1.0,0.1830522418757714,1.0,1.0,0.06597479614529278,1.0,1.0,0.0,0.0,0.0,0.0,1.0,0.03714388748647668,1.0,0.03714388748647668,1.0,0.03714388748647668,1.0,0.03714388748647668,1.0,0.03714388748647668
2023-03-02,29.02,29.28,28.32,28.39,34420223.0,998696383.0,1779553000.0,0.019342061180532416,-0.012865090403338053,0.02380093761269375,1.0,1.0,0.027878349022447457,1.0,0.0,0.04336640940830572,1.0,1.0,0.24462954844366513,1.0,1.0,0.15219155844155852,1.0,1.0,0.1568867155664222,1.0,1.0,0.04298310066127864,1.0,1.0,1.0,-0.013465090403338053,0.0,-0.0,1.0,-0.012865090403338053,1.0,-0.012865090403338053,1.0,-0.012865090403338053,1.0,-0.012865090403338053,1.0,-0.012865090403338053
2023-03-03,28.91,29.37,28.38,29.1,63157287.0,1856102157.0,1779553000.0,0.03549053442072251,0.025008805917576593,0.04525862068965525,1.0,1.0,0.08703772880089655,1.0,1.0,0.05972323379461031,1.0,1.0,0.2813738441215323,1.0,1.0,0.185336048879837,1.0,1.0,0.19115841178878434,1.0,1.0,0.0911136107986501,1.0,1.0,1.0,0.025008805917576593,1.0,0.024408805917576593,1.0,0.025008805917576593,1.0,0.025008805917576593,1.0,0.025008805917576593,1.0,0.025008805917576593,1.0,0.025008805917576593
2023-03-06,29.04,29.04,27.93,28.49,46578970.0,1344072330.0,1779553000.0,0.026174533717175045,-0.020962199312714924,0.04320761625778102,1.0,1.0,0.009925558312654958,1.0,1.0,0.05323475046210713,1.0,1.0,0.25451343020695716,1.0,1.0,0.18313953488372103,1.0,1.0,0.17387721466831474,1.0,1.0,0.02445163610212142,1.0,1.0,1.0,-0.020962199312714924,1.0,-0.020962199312714924,1.0,-0.020962199312714924,1.0,-0.020962199312714924,1.0,-0.020962199312714924,1.0,-0.020962199312714924,1.0,-0.020962199312714924
2023-03-07,28.36,28.62,27.2,27.2,46236897.0,1302577111.0,1779553000.0,0.025982309602467585,-0.04527904527904525,-0.019112874143526914,0.0,1.0,-0.03682719546742208,0.0,1.0,0.008527994067482503,1.0,1.0,0.17850953206239173,1.0,1.0,0.11020408163265305,1.0,1.0,0.10929853181076665,1.0,1.0,-0.0003675119441381991,0.0,1.0,1.0,-0.04527904527904525,1.0,-0.04527904527904525,1.0,-0.04527904527904525,1.0,-0.04527904527904525,1.0,-0.04527904527904525,1.0,-0.04527904527904525,1.0,-0.04527904527904525
2023-03-08,27.0,27.51,26.95,27.37,24055549.0,665692114.0,1779553000.0,0.013517747996266477,0.006250000000000089,-0.04833101529902639,0.0,0.0,-0.022499999999999964,0.0,0.0,0.03049698795180733,1.0,1.0,0.17974137931034484,1.0,1.0,0.11169780666125106,1.0,1.0,0.1338028169014085,1.0,1.0,-0.0036403349108117267,0.0,0.0,0.0,-0.0006,0.0,-0.0006,1.0,0.006250000000000089,1.0,0.006250000000000089,1.0,0.006250000000000089,1.0,0.006250000000000089,0.0,-0.0006
2023-03-09,27.37,28.47,27.31,27.8,38287663.0,1085621476.0,1779553000.0,0.02151532603974144,0.01571063207891843,-0.020781965480803133,0.0,0.0,0.0025243418680129803,1.0,0.0,0.004335260115607031,1.0,1.0,0.1754756871035943,1.0,1.0,0.15257048092868986,1.0,1.0,0.13887750921753383,1.0,1.0,0.016081871345029253,1.0,0.0,0.0,0.0,0.0,0.0,1.0,0.01571063207891843,1.0,0.01571063207891843,1.0,0.01571063207891843,1.0,0.01571063207891843,0.0,0.0
2023-03-10,27.59,28.54,27.49,27.78,38883522.0,1108844187.0,1779553000.0,0.021850162372236175,-0.0007194244604316058,-0.0453608247422681,0.0,0.0,-0.0021551724137930384,0.0,1.0,0.0003601008282319018,1.0,1.0,0.1756242065171394,1.0,1.0,0.17761763459092839,1.0,1.0,0.11745776347546255,1.0,1.0,0.012021857923497414,1.0,1.0,0.0,-0.0,1.0,-0.0013194244604316056,1.0,-0.0007194244604316058,1.0,-0.0007194244604316058,1.0,-0.0007194244604316058,1.0,-0.0007194244604316058,1.0,-0.0013194244604316056
2023-03-13,27.75,28.09,27.51,28.08,25566637.0,722462235.0,1779553000.0,0.014366887077822353,0.010799136069114423,-0.014391014391014423,0.0,0.0,0.02819480043939948,1.0,0.0,0.009345794392523255,1.0,1.0,0.18631178707224327,1.0,1.0,0.1763720150816923,1.0,1.0,0.1373025516403401,1.0,1.0,0.03501658680427577,1.0,1.0,0.0,0.0,0.0,-0.0006,1.0,0.010799136069114423,1.0,0.010799136069114423,1.0,0.010799136069114423,1.0,0.010799136069114423,1.0,0.010799136069114423
2023-03-14,28.04,28.77,27.43,28.55,56172819.0,1608213255.0,1779553000.0,0.031565690372807105,0.016737891737891752,0.04963235294117663,1.0,0.0,0.029570861882437738,1.0,1.0,0.003867791842475432,1.0,1.0,0.1544682571775171,1.0,1.0,0.18661679135494613,1.0,1.0,0.15493527508090632,1.0,1.0,0.06173298624023804,1.0,1.0,0.0,0.0,1.0,0.016137891737891753,1.0,0.016737891737891752,1.0,0.016737891737891752,1.0,0.016737891737891752,1.0,0.016737891737891752,1.0,0.016737891737891752
2023-03-15,28.58,29.12,28.34,28.66,52796449.0,1541159730.0,1779553000.0,0.02966837683395774,0.003852889667250503,0.04713189623675551,1.0,1.0,-0.003477051460361702,0.0,1.0,-0.006930006930006893,0.0,1.0,0.11214590609235553,1.0,1.0,0.2031905961376994,1.0,1.0,0.16173490068909602,1.0,1.0,0.07020164301717702,1.0,1.0,1.0,0.0032528896672505032,1.0,0.003852889667250503,1.0,0.003852889667250503,1.0,0.003852889667250503,1.0,0.003852889667250503,1.0,0.003852889667250503,1.0,0.003852889667250503
2023-03-16,28.44,30.85,28.34,30.14,130191719.0,3999131564.0,1779553000.0,0.07315978731737689,0.0516399162595953,0.08417266187050365,1.0,1.0,0.061641423036280285,1.0,0.0,0.09123823316437352,1.0,0.0,0.16370656370656378,1.0,1.0,0.24648469809760143,1.0,1.0,0.23625922887612805,1.0,1.0,0.17872506843957758,1.0,1.0,1.0,0.0516399162595953,0.0,-0.0006,0.0,-0.0006,1.0,0.0516399162595953,1.0,0.0516399162595953,1.0,0.0516399162595953,1.0,0.0516399162595953
2023-03-17,30.35,30.83,29.91,30.46,92640770.0,2859169510.0,1779553000.0,0.05205844950951166,0.010617120106171107,0.09647228221742266,1.0,1.0,0.04673539518900349,1.0,1.0,0.1378408666417632,1.0,1.0,0.17697063369397226,1.0,1.0,0.21693967239312828,1.0,1.0,0.2739439565035551,1.0,1.0,0.22182109907741676,1.0,1.0,1.0,0.010617120106171107,1.0,0.010017120106171108,1.0,0.010017120106171108,1.0,0.010617120106171107,1.0,0.010617120106171107,1.0,0.010617120106171107,1.0,0.010617120106171107
2023-03-20,30.53,32.84,30.25,32.28,139302617.0,4498813782.0,1779553000.0,0.07827955503432604,0.05975049244911368,0.1495726495726497,1.0,1.0,0.1330291330291331,1.0,1.0,0.1442750797589507,1.0,1.0,0.23678160919540225,1.0,1.0,0.3005640612409348,1.0,1.0,0.38898450946643726,1.0,1.0,0.286568353925867,1.0,1.0,1.0,0.05975049244911368,1.0,0.05975049244911368,1.0,0.05975049244911368,1.0,0.05975049244911368,1.0,0.05975049244911368,1.0,0.05975049244911368,1.0,0.05975049244911368
2023-03-21,31.73,32.16,31.14,31.74,79429555.0,2548216862.0,1779553000.0,0.044634554295376425,-0.016728624535316095,0.11173380035026259,1.0,1.0,0.16691176470588243,1.0,1.0,0.1239376770538243,1.0,1.0,0.20684410646387819,1.0,1.0,0.3313758389261745,1.0,1.0,0.4087882822902795,1.0,1.0,0.26102502979737774,1.0,1.0,1.0,-0.016728624535316095,1.0,-0.016728624535316095,1.0,-0.016728624535316095,1.0,-0.016728624535316095,1.0,-0.016728624535316095,1.0,-0.016728624535316095,1.0,-0.016728624535316095
2023-03-22,31.53,32.32,31.16,32.31,73256807.0,2362905132.0,1779553000.0,0.041165847266139304,0.017958412098298737,0.12735519888346136,1.0,1.0,0.1804895871392036,1.0,1.0,0.15392857142857141,1.0,1.0,0.23745691306013028,1.0,1.0,0.35813366960907955,1.0,1.0,0.42649006622516583,1.0,1.0,0.2770750988142292,1.0,1.0,1.0,0.017958412098298737,1.0,0.017958412098298737,1.0,0.017958412098298737,1.0,0.017958412098298737,1.0,0.017958412098298737,1.0,0.017958412098298737,1.0,0.017958412098298737
2023-03-23,31.83,33.89,31.72,33.34,117720723.0,3971618975.0,1779553000.0,0.06615184993085342,0.03187867533271427,0.10617120106171218,1.0,1.0,0.19928057553956835,1.0,1.0,0.20230796970789777,1.0,1.0,0.25716440422322795,1.0,1.0,0.41631265930331374,1.0,1.0,0.47587428065515724,1.0,1.0,0.35034426893479154,1.0,1.0,1.0,0.03187867533271427,1.0,0.03187867533271427,1.0,0.03187867533271427,1.0,0.03187867533271427,1.0,0.03187867533271427,1.0,0.03187867533271427,1.0,0.03187867533271427
2023-03-24,33.01,33.78,32.39,32.91,74905099.0,2505637773.0,1779553000.0,0.04209208660826623,-0.01289742051589704,0.08043335521996053,1.0,1.0,0.18466522678185737,1.0,1.0,0.18211206896551713,1.0,1.0,0.22569832402234624,1.0,1.0,0.42467532467532454,1.0,1.0,0.45555064130915524,1.0,1.0,0.4203711696158823,1.0,1.0,1.0,-0.01289742051589704,1.0,-0.01289742051589704,1.0,-0.01289742051589704,1.0,-0.01289742051589704,1.0,-0.01289742051589704,1.0,-0.01289742051589704,1.0,-0.01289742051589704
2023-03-27,32.53,33.39,32.01,32.23,71041393.0,2350765962.0,1779553000.0,0.03992092002879375,-0.02066241264053481,-0.0015489467162330683,0.0,1.0,0.14779202279202286,1.0,1.0,0.1801537898205785,1.0,1.0,0.20440956651718967,1.0,1.0,0.4254754533392304,1.0,1.0,0.46433439345751903,1.0,1.0,0.34403669724770625,1.0,1.0,1.0,-0.02066241264053481,1.0,-0.02066241264053481,1.0,-0.02066241264053481,1.0,-0.02066241264053481,1.0,-0.02066241264053481,1.0,-0.02066241264053481,1.0,-0.02066241264053481
2023-03-28,32.22,33.47,32.06,32.7,61726284.0,2054303781.0,1779553000.0,0.034686398213483946,0.01458268693763598,0.030245746691871522,1.0,0.0,0.1453590192644485,1.0,1.0,0.17922827262892183,1.0,1.0,0.2438189425637125,1.0,1.0,0.4161974880900825,1.0,1.0,0.5110905730129391,1.0,1.0,0.31589537223340036,1.0,1.0,0.0,-0.0006,1.0,0.01458268693763598,1.0,0.01458268693763598,1.0,0.01458268693763598,1.0,0.01458268693763598,1.0,0.01458268693763598,1.0,0.01458268693763598
2023-03-29,32.42,33.08,31.61,32.33,64698790.0,2120166375.0,1779553000.0,0.03635676487297653,-0.011314984709480225,0.0006190034045185921,1.0,1.0,0.12805303558967185,1.0,1.0,0.12413073713490941,1.0,1.0,0.18904008826774543,1.0,1.0,0.39896148853310254,1.0,1.0,0.4648844585410057,1.0,1.0,0.29475370444533433,1.0,1.0,1.0,-0.011914984709480225,1.0,-0.011314984709480225,1.0,-0.011314984709480225,1.0,-0.011314984709480225,1.0,-0.011314984709480225,1.0,-0.011314984709480225,1.0,-0.011314984709480225
2023-03-30,32.52,33.06,31.84,32.39,48338168.0,1595085955.0,1779553000.0,0.027163095451498212,0.0018558614290133946,-0.028494301139772138,0.0,1.0,0.07465162574651618,1.0,1.0,0.14089468122578364,1.0,1.0,0.19037118706357958,1.0,1.0,0.41999123191582655,1.0,1.0,0.5149672591206735,1.0,1.0,0.2832805071315374,1.0,1.0,1.0,0.0018558614290133946,1.0,0.0018558614290133946,1.0,0.0018558614290133946,1.0,0.0018558614290133946,1.0,0.0018558614290133946,1.0,0.0018558614290133946,1.0,0.0018558614290133946
2023-03-31,32.17,32.38,31.44,31.98,52294350.0,1692584266.0,1779553000.0,0.02938622788981278,-0.012658227848101222,-0.028258887876025374,0.0,0.0,0.04990151017728173,1.0,1.0,0.09896907216494832,1.0,1.0,0.16460305899490169,1.0,1.0,0.40819022457067367,1.0,1.0,0.4992967651195501,1.0,1.0,0.27461139896373066,1.0,1.0,0.0,-0.0006,1.0,-0.012658227848101222,1.0,-0.012658227848101222,1.0,-0.012658227848101222,1.0,-0.012658227848101222,1.0,-0.012658227848101222,1.0,-0.012658227848101222
2023-04-03,32.09,34.23,32.09,34.05,113275225.0,3833584106.0,1779553000.0,0.06365375181295528,0.06472795497185735,0.05646912814148308,1.0,0.0,0.05483271375464671,1.0,1.0,0.1951561951561951,1.0,1.0,0.25878003696857665,1.0,1.0,0.499339498018494,1.0,1.0,0.612215909090909,1.0,1.0,0.35226370135027785,1.0,1.0,0.0,0.0,1.0,0.06472795497185735,1.0,0.06472795497185735,1.0,0.06472795497185735,1.0,0.06472795497185735,1.0,0.06472795497185735,1.0,0.06472795497185735
2023-04-04,33.9,35.08,33.61,34.43,102031951.0,3566138642.0,1779553000.0,0.0573357191384578,0.011160058737151424,0.052905198776758366,1.0,1.0,0.08475110270951491,1.0,1.0,0.2658088235294118,1.0,1.0,0.27660363366703744,1.0,1.0,0.49176776429809377,1.0,1.0,0.7010869565217392,1.0,1.0,0.38942695722356735,1.0,1.0,1.0,0.010560058737151424,1.0,0.011160058737151424,1.0,0.011160058737151424,1.0,0.011160058737151424,1.0,0.011160058737151424,1.0,0.011160058737151424,1.0,0.011160058737151424
2023-04-06,34.14,37.72,34.03,36.69,124745937.0,4587268370.0,1779553000.0,0.07009959073992177,0.06564042985768226,0.13485926384163305,1.0,1.0,0.13556174558960055,1.0,1.0,0.34051881622214086,1.0,1.0,0.3814006024096386,1.0,1.0,0.5814655172413792,1.0,1.0,0.803834808259587,1.0,1.0,0.48542510121457494,1.0,1.0,1.0,0.06564042985768226,1.0,0.06564042985768226,1.0,0.06564042985768226,1.0,0.06564042985768226,1.0,0.06564042985768226,1.0,0.06564042985768226,1.0,0.06564042985768226
2023-04-07,36.95,37.99,36.47,37.12,87406709.0,3288446912.0,1779553000.0,0.04911722719132276,0.011719814663396111,0.14603272615004625,1.0,1.0,0.11337732453509286,1.0,1.0,0.33525179856115095,1.0,1.0,0.34104046242774566,1.0,1.0,0.5695560253699787,1.0,1.0,0.766777724892908,1.0,1.0,0.4979822437449555,1.0,1.0,1.0,0.011719814663396111,1.0,0.011719814663396111,1.0,0.011719814663396111,1.0,0.011719814663396111,1.0,0.011719814663396111,1.0,0.011719814663396111,1.0,0.011719814663396111
2023-04-10,37.27,37.41,34.92,35.08,90920393.0,3320361292.0,1779553000.0,0.051091702804018764,-0.05495689655172409,0.09693558474046271,1.0,1.0,0.06593740504405954,1.0,1.0,0.26277897768178526,1.0,1.0,0.26323370543752245,1.0,1.0,0.48455353364367326,1.0,1.0,0.6704761904761904,1.0,1.0,0.4406570841889115,1.0,1.0,1.0,-0.05495689655172409,1.0,-0.05495689655172409,1.0,-0.05495689655172409,1.0,-0.05495689655172409,1.0,-0.05495689655172409,1.0,-0.05495689655172409,1.0,-0.05495689655172409
2023-04-11,35.03,35.88,34.69,35.26,57039875.0,2039618972.0,1779553000.0,0.03205292284073585,0.0051311288483466555,0.03553597650513951,1.0,1.0,0.09401179025752415,1.0,1.0,0.2556980056980056,1.0,1.0,0.26743350107836084,1.0,1.0,0.4896493451626529,1.0,1.0,0.6422915696320448,1.0,1.0,0.42407108239095304,1.0,1.0,1.0,0.0051311288483466555,1.0,0.0051311288483466555,1.0,0.0051311288483466555,1.0,0.0051311288483466555,1.0,0.0051311288483466555,1.0,0.0051311288483466555,1.0,0.0051311288483466555
2023-04-12,34.98,36.62,34.55,36.07,65692313.0,2394647630.0,1779553000.0,0.03691506406384075,0.022972206466250755,0.047632878303804915,1.0,1.0,0.10305810397553516,1.0,1.0,0.2633975481611208,1.0,1.0,0.2682841068917017,1.0,1.0,0.45855236554791756,1.0,1.0,0.6553464892152365,1.0,1.0,0.5010403662089056,1.0,1.0,1.0,0.022972206466250755,1.0,0.022972206466250755,1.0,0.022972206466250755,1.0,0.022972206466250755,1.0,0.022972206466250755,1.0,0.022972206466250755,1.0,0.022972206466250755
2023-04-13,35.98,35.98,34.02,34.39,67684221.0,2395626486.0,1779553000.0,0.03803439459234988,-0.04657610202384255,-0.06268738075769953,0.0,1.0,0.06371790906278996,1.0,1.0,0.19993021632937902,1.0,1.0,0.1916146916146917,1.0,1.0,0.33449747768723337,1.0,1.0,0.6002791996277339,1.0,1.0,0.4359081419624218,1.0,1.0,1.0,-0.04657610202384255,1.0,-0.04657610202384255,1.0,-0.04657610202384255,1.0,-0.04657610202384255,1.0,-0.04657610202384255,1.0,-0.04657610202384255,1.0,-0.04657610202384255
2023-04-14,34.68,36.04,33.51,35.59,80194301.0,2836306854.0,1779553000.0,0.045064294797626143,0.03489386449549303,-0.04121767241379293,0.0,0.0,0.0987959246681076,1.0,1.0,0.18082282680822837,1.0,1.0,0.28855901520637217,1.0,1.0,0.37413127413127434,1.0,1.0,0.6748235294117648,1.0,1.0,0.5010544074230283,1.0,1.0,0.0,-0.0006,1.0,0.03489386449549303,1.0,0.03489386449549303,1.0,0.03489386449549303,1.0,0.03489386449549303,1.0,0.03489386449549303,1.0,0.03489386449549303
2023-04-17,35.6,35.61,34.29,34.62,53579741.0,1885678072.0,1779553000.0,0.03010853905447042,-0.02725484686709767,-0.013112884834663663,0.0,0.0,0.08255159474671658,1.0,1.0,0.13657255416940228,1.0,1.0,0.2932387000373551,1.0,1.0,0.3377125193199382,1.0,1.0,0.5559550561797753,1.0,1.0,0.4987012987012984,1.0,1.0,0.0,-0.0,1.0,-0.02725484686709767,1.0,-0.02725484686709767,1.0,-0.02725484686709767,1.0,-0.02725484686709767,1.0,-0.02725484686709767,1.0,-0.02725484686709767
2023-04-18,34.47,34.47,33.01,33.79,71561485.0,2441269190.0,1779553000.0,0.04021317993900716,-0.0239745811669555,-0.041690300623936416,0.0,0.0,-0.007635829662261284,0.0,1.0,0.04677819083023538,1.0,1.0,0.19780219780219777,1.0,1.0,0.2946360153256704,1.0,1.0,0.540109389243391,1.0,1.0,0.45083726921425504,1.0,1.0,0.0,-0.0,1.0,-0.0239745811669555,1.0,-0.0239745811669555,1.0,-0.0239745811669555,1.0,-0.0239745811669555,1.0,-0.0239745811669555,1.0,-0.0239745811669555
2023-04-19,33.76,34.61,33.65,33.88,51259712.0,1775106148.0,1779553000.0,0.028804824582352985,0.0026635099141758545,-0.06071527585250891,0.0,0.0,-0.015974440894568565,0.0,0.0,0.06742281033396358,1.0,1.0,0.19971671388102008,1.0,1.0,0.2882129277566541,1.0,1.0,0.5663430420711977,1.0,1.0,0.526813880126183,1.0,1.0,0.0,0.0,0.0,-0.0006,1.0,0.0026635099141758545,1.0,0.0026635099141758545,1.0,0.0026635099141758545,1.0,0.0026635099141758545,1.0,0.0026635099141758545
2023-04-20,33.86,34.69,33.39,34.19,71826802.0,2479971857.0,1779553000.0,0.04036227187389193,0.009149940968122605,-0.005815644082582283,0.0,0.0,-0.06813845734532575,0.0,0.0,0.058186320024760096,1.0,1.0,0.22107142857142859,1.0,1.0,0.3094599770202986,1.0,1.0,0.6036585365853657,1.0,1.0,0.4943181818181819,1.0,1.0,0.0,0.0,0.0,0.0,1.0,0.009149940968122605,1.0,0.009149940968122605,1.0,0.009149940968122605,1.0,0.009149940968122605,1.0,0.009149940968122605
2023-04-21,33.77,33.77,31.54,31.81,106538046.0,3498509816.0,1779553000.0,0.05986786906599579,-0.0696109973676513,-0.10620960944085434,0.0,0.0,-0.14304956896551724,0.0,0.0,-0.04589082183563298,0.0,1.0,0.14713306887847089,1.0,1.0,0.19947209653092002,1.0,1.0,0.4498632634457611,1.0,1.0,0.40939299955693387,1.0,1.0,0.0,-0.0,0.0,-0.0,1.0,-0.0696109973676513,1.0,-0.0696109973676513,1.0,-0.0696109973676513,1.0,-0.0696109973676513,1.0,-0.0696109973676513
2023-04-24,31.96,33.7,31.78,32.06,73606993.0,2428807435.0,1779553000.0,0.0413626303908903,0.007859163784973422,-0.07394569612940483,0.0,0.0,-0.0860889395667046,0.0,0.0,-0.02582801580066829,0.0,0.0,0.15158045977011514,1.0,1.0,0.19404096834264428,1.0,1.0,0.3927019982623807,1.0,1.0,0.3848812095032399,1.0,1.0,0.0,0.0,0.0,0.0,0.0,-0.0006,1.0,0.007859163784973422,1.0,0.007859163784973422,1.0,0.007859163784973422,1.0,0.007859163784973422
2023-04-25,32.05,32.06,30.55,31.03,64117036.0,2030384568.0,1779553000.0,0.036029854688227884,-0.032127261384903294,-0.08168097070139091,0.0,0.0,-0.1199659671015314,0.0,0.0,-0.03723239218119756,0.0,0.0,0.13621384108385226,1.0,1.0,0.1595665171898355,1.0,1.0,0.33233147273507946,1.0,1.0,0.3363479758828598,1.0,1.0,0.0,-0.0,0.0,-0.0,0.0,-0.0,1.0,-0.032127261384903294,1.0,-0.032127261384903294,1.0,-0.032127261384903294,1.0,-0.032127261384903294
2023-04-26,27.93,29.15,27.93,27.93,98811613.0,2825137747.0,1779553000.0,0.05552608604520349,-0.09990331936835328,-0.17561983471074383,0.0,0.0,-0.22567230385361803,0.0,0.0,-0.14587155963302756,0.0,0.0,0.007212405337179817,1.0,1.0,0.062381133510840625,1.0,1.0,0.17699115044247793,1.0,1.0,0.17798397300716995,1.0,1.0,0.0,-0.0,0.0,-0.0,0.0,-0.0,1.0,-0.09990331936835328,1.0,-0.09990331936835328,1.0,-0.09990331936835328,1.0,-0.09990331936835328
2023-04-27,27.32,27.85,26.41,26.61,93721407.0,2561808180.0,1779553000.0,0.052665701443002824,-0.047261009667024734,-0.22170225212050299,0.0,0.0,-0.22622855481244553,0.0,0.0,-0.17692545623260125,0.0,0.0,-0.0747566063977747,0.0,1.0,-0.02133137182787792,0.0,1.0,0.12658763759525815,1.0,1.0,0.13815226689478188,1.0,1.0,0.0,-0.0,0.0,-0.0,0.0,-0.0,1.0,-0.047261009667024734,1.0,-0.047261009667024734,1.0,-0.047261009667024734,1.0,-0.047261009667024734
2023-04-28,26.44,27.39,26.42,27.15,64947346.0,1787635832.0,1779553000.0,0.036496438150479364,0.02029312288613294,-0.14649481295190192,0.0,0.0,-0.2371452655240237,0.0,0.0,-0.16177832664402603,0.0,0.0,-0.04367735117999305,0.0,0.0,-0.0022050716648291946,0.0,0.0,0.1627408993576016,1.0,1.0,0.17025862068965525,1.0,1.0,0.0,0.0,0.0,0.0,0.0,0.0,0.0,-0.0006,0.0,-0.0006,1.0,0.02029312288613294,1.0,0.02029312288613294
2023-05-04,27.0,27.53,26.42,26.64,45190414.0,1223459225.0,1779553000.0,0.025394250129105456,-0.018784530386740217,-0.16905801621958827,0.0,0.0,-0.2305025996533795,0.0,0.0,-0.16697936210131337,0.0,0.0,-0.08453608247422684,0.0,0.0,-0.029861616897305154,0.0,0.0,0.12881355932203387,1.0,1.0,0.17253521126760574,1.0,1.0,0.0,-0.0,0.0,-0.0,0.0,-0.0,0.0,-0.0,0.0,-0.0,1.0,-0.018784530386740217,1.0,-0.018784530386740217
2023-05-05,26.61,27.16,25.99,26.3,41004861.0,1106330014.0,1779553000.0,0.02304222521048825,-0.01276276276276278,-0.1524331292297777,0.0,0.0,-0.22166321396862976,0.0,0.0,-0.22760646108663718,0.0,0.0,-0.07686907686907685,0.0,0.0,-0.027726432532347522,0.0,0.0,0.11064189189189189,1.0,1.0,0.18202247191011245,1.0,1.0,0.0,-0.0,0.0,-0.0,0.0,-0.0,0.0,-0.0,0.0,-0.0,1.0,-0.01276276276276278,1.0,-0.01276276276276278
2023-05-08,26.33,27.06,26.33,26.64,36857702.0,998444218.0,1779553000.0,0.020711775372804293,0.012927756653992484,-0.04618689581095592,0.0,0.0,-0.2136953955135774,0.0,0.0,-0.2262561719430729,0.0,0.0,-0.020588235294117574,0.0,0.0,-0.012235817575083408,0.0,0.0,0.1174496644295302,1.0,1.0,0.3058823529411765,1.0,1.0,0.0,0.0,0.0,0.0,0.0,0.0,0.0,0.0,0.0,0.0,1.0,0.012927756653992484,1.0,0.012927756653992484
2023-05-09,26.65,27.41,26.41,26.83,45190119.0,1237229958.0,1779553000.0,0.025394084357139125,0.007132132132132041,0.008267568583239404,1.0,0.0,-0.21526762211172856,0.0,0.0,-0.26873807576996456,0.0,0.0,-0.019729630982827984,0.0,0.0,0.01016566265060237,1.0,0.0,0.13734633319203038,1.0,1.0,0.37589743589743585,1.0,1.0,0.0,0.0,0.0,0.0,0.0,0.0,0.0,0.0,0.0,0.0,1.0,0.007132132132132041,1.0,0.007132132132132041
2023-05-10,26.85,27.16,26.47,26.7,32783560.0,890807042.0,1779553000.0,0.018422356625512136,-0.004845322400298113,-0.016574585635359074,0.0,1.0,-0.16064130776485386,0.0,0.0,-0.2807112068965517,0.0,0.0,-0.039568345323741094,0.0,0.0,-0.03540462427745661,0.0,1.0,0.13956466069142115,1.0,1.0,0.2992700729927007,1.0,1.0,1.0,-0.005445322400298113,0.0,-0.0,0.0,-0.0,0.0,-0.0,1.0,-0.005445322400298113,1.0,-0.004845322400298113,1.0,-0.004845322400298113
2023-05-11,26.97,27.17,26.64,26.9,33791742.0,922920269.0,1779553000.0,0.01898889327825583,0.0074906367041198685,0.009759759759759623,1.0,0.0,-0.16094822208359338,0.0,0.0,-0.2331812998859749,0.0,0.0,-0.031677465802735894,0.0,0.0,-0.03132877205617579,0.0,0.0,0.17569930069930062,1.0,1.0,0.3199214916584887,1.0,1.0,0.0,-0.0006,0.0,0.0,0.0,0.0,0.0,0.0,0.0,-0.0006,1.0,0.0074906367041198685,1.0,0.0074906367041198685
2023-05-12,26.98,28.4,26.95,27.7,76136617.0,2144729115.0,1779553000.0,0.042784124440238644,0.029739776951672958,0.05323193916349811,1.0,1.0,-0.10731550112794075,0.0,0.0,-0.21440726035167323,0.0,0.0,-0.013532763532763448,0.0,0.0,-0.004313443565780006,0.0,0.0,0.1908856405846946,1.0,1.0,0.3109323237103645,1.0,1.0,1.0,0.02913977695167296,0.0,0.0,0.0,0.0,0.0,0.0,0.0,0.0,1.0,0.029739776951672958,1.0,0.029739776951672958
2023-05-15,27.43,28.08,26.9,28.0,45936571.0,1277943515.0,1779553000.0,0.025813544749720856,0.010830324909747224,0.05105105105105112,1.0,1.0,0.0025062656641603454,1.0,0.0,-0.22373163293595788,0.0,0.0,-0.019264448336252182,0.0,0.0,-0.015471167369901617,0.0,0.0,0.1930123561994035,1.0,1.0,0.21264616717193596,1.0,1.0,1.0,0.010830324909747224,0.0,0.0,0.0,0.0,0.0,0.0,0.0,0.0,1.0,0.010830324909747224,1.0,0.010830324909747224
2023-05-16,28.0,29.71,27.93,29.42,83480079.0,2461240708.0,1779553000.0,0.04691070117046247,0.05071428571428571,0.09653373089824835,1.0,1.0,0.10559939872228497,1.0,1.0,-0.1445187554521663,0.0,0.0,0.026517794836008468,1.0,0.0,0.01940401940401948,1.0,0.0,0.15963736696886088,1.0,1.0,0.315742397137746,1.0,1.0,1.0,0.05071428571428571,1.0,0.05011428571428571,0.0,0.0,0.0,0.0,0.0,0.0,1.0,0.05071428571428571,1.0,0.05071428571428571
2023-05-17,29.17,29.71,28.96,29.26,44253163.0,1313889618.0,1779553000.0,0.024867572362272997,-0.005438477226376581,0.09588014981273418,1.0,1.0,0.07771639042357292,1.0,1.0,-0.1778589491430177,0.0,0.0,-0.029197080291970767,0.0,1.0,0.05937726285300515,1.0,1.0,0.17699115044247793,1.0,1.0,0.303921568627451,1.0,1.0,1.0,-0.005438477226376581,1.0,-0.005438477226376581,0.0,-0.0,1.0,-0.006038477226376581,1.0,-0.006038477226376581,1.0,-0.005438477226376581,1.0,-0.005438477226376581
2023-05-18,29.32,29.81,28.97,29.27,34706135.0,1032302127.0,1779553000.0,0.019502726246422557,0.0003417634996580876,0.088104089219331,1.0,1.0,0.09872372372372373,1.0,1.0,-0.15453495089543612,0.0,0.0,-0.0390676296782666,0.0,0.0,0.0933881210310048,1.0,1.0,0.15874901029295319,1.0,1.0,0.27427078798432736,1.0,1.0,1.0,0.0003417634996580876,1.0,0.0003417634996580876,0.0,0.0,0.0,-0.0006,1.0,0.0003417634996580876,1.0,0.0003417634996580876,1.0,0.0003417634996580876
2023-05-19,29.56,30.44,29.55,30.08,50966868.0,1554290583.0,1779553000.0,0.0286402641562235,0.027673385719166443,0.08592057761732841,1.0,1.0,0.14372623574144483,1.0,1.0,-0.10979579757324653,0.0,0.0,-0.06815365551425034,0.0,0.0,0.06628855015951785,1.0,1.0,0.20512820512820507,1.0,1.0,0.29711082363087526,1.0,1.0,1.0,0.027673385719166443,1.0,0.027673385719166443,0.0,0.0,0.0,0.0,1.0,0.027673385719166443,1.0,0.027673385719166443,1.0,0.027673385719166443
2023-05-22,30.25,30.58,28.93,29.27,44706915.0,1339255961.0,1779553000.0,0.025122553247922372,-0.026928191489361653,0.045357142857142874,1.0,1.0,0.09872372372372373,1.0,1.0,-0.13606847697756796,0.0,0.0,-0.07781978575929427,0.0,0.0,0.03647308781869696,1.0,1.0,0.1840614886731391,1.0,1.0,0.24978650725875307,1.0,1.0,1.0,-0.026928191489361653,1.0,-0.026928191489361653,0.0,-0.0,0.0,-0.0,1.0,-0.026928191489361653,1.0,-0.026928191489361653,1.0,-0.026928191489361653
2023-05-23,29.34,29.54,28.9,29.07,24600594.0,729490977.0,1779553000.0,0.013824029967076002,-0.006832934745473196,-0.011896668932698917,0.0,1.0,0.08348863212821467,1.0,1.0,-0.14975138929511544,0.0,0.0,-0.10027855153203347,0.0,0.0,0.038214285714285756,1.0,1.0,0.17549534977759795,1.0,1.0,0.24656946826758142,1.0,1.0,1.0,-0.006832934745473196,1.0,-0.006832934745473196,0.0,-0.0,0.0,-0.0,1.0,-0.006832934745473196,1.0,-0.006832934745473196,1.0,-0.006832934745473196
2023-05-24,28.97,29.45,28.59,28.93,28100254.0,827824224.0,1779553000.0,0.01579062494907429,-0.004815961472308228,-0.011278195488721887,0.0,0.0,0.08352059925093624,1.0,1.0,-0.09053756680289216,0.0,0.0,-0.13227354529094193,0.0,0.0,0.04327443202307957,1.0,1.0,0.18711530570373403,1.0,1.0,0.25509761388286334,1.0,1.0,0.0,-0.0006,1.0,-0.004815961472308228,0.0,-0.0,0.0,-0.0,1.0,-0.004815961472308228,1.0,-0.004815961472308228,1.0,-0.004815961472308228
2023-05-25,28.96,29.76,28.95,29.55,37014750.0,1104904116.0,1779553000.0,0.02080002674829016,0.02143104044244737,0.009566108643662474,1.0,0.0,0.0985130111524164,1.0,1.0,-0.07829070492825951,0.0,0.0,-0.10209662716499535,0.0,0.0,0.061422413793103425,1.0,1.0,0.21305418719211833,1.0,1.0,0.25637755102040827,1.0,1.0,0.0,0.0,1.0,0.02143104044244737,0.0,0.0,0.0,0.0,1.0,0.02143104044244737,1.0,0.02143104044244737,1.0,0.02143104044244737
2023-05-26,29.76,30.08,29.35,29.94,32504127.0,983795089.0,1779553000.0,0.018265332361553716,0.013197969543147225,-0.00465425531914887,0.0,1.0,0.08086642599277982,1.0,1.0,-0.035127296165001654,0.0,0.0,-0.07105181507911873,0.0,0.0,0.09630172098132572,1.0,1.0,0.24698042482299032,1.0,1.0,0.2783945345858241,1.0,1.0,1.0,0.012597969543147226,1.0,0.013197969543147225,0.0,0.0,0.0,0.0,1.0,0.013197969543147225,1.0,0.013197969543147225,1.0,0.013197969543147225
2023-05-29,30.5,31.36,30.44,30.75,49131566.0,1542253303.0,1779553000.0,0.02760893662622018,0.027054108216432837,0.05056371711650165,1.0,0.0,0.09821428571428581,1.0,1.0,0.10096670247046191,1.0,0.0,-0.059633027522935866,0.0,0.0,0.10890732059141728,1.0,1.0,0.268041237113402,1.0,1.0,0.2947368421052632,1.0,1.0,0.0,-0.0006,1.0,0.027054108216432837,0.0,0.0,0.0,0.0,1.0,0.027054108216432837,1.0,0.027054108216432837,1.0,0.027054108216432837
2023-05-30,30.75,30.9,30.04,30.9,35483870.0,1096124120.0,1779553000.0,0.019939765772640658,0.004878048780487809,0.06295149638802888,1.0,1.0,0.05030591434398368,1.0,1.0,0.16121758737316805,1.0,1.0,-0.04423136405815031,0.0,0.0,0.07440890125173838,1.0,1.0,0.2545676004872106,1.0,1.0,0.27738735014468774,1.0,1.0,1.0,0.004278048780487809,1.0,0.004878048780487809,1.0,0.004278048780487809,0.0,0.0,1.0,0.004878048780487809,1.0,0.004878048780487809,1.0,0.004878048780487809
2023-05-31,30.84,31.31,30.28,30.75,32390768.0,1011168733.0,1779553000.0,0.018201631533312015,-0.004854368932038833,0.0629104735568613,1.0,1.0,0.05092276144907726,1.0,1.0,0.13259668508287303,1.0,1.0,-0.05063291139240511,0.0,0.0,0.08312786192321231,1.0,1.0,0.24797077922077926,1.0,1.0,0.27013630731102856,1.0,1.0,1.0,-0.004854368932038833,1.0,-0.004854368932038833,1.0,-0.004854368932038833,0.0,-0.0,1.0,-0.004854368932038833,1.0,-0.004854368932038833,1.0,-0.004854368932038833
2023-06-01,30.47,30.53,29.92,30.12,36953440.0,1131638747.0,1779553000.0,0.020765574276236785,-0.0204878048780488,0.019289340101522834,1.0,1.0,0.029039972668261083,1.0,1.0,0.13063063063063063,1.0,1.0,-0.05816135084427765,0.0,0.0,0.03505154639175245,1.0,1.0,0.22688391038696532,1.0,1.0,0.2988357050452781,1.0,1.0,1.0,-0.0204878048780488,1.0,-0.0204878048780488,1.0,-0.0204878048780488,0.0,-0.0,1.0,-0.0204878048780488,1.0,-0.0204878048780488,1.0,-0.0204878048780488
2023-06-02,30.12,30.3,29.53,30.09,26749438.0,812295897.0,1779553000.0,0.015031548933917675,-0.0009960159362549792,0.005010020040080221,1.0,1.0,0.0003324468085106336,1.0,1.0,0.14410646387832693,1.0,1.0,-0.11629955947136561,0.0,0.0,0.05616005616005615,1.0,1.0,0.24958471760797352,1.0,1.0,0.2914163090128754,1.0,1.0,1.0,-0.0009960159362549792,1.0,-0.0009960159362549792,1.0,-0.0009960159362549792,0.0,-0.0,1.0,-0.0009960159362549792,1.0,-0.0009960159362549792,1.0,-0.0009960159362549792
2023-06-05,30.15,30.94,30.14,30.57,37411260.0,1163804963.0,1779553000.0,0.021022841129204918,0.0159521435692922,-0.005853658536585371,0.0,1.0,0.04441407584557577,1.0,1.0,0.14752252252252251,1.0,1.0,-0.11211153064188206,0.0,0.0,0.12389705882352953,1.0,1.0,0.2477551020408164,1.0,1.0,0.31258050665521697,1.0,1.0,1.0,0.0159521435692922,1.0,0.0159521435692922,1.0,0.0159521435692922,0.0,0.0,1.0,0.0159521435692922,1.0,0.0159521435692922,1.0,0.0159521435692922
2023-06-06,30.35,30.43,29.05,29.12,43732701.0,1310965625.0,1779553000.0,0.02457510453467809,-0.04743212299640165,-0.05760517799352738,0.0,0.0,0.0017199862401100496,1.0,1.0,0.08535221766679091,1.0,1.0,-0.2063232488416461,0.0,0.0,0.0639386189258313,1.0,1.0,0.18277822908204722,1.0,1.0,0.2627927146574156,1.0,1.0,0.0,-0.0006,1.0,-0.04743212299640165,1.0,-0.04743212299640165,0.0,-0.0,1.0,-0.04743212299640165,1.0,-0.04743212299640165,1.0,-0.04743212299640165
2023-06-07,29.59,31.53,29.59,31.06,77838207.0,2440027809.0,1779553000.0,0.043740314000201175,0.0666208791208791,0.010081300813008065,1.0,0.0,0.07362599377808499,1.0,1.0,0.16329588014981278,1.0,1.0,-0.1632543103448275,0.0,0.0,0.11726618705035974,1.0,1.0,0.28772802653399654,1.0,1.0,0.33476579286635144,1.0,1.0,0.0,0.0,1.0,0.0666208791208791,1.0,0.0666208791208791,0.0,0.0,1.0,0.0666208791208791,1.0,0.0666208791208791,1.0,0.0666208791208791
2023-06-08,30.81,31.27,30.06,30.87,46508663.0,1443575381.0,1779553000.0,0.026135025481118013,-0.0061171925305858466,0.02490039840637448,1.0,1.0,0.044670050761421276,1.0,1.0,0.1475836431226767,1.0,1.0,-0.1200114025085518,0.0,0.0,0.11123110151187898,1.0,1.0,0.3086053412462908,1.0,1.0,0.304733727810651,1.0,1.0,1.0,-0.006717192530585846,1.0,-0.0061171925305858466,1.0,-0.0061171925305858466,0.0,-0.0,1.0,-0.0061171925305858466,1.0,-0.0061171925305858466,1.0,-0.0061171925305858466
2023-06-09,30.73,31.4,30.23,31.34,54158573.0,1695344828.0,1779553000.0,0.030433807253844085,0.015225137674117262,0.04154204054503152,1.0,1.0,0.046760187040748136,1.0,1.0,0.13140794223826724,1.0,1.0,-0.11117413499716389,0.0,0.0,0.1160968660968662,1.0,1.0,0.3129451193967323,1.0,1.0,0.3364605543710022,1.0,1.0,1.0,0.015225137674117262,1.0,0.015225137674117262,1.0,0.015225137674117262,0.0,0.0,1.0,0.015225137674117262,1.0,0.015225137674117262,1.0,0.015225137674117262
2023-06-12,31.5,32.5,31.34,32.15,65041219.0,2116186884.0,1779553000.0,0.03654918903792132,0.025845564773452345,0.051684658161596175,1.0,1.0,0.04552845528455274,1.0,1.0,0.14821428571428563,1.0,1.0,-0.10867757138896594,0.0,0.0,0.12609457092819598,1.0,1.0,0.3362427265170407,1.0,1.0,0.34687892752408866,1.0,1.0,1.0,0.025845564773452345,1.0,0.025845564773452345,1.0,0.025845564773452345,0.0,0.0,1.0,0.025845564773452345,1.0,0.025845564773452345,1.0,0.025845564773452345
2023-06-13,32.03,33.34,31.73,32.98,64921781.0,2152402564.0,1779553000.0,0.036482072183295466,0.025816485225505392,0.1325549450549448,1.0,1.0,0.06731391585760504,1.0,1.0,0.12100611828687957,1.0,1.0,-0.04100029078220424,0.0,0.0,0.1507327285415212,1.0,1.0,0.3845507976490343,1.0,1.0,0.3352226720647773,1.0,1.0,1.0,0.025816485225505392,1.0,0.025816485225505392,1.0,0.025816485225505392,0.0,0.0,1.0,0.025816485225505392,1.0,0.025816485225505392,1.0,0.025816485225505392
2023-06-14,33.24,33.49,31.75,32.09,53665204.0,1754498555.0,1786557826.0,0.03003832465929933,-0.026986052152819684,0.033161622665808244,1.0,1.0,0.043577235772357836,1.0,1.0,0.09671907040328098,1.0,1.0,-0.09834223096375383,0.0,0.0,0.06469807564698082,1.0,1.0,0.32712985938792416,1.0,1.0,0.3211198023878141,1.0,1.0,1.0,-0.026986052152819684,1.0,-0.026986052152819684,1.0,-0.026986052152819684,0.0,-0.0,1.0,-0.026986052152819684,1.0,-0.026986052152819684,1.0,-0.026986052152819684
2023-06-15,32.32,32.42,31.44,31.73,39131698.0,1262389230.0,1786557826.0,0.02190340409390141,-0.011218448114677537,0.02785876255264008,1.0,1.0,0.05345285524568388,1.0,1.0,0.08404509736932009,1.0,1.0,-0.08347775852108597,0.0,0.0,0.04169402495075514,1.0,1.0,0.26767878545745094,1.0,1.0,0.31441590720795354,1.0,1.0,1.0,-0.011218448114677537,1.0,-0.011218448114677537,1.0,-0.011218448114677537,0.0,-0.0,1.0,-0.011218448114677537,1.0,-0.011218448114677537,1.0,-0.011218448114677537
2023-06-16,31.67,32.05,31.27,31.96,30983857.0,999998916.0,1786557826.0,0.017342767499091295,0.007248660573589749,0.019783024888321732,1.0,1.0,0.062146892655367214,1.0,1.0,0.0625,1.0,1.0,-0.05415803492157434,0.0,0.0,-0.009913258983890949,0.0,1.0,0.28767123287671237,1.0,1.0,0.3576890399320307,1.0,1.0,1.0,0.007248660573589749,1.0,0.007248660573589749,1.0,0.007248660573589749,0.0,0.0,1.0,0.007248660573589749,1.0,0.007248660573589749,1.0,0.007248660573589749
2023-06-19,31.87,33.5,31.42,33.02,58238566.0,1927046192.0,1786557826.0,0.032598198139711376,0.033166458072590776,0.027060653188180517,1.0,1.0,0.08014393195943748,1.0,1.0,0.1281175264776222,1.0,1.0,-0.025383707201888983,0.0,0.0,0.040327662255828844,1.0,0.0,0.3850671140939599,1.0,1.0,0.38739495798319346,1.0,1.0,1.0,0.033166458072590776,1.0,0.033166458072590776,1.0,0.033166458072590776,0.0,0.0,0.0,-0.0006,1.0,0.033166458072590776,1.0,0.033166458072590776
2023-06-20,32.52,33.68,32.47,33.51,52403470.0,1771502204.0,1786557826.0,0.029332087233542477,0.014839491217443879,0.016070345664038754,1.0,1.0,0.1507554945054943,1.0,1.0,0.15273477812177494,1.0,1.0,-0.019888856390757548,0.0,0.0,0.0371402042711233,1.0,1.0,0.4085750315258512,1.0,1.0,0.40976020193521245,1.0,1.0,1.0,0.014839491217443879,1.0,0.014839491217443879,1.0,0.014839491217443879,0.0,0.0,1.0,0.014239491217443879,1.0,0.014839491217443879,1.0,0.014839491217443879
2023-06-21,33.51,33.78,32.71,33.26,38122948.0,1276796525.0,1786557826.0,0.0213387708168143,-0.007460459564309185,0.036459956372701496,1.0,1.0,0.07083065035415315,1.0,1.0,0.14967162115451083,1.0,1.0,0.04558314995284496,1.0,0.0,-0.0023995200959809893,0.0,1.0,0.4129141886151231,1.0,1.0,0.4105173876166244,1.0,1.0,1.0,-0.007460459564309185,1.0,-0.007460459564309185,1.0,-0.007460459564309185,0.0,-0.0,1.0,-0.007460459564309185,1.0,-0.007460459564309185,1.0,-0.007460459564309185
2023-06-26,32.61,32.62,31.46,31.73,41445041.0,1336423795.0,1786557826.0,0.02319826450442584,-0.04600120264582075,0.0,0.0,1.0,0.02785876255264008,1.0,1.0,0.07377326565143827,1.0,1.0,-0.010293200249532175,0.0,1.0,-0.03585536311151616,0.0,0.0,0.3735930735930735,1.0,1.0,0.2851356824625353,1.0,1.0,1.0,-0.04600120264582075,1.0,-0.04600120264582075,1.0,-0.04600120264582075,1.0,-0.04660120264582075,0.0,-0.0006,1.0,-0.04600120264582075,1.0,-0.04600120264582075
2023-06-27,31.73,32.41,31.58,31.77,22982932.0,739986742.0,1786557826.0,0.01286436501831987,0.0012606366214937825,-0.005944931163955003,0.0,0.0,0.013720485003190896,1.0,1.0,0.06112224448897785,1.0,1.0,0.02384788913954239,1.0,0.0,-0.01427241700279236,0.0,0.0,0.4051304732419283,1.0,1.0,0.28104838709677415,1.0,1.0,0.0,-0.0006,1.0,0.0012606366214937825,1.0,0.0012606366214937825,0.0,-0.0006,0.0,0.0,1.0,0.0012606366214937825,1.0,0.0012606366214937825
2023-06-28,31.94,32.07,30.33,30.81,38346788.0,1196928981.0,1786557826.0,0.021464062031429594,-0.03021718602455148,-0.06692913385826782,0.0,0.0,-0.04167962674961123,0.0,1.0,0.0019512195121951237,1.0,1.0,0.10311493018259932,1.0,1.0,-0.05779816513761482,0.0,0.0,0.3343438718059766,1.0,1.0,0.24635922330097082,1.0,1.0,0.0,-0.0,1.0,-0.03021718602455148,1.0,-0.03021718602455148,1.0,-0.03081718602455148,0.0,-0.0,1.0,-0.03021718602455148,1.0,-0.03021718602455148
2023-06-29,30.73,31.52,30.43,30.6,28511390.0,885515036.0,1786557826.0,0.015958839722437286,-0.006815968841285214,-0.08683974932855854,0.0,0.0,-0.0721649484536081,0.0,0.0,-0.009708737864077555,0.0,1.0,0.1499436302142052,1.0,1.0,-0.05351067120321673,0.0,0.0,0.3241021202942449,1.0,1.0,0.2338709677419355,1.0,1.0,0.0,-0.0,0.0,-0.0006,1.0,-0.006815968841285214,1.0,-0.006815968841285214,0.0,-0.0,1.0,-0.006815968841285214,1.0,-0.006815968841285214
2023-06-30,30.51,31.04,30.23,30.9,21917077.0,679152586.0,1787026807.0,0.012264548530636564,0.009803921568627416,-0.07095610342754055,0.0,0.0,-0.037083203490184014,0.0,0.0,0.004878048780487809,1.0,0.0,0.13812154696132595,1.0,1.0,-0.046001852423587564,0.0,0.0,0.35466900482244634,1.0,1.0,0.2525334414268341,1.0,1.0,0.0,0.0,0.0,0.0,0.0,-0.0006,1.0,0.009803921568627416,0.0,0.0,1.0,0.009803921568627416,1.0,0.009803921568627416
2023-07-03,30.89,31.68,30.78,31.38,28944283.0,916340287.0,1787026807.0,0.016196893570158962,0.01553398058252431,-0.011030570438071319,0.0,0.0,-0.011030570438071319,0.0,0.0,0.041832669322709126,1.0,1.0,0.17792792792792778,1.0,1.0,-0.018761726078799335,0.0,0.0,0.38177014531043585,1.0,1.0,0.3102296450939457,1.0,1.0,0.0,0.0,0.0,0.0,1.0,0.01493398058252431,1.0,0.01553398058252431,0.0,0.0,1.0,0.01553398058252431,1.0,0.01553398058252431
2023-07-04,31.32,32.1,31.03,31.91,24189860.0,774130084.0,1787026807.0,0.013536372205075713,0.016889738687061895,0.004406672961913882,1.0,0.0,-0.0015644555694618312,0.0,0.0,0.06048521103356608,1.0,1.0,0.21330798479087454,1.0,1.0,-0.06284875183553584,0.0,0.0,0.40510788199031267,1.0,1.0,0.30832308323083235,1.0,1.0,0.0,0.0,0.0,0.0,1.0,0.016889738687061895,1.0,0.016889738687061895,0.0,0.0,1.0,0.016889738687061895,1.0,0.016889738687061895
2023-07-05,31.91,32.19,31.4,31.55,20816417.0,668620657.0,1787026807.0,0.011648631636895192,-0.011281729865246004,0.024018175916910245,1.0,1.0,-0.04451847365233197,0.0,0.0,0.03205757278377486,1.0,1.0,0.18430930930930933,1.0,1.0,-0.08364798141155971,0.0,0.0,0.3669844020797228,1.0,1.0,0.27888123226591,1.0,1.0,1.0,-0.011881729865246004,0.0,-0.0,1.0,-0.011281729865246004,1.0,-0.011281729865246004,0.0,-0.0,1.0,-0.011281729865246004,1.0,-0.011281729865246004
2023-07-06,31.36,31.79,31.32,31.42,15851409.0,504107190.0,1787026807.0,0.00887026928634093,-0.0041204437400950145,0.026797385620914937,1.0,1.0,-0.062369441957624505,0.0,0.0,0.07898351648351642,1.0,1.0,0.1710771524412973,1.0,1.0,-0.14363586808394646,0.0,0.0,0.3543103448275864,1.0,1.0,0.24583663758921492,1.0,1.0,1.0,-0.0041204437400950145,0.0,-0.0,1.0,-0.0041204437400950145,1.0,-0.0041204437400950145,0.0,-0.0,1.0,-0.0041204437400950145,1.0,-0.0041204437400950145
2023-07-07,31.18,31.31,30.29,30.48,23693355.0,730533227.0,1787026807.0,0.013258533619747765,-0.02991725015913438,-0.013592233009708687,0.0,1.0,-0.08358388454600119,0.0,0.0,-0.018673535093367666,0.0,1.0,0.14157303370786511,1.0,1.0,-0.1788793103448275,0.0,0.0,0.2887949260042284,1.0,1.0,0.16781609195402303,1.0,1.0,1.0,-0.02991725015913438,0.0,-0.0,1.0,-0.02991725015913438,1.0,-0.02991725015913438,0.0,-0.0,1.0,-0.02991725015913438,1.0,-0.02991725015913438
2023-07-10,30.48,30.72,30.14,30.29,16559223.0,508192473.0,1787026807.0,0.009266353999355534,-0.00623359580052496,-0.03473550031867434,0.0,0.0,-0.045382918373778836,0.0,0.0,-0.018788467768059647,0.0,0.0,0.12602230483271382,1.0,1.0,-0.13654503990877986,0.0,0.0,0.2818451121455776,1.0,1.0,0.1499620349278663,1.0,1.0,0.0,-0.0006,0.0,-0.0,0.0,-0.0006,1.0,-0.00623359580052496,0.0,-0.0,1.0,-0.00623359580052496,1.0,-0.00623359580052496
2023-07-11,30.29,31.6,30.29,31.53,29854108.0,938706616.0,1787026807.0,0.016706021355168178,0.0409376031693629,-0.011908492635537393,0.0,0.0,-0.007554296506137814,0.0,0.0,0.006062539885130835,1.0,0.0,0.1382671480144404,1.0,1.0,-0.10578559273964827,0.0,0.0,0.3320659062103928,1.0,1.0,0.19477074649488446,1.0,1.0,0.0,0.0,0.0,0.0,0.0,0.0,1.0,0.0409376031693629,0.0,0.0,1.0,0.0409376031693629,1.0,0.0409376031693629
2023-07-12,31.52,31.82,30.99,31.1,18559745.0,587392974.0,1787026807.0,0.010385823495931474,-0.013637805264827163,-0.01426307448494446,0.0,0.0,0.009412528399870279,1.0,0.0,-0.03265940902021769,0.0,1.0,0.11071428571428577,1.0,1.0,-0.1377876351538675,0.0,0.0,0.2575818843509907,1.0,1.0,0.187929717341482,1.0,1.0,0.0,-0.0,0.0,-0.0,1.0,-0.014237805264827163,1.0,-0.013637805264827163,0.0,-0.0,1.0,-0.013637805264827163,1.0,-0.013637805264827163
2023-07-13,31.4,32.88,31.1,32.67,49709384.0,1623864684.0,1787026807.0,0.027816809353548775,0.0504823151125402,0.03978357733927429,1.0,0.0,0.0676470588235294,1.0,1.0,-0.009399636143116896,0.0,0.0,0.110469068660775,1.0,1.0,-0.05001453911020637,0.0,0.0,0.26775320139697323,1.0,1.0,0.2707117852975496,1.0,1.0,0.0,0.0,1.0,0.049882315112540196,0.0,-0.0006,1.0,0.0504823151125402,0.0,0.0,1.0,0.0504823151125402,1.0,0.0504823151125402
2023-07-14,33.72,35.8,33.72,34.4,103668522.0,3614012431.0,1787026807.0,0.058011733004741654,0.05295378022650743,0.12860892388451428,1.0,1.0,0.11326860841423958,1.0,1.0,0.07198504206918033,1.0,0.0,0.17566643882433342,1.0,1.0,-0.03343635852767646,0.0,0.0,0.3281853281853282,1.0,1.0,0.3437499999999998,1.0,1.0,1.0,0.052353780226507426,1.0,0.05295378022650743,0.0,0.0,1.0,0.05295378022650743,0.0,0.0,1.0,0.05295378022650743,1.0,0.05295378022650743
2023-07-17,34.09,34.79,33.28,34.68,50852432.0,1758099750.0,1787026807.0,0.028456446092920865,0.008139534883720989,0.14493232089798624,1.0,1.0,0.10516252390057357,1.0,1.0,0.09297195083517185,1.0,1.0,0.1848308848650495,1.0,1.0,0.0017331022530329143,1.0,0.0,0.34003091190108203,1.0,1.0,0.3292449214258337,1.0,1.0,1.0,0.008139534883720989,1.0,0.008139534883720989,1.0,0.007539534883720989,1.0,0.008139534883720989,0.0,0.0,1.0,0.008139534883720989,1.0,0.008139534883720989
2023-07-18,34.99,36.76,34.99,35.24,81475149.0,2947701737.0,1787026807.0,0.04559257235585498,0.016147635524798254,0.11766571519188074,1.0,1.0,0.10435600125352562,1.0,1.0,0.10262828535669599,1.0,1.0,0.1715425531914896,1.0,1.0,0.0429121041728322,1.0,1.0,0.350191570881226,1.0,1.0,0.3706728899260989,1.0,1.0,1.0,0.016147635524798254,1.0,0.016147635524798254,1.0,0.016147635524798254,1.0,0.016147635524798254,1.0,0.015547635524798254,1.0,0.016147635524798254,1.0,0.016147635524798254
2023-07-19,35.24,35.96,34.58,34.85,52129025.0,1845224649.0,1787026807.0,0.02917081310465199,-0.011066969353007994,0.12057877813504825,1.0,1.0,0.10459587955625982,1.0,1.0,0.055420956995759996,1.0,1.0,0.19063887939870172,1.0,1.0,0.02863046044864226,1.0,1.0,0.3250950570342206,1.0,1.0,0.36079656384224923,1.0,1.0,1.0,-0.011066969353007994,1.0,-0.011066969353007994,1.0,-0.011066969353007994,1.0,-0.011066969353007994,1.0,-0.011066969353007994,1.0,-0.011066969353007994,1.0,-0.011066969353007994
2023-07-20,34.85,35.19,33.51,33.66,42033733.0,1448442385.0,1787026807.0,0.023521601822283127,-0.034146341463414775,0.030303030303030054,1.0,1.0,0.07129217059197956,1.0,1.0,0.004476275738585445,1.0,1.0,0.1578947368421051,1.0,1.0,-0.015501608657502275,0.0,1.0,0.2891612409038682,1.0,1.0,0.35561820378574294,1.0,1.0,1.0,-0.034146341463414775,1.0,-0.034146341463414775,1.0,-0.034146341463414775,1.0,-0.034146341463414775,1.0,-0.034146341463414775,1.0,-0.034146341463414775,1.0,-0.034146341463414775
2023-07-21,33.88,34.79,33.36,34.17,38569706.0,1333642493.0,1787026807.0,0.0215831714716969,0.01515151515151536,-0.006686046511627852,0.0,1.0,0.12106299212598426,1.0,1.0,0.027360192423331542,1.0,1.0,0.1811268579329417,1.0,1.0,0.07419050613014777,1.0,0.0,0.28846153846153855,1.0,1.0,0.40328542094455844,1.0,1.0,1.0,0.01515151515151536,1.0,0.01515151515151536,1.0,0.01515151515151536,1.0,0.01515151515151536,0.0,-0.0006,1.0,0.01515151515151536,1.0,0.01515151515151536
2023-07-24,33.71,34.89,33.7,34.0,26467876.0,913695705.0,1787026807.0,0.014811124207159137,-0.004975124378109541,-0.019607843137254943,0.0,0.0,0.12248266754704518,1.0,1.0,0.07154112826977621,1.0,1.0,0.15059221658206434,1.0,1.0,0.06051154086088584,1.0,1.0,0.26629422718808193,1.0,1.0,0.39860139860139876,1.0,1.0,0.0,-0.0006,1.0,-0.004975124378109541,1.0,-0.004975124378109541,1.0,-0.004975124378109541,1.0,-0.005575124378109541,1.0,-0.004975124378109541,1.0,-0.004975124378109541
2023-07-25,34.4,34.49,33.2,33.86,37194650.0,1267610063.0,1787026807.0,0.020813705678227132,-0.004117647058823559,-0.03916004540295126,0.0,0.0,0.07389787503964462,1.0,1.0,0.06578533207428383,1.0,1.0,0.1309285237140947,1.0,1.0,0.09120206252014174,1.0,1.0,0.26532137518684595,1.0,1.0,0.386000818665575,1.0,1.0,0.0,-0.0,1.0,-0.004117647058823559,1.0,-0.004117647058823559,1.0,-0.004117647058823559,1.0,-0.004117647058823559,1.0,-0.004117647058823559,1.0,-0.004117647058823559
2023-07-26,34.0,34.3,33.56,33.85,26043918.0,889486651.0,1787026807.0,0.014573882102933668,-0.0002953337271115464,-0.028694404591104727,0.0,0.0,0.08842443729903526,1.0,1.0,0.09866926322622538,1.0,1.0,0.10081300813008132,1.0,1.0,0.21195846759756543,1.0,1.0,0.2875618105743629,1.0,1.0,0.4086558468580941,1.0,1.0,0.0,-0.0,1.0,-0.0002953337271115464,1.0,-0.0002953337271115464,1.0,-0.0002953337271115464,1.0,-0.0002953337271115464,1.0,-0.0002953337271115464,1.0,-0.0002953337271115464
2023-07-27,33.8,33.91,33.04,33.18,25093224.0,843813468.0,1787026807.0,0.014041884487522407,-0.019793205317577556,-0.01426024955436711,0.0,0.0,0.015610651974288237,1.0,1.0,0.084313725490196,1.0,1.0,0.0737864077669903,1.0,1.0,0.2468996617812853,1.0,1.0,0.22030158146377343,1.0,1.0,0.3422330097087378,1.0,1.0,0.0,-0.0,1.0,-0.019793205317577556,1.0,-0.019793205317577556,1.0,-0.019793205317577556,1.0,-0.019793205317577556,1.0,-0.019793205317577556,1.0,-0.019793205317577556
2023-07-28,33.18,33.59,32.63,33.19,26572697.0,890636047.0,1787026807.0,0.01486978085382465,0.0003013863773357883,-0.02868012876792525,0.0,0.0,-0.0351744186046512,0.0,1.0,0.0741100323624595,1.0,1.0,0.07934959349593496,1.0,1.0,0.2224677716390424,1.0,1.0,0.21977214259463418,1.0,1.0,0.33830645161290307,1.0,1.0,0.0,0.0,1.0,0.0003013863773357883,1.0,0.0003013863773357883,1.0,0.0003013863773357883,1.0,0.0003013863773357883,1.0,0.0003013863773357883,1.0,0.0003013863773357883
2023-07-31,33.11,33.48,32.1,32.7,38709322.0,1278327583.0,1787026807.0,0.02166129900702715,-0.01476348297680008,-0.03823529411764692,0.0,0.0,-0.05709342560553621,0.0,0.0,0.042065009560229516,1.0,1.0,0.08565737051792843,1.0,1.0,0.22747747747747749,1.0,1.0,0.19082301529497459,1.0,1.0,0.31430868167202597,1.0,1.0,0.0,-0.0,0.0,-0.0006,1.0,-0.01476348297680008,1.0,-0.01476348297680008,1.0,-0.01476348297680008,1.0,-0.01476348297680008,1.0,-0.01476348297680008
2023-08-01,32.62,33.15,32.57,32.91,20519197.0,680705371.0,1787026807.0,0.011482310684777544,0.006422018348623659,-0.028056704075605565,0.0,0.0,-0.06611804767309892,0.0,0.0,0.03133813851457212,1.0,1.0,0.09371884346959103,1.0,1.0,0.25133079847908735,1.0,1.0,0.21663585951940845,1.0,1.0,0.32062600321027257,1.0,1.0,0.0,0.0,0.0,0.0,1.0,0.006422018348623659,1.0,0.006422018348623659,1.0,0.006422018348623659,1.0,0.006422018348623659,1.0,0.006422018348623659
2023-08-02,32.81,33.31,32.72,33.07,21487990.0,716686186.0,1787026807.0,0.012024436295991165,0.0048617441507141645,-0.023042836041358927,0.0,0.0,-0.05107604017216649,0.0,0.0,0.048177496038034784,1.0,1.0,0.08177952240758923,1.0,1.0,0.24136636636636633,1.0,1.0,0.2261772339636634,1.0,1.0,0.3497959183673469,1.0,1.0,0.0,0.0,0.0,0.0,1.0,0.0048617441507141645,1.0,0.0048617441507141645,1.0,0.0048617441507141645,1.0,0.0048617441507141645,1.0,0.0048617441507141645
2023-08-03,32.78,33.39,32.37,32.96,18048895.0,601565430.0,1787026807.0,0.010099957610764593,-0.003326277592984539,-0.006630500301386344,0.0,0.0,-0.020796197266785388,0.0,0.0,0.04901336728198591,1.0,1.0,0.13186813186813184,1.0,1.0,0.22847558702944482,1.0,1.0,0.24096385542168686,1.0,1.0,0.3682025736820258,1.0,1.0,0.0,-0.0,0.0,-0.0,1.0,-0.003326277592984539,1.0,-0.003326277592984539,1.0,-0.003326277592984539,1.0,-0.003326277592984539,1.0,-0.003326277592984539
2023-08-04,33.11,34.25,33.11,34.03,42184242.0,1442213950.0,1787026807.0,0.02360582495727497,0.03246359223300965,0.025308827960229152,1.0,0.0,-0.004097161252560766,0.0,0.0,0.11646981627296582,1.0,1.0,0.09562137797810699,1.0,1.0,0.27453183520599267,1.0,1.0,0.22940751445086716,1.0,1.0,0.39295947605403203,1.0,1.0,0.0,0.0,0.0,0.0,1.0,0.03246359223300965,1.0,0.03246359223300965,1.0,0.03246359223300965,1.0,0.03246359223300965,1.0,0.03246359223300965
2023-08-07,34.06,34.14,33.37,33.56,24187318.0,821861202.0,1787026807.0,0.0135349497306114,-0.01381134293270636,0.02629969418960232,1.0,1.0,-0.012941176470588123,0.0,0.0,0.10795642126114235,1.0,1.0,0.08713961775186263,1.0,1.0,0.24758364312267678,1.0,1.0,0.20849837954627315,1.0,1.0,0.4024237358963645,1.0,1.0,1.0,-0.01441134293270636,0.0,-0.0,1.0,-0.01381134293270636,1.0,-0.01381134293270636,1.0,-0.01381134293270636,1.0,-0.01381134293270636,1.0,-0.01381134293270636
2023-08-08,33.78,33.98,32.7,32.72,22218976.0,744249539.0,1787026807.0,0.012433487798261103,-0.025029797377830842,-0.00577332117897289,0.0,1.0,-0.0336680448907265,0.0,0.0,0.0377418331747541,1.0,1.0,0.04403318442884485,1.0,1.0,0.1812274368231046,1.0,1.0,0.17613227893601713,1.0,1.0,0.2968688069758223,1.0,1.0,1.0,-0.025029797377830842,0.0,-0.0,1.0,-0.025029797377830842,1.0,-0.025029797377830842,1.0,-0.025029797377830842,1.0,-0.025029797377830842,1.0,-0.025029797377830842
2023-08-09,32.41,32.91,32.08,32.17,21904393.0,716588178.0,1787026807.0,0.012257450707621086,-0.01680929095354511,-0.02721499848805564,0.0,0.0,-0.04963072378138844,0.0,0.0,0.03440514469453371,1.0,1.0,0.0006220839813375623,1.0,1.0,0.14892857142857152,1.0,1.0,0.1311533052039382,1.0,1.0,0.2945674044265594,1.0,1.0,0.0,-0.0006,0.0,-0.0,1.0,-0.01680929095354511,1.0,-0.01680929095354511,1.0,-0.01680929095354511,1.0,-0.01680929095354511,1.0,-0.01680929095354511
2023-08-10,32.17,32.74,32.1,32.28,17674248.0,576877414.0,1787026807.0,0.00989030938470975,0.0034193347839601707,-0.020631067961165095,0.0,0.0,-0.027124773960216952,0.0,0.0,-0.011937557392102893,0.0,1.0,-0.021224984839296468,0.0,1.0,0.09721278042148196,1.0,1.0,0.11850311850311845,1.0,1.0,0.29899396378269616,1.0,1.0,0.0,0.0,0.0,0.0,1.0,0.0034193347839601707,1.0,0.0034193347839601707,1.0,0.0034193347839601707,1.0,0.0034193347839601707,1.0,0.0034193347839601707
2023-08-11,32.18,32.22,31.51,31.51,18241880.0,585012892.0,1787026807.0,0.010207949835192371,-0.023853779429987565,-0.07405230678812813,0.0,0.0,-0.05061765592045786,0.0,0.0,-0.0840116279069767,0.0,0.0,-0.018074166406980452,0.0,0.0,0.07689678742310324,1.0,1.0,0.14083997103548151,1.0,1.0,0.327295703454086,1.0,1.0,0.0,-0.0,0.0,-0.0,0.0,-0.0006,0.0,-0.0006,1.0,-0.023853779429987565,1.0,-0.023853779429987565,1.0,-0.023853779429987565
2023-08-14,30.93,31.77,30.79,31.69,14817136.0,470458445.0,1787026807.0,0.008291501807336905,0.0057124722310377685,-0.05572109654350421,0.0,0.0,-0.030886850152905265,0.0,0.0,-0.0862168396770473,0.0,0.0,-0.0012606366214937825,0.0,0.0,0.08267851042022545,1.0,1.0,0.18378782218901768,1.0,1.0,0.29611451942740286,1.0,1.0,0.0,0.0,0.0,0.0,0.0,0.0,0.0,0.0,1.0,0.0057124722310377685,1.0,0.0057124722310377685,1.0,0.0057124722310377685
2023-08-15,31.84,31.98,30.51,30.9,24101210.0,753403762.0,1787026807.0,0.013486764667207368,-0.024928999684443176,-0.05562347188264061,0.0,0.0,-0.061075660893345485,0.0,0.0,-0.12315550510783213,0.0,0.0,-0.033166458072590776,0.0,0.0,0.027260638297872397,1.0,1.0,0.0953562566465791,1.0,1.0,0.19212962962962954,1.0,1.0,0.0,-0.0,0.0,-0.0,0.0,-0.0,0.0,-0.0,1.0,-0.024928999684443176,1.0,-0.024928999684443176,1.0,-0.024928999684443176
2023-08-16,30.91,30.99,30.41,30.65,12783588.0,396374870.0,1787026807.0,0.007153551334498812,-0.008090614886731351,-0.04724898974199576,0.0,0.0,-0.07317810704566075,0.0,0.0,-0.12051649928263997,0.0,0.0,-0.07177468201090265,0.0,0.0,0.04714724974376483,1.0,1.0,0.08533994334277617,1.0,1.0,0.08919687277896227,1.0,1.0,0.0,-0.0,0.0,-0.0,0.0,-0.0,0.0,-0.0,1.0,-0.008090614886731351,1.0,-0.008090614886731351,1.0,-0.008090614886731351
2023-08-17,30.35,31.47,30.34,31.23,14763418.0,461379789.0,1787026807.0,0.008261441821784602,0.018923327895595587,-0.032527881040892215,0.0,0.0,-0.05248786407766992,0.0,0.0,-0.0721925133689838,0.0,0.0,-0.06803939122649949,0.0,0.0,0.07430340557275539,1.0,1.0,0.11535714285714294,1.0,1.0,0.09848751319029203,1.0,1.0,0.0,0.0,0.0,0.0,0.0,0.0,0.0,0.0,1.0,0.018923327895595587,1.0,0.018923327895595587,1.0,0.018923327895595587
2023-08-18,31.22,31.41,30.11,30.13,17351785.0,535165069.0,1787026807.0,0.009709862735148102,-0.03522254242715339,-0.04379562043795626,0.0,0.0,-0.11460476050543644,0.0,0.0,-0.11823236757389533,0.0,0.0,-0.09410703547805166,0.0,0.0,0.041479433114414155,1.0,1.0,0.08654886404615936,1.0,1.0,0.03468406593406592,1.0,1.0,0.0,-0.0,0.0,-0.0,0.0,-0.0,0.0,-0.0,1.0,-0.03522254242715339,1.0,-0.03522254242715339,1.0,-0.03522254242715339
2023-08-21,30.14,30.47,29.84,29.85,9708522.0,295487739.0,1787026807.0,0.005432779162556793,-0.009293063391968004,-0.05806248027769012,0.0,0.0,-0.11054827175208581,0.0,0.0,-0.12205882352941178,0.0,0.0,-0.05924992121021111,0.0,0.0,0.010152284263959421,1.0,1.0,0.07219827586206895,1.0,1.0,0.06189967982924238,1.0,1.0,0.0,-0.0,0.0,-0.0,0.0,-0.0,0.0,-0.0,1.0,-0.009293063391968004,1.0,-0.009293063391968004,1.0,-0.009293063391968004
2023-08-22,30.1,30.73,29.78,30.64,15661587.0,478308515.0,1787026807.0,0.008764047040957455,0.02646566164154107,-0.008414239482200547,0.0,0.0,-0.0635696821515892,0.0,0.0,-0.0950974601299468,0.0,0.0,-0.03556814604973246,0.0,0.0,0.023380093520374068,1.0,1.0,0.12193335774441594,1.0,1.0,0.06685236768802238,1.0,1.0,0.0,0.0,0.0,0.0,0.0,0.0,0.0,0.0,1.0,0.02646566164154107,1.0,0.02646566164154107,1.0,0.02646566164154107
2023-08-23,30.47,30.5,29.27,29.82,17926934.0,541106990.0,1787026807.0,0.010031709613855837,-0.026762402088772896,-0.027079934747145096,0.0,0.0,-0.07304942493005906,0.0,0.0,-0.11905465288035455,0.0,0.0,-0.03213242453748777,0.0,0.0,-0.030243902439024417,0.0,1.0,0.07536963577353051,1.0,1.0,0.043386983904828647,1.0,1.0,0.0,-0.0,0.0,-0.0,0.0,-0.0,0.0,-0.0,1.0,-0.026762402088772896,1.0,-0.026762402088772896,1.0,-0.026762402088772896
2023-08-24,29.97,30.86,29.95,30.59,16377370.0,503722375.0,1787026807.0,0.009164591116287603,0.025821596244131495,-0.02049311559398015,0.0,0.0,-0.05235439900867411,0.0,0.0,-0.07805907172995785,0.0,0.0,-0.00032679738562091387,0.0,0.0,-0.010032362459546862,0.0,0.0,0.06363004172461739,1.0,1.0,0.08938746438746437,1.0,1.0,0.0,0.0,0.0,0.0,0.0,0.0,0.0,0.0,0.0,-0.0006,1.0,0.025821596244131495,1.0,0.025821596244131495
2023-08-25,30.33,30.33,29.29,29.55,16372206.0,490810759.0,1787026807.0,0.009161701400263325,-0.03399803857469763,-0.0192499170262197,0.0,0.0,-0.06220247540463353,0.0,0.0,-0.10967158782765885,0.0,0.0,-0.043689320388349495,0.0,0.0,-0.03902439024390236,0.0,0.0,0.04085945755547726,1.0,1.0,0.05989956958393128,1.0,1.0,0.0,-0.0,0.0,-0.0,0.0,-0.0,0.0,-0.0,0.0,-0.0,1.0,-0.03399803857469763,1.0,-0.03399803857469763
2023-08-28,31.16,31.6,29.75,29.81,22927092.0,704540114.0,1787026807.0,0.01282974150706179,0.00879864636209815,-0.0013400335008375563,0.0,0.0,-0.05932470810981394,0.0,0.0,-0.08837920489296647,0.0,0.0,-0.05003186743148502,0.0,0.0,-0.010292164674634896,0.0,0.0,0.024398625429553178,1.0,1.0,0.07384726224783855,1.0,1.0,0.0,0.0,0.0,0.0,0.0,0.0,0.0,0.0,0.0,0.0,1.0,0.00879864636209815,1.0,0.00879864636209815
2023-08-29,29.77,30.98,29.74,30.8,20601528.0,634528607.0,1787026807.0,0.01152838218167815,0.03321033210332103,0.005221932114882533,1.0,0.0,-0.003236245954692518,0.0,0.0,-0.06411425098754164,0.0,0.0,-0.03478533375117521,0.0,0.0,0.02359587902957805,1.0,0.0,0.08108108108108114,1.0,1.0,0.10000000000000009,1.0,1.0,0.0,0.0,0.0,0.0,0.0,0.0,0.0,0.0,0.0,0.0,1.0,0.03321033210332103,1.0,0.03321033210332103
2023-08-30,31.72,32.42,31.37,32.21,43429720.0,1404973118.0,1787026807.0,0.024302780366741304,0.0457792207792207,0.08014755197853796,1.0,1.0,0.05089722675367048,1.0,0.0,-0.026005442999697648,0.0,0.0,0.02091917591125192,1.0,0.0,0.05364736669937842,1.0,1.0,0.18419117647058836,1.0,1.0,0.20411214953271029,1.0,1.0,1.0,0.045179220779220694,0.0,0.0,0.0,0.0,0.0,0.0,1.0,0.045179220779220694,1.0,0.0457792207792207,1.0,0.0457792207792207
2023-08-31,31.72,33.04,31.63,32.32,34077998.0,1115808619.0,1787026807.0,0.019069662450788293,0.0034150884818380245,0.05655442955214118,1.0,1.0,0.03490233749599736,1.0,1.0,-0.01941747572815533,0.0,0.0,0.028644175684277462,1.0,1.0,0.10989010989010994,1.0,1.0,0.1808549506759225,1.0,1.0,0.2164094843808806,1.0,1.0,1.0,0.0034150884818380245,1.0,0.0028150884818380247,0.0,0.0,1.0,0.0028150884818380247,1.0,0.0034150884818380245,1.0,0.0034150884818380245,1.0,0.0034150884818380245
2023-09-01,32.41,32.73,31.87,32.1,19011258.0,617430570.0,1787026807.0,0.01063848506666526,-0.0068069306930692575,0.08629441624365475,1.0,1.0,0.06538333886491876,1.0,1.0,-0.05671466353217747,0.0,0.0,0.053149606299212726,1.0,1.0,0.03348358016741804,1.0,1.0,0.15467625899280568,1.0,1.0,0.2313003452243958,1.0,1.0,1.0,-0.0068069306930692575,1.0,-0.0068069306930692575,0.0,-0.0,1.0,-0.0068069306930692575,1.0,-0.0068069306930692575,1.0,-0.0068069306930692575,1.0,-0.0068069306930692575
2023-09-04,32.26,33.33,32.22,33.33,31936654.0,1055290431.0,1787026807.0,0.017871390554915163,0.03831775700934559,0.11808118081180807,1.0,1.0,0.1165829145728643,1.0,1.0,-0.0068533969010727835,0.0,0.0,0.10036315615714764,1.0,1.0,0.07968901846452847,1.0,1.0,0.1997840172786176,1.0,1.0,0.3300079808459697,1.0,1.0,1.0,0.03831775700934559,1.0,0.03831775700934559,0.0,0.0,1.0,0.03831775700934559,1.0,0.03831775700934559,1.0,0.03831775700934559,1.0,0.03831775700934559
2023-09-05,33.65,34.13,32.75,33.02,47374179.0,1598253095.0,1787026807.0,0.026510055033550483,-0.009300930093009141,0.07207792207792219,1.0,1.0,0.07767624020887731,1.0,1.0,0.009168704156479413,1.0,0.0,0.04725658103393604,1.0,1.0,0.05360561582641998,1.0,1.0,0.17592592592592604,1.0,1.0,0.3282381335478681,1.0,1.0,1.0,-0.009300930093009141,1.0,-0.009300930093009141,0.0,-0.0,1.0,-0.009300930093009141,1.0,-0.009300930093009141,1.0,-0.009300930093009141,1.0,-0.009300930093009141
2023-09-06,33.03,33.51,32.82,33.37,33186679.0,1111018919.0,1787026807.0,0.018570890414180564,0.010599636583888294,0.03601366035392717,1.0,1.0,0.11904761904761885,1.0,1.0,0.03730183400683851,1.0,1.0,0.07299035369774898,1.0,1.0,0.03794712286158619,1.0,1.0,0.1688266199649735,1.0,1.0,0.35760781122864116,1.0,1.0,1.0,0.010599636583888294,1.0,0.010599636583888294,1.0,0.009999636583888295,1.0,0.010599636583888294,1.0,0.010599636583888294,1.0,0.010599636583888294,1.0,0.010599636583888294
2023-09-07,32.84,33.06,32.22,32.23,30042496.0,988470105.0,1787026807.0,0.016811441150362105,-0.0341624213365298,-0.0027846534653466204,0.0,1.0,0.05361229159856151,1.0,1.0,-0.0015489467162330683,0.0,1.0,-0.013468013468013629,0.0,1.0,-0.022741055184960612,0.0,1.0,0.12456385205861809,1.0,1.0,0.32579185520361986,1.0,1.0,1.0,-0.0341624213365298,1.0,-0.0341624213365298,1.0,-0.0341624213365298,1.0,-0.0341624213365298,1.0,-0.0341624213365298,1.0,-0.0341624213365298,1.0,-0.0341624213365298
2023-09-08,32.02,32.55,31.67,32.2,19998103.0,648289139.0,1787026807.0,0.011190712373012545,-0.000930809804529753,0.0031152647975078995,1.0,0.0,0.08967851099830804,1.0,1.0,0.021897810218978186,1.0,0.0,-0.06395348837209291,0.0,0.0,0.003427859146151402,1.0,0.0,0.06834771068347711,1.0,1.0,0.31214343928280375,1.0,1.0,0.0,-0.0006,1.0,-0.000930809804529753,0.0,-0.0006,0.0,-0.0006,0.0,-0.0006,1.0,-0.000930809804529753,1.0,-0.000930809804529753
2023-09-11,32.18,32.7,32.17,32.41,17052402.0,557492571.0,1787026807.0,0.00954233139268179,0.006521739130434634,-0.027602760276027705,0.0,1.0,0.08721905400872187,1.0,1.0,0.02272010097822652,1.0,1.0,-0.06545559400230694,0.0,0.0,0.021430822565395413,1.0,1.0,0.06401838476690735,1.0,1.0,0.32664756446991383,1.0,1.0,1.0,0.005921739130434634,1.0,0.006521739130434634,1.0,0.005921739130434634,0.0,0.0,1.0,0.005921739130434634,1.0,0.006521739130434634,1.0,0.006521739130434634
2023-09-12,32.74,33.11,32.03,32.22,19733664.0,646059354.0,1787026807.0,0.011042735297926619,-0.005862388151804954,-0.02422774076317391,0.0,0.0,0.04610389610389598,1.0,1.0,0.042718446601941684,1.0,1.0,-0.08569807037457444,0.0,0.0,0.008135168961201478,1.0,1.0,-0.0018587360594796154,0.0,1.0,0.3275648949320149,1.0,1.0,0.0,-0.0006,1.0,-0.005862388151804954,1.0,-0.005862388151804954,0.0,-0.0,1.0,-0.005862388151804954,1.0,-0.005862388151804954,1.0,-0.005862388151804954
2023-09-13,31.83,31.98,30.64,30.87,37496877.0,1179947877.0,1787026807.0,0.02098282849094384,-0.04189944134078205,-0.07491759065028458,0.0,0.0,-0.04160198696057127,0.0,1.0,0.007177814029363905,1.0,1.0,-0.11420373027259689,0.0,0.0,-0.06511205330102976,0.0,1.0,-0.027410207939508435,0.0,0.0,0.25897226753670477,1.0,1.0,0.0,-0.0,1.0,-0.04189944134078205,1.0,-0.04189944134078205,0.0,-0.0,1.0,-0.04189944134078205,0.0,-0.0006,1.0,-0.04189944134078205
2023-09-14,30.92,31.19,30.12,30.29,24047314.0,739899471.0,1787026807.0,0.01345660507486724,-0.018788467768059647,-0.06019236735960276,0.0,0.0,-0.06280940594059414,0.0,0.0,-0.030099263528658327,0.0,1.0,-0.10011883541295297,0.0,0.0,-0.09609071918830192,0.0,0.0,-0.06251934385639135,0.0,0.0,0.25476387738193873,1.0,1.0,0.0,-0.0,0.0,-0.0006,1.0,-0.018788467768059647,0.0,-0.0,0.0,-0.0006,0.0,-0.0,1.0,-0.018788467768059647
2023-09-15,30.43,30.88,29.97,30.26,23847665.0,729741645.0,1787026807.0,0.013344883751371727,-0.0009904258831296975,-0.060248447204969025,0.0,0.0,-0.057320872274143286,0.0,0.0,0.004314636574842545,1.0,0.0,-0.11442786069651745,0.0,0.0,-0.0901984365604328,0.0,0.0,-0.09238152369526098,0.0,0.0,0.23965587873822214,1.0,1.0,0.0,-0.0,0.0,-0.0,0.0,-0.0006,0.0,-0.0,0.0,-0.0,0.0,-0.0,1.0,-0.0009904258831296975
2023-09-18,30.04,30.2,29.51,29.75,22203512.0,668219368.0,1787026807.0,0.012424834318671751,-0.016853932584269704,-0.0820734341252699,0.0,0.0,-0.10741074107410742,0.0,0.0,-0.003350083752093891,0.0,1.0,-0.125,0.0,0.0,-0.06240151276394579,0.0,0.0,-0.0960194469766028,0.0,0.0,0.1967015285599356,1.0,1.0,0.0,-0.0,0.0,-0.0,1.0,-0.017453932584269704,0.0,-0.0,0.0,-0.0,0.0,-0.0,1.0,-0.016853932584269704
2023-09-19,29.75,29.75,28.72,28.98,27498455.0,804935446.0,1787026807.0,0.015387824565521473,-0.025882352941176467,-0.1005586592178771,0.0,0.0,-0.12235009085402793,0.0,0.0,-0.054177545691906026,0.0,0.0,-0.14412285883047837,0.0,0.0,-0.08781869688385269,0.0,0.0,-0.10083772882407682,0.0,0.0,0.17375455650060756,1.0,1.0,0.0,-0.0,0.0,-0.0,0.0,-0.0006,0.0,-0.0,0.0,-0.0,0.0,-0.0,1.0,-0.025882352941176467
2023-09-20,28.76,29.08,28.57,28.58,17012258.0,494308510.0,1787026807.0,0.00951986726408408,-0.013802622498274797,-0.07418205377389064,0.0,0.0,-0.14354210368594544,0.0,0.0,-0.041582830315224695,0.0,0.0,-0.1556868537666175,0.0,0.0,-0.0723790976955534,0.0,0.0,-0.125993883792049,0.0,0.0,0.15614886731391575,1.0,1.0,0.0,-0.0,0.0,-0.0,0.0,-0.0,0.0,-0.0,0.0,-0.0,0.0,-0.0,1.0,-0.013802622498274797
2023-09-21,28.55,30.1,28.45,29.6,35437936.0,1051424298.0,1787026807.0,0.019830668382357402,0.03568929321203651,-0.02277979531198404,0.0,0.0,-0.08160099286379141,0.0,0.0,-0.032363517489375604,0.0,0.0,-0.10789632308619646,0.0,0.0,-0.0326797385620915,0.0,0.0,-0.08444169502010512,0.0,0.0,0.1998378597486825,1.0,1.0,0.0,0.0,0.0,0.0,0.0,0.0,0.0,0.0,0.0,0.0,0.0,0.0,1.0,0.03568929321203651
2023-09-22,29.54,30.02,29.2,29.92,25569850.0,766444351.0,1787026807.0,0.01430859900916976,0.010810810810810922,-0.011235955056179803,0.0,0.0,-0.07080745341614914,0.0,0.0,0.012521150592216701,1.0,0.0,-0.09852365170231991,0.0,0.0,-0.0317152103559869,0.0,0.0,-0.07625810435319536,0.0,0.0,0.22723543888433162,1.0,1.0,0.0,0.0,0.0,0.0,0.0,0.0,0.0,0.0,0.0,0.0,0.0,0.0,1.0,0.010810810810810922
2023-09-25,29.93,30.04,29.66,29.9,17211251.0,518165894.0,1787026807.0,0.009631221497395254,-0.0006684491978610207,0.005042016806722671,1.0,0.0,-0.07744523295279226,0.0,0.0,0.0030191211003018914,1.0,1.0,-0.08562691131498479,0.0,0.0,-0.04716379859783304,0.0,0.0,-0.06504065040650409,0.0,0.0,0.2505227938101213,1.0,1.0,0.0,-0.0,0.0,-0.0,1.0,-0.0012684491978610206,0.0,-0.0,0.0,-0.0,0.0,-0.0,1.0,-0.0006684491978610207
2023-09-26,29.85,30.17,29.7,29.94,16578882.0,500501666.0,1787026807.0,0.00927735495352309,0.0013377926421405117,0.0331262939958592,1.0,1.0,-0.07076350093109862,0.0,0.0,-0.027922077922077904,0.0,1.0,-0.0902461257976298,0.0,0.0,-0.06173613287370727,0.0,0.0,-0.12070484581497787,0.0,0.0,0.2882960413080897,1.0,1.0,1.0,0.0007377926421405118,0.0,0.0,1.0,0.0013377926421405117,0.0,0.0,0.0,0.0,0.0,0.0,1.0,0.0013377926421405117
2023-09-27,29.91,30.71,29.84,30.27,19994002.0,611482466.0,1787026807.0,0.011188417499771732,0.011022044088176308,0.05913226032190355,1.0,1.0,-0.019436345966958313,0.0,0.0,-0.06022974231605094,0.0,0.0,-0.08466888418506202,0.0,0.0,-0.04057052297939778,0.0,0.0,-0.12082486203891951,0.0,0.0,0.34354194407456706,1.0,1.0,1.0,0.011022044088176308,0.0,0.0,0.0,-0.0006,0.0,0.0,0.0,0.0,0.0,0.0,1.0,0.011022044088176308
2023-09-28,30.35,30.68,30.05,30.23,15808839.0,483513752.0,1788617465.0,0.00883858024946659,-0.0013214403700032573,0.021283783783783816,1.0,1.0,-0.001980851766259395,0.0,0.0,-0.06466584158415845,0.0,0.0,-0.08282766990291268,0.0,0.0,-0.03787396562698919,0.0,0.0,-0.17606977378032151,0.0,0.0,0.3346578366445918,1.0,1.0,1.0,-0.0013214403700032573,0.0,-0.0,0.0,-0.0,0.0,-0.0,0.0,-0.0,0.0,-0.0,1.0,-0.0013214403700032573
2023-10-09,30.18,30.47,29.94,30.18,15206986.0,463607393.0,1788617465.0,0.008502089629321606,-0.0016539861065166805,0.008689839572192382,1.0,1.0,-0.0026437541308659274,0.0,0.0,-0.059813084112149584,0.0,0.0,-0.11313546870408464,0.0,0.0,-0.009842519685039353,0.0,0.0,-0.1869612068965517,0.0,0.0,0.3359893758300132,1.0,1.0,1.0,-0.0016539861065166805,0.0,-0.0,0.0,-0.0,0.0,-0.0,0.0,-0.0,0.0,-0.0,1.0,-0.0016539861065166805
2023-10-10,30.18,30.42,29.97,30.19,16801540.0,511380770.0,1788617465.0,0.009393590484704341,0.00033134526176281653,0.009698996655518544,1.0,1.0,0.01478991596638668,1.0,0.0,-0.09420942094209417,0.0,0.0,-0.10041716328963057,0.0,0.0,-0.003301419610432399,0.0,0.0,-0.13939566704675022,0.0,0.0,0.335249889429456,1.0,1.0,1.0,0.00033134526176281653,0.0,0.0,0.0,0.0,0.0,0.0,0.0,0.0,0.0,0.0,1.0,0.00033134526176281653
2023-10-11,30.24,30.65,30.0,30.62,26654744.0,815072181.0,1788617465.0,0.01490242856372869,0.014243126863199729,0.022712090848363342,1.0,1.0,0.05659075224292609,1.0,1.0,-0.07268322228952151,0.0,0.0,-0.06418092909535444,0.0,0.0,-0.02886140183951791,0.0,0.0,-0.1315938740782756,0.0,0.0,0.39118582462517026,1.0,1.0,1.0,0.014243126863199729,1.0,0.013643126863199729,0.0,0.0,0.0,0.0,0.0,0.0,0.0,0.0,1.0,0.014243126863199729
2023-10-12,30.6,30.62,29.69,30.17,29958669.0,906534722.0,1788617465.0,0.01674962343051928,-0.014696276943174325,-0.0033036009250081433,0.0,1.0,0.055633310006998116,1.0,1.0,-0.09589451603236432,0.0,0.0,-0.06216972334473114,0.0,0.0,-0.02990353697749193,0.0,0.0,-0.16357083448849452,0.0,0.0,0.3941774491682071,1.0,1.0,1.0,-0.014696276943174325,1.0,-0.014696276943174325,0.0,-0.0,0.0,-0.0,0.0,-0.0,0.0,-0.0,1.0,-0.014696276943174325
2023-10-13,29.84,30.36,29.64,30.27,21798728.0,662202236.0,1788617465.0,0.012187473524418482,0.0033145508783558597,0.0013231888852134333,1.0,0.0,0.022635135135135043,1.0,1.0,-0.06081290722928945,0.0,0.0,-0.06226765799256506,0.0,0.0,-0.07346189164370986,0.0,0.0,-0.11980226810119221,0.0,0.0,0.3715450838241956,1.0,1.0,0.0,-0.0006,1.0,0.0033145508783558597,0.0,0.0,0.0,0.0,0.0,0.0,0.0,0.0,1.0,0.0033145508783558597
2023-10-16,30.18,30.22,29.19,29.41,20282410.0,604310470.0,1788617465.0,0.011339713715699406,-0.02841096795507103,-0.02551358515573221,0.0,1.0,-0.017045454545454586,0.0,1.0,-0.08664596273291936,0.0,0.0,-0.06664550936210734,0.0,0.0,-0.14505813953488367,0.0,0.0,-0.173644282101714,0.0,0.0,0.3755846585594014,1.0,1.0,1.0,-0.02901096795507103,1.0,-0.02841096795507103,0.0,-0.0,0.0,-0.0,0.0,-0.0,0.0,-0.0,1.0,-0.02841096795507103
2023-10-17,29.53,29.64,29.07,29.57,15089759.0,447419227.0,1788617465.0,0.008436549063888292,0.005440326419585251,-0.020536601523683418,0.0,0.0,-0.011036789297658833,0.0,0.0,-0.08762727553224303,0.0,0.0,-0.06689807510255608,0.0,0.0,-0.14734717416378318,0.0,0.0,-0.14586943963027144,0.0,0.0,0.38631036099390537,1.0,1.0,0.0,-0.0006,0.0,-0.0006,0.0,0.0,0.0,0.0,0.0,0.0,0.0,0.0,1.0,0.005440326419585251
2023-10-18,29.42,29.97,28.86,28.87,15787195.0,464855077.0,1788617465.0,0.008826479282980724,-0.023672641190395693,-0.057152188112344904,0.0,0.0,-0.03573814295257183,0.0,0.0,-0.10397268777157043,0.0,0.0,-0.06569579288025884,0.0,0.0,-0.18076049943246308,0.0,0.0,-0.14560520864160986,0.0,0.0,0.36695075757575757,1.0,1.0,0.0,-0.0,0.0,-0.0,0.0,-0.0,0.0,-0.0,0.0,-0.0,0.0,-0.0,1.0,-0.023672641190395693
2023-10-19,28.65,29.74,28.65,28.87,19729374.0,581652217.0,1788617465.0,0.011030516242890427,0.0,-0.04308916141862784,0.0,0.0,-0.04625041295011556,0.0,0.0,-0.06478781988986071,0.0,0.0,-0.05807504078303416,0.0,0.0,-0.17159253945480635,0.0,0.0,-0.14787485242030696,0.0,0.0,0.4263833992094863,1.0,1.0,0.0,0.0,0.0,0.0,0.0,0.0,0.0,0.0,0.0,0.0,0.0,0.0,1.0,0.0
2023-10-20,28.85,29.04,28.08,28.2,18195644.0,521260206.0,1788617465.0,0.010173021540969914,-0.02320748181503296,-0.06838453914767095,0.0,0.0,-0.0671518359245783,0.0,0.0,-0.06899966985803896,0.0,0.0,-0.09702209414024976,0.0,0.0,-0.16221033868092682,0.0,0.0,-0.1751974261479965,0.0,0.0,0.3864306784660767,1.0,1.0,0.0,-0.0,0.0,-0.0,0.0,-0.0,0.0,-0.0,0.0,-0.0,0.0,-0.0,1.0,-0.02320748181503296
2023-10-23,27.97,28.2,27.18,27.46,19324693.0,536368968.0,1788617465.0,0.010804262721431047,-0.026241134751773032,-0.06630397823869427,0.0,0.0,-0.09012591119946978,0.0,0.0,-0.09253139458030402,0.0,0.0,-0.08861599734483894,0.0,0.0,-0.196371085747732,0.0,0.0,-0.136749449858535,0.0,0.0,0.3069966682532126,1.0,1.0,0.0,-0.0,0.0,-0.0,0.0,-0.0,0.0,-0.0,0.0,-0.0,0.0,-0.0,1.0,-0.026241134751773032
2023-10-24,27.46,28.41,27.08,28.03,20936850.0,588024972.0,1788617465.0,0.011705605256404001,0.020757465404224407,-0.05207981061887046,0.0,0.0,-0.07154686982444514,0.0,0.0,-0.05781512605042016,0.0,0.0,-0.06097152428810726,0.0,0.0,-0.1755882352941176,0.0,0.0,-0.12570180910792272,0.0,0.0,0.3347619047619048,1.0,1.0,0.0,0.0,0.0,0.0,0.0,0.0,0.0,0.0,0.0,0.0,0.0,0.0,1.0,0.020757465404224407
2023-10-25,28.2,28.62,27.8,28.04,15254827.0,432522108.0,1788617465.0,0.008528837103801847,0.0003567606136281043,-0.02874956702459308,0.0,0.0,-0.08425865447419989,0.0,0.0,-0.03243616287094553,0.0,0.0,-0.08485639686684077,0.0,0.0,-0.17188422917897228,0.0,0.0,-0.0963583628746375,0.0,0.0,0.30600838379133677,1.0,1.0,0.0,0.0,0.0,0.0,0.0,0.0,0.0,0.0,0.0,0.0,0.0,0.0,1.0,0.0003567606136281043
2023-10-26,27.86,28.25,27.48,27.84,15470286.0,434026614.0,1788617465.0,0.008649298300349538,-0.007132667617688937,-0.035677173536543205,0.0,0.0,-0.07722903546569448,0.0,0.0,-0.025892232330300802,0.0,0.0,-0.0663983903420523,0.0,0.0,-0.17754800590841957,0.0,0.0,-0.0032223415682062218,0.0,0.0,0.2776502983019735,1.0,1.0,0.0,-0.0,0.0,-0.0,0.0,-0.0,0.0,-0.0,0.0,-0.0,0.0,-0.0,1.0,-0.007132667617688937
2023-10-27,27.74,28.41,27.54,28.26,19462925.0,550575924.0,1788617465.0,0.01088154699417519,0.015086206896551824,0.0021276595744681437,1.0,0.0,-0.06640237859266596,0.0,0.0,-0.04527027027027031,0.0,0.0,-0.07616868257600518,0.0,0.0,-0.1482820976491862,0.0,0.0,0.06200676437429542,1.0,0.0,0.31503024662633794,1.0,1.0,0.0,0.0,0.0,0.0,0.0,0.0,0.0,0.0,0.0,0.0,0.0,0.0,1.0,0.015086206896551824
2023-10-30,28.35,30.46,28.31,30.34,50853794.0,1530503452.0,1788617465.0,0.028431900613248233,0.07360226468506714,0.10487982520029138,1.0,1.0,0.03162189731383891,1.0,0.0,0.014037433155080103,1.0,0.0,0.026734348561759713,1.0,0.0,-0.08586923772220545,0.0,0.0,0.11749539594843461,1.0,1.0,0.4277647058823528,1.0,1.0,1.0,0.07300226468506714,0.0,0.0,0.0,0.0,0.0,0.0,0.0,0.0,1.0,0.07300226468506714,1.0,0.07360226468506714
2023-10-31,30.35,30.66,30.08,30.53,28114803.0,861090852.0,1788617465.0,0.01571873446958654,0.006262359920896632,0.08919015340706382,1.0,1.0,0.032465336489685415,1.0,1.0,0.02107023411371256,1.0,1.0,0.024152968802415353,1.0,1.0,-0.06636085626911314,0.0,0.0,0.1460210210210211,1.0,1.0,0.3721348314606743,1.0,1.0,1.0,0.006262359920896632,1.0,0.005662359920896632,1.0,0.005662359920896632,1.0,0.005662359920896632,0.0,0.0,1.0,0.006262359920896632,1.0,0.006262359920896632
2023-11-01,30.34,30.78,30.15,30.31,16118068.0,494472192.0,1788617465.0,0.00901146741290486,-0.00720602685882743,0.08095577746077032,1.0,1.0,0.04987876688604076,1.0,1.0,0.012358049432197538,1.0,1.0,-0.015909090909090984,0.0,1.0,-0.07900334244910356,0.0,0.0,0.15247148288973378,1.0,1.0,0.3814949863263444,1.0,1.0,1.0,-0.00720602685882743,1.0,-0.00720602685882743,1.0,-0.00720602685882743,1.0,-0.00720602685882743,0.0,-0.0,1.0,-0.00720602685882743,1.0,-0.00720602685882743
2023-11-02,30.51,30.74,30.23,30.28,21628910.0,665345549.0,1788617465.0,0.012092529802061392,-0.0009897723523588642,0.08764367816091956,1.0,1.0,0.048839625909248285,1.0,1.0,0.00033036009250086984,1.0,1.0,-0.059919279726792896,0.0,0.0,-0.08436649531297247,0.0,0.0,0.13663663663663672,1.0,1.0,0.39990753582986605,1.0,1.0,1.0,-0.0009897723523588642,1.0,-0.0009897723523588642,1.0,-0.0009897723523588642,0.0,-0.0006,0.0,-0.0,1.0,-0.0009897723523588642,1.0,-0.0009897723523588642
2023-11-03,30.29,31.1,30.18,31.01,28137381.0,873607266.0,1788617465.0,0.015731357627104463,0.024108322324966958,0.09731068648266095,1.0,1.0,0.09964539007092199,1.0,1.0,0.025802183261660616,1.0,1.0,-0.040532178217821735,0.0,0.0,-0.05916262135922323,0.0,0.0,0.15579575102497212,1.0,1.0,0.4545028142589118,1.0,1.0,1.0,0.024108322324966958,1.0,0.024108322324966958,1.0,0.024108322324966958,0.0,0.0,0.0,0.0,1.0,0.024108322324966958,1.0,0.024108322324966958
2023-11-06,31.52,31.97,30.95,31.6,29800209.0,947491924.0,1788617465.0,0.016661029864202963,0.01902612060625608,0.041529334212261126,1.0,1.0,0.1507647487254189,1.0,1.0,0.04705102717031151,1.0,1.0,-0.015576323987538943,0.0,0.0,-0.07140758154569493,0.0,0.0,0.18352059925093633,1.0,1.0,0.4402917046490429,1.0,1.0,1.0,0.01902612060625608,1.0,0.01902612060625608,1.0,0.01902612060625608,0.0,0.0,0.0,0.0,1.0,0.01902612060625608,1.0,0.01902612060625608
2023-11-07,31.43,32.07,31.38,31.99,24152189.0,774988216.0,1788617465.0,0.013503272484259232,0.012341772151898578,0.04782181460858159,1.0,1.0,0.14127720299678903,1.0,1.0,0.059622391520370854,1.0,1.0,-0.040204020402040186,0.0,0.0,-0.046781883194279006,0.0,0.0,0.18921933085501852,1.0,1.0,0.38966116420503916,1.0,1.0,1.0,0.012341772151898578,1.0,0.012341772151898578,1.0,0.012341772151898578,0.0,0.0,0.0,0.0,1.0,0.012341772151898578,1.0,0.012341772151898578
2023-11-08,31.78,32.09,31.42,31.63,21041343.0,674057575.0,1788617465.0,0.011764026356524479,-0.011253516723976231,0.04354998350379424,1.0,1.0,0.12803138373751777,1.0,1.0,0.03298497713912463,1.0,1.0,-0.04209569957601467,0.0,0.0,-0.03331295843520787,0.0,0.0,0.14187725631768955,1.0,1.0,0.3580936024044654,1.0,1.0,1.0,-0.011253516723976231,1.0,-0.011253516723976231,1.0,-0.011253516723976231,0.0,-0.0,0.0,-0.0,1.0,-0.011253516723976231,1.0,-0.011253516723976231
2023-11-09,31.71,31.96,31.13,31.29,21670980.0,686382089.0,1788617465.0,0.0121160507621455,-0.010749288650015787,0.03335535006605017,1.0,1.0,0.12392241379310343,1.0,1.0,0.037122969837587005,1.0,1.0,-0.06233143542103681,0.0,0.0,-0.02735467827168181,0.0,0.0,0.11749999999999994,1.0,1.0,0.31858407079646023,1.0,1.0,1.0,-0.010749288650015787,1.0,-0.010749288650015787,1.0,-0.010749288650015787,0.0,-0.0,0.0,-0.0,1.0,-0.010749288650015787,1.0,-0.010749288650015787
2023-11-10,31.27,31.65,30.99,31.25,17057949.0,538206187.0,1788617465.0,0.009536946459370506,-0.0012783636944710963,0.007739438890680406,1.0,1.0,0.10580325548478409,1.0,1.0,0.032375289065081025,1.0,1.0,-0.03040645361464467,0.0,0.0,-0.03190830235439901,0.0,0.0,0.06220258327668238,1.0,1.0,0.3230313293818796,1.0,1.0,1.0,-0.0012783636944710963,1.0,-0.0012783636944710963,1.0,-0.0012783636944710963,0.0,-0.0,0.0,-0.0,1.0,-0.0012783636944710963,1.0,-0.0012783636944710963
2023-11-13,31.42,31.47,30.95,31.27,14387402.0,453095914.0,1788617465.0,0.008043867557784358,0.0006399999999999739,-0.0104430379746836,0.0,1.0,0.030652603823335456,1.0,1.0,0.0632437946276776,1.0,1.0,-0.028881987577639823,0.0,0.0,-0.007616629641383765,0.0,0.0,0.06869446343130536,1.0,1.0,0.3391862955032119,1.0,1.0,1.0,0.0006399999999999739,1.0,0.0006399999999999739,1.0,0.0006399999999999739,0.0,0.0,0.0,0.0,1.0,0.0006399999999999739,1.0,0.0006399999999999739
2023-11-14,31.27,31.53,31.08,31.4,13518473.0,427007294.0,1788617465.0,0.007558057138841591,0.00415733930284623,-0.01844326351984993,0.0,0.0,0.02849656075990814,1.0,1.0,0.06188704768346298,1.0,1.0,-0.031163221228015958,0.0,0.0,-0.009151151782896938,0.0,0.0,0.07277075503928931,1.0,1.0,0.33050847457627097,1.0,1.0,0.0,-0.0006,1.0,0.00415733930284623,1.0,0.00415733930284623,0.0,0.0,0.0,0.0,1.0,0.00415733930284623,1.0,0.00415733930284623
2023-11-15,31.7,31.94,31.32,31.53,19286610.0,615020125.0,1788617465.0,0.010782970857326388,0.0041401273885350864,-0.003161555485298728,0.0,0.0,0.0402507423292644,1.0,1.0,0.09213716660893656,1.0,1.0,-0.021415270018621868,0.0,0.0,0.020388349514563142,1.0,0.0,0.048204787234042756,1.0,1.0,0.3315033783783785,1.0,1.0,0.0,0.0,1.0,0.0041401273885350864,1.0,0.0041401273885350864,0.0,0.0,0.0,0.0,1.0,0.0041401273885350864,1.0,0.0041401273885350864
2023-11-16,31.41,31.82,31.23,31.42,12322108.0,392073181.0,1788617465.0,0.006889180185881725,-0.0034887408816999255,0.004154682007031063,1.0,0.0,0.03764861294583888,1.0,1.0,0.08832698302736408,1.0,1.0,0.017816650469711703,1.0,0.0,0.025122349102773445,1.0,1.0,0.07345404851383686,1.0,1.0,0.3179530201342282,1.0,1.0,0.0,-0.0,1.0,-0.0034887408816999255,1.0,-0.0034887408816999255,0.0,-0.0,1.0,-0.004088740881699925,1.0,-0.0034887408816999255,1.0,-0.0034887408816999255
2023-11-17,31.37,31.84,31.26,31.69,16308305.0,520323318.0,1788617465.0,0.009117827215222904,0.008593252705283216,0.014080000000000092,1.0,1.0,0.02192841019026126,1.0,1.0,0.1237588652482271,1.0,1.0,0.04621987454605492,1.0,1.0,0.014729426833173243,1.0,1.0,0.0901272789817682,1.0,1.0,0.3433658329800764,1.0,1.0,1.0,0.007993252705283217,1.0,0.008593252705283216,1.0,0.008593252705283216,1.0,0.007993252705283217,1.0,0.008593252705283216,1.0,0.008593252705283216,1.0,0.008593252705283216
2023-11-20,31.69,31.89,31.27,31.4,18187975.0,578099877.0,1788617465.0,0.010168733871778447,-0.009151151782896938,0.00415733930284623,1.0,1.0,-0.006329113924050778,0.0,1.0,0.14348142753095394,1.0,1.0,0.037673496364837966,1.0,1.0,0.04215068038499825,1.0,1.0,0.08537849982716894,1.0,1.0,0.34016218523260777,1.0,1.0,1.0,-0.009151151782896938,1.0,-0.009151151782896938,1.0,-0.009151151782896938,1.0,-0.009151151782896938,1.0,-0.009151151782896938,1.0,-0.009151151782896938,1.0,-0.009151151782896938
2023-11-21,31.4,32.48,31.26,31.41,29127901.0,934671631.0,1788617465.0,0.016285148484782352,0.0003184713375796733,0.0003184713375796733,1.0,1.0,-0.018130665833072768,0.0,0.0,0.12058508740635032,1.0,1.0,0.05579831932773116,1.0,1.0,0.052261306532663365,1.0,1.0,0.0629441624365481,1.0,1.0,0.3728146853146854,1.0,1.0,1.0,0.0003184713375796733,0.0,-0.0006,1.0,0.0003184713375796733,1.0,0.0003184713375796733,1.0,0.0003184713375796733,1.0,0.0003184713375796733,1.0,0.0003184713375796733
2023-11-22,31.2,31.77,30.73,31.09,18138348.0,572485562.0,1788617465.0,0.010140987860699438,-0.010187838268067462,-0.013954963526799924,0.0,1.0,-0.017072399620613354,0.0,0.0,0.10877318116975743,1.0,1.0,0.07280883367839897,1.0,1.0,0.014686684073107026,1.0,1.0,0.03841015364061451,1.0,1.0,0.33662940670679276,1.0,1.0,1.0,-0.010187838268067462,0.0,-0.0,1.0,-0.010187838268067462,1.0,-0.010187838268067462,1.0,-0.010187838268067462,1.0,-0.010187838268067462,1.0,-0.010187838268067462
2023-11-23,31.12,31.45,30.76,31.23,17517130.0,548495791.0,1788617465.0,0.009793670442550442,0.004503055644901943,-0.006047103755569716,0.0,0.0,-0.0019175455417065335,0.0,0.0,0.12176724137931028,1.0,1.0,0.09272218334499649,1.0,1.0,0.04728370221327971,1.0,1.0,0.01560975609756099,1.0,1.0,0.33063485300383477,1.0,1.0,0.0,-0.0006,0.0,0.0,1.0,0.004503055644901943,1.0,0.004503055644901943,1.0,0.004503055644901943,1.0,0.004503055644901943,1.0,0.004503055644901943
2023-11-24,31.14,31.22,30.48,30.49,16604162.0,514246424.0,1788617465.0,0.009283238213264345,-0.02369516490553958,-0.037866834963711016,0.0,0.0,-0.02432000000000001,0.0,0.0,0.078910120311394,1.0,1.0,0.030067567567567455,1.0,1.0,-0.0032690421706440542,0.0,1.0,-0.013268608414239491,0.0,1.0,0.20181316515569558,1.0,1.0,0.0,-0.0,0.0,-0.0,1.0,-0.02369516490553958,1.0,-0.02369516490553958,1.0,-0.02369516490553958,1.0,-0.02369516490553958,1.0,-0.02369516490553958
2023-11-27,30.29,30.68,30.14,30.61,14392762.0,442205013.0,1788617465.0,0.008046864285762748,0.003935716628402863,-0.025159235668789748,0.0,0.0,-0.021106491845219066,0.0,0.0,0.008899143045484559,1.0,1.0,0.023061497326203106,1.0,1.0,0.035871404399323126,1.0,0.0,-0.004552845528455252,0.0,0.0,0.23129525341914725,1.0,1.0,0.0,0.0,0.0,0.0,1.0,0.003935716628402863,1.0,0.003935716628402863,0.0,-0.0006,0.0,-0.0006,1.0,0.003935716628402863
2023-11-28,30.67,31.01,30.28,30.53,13235579.0,407489680.0,1788617465.0,0.007399893637961318,-0.0026135249918326497,-0.028016555237185603,0.0,0.0,-0.02770700636942669,0.0,0.0,0.0,0.0,1.0,0.02107023411371256,1.0,1.0,0.024152968802415353,1.0,1.0,0.013612217795484716,1.0,0.0,0.20863024544734765,1.0,1.0,0.0,-0.0,0.0,-0.0,1.0,-0.0026135249918326497,1.0,-0.0026135249918326497,1.0,-0.0032135249918326496,0.0,-0.0,1.0,-0.0026135249918326497
2023-11-29,30.52,30.98,30.44,30.51,13936801.0,432038878.0,1788617465.0,0.007791940575734007,-0.0006550933508024936,-0.01865551624316497,0.0,0.0,-0.032350142721217834,0.0,0.0,0.006598482349059909,1.0,0.0,0.019038076152304573,1.0,1.0,-0.009415584415584433,0.0,1.0,0.013958125623130702,1.0,1.0,0.22235576923076916,1.0,1.0,0.0,-0.0,0.0,-0.0,0.0,-0.0006,1.0,-0.0006550933508024936,1.0,-0.0006550933508024936,1.0,-0.0012550933508024935,1.0,-0.0006550933508024936
2023-11-30,30.51,30.51,29.94,30.27,12320730.0,374784678.0,1788617465.0,0.00688840975842758,-0.007866273352999054,-0.03073967339097028,0.0,0.0,-0.0366008911521325,0.0,0.0,-0.00033025099075301156,0.0,1.0,0.0,0.0,1.0,-0.06022974231605094,0.0,0.0,-0.00981354268891077,0.0,1.0,0.22451456310679618,1.0,1.0,0.0,-0.0,0.0,-0.0,1.0,-0.008466273352999053,1.0,-0.007866273352999054,0.0,-0.0006,1.0,-0.007866273352999054,1.0,-0.007866273352999054
2023-12-01,30.18,30.41,29.92,30.27,11813061.0,359366708.0,1788617465.0,0.006604576568864042,0.0,-0.00721548048540499,0.0,0.0,-0.0448090880403913,0.0,0.0,-0.023863269912931417,0.0,0.0,0.0013231888852134333,1.0,0.0,-0.0634282178217822,0.0,0.0,0.03949175824175821,1.0,0.0,0.22401940962393851,1.0,1.0,0.0,0.0,0.0,0.0,0.0,-0.0006,0.0,-0.0006,0.0,0.0,0.0,-0.0006,1.0,0.0
2023-12-04,30.27,30.78,29.78,29.83,15121257.0,460336049.0,1788617465.0,0.008454159313489652,-0.014535844070036386,-0.025481868670369168,0.0,0.0,-0.050000000000000044,0.0,0.0,-0.05601265822784818,0.0,0.0,-0.01159708416169658,0.0,1.0,-0.0707165109034269,0.0,0.0,-0.03960077269800388,0.0,1.0,0.22404595814526052,1.0,1.0,0.0,-0.0,0.0,-0.0,0.0,-0.0,1.0,-0.015135844070036385,0.0,-0.0,1.0,-0.015135844070036385,1.0,-0.014535844070036386
2023-12-05,29.81,29.81,29.06,29.18,15658076.0,463523489.0,1788617465.0,0.008754290006890882,-0.02179014415018432,-0.0442188011791681,0.0,0.0,-0.07099649793059537,0.0,0.0,-0.08783994998437006,0.0,0.0,-0.033454786353097066,0.0,0.0,-0.12451245124512444,0.0,0.0,-0.05474570780693233,0.0,0.0,0.19786535303776676,1.0,1.0,0.0,-0.0,0.0,-0.0,0.0,-0.0,0.0,-0.0006,0.0,-0.0,0.0,-0.0006,1.0,-0.02179014415018432
2023-12-06,29.04,29.24,28.63,28.74,17023034.0,495285886.0,1788617465.0,0.009517425795682924,-0.015078821110349638,-0.058013765978367826,0.0,0.0,-0.07558700546799624,0.0,0.0,-0.09136895352513441,0.0,0.0,-0.06139777922926204,0.0,0.0,-0.12961841308298017,0.0,0.0,-0.08296107211231663,0.0,0.0,0.19700124947938336,1.0,1.0,0.0,-0.0,0.0,-0.0,0.0,-0.0,0.0,-0.0,0.0,-0.0,0.0,-0.0,1.0,-0.015078821110349638
2023-12-07,28.78,28.92,28.32,28.47,16069643.0,462507369.0,1788617465.0,0.008984393429256825,-0.009394572025052228,-0.05946481665014869,0.0,0.0,-0.08837656099903946,0.0,0.0,-0.09012464046021096,0.0,0.0,-0.056347364932051835,0.0,0.0,-0.14683847767455793,0.0,0.0,-0.11446345256609647,0.0,0.0,0.17402061855670103,1.0,1.0,0.0,-0.0,0.0,-0.0,0.0,-0.0,0.0,-0.0,0.0,-0.0,0.0,-0.0,1.0,-0.009394572025052228
2023-12-08,28.62,29.6,28.58,29.49,33888539.0,999989801.0,1788617465.0,0.018946778538808464,0.035827186512118026,-0.025768087215064406,0.0,0.0,-0.032797638570022936,0.0,0.0,-0.05632000000000004,0.0,0.0,-0.025768087215064406,0.0,0.0,-0.08501396214706791,0.0,0.0,-0.10582171012734987,0.0,0.0,0.19732034104750307,1.0,1.0,0.0,0.0,0.0,0.0,0.0,0.0,0.0,0.0,0.0,0.0,0.0,0.0,1.0,0.035827186512118026
2023-12-11,29.19,30.04,28.85,29.94,23723060.0,703273631.0,1788617465.0,0.013263350305035738,0.015259409969481386,0.0036875628561852114,1.0,0.0,-0.021888271806599136,0.0,0.0,-0.04253277902142627,0.0,0.0,0.018021081264876004,1.0,0.0,-0.07018633540372676,0.0,0.0,-0.06699906512932385,0.0,0.0,0.21509740259740262,1.0,1.0,0.0,0.0,0.0,0.0,0.0,0.0,0.0,0.0,0.0,0.0,0.0,0.0,1.0,0.015259409969481386
2023-12-12,29.87,30.02,29.54,29.73,15228281.0,456447268.0,1788617465.0,0.008513995473034252,-0.007014028056112287,0.018848526387936992,1.0,1.0,-0.026203734032099635,0.0,0.0,-0.05318471337579611,0.0,0.0,0.005410889414947606,1.0,1.0,-0.08269052761493356,0.0,0.0,-0.06303183107469268,0.0,0.0,0.21099796334012222,1.0,1.0,1.0,-0.007614028056112287,0.0,-0.0,0.0,-0.0,1.0,-0.007614028056112287,0.0,-0.0,0.0,-0.0,1.0,-0.007014028056112287
2023-12-13,29.64,29.79,29.34,29.51,10851022.0,323474283.0,1788617465.0,0.006066709183117587,-0.007399932727884306,0.026791927627000778,1.0,1.0,-0.032776138970829205,0.0,0.0,-0.06406596891849026,0.0,0.0,0.022168340838240486,1.0,1.0,-0.08410924891371807,0.0,0.0,-0.0766583229036295,0.0,0.0,0.22549833887043214,1.0,1.0,1.0,-0.007399932727884306,0.0,-0.0,0.0,-0.0,1.0,-0.007399932727884306,0.0,-0.0,0.0,-0.0,1.0,-0.007399932727884306
2023-12-14,29.62,29.88,29.37,29.54,10927226.0,326549759.0,1788617465.0,0.006109314156786454,0.0010166045408335211,0.037583421145064966,1.0,1.0,-0.02411628675256028,0.0,0.0,-0.059834500318268646,0.0,0.0,0.023207481815032738,1.0,1.0,-0.043083900226757454,0.0,0.0,-0.10539067231980626,0.0,0.0,0.20571428571428574,1.0,1.0,1.0,0.0010166045408335211,0.0,0.0,0.0,0.0,1.0,0.0010166045408335211,0.0,0.0,0.0,0.0,1.0,0.0010166045408335211
2023-12-15,29.25,29.57,29.08,29.21,9171177.0,271083512.0,1788617465.0,0.0051275228937787435,-0.011171293161814422,-0.009494743981010467,0.0,1.0,-0.03501816980508754,0.0,0.0,-0.07825812559166934,0.0,0.0,0.03581560283687946,1.0,1.0,-0.035655331792670775,0.0,0.0,-0.12831990450611752,0.0,0.0,0.18643379366368795,1.0,1.0,1.0,-0.011171293161814422,0.0,-0.0,0.0,-0.0,1.0,-0.011171293161814422,0.0,-0.0,0.0,-0.0,1.0,-0.011171293161814422
2023-12-18,29.11,29.18,28.81,28.93,7831012.0,228844742.0,1788617465.0,0.0043782486491598695,-0.009585758301951408,-0.03373413493653976,0.0,0.0,-0.030170968823332145,0.0,0.0,-0.07866242038216553,0.0,0.0,0.053532410779315365,1.0,1.0,-0.043952412425644516,0.0,0.0,-0.13018641010222487,0.0,0.0,0.19941956882255374,1.0,1.0,0.0,-0.0006,0.0,-0.0,0.0,-0.0,1.0,-0.009585758301951408,0.0,-0.0,0.0,-0.0,1.0,-0.009585758301951408
2023-12-19,28.91,29.24,28.68,28.95,11518295.0,336279953.0,1788617465.0,0.0064397755391480535,0.0006913238852401804,-0.026236125126135268,0.0,0.0,-0.007882111034955508,0.0,0.0,-0.07831900668576885,0.0,0.0,0.03282197645379936,1.0,1.0,-0.026890756302521024,0.0,0.0,-0.08761424519382288,0.0,0.0,0.22721492157693945,1.0,1.0,0.0,0.0,0.0,0.0,0.0,0.0,1.0,0.0006913238852401804,0.0,0.0,0.0,0.0,1.0,0.0006913238852401804
2023-12-20,28.95,29.05,28.48,28.49,7820480.0,226348217.0,1788617465.0,0.004372360302318752,-0.015889464594127878,-0.03456455438834305,0.0,0.0,-0.00869867780097422,0.0,0.0,-0.08362817626246388,0.0,0.0,0.016048502139800247,1.0,1.0,-0.01690821256038655,0.0,0.0,-0.10324205225055083,0.0,0.0,0.19354838709677402,1.0,1.0,0.0,-0.0,0.0,-0.0,0.0,-0.0,1.0,-0.015889464594127878,0.0,-0.0,0.0,-0.0,1.0,-0.015889464594127878
2023-12-21,28.35,28.84,28.31,28.62,12459460.0,358613655.0,1788617465.0,0.006965972458510015,0.0045630045630047356,-0.03114421123899791,0.0,0.0,0.005268703898841043,1.0,0.0,-0.08357348703170031,0.0,0.0,0.028017241379310276,1.0,1.0,0.0013995801259623075,1.0,0.0,-0.07108081791626086,0.0,0.0,0.18952618453865355,1.0,1.0,0.0,0.0,0.0,0.0,0.0,0.0,1.0,0.0045630045630047356,0.0,0.0,0.0,0.0,1.0,0.0045630045630047356
2023-12-22,28.55,28.87,28.26,28.32,14107014.0,405610278.0,1788617465.0,0.00788710513905219,-0.01048218029350112,-0.03046901745977404,0.0,0.0,-0.03967446592065105,0.0,1.0,-0.0711708756969498,0.0,0.0,0.002123142250530785,1.0,1.0,-0.043243243243243246,0.0,1.0,-0.0745098039215687,0.0,0.0,0.18891687657430722,1.0,1.0,0.0,-0.0,1.0,-0.01108218029350112,0.0,-0.0,1.0,-0.01048218029350112,1.0,-0.01108218029350112,0.0,-0.0,1.0,-0.01048218029350112
2023-12-25,28.15,28.67,28.15,28.54,10014090.0,288162269.0,1788617465.0,0.0055987880002055105,0.007768361581920846,-0.013480815762184628,0.0,0.0,-0.04676018704074825,0.0,0.0,-0.06762495916367206,0.0,0.0,-0.05932762030323013,0.0,1.0,-0.046122994652406546,0.0,0.0,-0.07637540453074432,0.0,0.0,0.18031430934656734,1.0,1.0,0.0,0.0,0.0,-0.0006,0.0,0.0,1.0,0.007768361581920846,0.0,-0.0006,0.0,0.0,1.0,0.007768361581920846
2023-12-26,28.54,28.55,27.62,27.7,13572870.0,382013475.0,1788617465.0,0.00758847001418495,-0.029432375613174466,-0.04317789291882557,0.0,0.0,-0.06828119744365968,0.0,0.0,-0.0926957091385523,0.0,0.0,-0.0926957091385523,0.0,0.0,-0.0735785953177257,0.0,0.0,-0.11727214786488205,0.0,0.0,0.10667199360767077,1.0,1.0,0.0,-0.0,0.0,-0.0,0.0,-0.0,0.0,-0.0006,0.0,-0.0,0.0,-0.0,1.0,-0.029432375613174466
2023-12-27,27.7,28.41,27.67,28.35,14477722.0,410576421.0,1788617465.0,0.00809436466058437,0.023465703971119245,-0.004914004914004844,0.0,0.0,-0.03930870891223315,0.0,0.0,-0.07079646017699115,0.0,0.0,-0.06466512702078508,0.0,0.0,-0.0531062124248497,0.0,0.0,-0.11156377311187715,0.0,0.0,0.1422240128928285,1.0,1.0,0.0,0.0,0.0,0.0,0.0,0.0,0.0,0.0,0.0,0.0,0.0,0.0,1.0,0.023465703971119245
2023-12-28,28.36,29.06,28.26,28.99,13953146.0,405071990.0,1788617465.0,0.00780107891879497,0.022574955908289063,0.012928022361984537,1.0,0.0,-0.018618821936357555,0.0,0.0,-0.04228609184010579,0.0,0.0,-0.042602377807133496,0.0,0.0,-0.04228609184010579,0.0,0.0,-0.08114104595879568,0.0,0.0,0.2160234899328859,1.0,1.0,0.0,0.0,0.0,0.0,0.0,0.0,0.0,0.0,0.0,0.0,0.0,0.0,1.0,0.022574955908289063
2023-12-29,29.0,29.66,28.97,29.6,17147857.0,510087387.0,1788827976.0,0.009586084984171782,0.02104173853052793,0.04519774011299438,1.0,1.0,0.013351591920575112,1.0,0.0,-0.02213412619755528,0.0,0.0,-0.04546920348274752,0.0,0.0,-0.020840224942110464,0.0,0.0,-0.05792488860598344,0.0,0.0,0.2442202606137034,1.0,1.0,1.0,0.02044173853052793,0.0,0.0,0.0,0.0,0.0,0.0,0.0,0.0,0.0,0.0,1.0,0.02104173853052793
2024-01-02,29.63,29.72,29.27,29.27,10266068.0,304768733.0,1788827976.0,0.005738991192968686,-0.011148648648648729,0.02557813594954461,1.0,1.0,0.011752506049083955,1.0,1.0,-0.018773047267851117,0.0,0.0,-0.07373417721518993,0.0,0.0,-0.030152418820410865,0.0,0.0,-0.03969816272965887,0.0,0.0,0.2434154630416312,1.0,1.0,1.0,-0.011148648648648729,1.0,-0.011748648648648729,0.0,-0.0,0.0,-0.0,0.0,-0.0,0.0,-0.0,1.0,-0.011148648648648729
2024-01-03,29.15,29.29,27.42,27.74,28169627.0,797568725.0,1788827976.0,0.01574753267387406,-0.05227195080286984,0.0014440433212996595,1.0,1.0,-0.041796200345423196,0.0,1.0,-0.049348869088416736,0.0,0.0,-0.1328540168802751,0.0,0.0,-0.08115269956939397,0.0,0.0,-0.0841862000660284,0.0,0.0,0.20086580086580064,1.0,1.0,1.0,-0.05227195080286984,1.0,-0.05227195080286984,0.0,-0.0,0.0,-0.0,0.0,-0.0,0.0,-0.0,1.0,-0.05227195080286984
2024-01-04,27.74,27.76,26.32,26.84,30149259.0,820091201.0,1788827976.0,0.01685419694039937,-0.03244412400865171,-0.05326278659611994,0.0,1.0,-0.05791505791505791,0.0,0.0,-0.06610995128740427,0.0,0.0,-0.1514385077458109,0.0,0.0,-0.1234487263226649,0.0,0.0,-0.14874722486520775,0.0,0.0,0.1870853604599736,1.0,1.0,1.0,-0.03244412400865171,0.0,-0.0006,0.0,-0.0,0.0,-0.0,0.0,-0.0,0.0,-0.0,1.0,-0.03244412400865171
2024-01-05,26.75,27.15,26.33,26.5,16668022.0,448974706.0,1788827976.0,0.009317845105079015,-0.01266766020864385,-0.08589168678854775,0.0,0.0,-0.07407407407407407,0.0,0.0,-0.06919564453811022,0.0,0.0,-0.15308405241291145,0.0,0.0,-0.12164401723566465,0.0,0.0,-0.14790996784565924,0.0,0.0,0.14768297964486798,1.0,1.0,0.0,-0.0006,0.0,-0.0,0.0,-0.0,0.0,-0.0,0.0,-0.0,0.0,-0.0,1.0,-0.01266766020864385
2024-01-08,26.5,26.52,25.53,25.68,20775925.0,540118041.0,1788827976.0,0.011614266591725084,-0.030943396226415065,-0.13243243243243252,0.0,0.0,-0.09322033898305082,0.0,0.0,-0.12919633774160733,0.0,0.0,-0.17823999999999995,0.0,0.0,-0.15163528245787905,0.0,0.0,-0.21395775941230488,0.0,0.0,0.11120726958026839,1.0,1.0,0.0,-0.0,0.0,-0.0,0.0,-0.0,0.0,-0.0,0.0,-0.0,0.0,-0.0,1.0,-0.030943396226415065
2024-01-09,25.88,26.2,25.21,25.56,23994809.0,620490436.0,1788827976.0,0.013413704012867025,-0.004672897196261738,-0.12675093952852756,0.0,0.0,-0.10441485634197623,0.0,0.0,-0.14629258517034072,0.0,0.0,-0.18260313399424366,0.0,0.0,-0.1309078544712683,0.0,0.0,-0.25697674418604655,0.0,0.0,0.12056115738711082,1.0,1.0,0.0,-0.0,0.0,-0.0,0.0,-0.0,0.0,-0.0,0.0,-0.0,0.0,-0.0,1.0,-0.004672897196261738
2024-01-10,25.24,25.58,24.93,25.39,15568820.0,396826141.0,1788827976.0,0.008703363436216742,-0.0066510172143974255,-0.0847152126892573,0.0,0.0,-0.08339350180505412,0.0,0.0,-0.14598049108644462,0.0,0.0,-0.19140127388535022,0.0,0.0,-0.14135948596550552,0.0,0.0,-0.26787773933102654,0.0,0.0,0.11800968736239548,1.0,1.0,0.0,-0.0,0.0,-0.0,0.0,-0.0,0.0,-0.0,0.0,-0.0,0.0,-0.0,1.0,-0.0066510172143974255
2024-01-11,25.39,25.94,25.15,25.77,16807071.0,434529116.0,1788827976.0,0.009395577006561753,0.014966522252855441,-0.03986587183308499,0.0,0.0,-0.09100529100529109,0.0,0.0,-0.12673669942392418,0.0,0.0,-0.18268315889628928,0.0,0.0,-0.10737790093522692,0.0,0.0,-0.26872871736662884,0.0,0.0,0.13474240422721273,1.0,1.0,0.0,0.0,0.0,0.0,0.0,0.0,0.0,0.0,0.0,0.0,0.0,0.0,1.0,0.014966522252855441
2024-01-12,25.75,25.77,25.48,25.5,14440485.0,372916468.0,1788827976.0,0.008072595684851924,-0.010477299185098987,-0.037735849056603765,0.0,0.0,-0.12038634011728178,0.0,0.0,-0.13676371022342582,0.0,0.0,-0.18841502227880336,0.0,0.0,-0.11673016972635952,0.0,0.0,-0.2682926829268293,0.0,0.0,0.1048526863084922,1.0,1.0,0.0,-0.0,0.0,-0.0,0.0,-0.0,0.0,-0.0,0.0,-0.0,0.0,-0.0,1.0,-0.010477299185098987
2024-01-15,25.25,26.23,25.18,25.9,19916189.0,521188135.0,1788827976.0,0.01113365246251046,0.015686274509803866,0.008566978193146335,1.0,0.0,-0.1250000000000001,0.0,0.0,-0.11331735706949686,0.0,0.0,-0.18270747869990545,0.0,0.0,-0.08156028368794332,0.0,0.0,-0.23054070112893643,0.0,0.0,0.11637931034482762,1.0,1.0,0.0,0.0,0.0,0.0,0.0,0.0,0.0,0.0,0.0,0.0,0.0,0.0,1.0,0.015686274509803866
2024-01-16,25.77,25.93,25.31,25.72,13836356.0,357440882.0,1788827976.0,0.0077348723217866315,-0.006949806949806958,0.006259780907668322,1.0,1.0,-0.121284591732149,0.0,0.0,-0.11095748358105773,0.0,0.0,-0.1808917197452229,0.0,0.0,-0.06336489439184279,0.0,0.0,-0.24729294702955817,0.0,0.0,0.08752642706131075,1.0,1.0,1.0,-0.007549806949806958,0.0,-0.0,0.0,-0.0,0.0,-0.0,0.0,-0.0,0.0,-0.0,1.0,-0.006949806949806958
2024-01-17,25.74,25.85,24.81,24.81,15506726.0,394844252.0,1788827976.0,0.008668651322568537,-0.03538102643856922,-0.022843639228042556,0.0,1.0,-0.1056236481614996,0.0,0.0,-0.14300518134715023,0.0,0.0,-0.21012416427889213,0.0,0.0,-0.11487691758829832,0.0,0.0,-0.2702941176470589,0.0,0.0,0.049936521371138465,1.0,1.0,1.0,-0.03538102643856922,0.0,-0.0,0.0,-0.0,0.0,-0.0,0.0,-0.0,0.0,-0.0,1.0,-0.03538102643856922
2024-01-18,24.69,25.33,24.01,25.27,28435479.0,705529161.0,1788827976.0,0.015896150653672468,0.01854091092301502,-0.01940240589833142,0.0,0.0,-0.05849478390461993,0.0,0.0,-0.11302211302211296,0.0,0.0,-0.18719845609520747,0.0,0.0,-0.09878744650499283,0.0,0.0,-0.2536916715888955,0.0,0.0,0.06759611322348946,1.0,1.0,0.0,-0.0006,0.0,0.0,0.0,0.0,0.0,0.0,0.0,0.0,0.0,0.0,1.0,0.01854091092301502
2024-01-19,25.36,26.39,25.35,25.91,29266447.0,767258411.0,1788827976.0,0.016360682744599474,0.0253264740799366,0.01607843137254905,1.0,0.0,-0.022264150943396177,0.0,0.0,-0.0946890286512928,0.0,0.0,-0.17034902337495994,0.0,0.0,-0.06932471264367812,0.0,0.0,-0.2345642540620384,0.0,0.0,0.04771532551556823,1.0,1.0,0.0,0.0,0.0,0.0,0.0,0.0,0.0,0.0,0.0,0.0,0.0,0.0,1.0,0.0253264740799366
2024-01-22,25.91,26.06,25.0,25.33,23251345.0,601030592.0,1788827976.0,0.012998088867098532,-0.022385179467387162,-0.022007722007722053,0.0,1.0,-0.013629283489096644,0.0,0.0,-0.10557909604519777,0.0,0.0,-0.16923581502131846,0.0,0.0,-0.10368011323425352,0.0,0.0,-0.23658830620855942,0.0,0.0,-0.017074117190531646,0.0,1.0,1.0,-0.02298517946738716,0.0,-0.0,0.0,-0.0,0.0,-0.0,0.0,-0.0,0.0,-0.0,1.0,-0.022385179467387162
2024-01-23,25.01,25.53,24.74,25.22,20062657.0,510751827.0,1788827976.0,0.01121553177229603,-0.004342676667982603,-0.019440124416796323,0.0,0.0,-0.013302034428794962,0.0,0.0,-0.1163279607568325,0.0,0.0,-0.17608624632473047,0.0,0.0,-0.1687541199736322,0.0,0.0,-0.24013257005122024,0.0,0.0,-0.026254826254826225,0.0,0.0,0.0,-0.0006,0.0,-0.0,0.0,-0.0,0.0,-0.0,0.0,-0.0,0.0,-0.0,0.0,-0.0006
2024-01-24,24.88,25.0,23.37,24.3,42082621.0,1018229553.0,1788827976.0,0.023525247572492126,-0.03647898493259316,-0.020556227327690357,0.0,0.0,-0.04293028751476957,0.0,0.0,-0.12274368231046928,0.0,0.0,-0.20406157877497544,0.0,0.0,-0.20406157877497544,0.0,0.0,-0.25688073394495414,0.0,0.0,-0.061051004636785144,0.0,0.0,0.0,-0.0,0.0,-0.0,0.0,-0.0,0.0,-0.0,0.0,-0.0,0.0,-0.0,0.0,-0.0
2024-01-25,24.19,25.53,23.89,25.5,28725283.0,724680831.0,1788827976.0,0.016058158406171974,0.04938271604938271,0.009101701622477254,1.0,0.0,-0.010477299185098987,0.0,0.0,-0.10052910052910058,0.0,0.0,-0.1642084562438545,0.0,0.0,-0.15869350049488617,0.0,0.0,-0.22515952597994526,0.0,0.0,-0.02298850574712652,0.0,0.0,0.0,0.0,0.0,0.0,0.0,0.0,0.0,0.0,0.0,0.0,0.0,0.0,0.0,0.0
2024-01-26,25.29,25.32,24.19,24.41,35976644.0,889511936.0,1788827976.0,0.020111852275727156,-0.04274509803921567,-0.05789270551910464,0.0,1.0,-0.04274509803921567,0.0,0.0,-0.15798551224560187,0.0,0.0,-0.19359101420548397,0.0,0.0,-0.1938573315719947,0.0,0.0,-0.26186876322951314,0.0,0.0,-0.07186311787072241,0.0,0.0,1.0,-0.04334509803921567,0.0,-0.0,0.0,-0.0,0.0,-0.0,0.0,-0.0,0.0,-0.0,0.0,-0.0
2024-01-29,24.42,24.7,23.54,23.73,23040534.0,555418786.0,1788827976.0,0.012880240195885666,-0.02785743547726338,-0.06316620607974721,0.0,0.0,-0.0837837837837837,0.0,0.0,-0.1983108108108108,0.0,0.0,-0.21605550049554012,0.0,0.0,-0.23476297968397297,0.0,0.0,-0.28003640776699035,0.0,0.0,-0.09115281501340478,0.0,0.0,0.0,-0.0006,0.0,-0.0,0.0,-0.0,0.0,-0.0,0.0,-0.0,0.0,-0.0,0.0,-0.0
2024-01-30,23.61,23.83,23.16,23.2,17128894.0,404192489.0,1788827976.0,0.009575484188424835,-0.022334597555836555,-0.08009516256938931,0.0,0.0,-0.09797822706065318,0.0,0.0,-0.20737956952511105,0.0,0.0,-0.22225947033188065,0.0,0.0,-0.26582278481012667,0.0,0.0,-0.3182486041727888,0.0,0.0,-0.12518853695324283,0.0,0.0,0.0,-0.0,0.0,-0.0,0.0,-0.0,0.0,-0.0,0.0,-0.0,0.0,-0.0,0.0,-0.0
2024-01-31,23.05,23.31,22.2,22.28,23775162.0,541433574.0,1788827976.0,0.01329091579457722,-0.039655172413793016,-0.08312757201646093,0.0,0.0,-0.10197501007658194,0.0,0.0,-0.19682768565248732,0.0,0.0,-0.23646333104866346,0.0,0.0,-0.3035323538605814,0.0,0.0,-0.33611442193087004,0.0,0.0,-0.1702048417132216,0.0,0.0,0.0,-0.0,0.0,-0.0,0.0,-0.0,0.0,-0.0,0.0,-0.0,0.0,-0.0,0.0,-0.0
2024-02-01,22.13,23.1,22.11,22.47,21220211.0,483821622.0,1788827976.0,0.011862633682334584,0.008527827648114883,-0.11882352941176477,0.0,0.0,-0.11080332409972304,0.0,0.0,-0.16281669150521616,0.0,0.0,-0.21816283924843427,0.0,0.0,-0.28959848245336706,0.0,0.0,-0.31326405867970664,0.0,0.0,-0.16031390134529155,0.0,0.0,0.0,0.0,0.0,0.0,0.0,0.0,0.0,0.0,0.0,0.0,0.0,0.0,0.0,0.0
2024-02-02,22.61,22.83,20.82,21.59,28956629.0,634320538.0,1788827976.0,0.016187486660819084,-0.03916332888295504,-0.11552642359688658,0.0,0.0,-0.16673099189502127,0.0,0.0,-0.18528301886792453,0.0,0.0,-0.24165788549350187,0.0,0.0,-0.3100031959092362,0.0,0.0,-0.3288778364936277,0.0,0.0,-0.17877519969570177,0.0,0.0,0.0,-0.0,0.0,-0.0,0.0,-0.0,0.0,-0.0,0.0,-0.0,0.0,-0.0,0.0,-0.0
2024-02-05,21.36,21.54,19.78,20.78,39428187.0,823114124.0,1788827976.0,0.022041351951664692,-0.03751736915238535,-0.12431521281078795,0.0,0.0,-0.17962889853928143,0.0,0.0,-0.19080996884735202,0.0,0.0,-0.29535435740929117,0.0,0.0,-0.33504,0.0,0.0,-0.3562577447335812,0.0,0.0,-0.2357484369253402,0.0,0.0,0.0,-0.0,0.0,-0.0,0.0,-0.0,0.0,-0.0,0.0,-0.0,0.0,-0.0,0.0,-0.0
2024-02-06,20.62,22.55,20.45,22.48,30017778.0,660513206.0,1788827976.0,0.016780695741981173,0.08180943214629455,-0.03103448275862064,0.0,0.0,-0.10864393338620137,0.0,0.0,-0.12050078247261342,0.0,0.0,-0.2491649966599867,0.0,0.0,-0.2811000959385993,0.0,0.0,-0.2865756902570613,0.0,0.0,-0.1738331495773613,0.0,0.0,0.0,0.0,0.0,0.0,0.0,0.0,0.0,0.0,0.0,0.0,0.0,0.0,0.0,0.0
2024-02-07,22.55,23.51,22.26,23.3,30097995.0,702091715.0,1788827976.0,0.01682553907016937,0.03647686832740216,0.04578096947935362,1.0,0.0,-0.04115226337448563,0.0,0.0,-0.08231587239070504,0.0,0.0,-0.21627985200134547,0.0,0.0,-0.2579617834394904,0.0,0.0,-0.2647522877879457,0.0,0.0,-0.15149308084486524,0.0,0.0,0.0,0.0,0.0,0.0,0.0,0.0,0.0,0.0,0.0,0.0,0.0,0.0,0.0,0.0
2024-02-08,23.47,24.45,23.4,23.77,24949117.0,601175084.0,1788827976.0,0.013947186277681515,0.020171673819742386,0.05785491766800188,1.0,1.0,-0.06784313725490199,0.0,0.0,-0.07760962359332557,0.0,0.0,-0.1945103354794986,0.0,0.0,-0.24611481129083412,0.0,0.0,-0.23074433656957927,0.0,0.0,-0.12125693160813311,0.0,0.0,1.0,0.019571673819742386,0.0,0.0,0.0,0.0,0.0,0.0,0.0,0.0,0.0,0.0,0.0,0.0
2024-02-19,24.24,24.29,23.54,24.27,25579473.0,618263974.0,1788827976.0,0.014299571195883399,0.021034917963819844,0.12413154238073187,1.0,1.0,-0.005735354362966016,0.0,0.0,-0.04823529411764704,0.0,0.0,-0.17840216655382535,0.0,0.0,-0.22756206238064935,0.0,0.0,-0.20815660685154969,0.0,0.0,-0.10011123470522798,0.0,0.0,1.0,0.021034917963819844,0.0,0.0,0.0,0.0,0.0,0.0,0.0,0.0,0.0,0.0,0.0,0.0
2024-02-20,24.02,24.05,23.54,23.92,24871962.0,595650613.0,1788827976.0,0.013904054684797707,-0.014421096003296108,0.15110683349374399,1.0,1.0,0.008006742520016985,1.0,0.0,-0.07644787644787632,0.0,0.0,-0.18110236220472442,0.0,0.0,-0.24518775639002832,0.0,0.0,-0.23406980467499194,0.0,0.0,-0.09939759036144569,0.0,0.0,1.0,-0.014421096003296108,0.0,-0.0,0.0,-0.0,0.0,-0.0,0.0,-0.0,0.0,-0.0,0.0,-0.0
2024-02-21,23.65,24.5,23.45,24.11,25343576.0,616248374.0,1788827976.0,0.014167698817340053,0.007943143812708886,0.072508896797153,1.0,1.0,0.03922413793103452,1.0,1.0,-0.06259720062208396,0.0,0.0,-0.1666090563428967,0.0,0.0,-0.2321656050955414,0.0,0.0,-0.19980086292731492,0.0,0.0,-0.1289739884393064,0.0,0.0,1.0,0.007943143812708886,1.0,0.007343143812708886,0.0,0.0,0.0,0.0,0.0,0.0,0.0,0.0,0.0,0.0
2024-02-22,24.11,24.88,24.11,24.77,31222631.0,775949480.0,1788827976.0,0.01745423898714786,0.02737453338863549,0.06309012875536468,1.0,1.0,0.1117594254937162,1.0,1.0,-0.0016122531237403592,0.0,0.0,-0.14438687392055272,0.0,0.0,-0.21139764406240058,0.0,0.0,-0.17018425460636522,0.0,0.0,-0.10803024846957143,0.0,0.0,1.0,0.02737453338863549,1.0,0.02737453338863549,0.0,0.0,0.0,0.0,0.0,0.0,0.0,0.0,0.0,0.0
2024-02-23,25.08,25.11,24.58,24.91,18196568.0,456396486.0,1788827976.0,0.0101723409093195,0.0056519983851432976,0.0479596129575095,1.0,1.0,0.10858923008455723,1.0,1.0,-0.014246141669964407,0.0,0.0,-0.12565812565812562,0.0,0.0,-0.19877774203924092,0.0,0.0,-0.18701044386422983,0.0,0.0,-0.10460100647016535,0.0,0.0,1.0,0.0056519983851432976,1.0,0.0056519983851432976,0.0,0.0,0.0,0.0,0.0,0.0,0.0,0.0,0.0,0.0
2024-02-26,24.79,25.21,24.66,24.86,18641594.0,469328437.0,1788827976.0,0.010421121678611315,-0.0020072260136491105,0.024309847548413588,1.0,1.0,0.15145900880037044,1.0,1.0,-0.04052489386337321,0.0,0.0,-0.1313766596785465,0.0,0.0,-0.20397054114633373,0.0,0.0,-0.16633132126089878,0.0,0.0,-0.12587904360056268,0.0,0.0,1.0,-0.0020072260136491105,1.0,-0.0020072260136491105,0.0,-0.0,0.0,-0.0,0.0,-0.0,0.0,-0.0,0.0,-0.0
2024-02-27,24.75,25.87,24.61,25.86,30836642.0,787019282.0,1788827976.0,0.017238461391326093,0.04022526146419958,0.08110367892976589,1.0,1.0,0.24446583253128007,1.0,1.0,0.02092380576391628,1.0,0.0,-0.08686440677966101,0.0,0.0,-0.15185306657920628,0.0,0.0,-0.15462569467146126,0.0,0.0,-0.10395010395010396,0.0,0.0,1.0,0.04022526146419958,1.0,0.04022526146419958,0.0,0.0,0.0,0.0,0.0,0.0,0.0,0.0,0.0,0.0
2024-02-28,25.87,26.27,24.87,24.88,30445863.0,786582613.0,1788827976.0,0.017020006064574204,-0.037896365042536795,0.03193695562007459,1.0,1.0,0.10676156583629881,1.0,1.0,-0.013481363996827866,0.0,1.0,-0.12824106517168887,0.0,0.0,-0.18719372754001962,0.0,0.0,-0.15803722504230122,0.0,0.0,-0.09920347574221589,0.0,0.0,1.0,-0.037896365042536795,1.0,-0.037896365042536795,1.0,-0.0384963650425368,0.0,-0.0,0.0,-0.0,0.0,-0.0,0.0,-0.0
2024-02-29,24.8,25.98,24.76,25.93,26071647.0,674237843.0,1788827976.0,0.014574708887491147,0.04220257234726699,0.04683084376261615,1.0,1.0,0.1128755364806866,1.0,1.0,0.06707818930041154,1.0,0.0,-0.06389891696750905,0.0,0.0,-0.15067147068457254,0.0,0.0,-0.13015766521301575,0.0,0.0,-0.03137840866641761,0.0,0.0,1.0,0.04220257234726699,1.0,0.04220257234726699,0.0,-0.0006,0.0,0.0,0.0,0.0,0.0,0.0,0.0,0.0
2024-03-01,26.06,26.72,25.93,26.46,33344786.0,887541366.0,1788827976.0,0.018640577208861808,0.020439645198611744,0.0622240064231232,1.0,1.0,0.11316785864535128,1.0,1.0,0.03764705882352937,1.0,1.0,-0.06666666666666665,0.0,0.0,-0.1327433628318584,0.0,0.0,-0.14090909090909087,0.0,0.0,-0.06203473945409432,0.0,0.0,1.0,0.020439645198611744,1.0,0.020439645198611744,1.0,0.019839645198611745,0.0,0.0,0.0,0.0,0.0,0.0,0.0,0.0
2024-03-04,26.59,28.24,26.59,27.65,54649779.0,1514288234.0,1788827976.0,0.03055060616963428,0.04497354497354489,0.11222847948511672,1.0,1.0,0.13926658426040373,1.0,1.0,0.1327324866857844,1.0,1.0,-0.04622283546050365,0.0,0.0,-0.08655434423521646,0.0,0.0,-0.14157094070164555,0.0,0.0,-0.020892351274787502,0.0,0.0,1.0,0.04497354497354489,1.0,0.04497354497354489,1.0,0.04497354497354489,0.0,0.0,0.0,0.0,0.0,0.0,0.0,0.0
2024-03-05,30.41,30.41,29.81,30.41,69420299.0,2125014726.0,1788827976.0,0.03880769975167249,0.0998191681735987,0.17594740912606355,1.0,1.0,0.27132107023411356,1.0,1.0,0.28150021070375053,1.0,1.0,0.02736486486486478,1.0,0.0,0.004625041295011512,1.0,0.0,-0.059096534653465316,0.0,0.0,0.08607142857142858,1.0,0.0,1.0,0.0998191681735987,1.0,0.0998191681735987,1.0,0.0998191681735987,0.0,0.0,0.0,0.0,0.0,0.0,0.0,0.0
2024-03-06,30.18,30.18,28.43,28.63,109948493.0,3215821021.0,1788827976.0,0.06146398338752278,-0.058533377178559776,0.15072347266881025,1.0,1.0,0.1874740771464123,1.0,1.0,0.23405172413793096,1.0,1.0,-0.021865391185514227,0.0,1.0,-0.0402279584311096,0.0,1.0,-0.10809968847352036,0.0,0.0,0.03245582401730962,1.0,1.0,1.0,-0.058533377178559776,1.0,-0.058533377178559776,1.0,-0.058533377178559776,1.0,-0.05913337717855978,1.0,-0.05913337717855978,0.0,-0.0,1.0,-0.05913337717855978
2024-03-07,28.7,28.85,27.08,27.3,81709002.0,2294879746.0,1788827976.0,0.04567739497383621,-0.046454767726161306,0.052834554569996195,1.0,1.0,0.10213968510294724,1.0,1.0,0.22531418312387785,1.0,1.0,-0.015861571737562974,0.0,0.0,-0.06442769019876626,0.0,0.0,-0.18091809180918084,0.0,0.0,-0.0193965517241379,0.0,1.0,1.0,-0.046454767726161306,1.0,-0.046454767726161306,1.0,-0.046454767726161306,0.0,-0.0006,0.0,-0.0006,0.0,-0.0,1.0,-0.046454767726161306
2024-03-08,27.32,28.87,27.14,28.74,77963216.0,2229442169.0,1788827976.0,0.043583406032330525,0.05274725274725256,0.08616780045351469,1.0,1.0,0.15375351264552384,1.0,1.0,0.27903871829105475,1.0,1.0,0.07078986587183311,1.0,0.0,0.0,0.0,0.0,-0.12961841308298017,0.0,0.0,0.052361772244599036,1.0,0.0,1.0,0.05274725274725256,1.0,0.05274725274725256,1.0,0.05274725274725256,0.0,0.0,0.0,0.0,0.0,0.0,0.0,-0.0006
2024-03-11,27.88,28.45,27.66,28.41,49158932.0,1391607280.0,1788827976.0,0.027481084072669935,-0.01148225469728592,0.027486437613019943,1.0,1.0,0.1427996781979084,1.0,1.0,0.315886984715146,1.0,1.0,0.07207547169811312,1.0,1.0,-0.0021074815595363283,0.0,0.0,-0.1486364998501647,0.0,0.0,0.024522178146411777,1.0,1.0,1.0,-0.01148225469728592,1.0,-0.01148225469728592,1.0,-0.01148225469728592,1.0,-0.01208225469728592,0.0,-0.0,0.0,-0.0,1.0,-0.01208225469728592
2024-03-12,28.3,29.36,28.13,28.53,49121232.0,1422742169.0,1788827976.0,0.027460008820881725,0.004223864836325308,-0.061821769154883244,0.0,1.0,0.1032482598607889,1.0,1.0,0.37295476419634266,1.0,1.0,0.11098130841121501,1.0,1.0,-0.03255340793489314,0.0,0.0,-0.1147998758920259,0.0,0.0,-0.007997218358831715,0.0,1.0,1.0,0.004223864836325308,1.0,0.004223864836325308,1.0,0.004223864836325308,1.0,0.004223864836325308,0.0,0.0,0.0,0.0,1.0,0.004223864836325308
2024-03-13,28.67,28.75,28.17,28.33,32004850.0,917673346.0,1788827976.0,0.01789151915633949,-0.007010164738871505,-0.010478519035976297,0.0,0.0,0.1386655948553055,1.0,1.0,0.26023131672597866,1.0,1.0,0.10837245696400633,1.0,1.0,-0.053774215096860534,0.0,0.0,-0.12018633540372681,0.0,0.0,-0.0021134202183867856,0.0,0.0,0.0,-0.0006,1.0,-0.007010164738871505,1.0,-0.007010164738871505,1.0,-0.007010164738871505,0.0,-0.0,0.0,-0.0,0.0,-0.0006
2024-03-14,27.86,28.25,27.45,27.72,32323379.0,907316862.0,1788827976.0,0.018069584909041026,-0.021531944934698233,0.01538461538461533,1.0,0.0,0.06903200925568842,1.0,1.0,0.18969957081545052,1.0,1.0,0.09176841276092951,1.0,1.0,-0.06760847628657929,0.0,0.0,-0.14470842332613387,0.0,0.0,-0.04742268041237119,0.0,0.0,0.0,-0.0,1.0,-0.021531944934698233,1.0,-0.021531944934698233,1.0,-0.021531944934698233,0.0,-0.0,0.0,-0.0,0.0,-0.0
2024-03-15,27.7,27.77,27.18,27.73,22144563.0,613638123.0,1788827976.0,0.012379369786868762,0.0003607503607503393,-0.03514265831593588,0.0,1.0,0.04799697656840518,1.0,1.0,0.16659655027345388,1.0,1.0,0.07605743112145902,1.0,1.0,-0.06031853608946125,0.0,0.0,-0.1393544382371198,0.0,0.0,-0.026676026676026643,0.0,0.0,1.0,-0.00023924963924966066,1.0,0.0003607503607503393,1.0,0.0003607503607503393,1.0,0.0003607503607503393,0.0,0.0,0.0,0.0,0.0,0.0
2024-03-18,28.03,28.49,27.84,28.49,31391198.0,893832991.0,1788827976.0,0.017548472195853003,0.02740714028128366,0.002815909890883539,1.0,0.0,0.030379746835442978,1.0,1.0,0.17387721466831474,1.0,1.0,0.11725490196078425,1.0,1.0,-0.03554502369668244,0.0,0.0,-0.07709750566893436,0.0,0.0,0.04742647058823524,1.0,0.0,0.0,-0.0006,1.0,0.02740714028128366,1.0,0.02740714028128366,1.0,0.02740714028128366,0.0,0.0,0.0,0.0,0.0,0.0
2024-03-19,28.5,28.68,28.0,28.0,23735962.0,676225326.0,1788827976.0,0.013269002004919449,-0.017199017199017175,-0.018576936558009183,0.0,1.0,-0.07925024662939828,0.0,1.0,0.17056856187290959,1.0,1.0,0.08108108108108114,1.0,1.0,-0.04142416980486141,0.0,0.0,-0.07560250907890387,0.0,0.0,0.023017902813299296,1.0,1.0,1.0,-0.017799017199017175,1.0,-0.017199017199017175,1.0,-0.017199017199017175,1.0,-0.017199017199017175,0.0,-0.0,0.0,-0.0,1.0,-0.017799017199017175
2024-03-27,30.81,30.81,28.74,28.86,155192574.0,4643164504.0,1788827976.0,0.0867565669154092,0.030714285714285694,0.018708083303918155,1.0,0.0,0.008033531260915217,1.0,0.0,0.19701368726669433,1.0,1.0,0.12208398133748055,1.0,1.0,-0.0024196335983408535,0.0,0.0,-0.046265697290152064,0.0,0.0,0.03812949640287755,1.0,1.0,0.0,-0.0006,0.0,-0.0006,1.0,0.030714285714285694,1.0,0.030714285714285694,0.0,0.0,0.0,0.0,1.0,0.030714285714285694
2024-03-28,27.94,29.74,26.87,28.78,97660197.0,2778538600.0,1788827976.0,0.05459451568863433,-0.002772002772002735,0.038239538239538406,1.0,1.0,0.05421245421245424,1.0,1.0,0.1618893823173193,1.0,1.0,0.16001612253123754,1.0,1.0,-0.005872193436960216,0.0,0.0,-0.032605042016806696,0.0,0.0,0.035997120230381485,1.0,1.0,1.0,-0.003372002772002735,1.0,-0.003372002772002735,1.0,-0.002772002772002735,1.0,-0.002772002772002735,0.0,-0.0,0.0,-0.0,1.0,-0.002772002772002735
2024-03-29,28.36,28.4,27.76,27.88,52636287.0,1485029381.0,1789035735.0,0.029421596209759333,-0.03127171646977078,0.005409304002884863,1.0,1.0,-0.029923451635351372,0.0,1.0,0.11922922521075874,1.0,1.0,0.10328452710724179,1.0,1.0,-0.021411021411021358,0.0,0.0,-0.03795721187025536,0.0,0.0,-0.00712250712250706,0.0,1.0,1.0,-0.03127171646977078,1.0,-0.03127171646977078,1.0,-0.03127171646977078,1.0,-0.03127171646977078,0.0,-0.0,0.0,-0.0,1.0,-0.03127171646977078
2024-04-01,27.76,28.34,27.11,27.87,57730811.0,1610877851.0,1789035735.0,0.032269233012274065,-0.000358680057388705,-0.021762021762021688,0.0,1.0,-0.019007391763463555,0.0,0.0,0.12107803700724062,1.0,1.0,0.07564646854496337,1.0,1.0,-0.026205450733752578,0.0,0.0,-0.024842547235829127,0.0,0.0,-0.0238178633975481,0.0,0.0,1.0,-0.000358680057388705,0.0,-0.0006,1.0,-0.000358680057388705,1.0,-0.000358680057388705,0.0,-0.0,0.0,-0.0,0.0,-0.0006
2024-04-02,27.62,27.63,26.77,26.86,50767277.0,1388056044.0,1789035735.0,0.028376893768418773,-0.03623968424829571,-0.0407142857142857,0.0,0.0,-0.05853487556957593,0.0,0.0,0.03866976024748636,1.0,1.0,0.06040268456375841,1.0,1.0,-0.05155367231638419,0.0,0.0,-0.09256756756756768,0.0,0.0,-0.06280530355896718,0.0,0.0,0.0,-0.0006,0.0,-0.0,1.0,-0.03623968424829571,1.0,-0.03623968424829571,0.0,-0.0,0.0,-0.0,0.0,-0.0
2024-04-03,26.94,27.45,26.78,26.94,33954170.0,927980148.0,1789035735.0,0.018979033976646645,0.0029784065524944836,-0.06652806652806642,0.0,0.0,-0.04906459583480394,0.0,0.0,0.08279742765273324,1.0,1.0,0.06819984139571789,1.0,1.0,-0.05606166783461797,0.0,0.0,-0.09959893048128343,0.0,0.0,-0.10617120106171196,0.0,0.0,0.0,0.0,0.0,0.0,1.0,0.0029784065524944836,1.0,0.0029784065524944836,0.0,0.0,0.0,0.0,0.0,0.0
2024-04-08,26.77,26.86,25.84,25.85,35619357.0,942266583.0,1789035735.0,0.019909807447194453,-0.040460282108389034,-0.10180681028492011,0.0,0.0,-0.06746031746031733,0.0,0.0,-0.003085229463941297,0.0,1.0,0.06378600823045266,1.0,1.0,-0.06678700361010825,0.0,0.0,-0.13545150501672232,0.0,0.0,-0.15134602757715032,0.0,0.0,0.0,-0.0,0.0,-0.0,1.0,-0.040460282108389034,1.0,-0.040460282108389034,0.0,-0.0,0.0,-0.0,0.0,-0.0
2024-04-09,25.68,26.07,25.45,25.98,24724518.0,643096824.0,1789035735.0,0.013820024673794456,0.005029013539651794,-0.06814921090387371,0.0,0.0,-0.06310854670032451,0.0,0.0,-0.01814058956916098,0.0,0.0,0.018823529411764683,1.0,1.0,-0.08359788359788367,0.0,0.0,-0.13226452905811625,0.0,0.0,-0.19516728624535318,0.0,0.0,0.0,0.0,0.0,0.0,0.0,-0.0006,1.0,0.005029013539651794,0.0,0.0,0.0,0.0,0.0,0.0
2024-04-10,25.88,25.89,24.84,24.95,31428918.0,798155824.0,1789035735.0,0.01756751829219331,-0.03964588144726722,-0.10477215644061721,0.0,0.0,-0.12425412425412419,0.0,0.0,-0.0976491862567812,0.0,0.0,0.022122081114297476,1.0,1.0,-0.13935839944808548,0.0,0.0,-0.17575156921043944,0.0,0.0,-0.2139256458727158,0.0,0.0,0.0,-0.0,0.0,-0.0,0.0,-0.0,1.0,-0.03964588144726722,0.0,-0.0,0.0,-0.0,0.0,-0.0
2024-04-11,24.79,25.57,24.79,25.17,29690847.0,758527509.0,1789035735.0,0.016596005557150035,0.008817635270541135,-0.06291883842144441,0.0,0.0,-0.10107142857142848,0.0,0.0,-0.17231173955935541,0.0,0.0,0.06068268015170686,1.0,1.0,-0.1496621621621621,0.0,0.0,-0.16738339397949054,0.0,0.0,-0.2209842154131848,0.0,0.0,0.0,0.0,0.0,0.0,0.0,0.0,1.0,0.008817635270541135,0.0,0.0,0.0,0.0,0.0,0.0
2024-04-12,25.2,25.65,25.2,25.31,23272995.0,596284024.0,1789035735.0,0.013008680902620428,0.005562177195073348,-0.06050482553823322,0.0,0.0,-0.12300762300762302,0.0,0.0,-0.11596227733147046,0.0,0.0,0.090948275862069,1.0,1.0,-0.13529210796036906,0.0,0.0,-0.16136514247846256,0.0,0.0,-0.24085182963407326,0.0,0.0,0.0,0.0,0.0,0.0,0.0,0.0,1.0,0.005562177195073348,0.0,0.0,0.0,0.0,0.0,0.0
2024-04-15,25.26,25.82,24.99,25.52,31067843.0,797744612.0,1789035735.0,0.017365691692010837,0.008297115764519969,-0.012765957446808529,0.0,0.0,-0.11327310632383603,0.0,0.0,-0.06520146520146519,0.0,0.0,0.14542190305206448,1.0,1.0,-0.08002883922134096,0.0,0.0,-0.15468698244451806,0.0,0.0,-0.22455180796110596,0.0,0.0,0.0,0.0,0.0,0.0,0.0,0.0,1.0,0.008297115764519969,0.0,0.0,0.0,0.0,0.0,0.0
2024-04-16,25.18,25.33,24.48,24.49,28588750.0,715056185.0,1789035735.0,0.015979977057305677,-0.04036050156739812,-0.0573518090839108,0.0,0.0,-0.1215925394548063,0.0,0.0,-0.14787752261656228,0.0,0.0,0.0898976412995105,1.0,1.0,-0.08755588673621462,0.0,0.0,-0.20019595035924242,0.0,0.0,-0.2401489295687248,0.0,0.0,0.0,-0.0,0.0,-0.0,0.0,-0.0,1.0,-0.04036050156739812,0.0,-0.0,0.0,-0.0,0.0,-0.0
2024-04-17,24.6,25.41,24.6,25.37,26763846.0,679601720.0,1789035735.0,0.014959928120161333,0.03593303389138436,0.0168336673346694,1.0,0.0,-0.08970218873340507,0.0,0.0,-0.1070045758535727,0.0,0.0,0.1750810560444651,1.0,1.0,-0.04264150943396228,0.0,0.0,-0.15909844216108715,0.0,0.0,-0.22415902140672783,0.0,0.0,0.0,0.0,0.0,0.0,0.0,0.0,1.0,0.03593303389138436,0.0,0.0,0.0,0.0,0.0,0.0
2024-04-18,25.12,25.69,24.87,25.33,24053637.0,614490001.0,1789035735.0,0.013445028810450229,-0.0015766653527790053,0.006356773937226778,1.0,1.0,-0.05696202531645578,0.0,0.0,-0.11216263582194186,0.0,0.0,0.21896053897978818,1.0,1.0,-0.013629283489096644,0.0,0.0,-0.16319788569540805,0.0,0.0,-0.2165171667182184,0.0,0.0,1.0,-0.002176665352779005,0.0,-0.0,0.0,-0.0,1.0,-0.0015766653527790053,0.0,-0.0,0.0,-0.0,0.0,-0.0
2024-04-19,25.06,25.14,24.15,24.33,33974875.0,842618080.0,1789035735.0,0.01899060725022354,-0.03947887879984213,-0.038719873567759744,0.0,1.0,-0.0968819599109132,0.0,0.0,-0.14119308153900456,0.0,0.0,0.08229537366548034,1.0,1.0,-0.0481220657276995,0.0,0.0,-0.17273036382182938,0.0,0.0,-0.2488422352577957,0.0,0.0,1.0,-0.03947887879984213,0.0,-0.0,0.0,-0.0,1.0,-0.03947887879984213,0.0,-0.0,0.0,-0.0,0.0,-0.0
2024-04-22,23.79,24.2,23.48,23.85,28116020.0,675028949.0,1789035735.0,0.01571573974177771,-0.01972872996300845,-0.06543887147335414,0.0,0.0,-0.07736943907156668,0.0,0.0,-0.13961038961038952,0.0,0.0,0.023605150214592197,1.0,1.0,-0.06065380070894044,0.0,0.0,-0.19343929658437597,0.0,0.0,-0.2542213883677298,0.0,0.0,0.0,-0.0006,0.0,-0.0,0.0,-0.0,1.0,-0.01972872996300845,0.0,-0.0,0.0,-0.0,0.0,-0.0
2024-04-23,23.94,24.27,23.19,23.31,28191859.0,667815288.0,1789035735.0,0.01575813073404037,-0.02264150943396237,-0.04818293180890154,0.0,0.0,-0.10277136258660513,0.0,0.0,-0.159394157951677,0.0,0.0,-0.01935212452671442,0.0,1.0,-0.09545983701979044,0.0,0.0,-0.19258746103221347,0.0,0.0,-0.3154185022026431,0.0,0.0,0.0,-0.0,0.0,-0.0,0.0,-0.0,1.0,-0.02264150943396237,0.0,-0.0,0.0,-0.0,0.0,-0.0
2024-04-24,23.47,24.17,23.36,24.17,31266390.0,750458428.0,1789035735.0,0.01747667158811671,0.03689403689403692,-0.04729996058336616,0.0,0.0,-0.031262525050100076,0.0,0.0,-0.1516321516321515,0.0,0.0,-0.004120313143798793,0.0,0.0,-0.05215686274509801,0.0,0.0,-0.1627987530308278,0.0,0.0,-0.2979959337786813,0.0,0.0,0.0,0.0,0.0,0.0,0.0,0.0,0.0,-0.0006,0.0,0.0,0.0,0.0,0.0,0.0
2024-04-25,23.49,24.45,23.09,24.1,36578124.0,882974629.0,1789035735.0,0.02044572016332586,-0.002896152254861395,-0.048559020923805596,0.0,0.0,-0.04251092570520465,0.0,0.0,-0.13928571428571423,0.0,0.0,0.007525083612040184,1.0,0.0,-0.06949806949806936,0.0,0.0,-0.14539007092198575,0.0,0.0,-0.3431452711910602,0.0,0.0,0.0,-0.0,0.0,-0.0,0.0,-0.0,0.0,-0.0,0.0,-0.0,0.0,-0.0,0.0,-0.0
2024-04-26,23.94,25.13,23.92,24.95,36348795.0,907478764.0,1789035735.0,0.020317534350424812,0.03526970954356834,0.025482942868886083,1.0,0.0,-0.014223627024891328,0.0,0.0,-0.1354816354816355,0.0,0.0,0.034840315221899676,1.0,1.0,-0.02993779160186627,0.0,0.0,-0.0914056809905317,0.0,0.0,-0.3278556034482758,0.0,0.0,0.0,0.0,0.0,0.0,0.0,0.0,1.0,0.034669709543568336,0.0,0.0,0.0,0.0,0.0,0.0
2024-04-29,25.09,26.02,24.98,25.97,38588237.0,999215665.0,1789414570.0,0.021564727172194646,0.040881763527054193,0.0888888888888888,1.0,1.0,0.017633228840125303,1.0,0.0,-0.09763724808895069,0.0,0.0,0.04844570044408547,1.0,1.0,0.046755340588472416,1.0,0.0,-0.07349268640742068,0.0,0.0,-0.25969213226909915,0.0,0.0,1.0,0.04028176352705419,0.0,0.0,0.0,0.0,1.0,0.040881763527054193,0.0,0.0,0.0,0.0,0.0,0.0
2024-04-30,26.02,26.04,25.42,25.55,25777502.0,666807440.0,1789414570.0,0.014405550525946595,-0.016172506738544423,0.09609609609609615,1.0,1.0,0.043282972641894846,1.0,1.0,-0.08357245337159247,0.0,0.0,0.02569249297470888,1.0,1.0,0.011080332409972415,1.0,1.0,-0.08880171184022823,0.0,0.0,-0.27538287010777074,0.0,0.0,1.0,-0.016172506738544423,1.0,-0.016772506738544423,0.0,-0.0,1.0,-0.016172506738544423,1.0,-0.016772506738544423,0.0,-0.0,0.0,-0.0
2024-05-06,25.97,26.53,25.96,26.45,36257230.0,962518900.0,1789414570.0,0.020262062580612607,0.03522504892367895,0.09433181630119969,1.0,1.0,0.04256996452502948,1.0,1.0,-0.05095084320057419,0.0,0.0,0.06395816572807722,1.0,1.0,0.020841373986877576,1.0,1.0,-0.04992816091954022,0.0,0.0,-0.2667036318270031,0.0,0.0,1.0,0.03522504892367895,1.0,0.03522504892367895,0.0,0.0,1.0,0.03522504892367895,1.0,0.03522504892367895,0.0,0.0,0.0,0.0
2024-05-07,26.39,26.61,26.07,26.44,28693769.0,764101139.0,1789414570.0,0.016035282980846634,-0.0003780718336483524,0.0970954356846474,1.0,1.0,0.043821555467824735,1.0,1.0,-0.015636634400595595,0.0,0.0,0.022428460943542117,1.0,1.0,0.043821555467824735,1.0,1.0,-0.06440198159943389,0.0,0.0,-0.23117185228264026,0.0,0.0,1.0,-0.0003780718336483524,1.0,-0.0003780718336483524,0.0,-0.0,1.0,-0.0003780718336483524,1.0,-0.0003780718336483524,0.0,-0.0,0.0,-0.0
2024-05-08,26.43,26.64,25.9,25.97,21481762.0,568069256.0,1789414570.0,0.01200491063398461,-0.017776096822995524,0.040881763527054193,1.0,1.0,0.06740649404027943,1.0,1.0,-0.036005939123979314,0.0,0.0,0.0438102893890675,1.0,1.0,0.029738302934179117,1.0,1.0,-0.14403427818061965,0.0,0.0,-0.27030064624894645,0.0,0.0,1.0,-0.017776096822995524,1.0,-0.017776096822995524,0.0,-0.0,1.0,-0.017776096822995524,1.0,-0.017776096822995524,0.0,-0.0,0.0,-0.0
2024-05-09,25.95,26.51,25.88,26.44,20653078.0,548692829.0,1789414570.0,0.011541807217988618,0.018097805159799973,0.018097805159799973,1.0,1.0,0.10859538784067091,1.0,1.0,0.02282398452611223,1.0,0.0,0.019668337832626337,1.0,1.0,0.08806584362139924,1.0,1.0,-0.13396659023910906,0.0,0.0,-0.23627960716348917,0.0,0.0,1.0,0.018097805159799973,1.0,0.018097805159799973,0.0,0.0,1.0,0.018097805159799973,1.0,0.018097805159799973,0.0,0.0,0.0,0.0
2024-05-10,26.52,26.72,25.92,26.0,26035281.0,687855853.0,1789414570.0,0.014549608255397183,-0.016641452344931973,0.017612524461839474,1.0,1.0,0.11540111540111542,1.0,1.0,0.0007698229407235857,1.0,1.0,-0.017384731670445963,0.0,1.0,0.019607843137254832,1.0,1.0,-0.14219729462223685,0.0,0.0,-0.23054158034921568,0.0,0.0,1.0,-0.016641452344931973,1.0,-0.016641452344931973,1.0,-0.017241452344931973,1.0,-0.016641452344931973,1.0,-0.016641452344931973,0.0,-0.0,0.0,-0.0
2024-05-13,25.75,25.95,25.34,25.67,19476962.0,504271288.0,1789414570.0,0.01088454421157418,-0.01269230769230767,-0.029489603024574595,0.0,1.0,0.06206040546131564,1.0,1.0,0.028857715430861797,1.0,1.0,-0.07160940325497278,0.0,0.0,0.05161818926669404,1.0,1.0,-0.15224570673712023,0.0,0.0,-0.24232585596221956,0.0,0.0,1.0,-0.01269230769230767,1.0,-0.01269230769230767,1.0,-0.01269230769230767,0.0,-0.0006,1.0,-0.01269230769230767,0.0,-0.0,0.0,-0.0
2024-05-14,25.71,26.2,25.66,25.72,18011711.0,470732271.0,1789414570.0,0.010065700426257287,0.0019477989871443668,-0.027231467473525006,0.0,0.0,0.06721991701244812,1.0,1.0,0.02185141040921712,1.0,1.0,-0.15422558368957584,0.0,0.0,0.08386009270965022,1.0,1.0,-0.17059013221541441,0.0,0.0,-0.2477332553378181,0.0,0.0,0.0,-0.0006,1.0,0.0019477989871443668,1.0,0.0019477989871443668,0.0,0.0,1.0,0.0019477989871443668,0.0,0.0,0.0,0.0
2024-05-15,25.67,26.66,25.42,25.98,33783850.0,893604865.0,1789414570.0,0.018879833978327338,0.010108864696734221,0.00038505968425117665,1.0,0.0,0.04128256513026063,1.0,1.0,0.026471750296325647,1.0,1.0,-0.09256025148445679,0.0,0.0,0.11982758620689671,1.0,1.0,-0.17784810126582284,0.0,0.0,-0.18327569946557687,0.0,0.0,0.0,0.0,1.0,0.010108864696734221,1.0,0.010108864696734221,0.0,0.0,1.0,0.010108864696734221,0.0,0.0,0.0,0.0
2024-05-16,26.07,26.17,25.58,25.61,26396400.0,688757477.0,1789414570.0,0.014751416716138619,-0.014241724403387224,-0.03139183055975803,0.0,1.0,-0.01386214863303814,0.0,1.0,0.003526645768024972,1.0,1.0,-0.06190476190476191,0.0,0.0,0.1494614003590664,1.0,1.0,-0.19943732416380122,0.0,0.0,-0.20118527760449167,0.0,0.0,1.0,-0.014841724403387224,1.0,-0.014241724403387224,1.0,-0.014241724403387224,0.0,-0.0,1.0,-0.014241724403387224,0.0,-0.0,0.0,-0.0
2024-05-17,25.55,25.74,25.16,25.74,19137550.0,491777342.0,1789414570.0,0.010694866533918967,0.0050761421319796,-0.010000000000000009,0.0,0.0,0.007436399217221057,1.0,0.0,0.05104124132298904,1.0,1.0,-0.10438413361169108,0.0,0.0,0.14552736982643522,1.0,1.0,-0.18621561808409737,0.0,0.0,-0.1704801804705125,0.0,0.0,0.0,-0.0006,0.0,-0.0006,1.0,0.0050761421319796,0.0,0.0,1.0,0.0050761421319796,0.0,0.0,0.0,0.0
2024-05-20,26.17,26.26,25.69,25.88,20681388.0,540987125.0,1789414570.0,0.01155762803473764,0.00543900543900544,0.008180755746006962,1.0,0.0,-0.021550094517958418,0.0,1.0,0.020102483247930625,1.0,1.0,-0.08905315029919048,0.0,0.0,0.19870310328855956,1.0,1.0,-0.17289868967721322,0.0,0.0,-0.07339778016469745,0.0,0.0,0.0,0.0,1.0,0.00483900543900544,1.0,0.00543900543900544,0.0,0.0,1.0,0.00543900543900544,0.0,0.0,0.0,0.0
2024-05-21,25.77,25.87,25.58,25.67,12143053.0,314783911.0,1789414570.0,0.006786047908394979,-0.008114374034002947,-0.0019440124416795213,0.0,1.0,-0.029122541603630814,0.0,0.0,0.013422818791946511,1.0,1.0,-0.10024535576586047,0.0,0.0,0.23532242540904713,1.0,1.0,-0.17855999999999994,0.0,0.0,-0.03532506576475003,0.0,0.0,1.0,-0.008714374034002947,0.0,-0.0006,1.0,-0.008114374034002947,0.0,-0.0,1.0,-0.008114374034002947,0.0,-0.0,0.0,-0.0
2024-05-22,25.68,25.87,25.45,25.8,19531367.0,505562750.0,1789414570.0,0.010914948010063425,0.005064277366575665,-0.006928406466512715,0.0,0.0,-0.006546014632267894,0.0,0.0,0.06041923551171413,1.0,1.0,-0.08930462407342032,0.0,0.0,0.14768683274021344,1.0,1.0,-0.17492804605052759,0.0,0.0,-0.04972375690607722,0.0,0.0,0.0,-0.0006,0.0,0.0,1.0,0.005064277366575665,0.0,0.0,1.0,0.005064277366575665,0.0,0.0,0.0,0.0
2024-05-23,25.83,25.83,25.15,25.17,21560893.0,551902993.0,1789414570.0,0.012049132359529183,-0.024418604651162745,-0.017180788754392773,0.0,0.0,-0.04803328290468989,0.0,0.0,0.05534591194968552,1.0,1.0,-0.09199134199134185,0.0,0.0,0.08025751072961373,1.0,1.0,-0.1984076433121018,0.0,0.0,-0.055180180180180116,0.0,0.0,0.0,-0.0,0.0,-0.0,1.0,-0.024418604651162745,0.0,-0.0,1.0,-0.024418604651162745,0.0,-0.0,0.0,-0.0
2024-05-24,24.85,25.27,24.27,24.32,25293568.0,628899004.0,1789414570.0,0.01413510788615072,-0.03377036154151769,-0.05516705516705511,0.0,0.0,-0.06461538461538463,0.0,0.0,0.043329043329043415,1.0,1.0,-0.12297151099891812,0.0,0.0,0.023138409760201872,1.0,1.0,-0.22867110688233427,0.0,0.0,-0.07528517110266164,0.0,0.0,0.0,-0.0,0.0,-0.0,1.0,-0.03377036154151769,0.0,-0.0,1.0,-0.03377036154151769,0.0,-0.0,0.0,-0.0
2024-05-27,24.29,24.94,23.8,24.91,31274579.0,767462995.0,1789414570.0,0.017477547978163605,0.024259868421052655,-0.03748068006182381,0.0,0.0,-0.029606544604596885,0.0,0.0,0.030616466694249,1.0,1.0,-0.12565812565812562,0.0,0.0,0.026370004120313206,1.0,1.0,-0.2071928707829408,0.0,0.0,-0.06493993993993996,0.0,0.0,0.0,0.0,0.0,0.0,1.0,0.024259868421052655,0.0,0.0,1.0,0.024259868421052655,0.0,0.0,0.0,0.0
2024-05-28,25.06,25.95,24.85,24.93,40992614.0,1047454732.0,1789414570.0,0.022908394000614403,0.0008028904054595554,-0.028827425009739116,0.0,0.0,-0.030715396578538057,0.0,0.0,0.03443983402489614,1.0,1.0,-0.10964285714285715,0.0,0.0,0.04222408026755842,1.0,1.0,-0.21331650362890509,0.0,0.0,-0.07081625046589635,0.0,0.0,0.0,0.0,0.0,0.0,1.0,0.0008028904054595554,0.0,0.0,1.0,0.0008028904054595554,0.0,0.0,0.0,0.0
2024-05-29,24.88,25.15,24.74,24.99,22817121.0,574660342.0,1789414570.0,0.012751165315480805,0.002406738868832692,-0.0313953488372094,0.0,0.0,-0.038106235565819935,0.0,0.0,0.0016032064128255197,1.0,1.0,-0.1340956340956342,0.0,0.0,0.036499377851513914,1.0,1.0,-0.20414012738853504,0.0,0.0,-0.06404494382022474,0.0,0.0,0.0,0.0,0.0,0.0,1.0,0.002406738868832692,0.0,0.0,1.0,0.002406738868832692,0.0,0.0,0.0,0.0
2024-05-30,24.78,25.99,24.61,25.85,50364897.0,1301268025.0,1789414570.0,0.028146019287190672,0.034413765506202676,0.027016289233214197,1.0,0.0,0.009371339320577876,1.0,0.0,-0.0046207162110125655,0.0,1.0,-0.10180681028492011,0.0,0.0,0.04360113039967706,1.0,1.0,-0.17701368990767263,0.0,0.0,-0.03903345724907048,0.0,0.0,0.0,0.0,0.0,0.0,1.0,0.034413765506202676,0.0,0.0,1.0,0.034413765506202676,0.0,0.0,0.0,0.0
2024-05-31,25.77,26.07,25.53,25.74,30881281.0,804528498.0,1789414570.0,0.017257756541012182,-0.004255319148936287,0.058388157894736725,1.0,1.0,0.0,0.0,1.0,0.007436399217221057,1.0,0.0,-0.07675753228120519,0.0,0.0,0.033319951826575656,1.0,1.0,-0.1720810550016083,0.0,0.0,-0.07075812274368232,0.0,0.0,1.0,-0.004855319148936287,1.0,-0.004855319148936287,0.0,-0.0006,0.0,-0.0,1.0,-0.004255319148936287,0.0,-0.0,0.0,-0.0
2024-06-03,25.75,26.74,25.75,26.61,58122735.0,1550741512.0,1789414570.0,0.032481424916530104,0.03379953379953382,0.06824568446407064,1.0,1.0,0.028207109737248937,1.0,0.0,0.0060491493383743045,1.0,1.0,-0.0452099031216362,0.0,0.0,0.07039420756234915,1.0,1.0,-0.14793467819404427,0.0,0.0,-0.04964285714285721,0.0,0.0,1.0,0.03379953379953382,0.0,-0.0006,1.0,0.03319953379953382,0.0,0.0,1.0,0.03379953379953382,0.0,0.0,0.0,0.0
2024-06-04,26.72,26.72,26.18,26.62,34899344.0,931807401.0,1789414570.0,0.019503218865598037,0.00037579857196545774,0.06778981147212204,1.0,1.0,0.03700818075574608,1.0,1.0,0.006807866868381307,1.0,1.0,-0.008935219657483229,0.0,0.0,0.029389017788089777,1.0,1.0,-0.12692686126598873,0.0,0.0,-0.09517335146159078,0.0,0.0,1.0,0.00037579857196545774,1.0,-0.0002242014280345422,1.0,0.00037579857196545774,0.0,0.0,1.0,0.00037579857196545774,0.0,0.0,0.0,0.0
2024-06-05,26.52,27.52,26.47,26.98,49591444.0,1363017541.0,1789414570.0,0.027713781273168016,0.013523666416228375,0.07963185274109663,1.0,1.0,0.045736434108527124,1.0,1.0,0.03889102810935707,1.0,1.0,0.0014847809948033142,1.0,0.0,0.08440514469453375,1.0,1.0,-0.11858869650441028,0.0,0.0,-0.07792207792207795,0.0,0.0,1.0,0.013523666416228375,1.0,0.013523666416228375,1.0,0.013523666416228375,0.0,0.0,1.0,0.013523666416228375,0.0,0.0,0.0,0.0
2024-06-06,27.16,27.93,27.16,27.71,65473529.0,1822023487.0,1789414570.0,0.036589357266717686,0.027057079318013377,0.07195357833655702,1.0,1.0,0.10091378625347636,1.0,1.0,0.04803328290468989,1.0,1.0,0.07195357833655702,1.0,1.0,0.06864635557269572,1.0,1.0,-0.09236816246315105,0.0,0.0,-0.05329689101469082,0.0,0.0,1.0,0.027057079318013377,1.0,0.027057079318013377,1.0,0.027057079318013377,1.0,0.026457079318013377,1.0,0.027057079318013377,0.0,0.0,0.0,0.0
2024-06-07,27.61,27.99,27.19,27.51,46276244.0,1286821698.0,1789414570.0,0.02586110830650049,-0.007217610970768673,0.06876456876456882,1.0,1.0,0.1311677631578947,1.0,1.0,0.05807692307692314,1.0,1.0,0.05889145496535808,1.0,1.0,0.039682539682539764,1.0,1.0,-0.09832841691248773,0.0,0.0,-0.08543882978723394,0.0,0.0,1.0,-0.007217610970768673,1.0,-0.007217610970768673,1.0,-0.007217610970768673,1.0,-0.007217610970768673,1.0,-0.007217610970768673,0.0,-0.0,0.0,-0.0
2024-06-11,27.64,28.5,27.52,28.38,53878194.0,1534305537.0,1789414570.0,0.03010939717563605,0.0316248636859322,0.06651634723788047,1.0,1.0,0.13930148534725006,1.0,1.0,0.1055707051032333,1.0,1.0,0.13747494989979958,1.0,1.0,0.026401446654611194,1.0,1.0,-0.06243805748265607,0.0,0.0,-0.030406559617355722,0.0,0.0,1.0,0.0316248636859322,1.0,0.0316248636859322,1.0,0.0316248636859322,1.0,0.0316248636859322,1.0,0.0316248636859322,0.0,0.0,0.0,0.0
2024-06-12,28.42,30.04,28.42,28.59,89341382.0,2623983368.0,1789414570.0,0.04992771574448508,0.007399577167019,0.07400450788880542,1.0,1.0,0.14681107099879664,1.0,1.0,0.11158631415241071,1.0,1.0,0.13587604290822397,1.0,1.0,-0.059848733969089074,0.0,1.0,-0.055500495540138695,0.0,0.0,-0.016511867905056765,0.0,0.0,1.0,0.007399577167019,1.0,0.007399577167019,1.0,0.007399577167019,1.0,0.007399577167019,1.0,0.007399577167019,0.0,0.0,0.0,0.0
2024-06-13,28.95,29.64,28.8,28.87,62291355.0,1830697759.0,1789414570.0,0.034811024814668856,0.009793634137810425,0.07005189028910297,1.0,1.0,0.15526210484193692,1.0,1.0,0.11123941493456502,1.0,1.0,0.14065586724614776,1.0,1.0,0.008382815228781038,1.0,0.0,-0.032182366744887614,0.0,0.0,-0.0020739716557206522,0.0,0.0,1.0,0.009793634137810425,1.0,0.009793634137810425,1.0,0.009793634137810425,1.0,0.009793634137810425,0.0,-0.0006,0.0,0.0,0.0,0.0
2024-06-14,28.9,29.03,28.43,28.8,48979129.0,1418345383.0,1789414570.0,0.02737159393979898,-0.002424662279182588,0.03933597979068937,1.0,1.0,0.11411992263056092,1.0,1.0,0.12456071846934802,1.0,1.0,0.1285266457680252,1.0,1.0,0.05494505494505497,1.0,1.0,-0.013022618231665506,0.0,0.0,-0.025380710659898442,0.0,0.0,1.0,-0.002424662279182588,1.0,-0.002424662279182588,1.0,-0.002424662279182588,1.0,-0.002424662279182588,1.0,-0.0030246622791825876,0.0,-0.0,0.0,-0.0
2024-06-17,28.8,31.62,28.5,31.01,98033148.0,2989219120.0,1789414570.0,0.05478503955626113,0.07673611111111112,0.12722646310432562,1.0,1.0,0.20473970473970482,1.0,1.0,0.20473970473970482,1.0,1.0,0.2662311147407106,1.0,1.0,0.07898399443284632,1.0,1.0,0.07898399443284632,1.0,0.0,0.03573814295257183,1.0,0.0,1.0,0.07673611111111112,1.0,0.07673611111111112,1.0,0.07673611111111112,1.0,0.07673611111111112,1.0,0.07673611111111112,0.0,0.0,0.0,0.0
2024-06-18,30.93,31.14,30.54,31.13,58095648.0,1811907667.0,1789414570.0,0.032466287563535375,0.003869719445340092,0.0968992248062015,1.0,1.0,0.1698609545283727,1.0,1.0,0.20285935085007734,1.0,1.0,0.22703981080015767,1.0,1.0,0.09574093629003877,1.0,1.0,0.09343168247277833,1.0,1.0,0.012357723577235635,1.0,1.0,1.0,0.003869719445340092,1.0,0.003869719445340092,1.0,0.003869719445340092,1.0,0.003869719445340092,1.0,0.003869719445340092,1.0,0.003269719445340092,1.0,0.003269719445340092
2024-06-19,31.03,31.74,30.78,31.47,73979582.0,2341767839.0,1789414570.0,0.04134289685592534,0.010921940250562256,0.10073452256033577,1.0,1.0,0.18219383921863241,1.0,1.0,0.22594468250876498,1.0,1.0,0.2424003158310304,1.0,1.0,0.10304942166140907,1.0,1.0,0.06714140386571721,1.0,1.0,0.01844660194174752,1.0,1.0,1.0,0.010921940250562256,1.0,0.010921940250562256,1.0,0.010921940250562256,1.0,0.010921940250562256,1.0,0.010921940250562256,1.0,0.010921940250562256,1.0,0.010921940250562256
2024-06-20,31.03,31.6,30.66,30.81,53015408.0,1660881283.0,1789414570.0,0.029627236130082477,-0.02097235462345093,0.06719778316591607,1.0,1.0,0.14195700518902887,1.0,1.0,0.19418604651162785,1.0,1.0,0.26633785450061653,1.0,1.0,0.08753971055418286,1.0,1.0,0.029058116232464792,1.0,1.0,0.0019512195121951237,1.0,1.0,1.0,-0.02097235462345093,1.0,-0.02097235462345093,1.0,-0.02097235462345093,1.0,-0.02097235462345093,1.0,-0.02097235462345093,1.0,-0.02097235462345093,1.0,-0.02097235462345093
2024-06-21,30.36,30.98,29.98,30.73,38197822.0,1178132936.0,1789414570.0,0.021346546876501626,-0.0025965595585848433,0.06701388888888893,1.0,1.0,0.10898592565860699,1.0,1.0,0.22089789431863327,1.0,1.0,0.28846960167714886,1.0,1.0,0.10858585858585856,1.0,1.0,0.033636057854019574,1.0,1.0,0.020252324037184577,1.0,1.0,1.0,-0.0025965595585848433,1.0,-0.0025965595585848433,1.0,-0.0025965595585848433,1.0,-0.0025965595585848433,1.0,-0.0025965595585848433,1.0,-0.0025965595585848433,1.0,-0.0025965595585848433
2024-06-24,30.7,31.52,30.53,30.72,55817070.0,1751473431.0,1789414570.0,0.031192922498669496,-0.00032541490400261885,-0.009351821992905629,0.0,1.0,0.1166848418756814,1.0,1.0,0.26315789473684204,1.0,1.0,0.31788931788931785,1.0,1.0,0.10782545979084013,1.0,1.0,0.04100304981362246,1.0,1.0,0.02093718843469583,1.0,1.0,1.0,-0.00032541490400261885,1.0,-0.00032541490400261885,1.0,-0.00032541490400261885,1.0,-0.00032541490400261885,1.0,-0.00032541490400261885,1.0,-0.00032541490400261885,1.0,-0.00032541490400261885
2024-06-25,30.54,31.13,29.38,29.74,64186820.0,1942393932.0,1789414570.0,0.03587029024805582,-0.03190104166666663,-0.04465146161259237,0.0,0.0,0.047921071176885155,1.0,1.0,0.1938980329185065,1.0,1.0,0.23045097227968547,1.0,1.0,0.04387504387504393,1.0,1.0,0.00677048070413,1.0,1.0,-0.027150801439319694,0.0,1.0,0.0,-0.0006,1.0,-0.03190104166666663,1.0,-0.03190104166666663,1.0,-0.03190104166666663,1.0,-0.03190104166666663,1.0,-0.03190104166666663,1.0,-0.03190104166666663
2024-06-26,29.93,31.56,29.43,31.06,51769877.0,1594855040.0,1789414570.0,0.028931181106902466,0.04438466711499656,-0.013028280902446787,0.0,0.0,0.08639384400139916,1.0,1.0,0.24588848776574412,1.0,1.0,0.2887966804979252,1.0,1.0,0.10928571428571421,1.0,1.0,0.06333447449503593,1.0,1.0,0.0666208791208791,1.0,0.0,0.0,0.0,1.0,0.04438466711499656,1.0,0.04438466711499656,1.0,0.04438466711499656,1.0,0.04438466711499656,1.0,0.04438466711499656,0.0,-0.0006
2024-06-27,31.04,32.42,30.85,31.26,66167038.0,2104053444.0,1789414570.0,0.03697691921665754,0.006439150032195862,0.014605647517039966,1.0,0.0,0.08278489781780407,1.0,1.0,0.2509003601440578,1.0,1.0,0.25290581162324655,1.0,1.0,0.08316008316008316,1.0,1.0,0.08053923263048746,1.0,1.0,0.006439150032195862,1.0,1.0,0.0,0.0,1.0,0.006439150032195862,1.0,0.006439150032195862,1.0,0.006439150032195862,1.0,0.006439150032195862,1.0,0.006439150032195862,1.0,0.005839150032195862
2024-06-28,31.03,31.79,30.79,31.53,45139177.0,1427113611.0,1789414570.0,0.02522566752097028,0.008637236084452882,0.026033192320208398,1.0,1.0,0.09479166666666661,1.0,1.0,0.2197292069632495,1.0,1.0,0.21409318444358894,1.0,1.0,0.09555246699096598,1.0,1.0,0.0891191709844561,1.0,1.0,0.02137998056365409,1.0,1.0,1.0,0.008037236084452882,1.0,0.008637236084452882,1.0,0.008637236084452882,1.0,0.008637236084452882,1.0,0.008637236084452882,1.0,0.008637236084452882,1.0,0.008637236084452882
2024-07-01,31.34,31.57,30.4,31.2,35581085.0,1107439102.0,1789414570.0,0.01988420436299454,-0.010466222645099998,0.015625,1.0,1.0,0.006127055788455182,1.0,1.0,0.21212121212121215,1.0,1.0,0.22113502935420737,1.0,1.0,0.1190817790530847,1.0,1.0,0.09512109512109523,1.0,1.0,-0.004467134652201721,0.0,1.0,1.0,-0.010466222645099998,1.0,-0.010466222645099998,1.0,-0.010466222645099998,1.0,-0.010466222645099998,1.0,-0.010466222645099998,1.0,-0.010466222645099998,1.0,-0.010466222645099998
2024-07-02,31.13,31.44,30.39,30.54,28876433.0,895764799.0,1789414570.0,0.01613736329418621,-0.02115384615384619,0.02689979825151312,1.0,1.0,-0.01895277867009315,0.0,1.0,0.14768883878241268,1.0,1.0,0.15463137996219278,1.0,1.0,0.09580193756727651,1.0,1.0,0.06708595387840655,1.0,1.0,-0.05007776049766721,0.0,0.0,1.0,-0.02115384615384619,1.0,-0.02115384615384619,1.0,-0.02115384615384619,1.0,-0.02115384615384619,1.0,-0.02115384615384619,1.0,-0.02115384615384619,0.0,-0.0006
2024-07-03,30.6,32.64,30.34,32.2,69087700.0,2202172414.0,1789414570.0,0.038609107782105516,0.054354944335298194,0.03670315518351597,1.0,1.0,0.02319669526533219,1.0,0.0,0.20961682945154037,1.0,1.0,0.21785173978819983,1.0,1.0,0.19880863737900234,1.0,1.0,0.13700564971751428,1.0,1.0,-0.02365069739235881,0.0,0.0,1.0,0.054354944335298194,0.0,-0.0006,1.0,0.054354944335298194,1.0,0.054354944335298194,1.0,0.054354944335298194,1.0,0.054354944335298194,0.0,0.0
2024-07-04,31.93,32.37,31.52,31.67,40098154.0,1286730963.0,1789414570.0,0.022408532193856006,-0.016459627329192594,0.013115802943058252,1.0,1.0,0.02791301525478751,1.0,1.0,0.17383246849518175,1.0,1.0,0.21948402002310363,1.0,1.0,0.17557535263548618,1.0,1.0,0.10967063770147178,1.0,1.0,-0.013088189467123756,0.0,0.0,1.0,-0.016459627329192594,1.0,-0.017059627329192594,1.0,-0.016459627329192594,1.0,-0.016459627329192594,1.0,-0.016459627329192594,1.0,-0.016459627329192594,0.0,-0.0
2024-07-05,31.62,31.77,30.33,31.28,40157197.0,1250151528.0,1789414570.0,0.022441527901496856,-0.012314493211240896,-0.007928956549318134,0.0,1.0,0.01789781972014315,1.0,1.0,0.12883435582822078,1.0,1.0,0.18305597579425115,1.0,1.0,0.21005802707930354,1.0,1.0,0.12924187725631775,1.0,1.0,-0.014182161991805886,0.0,0.0,1.0,-0.012314493211240896,1.0,-0.012314493211240896,1.0,-0.012314493211240896,1.0,-0.012314493211240896,1.0,-0.012314493211240896,1.0,-0.012314493211240896,0.0,-0.0
2024-07-08,31.33,31.71,30.97,31.05,28901833.0,910614465.0,1789414570.0,0.016151557880743087,-0.007352941176470562,-0.004807692307692291,0.0,0.0,0.0107421875,1.0,1.0,0.1286804798255179,1.0,1.0,0.1942307692307692,1.0,1.0,0.1951501154734412,1.0,1.0,0.09523809523809512,1.0,1.0,-0.028473091364205283,0.0,0.0,0.0,-0.0006,1.0,-0.007352941176470562,1.0,-0.007352941176470562,1.0,-0.007352941176470562,1.0,-0.007352941176470562,1.0,-0.007352941176470562,0.0,-0.0
2024-07-09,30.96,33.09,30.74,32.93,70699687.0,2298503398.0,1789414570.0,0.03950995380572988,0.06054750402576481,0.07825802226588086,1.0,0.0,0.1072629455279086,1.0,1.0,0.16032417195207893,1.0,1.0,0.2828204129333851,1.0,1.0,0.3198396793587175,1.0,1.0,0.1359089341152122,1.0,1.0,-0.0027256208358571454,0.0,0.0,0.0,0.0,1.0,0.06054750402576481,1.0,0.06054750402576481,1.0,0.06054750402576481,1.0,0.06054750402576481,1.0,0.06054750402576481,0.0,0.0
2024-07-10,32.63,33.01,32.42,32.6,36498850.0,1198402335.0,1789414570.0,0.020397089982339866,-0.01002125721226843,0.012422360248447228,1.0,1.0,0.04958145524790747,1.0,1.0,0.1402588317593565,1.0,1.0,0.2674961119751167,1.0,1.0,0.29519268970997214,1.0,1.0,0.10135135135135132,1.0,1.0,-0.027156072814085275,0.0,0.0,1.0,-0.01062125721226843,1.0,-0.01002125721226843,1.0,-0.01002125721226843,1.0,-0.01002125721226843,1.0,-0.01002125721226843,1.0,-0.01002125721226843,0.0,-0.0
2024-07-11,33.12,33.99,32.56,33.52,60189065.0,2017918950.0,1789414570.0,0.03363617688661158,0.02822085889570558,0.058414903694347986,1.0,1.0,0.07229686500319898,1.0,1.0,0.16106685140284038,1.0,1.0,0.29022324865281,1.0,1.0,0.3243777163176611,1.0,1.0,0.1451998633413052,1.0,1.0,0.00781719783523771,1.0,0.0,1.0,0.02822085889570558,1.0,0.02822085889570558,1.0,0.02822085889570558,1.0,0.02822085889570558,1.0,0.02822085889570558,1.0,0.02822085889570558,0.0,0.0
2024-07-12,33.12,33.52,32.62,33.38,32869951.0,1092826924.0,1789414570.0,0.018369108842117007,-0.00417661097852029,0.06713554987212289,1.0,1.0,0.0586742784649541,1.0,1.0,0.15902777777777777,1.0,1.0,0.30339711050370965,1.0,1.0,0.30799373040752354,1.0,1.0,0.20331651045421784,1.0,1.0,0.05200126063662158,1.0,1.0,1.0,-0.00417661097852029,1.0,-0.00417661097852029,1.0,-0.00417661097852029,1.0,-0.00417661097852029,1.0,-0.00417661097852029,1.0,-0.00417661097852029,1.0,-0.00477661097852029
2024-07-15,33.29,34.76,33.18,34.56,52764186.0,1808621029.0,1789414570.0,0.029486842727563127,0.03535050928699812,0.11304347826086958,1.0,1.0,0.10769230769230775,1.0,1.0,0.1144792002579813,1.0,1.0,0.34265734265734293,1.0,1.0,0.41118824009799937,1.0,1.0,0.2876304023845009,1.0,1.0,0.0878186968838528,1.0,1.0,1.0,0.03535050928699812,1.0,0.03535050928699812,1.0,0.03535050928699812,1.0,0.03535050928699812,1.0,0.03535050928699812,1.0,0.03535050928699812,1.0,0.03535050928699812
2024-07-16,34.11,35.99,34.11,35.83,65916686.0,2327808077.0,1789414570.0,0.03683701200666987,0.03674768518518512,0.08806559368357125,1.0,1.0,0.17321545514079895,1.0,1.0,0.15097976228718268,1.0,1.0,0.38446676970633686,1.0,1.0,0.412297989751675,1.0,1.0,0.35207547169811315,1.0,1.0,0.16293411230120092,1.0,1.0,1.0,0.03674768518518512,1.0,0.03674768518518512,1.0,0.03674768518518512,1.0,0.03674768518518512,1.0,0.03674768518518512,1.0,0.03674768518518512,1.0,0.03674768518518512
2024-07-17,35.67,36.5,34.15,34.48,61715559.0,2200961772.0,1789414570.0,0.03448924583194827,-0.03767792352777011,0.05766871165644161,1.0,1.0,0.07080745341614891,1.0,1.0,0.0956466476008897,1.0,1.0,0.34320218153486537,1.0,1.0,0.36123174101855504,1.0,1.0,0.3426791277258565,1.0,1.0,0.1267973856209148,1.0,1.0,1.0,-0.03767792352777011,1.0,-0.03767792352777011,1.0,-0.03767792352777011,1.0,-0.03767792352777011,1.0,-0.03767792352777011,1.0,-0.03767792352777011,1.0,-0.03767792352777011
2024-07-18,33.81,35.48,32.75,35.1,80754116.0,2757132683.0,1789414570.0,0.045128790920708775,0.017981438515081383,0.047136038186157414,1.0,1.0,0.10830438901168304,1.0,1.0,0.139240506329114,1.0,1.0,0.36046511627906974,1.0,1.0,0.44266337854500626,1.0,1.0,0.3732394366197185,1.0,1.0,0.13592233009708754,1.0,1.0,1.0,0.017981438515081383,1.0,0.017981438515081383,1.0,0.017981438515081383,1.0,0.017981438515081383,1.0,0.017981438515081383,1.0,0.017981438515081383,1.0,0.017981438515081383
2024-07-19,34.11,35.39,33.12,34.92,69429222.0,2404542409.0,1789414570.0,0.03879996461636053,-0.00512820512820511,0.046135410425404366,1.0,1.0,0.11636828644501285,1.0,1.0,0.13634884477709086,1.0,1.0,0.38736591179976165,1.0,1.0,0.4641509433962263,1.0,1.0,0.37534462386766454,1.0,1.0,0.11281070745697908,1.0,1.0,1.0,-0.00512820512820511,1.0,-0.00512820512820511,1.0,-0.00512820512820511,1.0,-0.00512820512820511,1.0,-0.00512820512820511,1.0,-0.00512820512820511,1.0,-0.00512820512820511
2024-07-22,34.81,35.91,34.69,35.55,44491626.0,1587720005.0,1789414570.0,0.024863788831226516,0.018041237113401998,0.02864583333333326,1.0,1.0,0.14492753623188404,1.0,1.0,0.1572265625,1.0,1.0,0.46175986842105243,1.0,1.0,0.5250965250965252,1.0,1.0,0.379511059371362,1.0,1.0,0.11407082419304282,1.0,1.0,1.0,0.018041237113401998,1.0,0.018041237113401998,1.0,0.018041237113401998,1.0,0.018041237113401998,1.0,0.018041237113401998,1.0,0.018041237113401998,1.0,0.018041237113401998
2024-07-23,35.29,35.29,33.45,33.49,57165514.0,1967210416.0,1789414570.0,0.031946489627610444,-0.05794655414908567,-0.06530840078146793,0.0,1.0,0.017005769814758542,1.0,1.0,0.12609280430396774,1.0,1.0,0.3444399839421919,1.0,1.0,0.3856019859329747,1.0,1.0,0.31333333333333346,1.0,1.0,0.0614896988906497,1.0,1.0,1.0,-0.05794655414908567,1.0,-0.05794655414908567,1.0,-0.05794655414908567,1.0,-0.05794655414908567,1.0,-0.05794655414908567,1.0,-0.05794655414908567,1.0,-0.05794655414908567
2024-07-24,33.41,34.2,33.13,33.61,45167461.0,1529863104.0,1789414570.0,0.025241473807827552,0.003583159151985482,-0.025232018561484826,0.0,0.0,0.030981595092024472,1.0,1.0,0.0820991629104959,1.0,1.0,0.3481748896911352,1.0,1.0,0.39460580912863064,1.0,1.0,0.2976833976833977,1.0,1.0,0.06970082749840856,1.0,1.0,0.0,-0.0006,1.0,0.003583159151985482,1.0,0.003583159151985482,1.0,0.003583159151985482,1.0,0.003583159151985482,1.0,0.003583159151985482,1.0,0.003583159151985482
2024-07-25,33.21,33.21,31.62,31.91,56613329.0,1830448827.0,1789414570.0,0.03163790546312585,-0.050580184468907996,-0.09088319088319097,0.0,0.0,-0.04803102625298339,0.0,1.0,0.020793346129238666,1.0,1.0,0.2769107643057225,1.0,1.0,0.2789579158316633,1.0,1.0,0.2406687402799379,1.0,1.0,0.046916010498687655,1.0,1.0,0.0,-0.0,1.0,-0.050580184468907996,1.0,-0.050580184468907996,1.0,-0.050580184468907996,1.0,-0.050580184468907996,1.0,-0.050580184468907996,1.0,-0.050580184468907996
2024-07-26,32.12,32.36,31.5,32.02,32232940.0,1034983146.0,1789414570.0,0.018013120346952356,0.0034471952366030845,-0.08304696449026339,0.0,0.0,-0.040742959856201244,0.0,0.0,0.015540754836663506,1.0,1.0,0.23868471953578352,1.0,1.0,0.23296110897189082,1.0,1.0,0.2906086255542122,1.0,1.0,0.057114559260482034,1.0,1.0,0.0,0.0,0.0,-0.0006,1.0,0.0034471952366030845,1.0,0.0034471952366030845,1.0,0.0034471952366030845,1.0,0.0034471952366030845,1.0,0.0034471952366030845
2024-07-29,32.17,33.51,31.9,32.37,38477423.0,1268889181.0,1789414570.0,0.02150279965586734,0.01093066833229206,-0.08945147679324894,0.0,0.0,-0.06336805555555569,0.0,0.0,0.03749999999999987,1.0,1.0,0.25757575757575757,1.0,1.0,0.26692759295499013,1.0,1.0,0.2809655718242976,1.0,1.0,0.026641294005708804,1.0,1.0,0.0,0.0,0.0,0.0,1.0,0.01093066833229206,1.0,0.01093066833229206,1.0,0.01093066833229206,1.0,0.01093066833229206,1.0,0.01093066833229206
2024-07-30,32.13,32.73,31.65,32.64,31691240.0,1031247585.0,1789414570.0,0.017710395640737404,0.008341056533827773,-0.025380710659898553,0.0,0.0,-0.0890315378174713,0.0,0.0,0.06876227897838905,1.0,1.0,0.22660653889515214,1.0,1.0,0.23402646502835545,1.0,1.0,0.25974527209571585,1.0,1.0,0.04951768488745967,1.0,1.0,0.0,0.0,0.0,0.0,1.0,0.008341056533827773,1.0,0.008341056533827773,1.0,0.008341056533827773,1.0,0.008341056533827773,1.0,0.008341056533827773
2024-07-31,32.42,33.55,32.16,33.2,39575527.0,1314547750.0,1789414570.0,0.022116466280924493,0.0171568627450982,-0.01219875037191298,0.0,0.0,-0.03712296983758678,0.0,0.0,0.03105590062111796,1.0,1.0,0.2471825694966192,1.0,1.0,0.25567322239031776,1.0,1.0,0.3106987761547575,1.0,1.0,0.016222834404652664,1.0,1.0,0.0,0.0,0.0,0.0,1.0,0.0171568627450982,1.0,0.0171568627450982,1.0,0.0171568627450982,1.0,0.0171568627450982,1.0,0.0171568627450982
2024-08-01,33.61,34.15,33.24,33.73,36093437.0,1224760724.0,1789414570.0,0.020170528174474404,0.015963855421686546,0.0570354120965213,1.0,0.0,-0.03903133903133915,0.0,0.0,0.06504578465424671,1.0,1.0,0.25018532246108216,1.0,1.0,0.2988063149788216,1.0,1.0,0.3374306106264868,1.0,1.0,-0.019476744186046613,0.0,1.0,0.0,0.0,0.0,0.0,1.0,0.015963855421686546,1.0,0.015963855421686546,1.0,0.015963855421686546,1.0,0.015963855421686546,1.0,0.015963855421686546
2024-08-02,33.07,33.26,31.9,32.04,45946800.0,1500703965.0,1789414570.0,0.025677001165805863,-0.05010376519418913,0.0006246096189879147,1.0,1.0,-0.08247422680412375,0.0,0.0,0.024296675191815886,1.0,1.0,0.1562612775171417,1.0,1.0,0.21180030257186067,1.0,1.0,0.3185185185185184,1.0,1.0,-0.0761245674740485,0.0,0.0,1.0,-0.050703765194189135,0.0,-0.0,1.0,-0.05010376519418913,1.0,-0.05010376519418913,1.0,-0.05010376519418913,1.0,-0.05010376519418913,0.0,-0.0006
2024-08-05,31.6,31.84,29.48,29.62,71875553.0,2203510542.0,1789414570.0,0.040167077101646714,-0.07553058676654179,-0.08495520543713309,0.0,1.0,-0.16680731364275658,0.0,0.0,-0.04605475040257645,0.0,1.0,0.0766993820428934,1.0,1.0,0.13923076923076927,1.0,1.0,0.16156862745098044,1.0,1.0,-0.159477866061294,0.0,0.0,1.0,-0.07553058676654179,0.0,-0.0,1.0,-0.07553058676654179,1.0,-0.07553058676654179,1.0,-0.07553058676654179,1.0,-0.07553058676654179,0.0,-0.0
2024-08-06,30.33,30.48,29.34,29.88,33041806.0,988203784.0,1789414570.0,0.018465148632382043,0.008777852802160702,-0.0845588235294118,0.0,0.0,-0.10779337115556886,0.0,0.0,-0.09262071059823873,0.0,0.0,0.052854122621564414,1.0,1.0,0.16400467471756897,1.0,1.0,0.22408848832445716,1.0,1.0,-0.1426111908177906,0.0,0.0,0.0,-0.0006,0.0,0.0,0.0,-0.0006,1.0,0.008777852802160702,1.0,0.008777852802160702,1.0,0.008777852802160702,0.0,0.0
2024-08-07,29.84,30.05,29.26,29.41,28718381.0,856727599.0,1789414570.0,0.016049037199915055,-0.015729585006693414,-0.1141566265060242,0.0,0.0,-0.12496280868789045,0.0,0.0,-0.09785276073619631,0.0,0.0,0.02868135711787345,1.0,1.0,0.1434681181959565,1.0,1.0,0.23935946059839863,1.0,1.0,-0.1262626262626262,0.0,0.0,0.0,-0.0,0.0,-0.0,0.0,-0.0,1.0,-0.015729585006693414,1.0,-0.015729585006693414,1.0,-0.015729585006693414,0.0,-0.0
2024-08-08,29.09,30.61,29.02,29.96,37092815.0,1115596608.0,1789414570.0,0.020729022565184545,0.018701122067324105,-0.1117699377408834,0.0,0.0,-0.06110937010341588,0.0,0.0,-0.10620525059665875,0.0,0.0,0.037755455490128265,1.0,1.0,0.1531947652040031,1.0,1.0,0.29137931034482767,1.0,1.0,-0.12320749195200476,0.0,0.0,0.0,0.0,0.0,0.0,0.0,0.0,1.0,0.018701122067324105,1.0,0.018701122067324105,1.0,0.018701122067324105,0.0,0.0
2024-08-09,30.63,31.19,30.43,30.68,39786411.0,1232085352.0,1789414570.0,0.02223431711523395,0.024032042723631575,-0.04244694132334581,0.0,0.0,-0.04184884447220494,0.0,0.0,-0.08088675853804683,0.0,0.0,0.06527777777777777,1.0,1.0,0.19796954314720816,1.0,1.0,0.37701974865350074,1.0,1.0,-0.09764705882352942,0.0,0.0,0.0,0.0,0.0,0.0,0.0,0.0,1.0,0.024032042723631575,1.0,0.024032042723631575,1.0,0.024032042723631575,0.0,0.0
2024-08-12,30.66,31.06,30.46,30.71,20015396.0,617291692.0,1789414570.0,0.01118544373984839,0.0009778357235985524,0.03679945982444299,1.0,0.0,-0.05128205128205121,0.0,0.0,-0.11140046296296302,0.0,0.0,-0.009674298613350563,0.0,1.0,0.19308469308469323,1.0,1.0,0.3667111704494883,1.0,1.0,-0.09303012404016531,0.0,0.0,0.0,0.0,0.0,0.0,0.0,0.0,1.0,0.0009778357235985524,1.0,0.0009778357235985524,1.0,0.0009778357235985524,0.0,0.0
2024-08-13,30.68,31.4,30.55,31.22,22658598.0,708059379.0,1789414570.0,0.012662576006632158,0.016606968414197176,0.04484605087014715,1.0,1.0,-0.04350490196078438,0.0,0.0,-0.1286631314540887,0.0,0.0,0.00289110183103114,1.0,0.0,0.2063369397217929,1.0,1.0,0.44603983325613705,1.0,1.0,-0.07769571639586415,0.0,0.0,1.0,0.016006968414197176,0.0,0.0,0.0,0.0,0.0,-0.0006,1.0,0.016606968414197176,1.0,0.016606968414197176,0.0,0.0
2024-08-14,31.34,31.37,30.73,30.85,19643326.0,613297612.0,1789414570.0,0.010977515400469776,-0.011851377322229295,0.04896293777626659,1.0,1.0,-0.07078313253012047,0.0,0.0,-0.10527842227378181,0.0,0.0,-0.019701302828090128,0.0,1.0,0.20179197506817292,1.0,1.0,0.4846005774783446,1.0,1.0,-0.07022302591922835,0.0,0.0,1.0,-0.011851377322229295,0.0,-0.0,0.0,-0.0,1.0,-0.012451377322229295,1.0,-0.011851377322229295,1.0,-0.011851377322229295,0.0,-0.0
2024-08-15,30.64,31.2,30.29,30.48,25701461.0,792962744.0,1789414570.0,0.014363055622152445,-0.011993517017828248,0.01735647530040052,1.0,1.0,-0.09635339460420977,0.0,0.0,-0.1316239316239316,0.0,0.0,-0.01071080817916259,0.0,0.0,0.1813953488372093,1.0,1.0,0.3558718861209964,1.0,1.0,-0.08165109972883389,0.0,0.0,1.0,-0.011993517017828248,0.0,-0.0,0.0,-0.0,0.0,-0.0006,1.0,-0.011993517017828248,1.0,-0.011993517017828248,0.0,-0.0
2024-08-16,30.65,31.08,30.33,30.45,18083146.0,558143867.0,1789414570.0,0.010105621303843525,-0.0009842519685039353,-0.007496740547587977,0.0,1.0,-0.04962546816479396,0.0,0.0,-0.12800687285223378,0.0,0.0,-0.009111617312072884,0.0,0.0,0.20977353992848613,1.0,1.0,0.30686695278969944,1.0,1.0,-0.06880733944954143,0.0,0.0,1.0,-0.0009842519685039353,0.0,-0.0,0.0,-0.0,0.0,-0.0,1.0,-0.0009842519685039353,1.0,-0.0009842519685039353,0.0,-0.0
2024-08-19,30.18,31.13,30.03,30.69,22599586.0,699873619.0,1789414570.0,0.012629597623093009,0.007881773399014858,-0.0006512536633018762,0.0,0.0,0.03612424037812301,1.0,0.0,-0.1367088607594935,0.0,0.0,-0.000976562499999889,0.0,0.0,0.2619243421052633,1.0,1.0,0.2911232646192681,1.0,1.0,-0.06745670009115756,0.0,0.0,0.0,-0.0006,0.0,0.0,0.0,0.0,0.0,0.0,1.0,0.007881773399014858,1.0,0.007881773399014858,0.0,0.0
2024-08-20,30.69,30.93,29.99,30.19,18496648.0,563516325.0,1789414570.0,0.010336703584569562,-0.016291951775822766,-0.03299167200512487,0.0,0.0,0.01037483266398942,1.0,1.0,-0.09853687667960587,0.0,0.0,0.015131136516476129,1.0,0.0,0.21196306704134882,1.0,1.0,0.24392253811289666,1.0,1.0,-0.08708799516177801,0.0,0.0,0.0,-0.0,1.0,-0.016891951775822766,0.0,-0.0,0.0,-0.0,1.0,-0.016291951775822766,1.0,-0.016291951775822766,0.0,-0.0
2024-08-21,30.03,31.12,29.93,30.41,23664005.0,727719227.0,1789414570.0,0.01322443965570259,0.007287181185823055,-0.014262560777957956,0.0,0.0,0.03400204012240726,1.0,1.0,-0.09520975900029749,0.0,0.0,-0.020927237604636106,0.0,1.0,0.2198154833533894,1.0,1.0,0.27132107023411356,1.0,1.0,-0.07736650485436891,0.0,0.0,0.0,0.0,1.0,0.007287181185823055,0.0,0.0,1.0,0.006687181185823055,1.0,0.007287181185823055,1.0,0.007287181185823055,0.0,0.0
2024-08-22,30.38,30.38,29.64,29.99,20335346.0,612541165.0,1789414570.0,0.011364245234685889,-0.013811246300559077,-0.016076115485564424,0.0,0.0,0.0010013351134845472,1.0,1.0,-0.06016922594797869,0.0,0.0,-0.04062699936020486,0.0,0.0,0.2000800320128051,1.0,1.0,0.2438822065532973,1.0,1.0,-0.11871877754922133,0.0,0.0,0.0,-0.0,1.0,-0.013811246300559077,0.0,-0.0,0.0,-0.0006,1.0,-0.013811246300559077,1.0,-0.013811246300559077,0.0,-0.0
2024-08-23,29.75,30.57,29.73,30.4,18613563.0,566115592.0,1789414570.0,0.010402040595880473,0.013671223741247074,-0.0016420361247947435,0.0,0.0,-0.009126466753585416,0.0,1.0,-0.05059337913803885,0.0,0.0,-0.03583888360291798,0.0,0.0,0.17601547388781413,1.0,1.0,0.2272910779168349,1.0,1.0,-0.09415971394517297,0.0,0.0,0.0,0.0,1.0,0.013671223741247074,0.0,0.0,0.0,0.0,1.0,0.013671223741247074,1.0,0.013671223741247074,0.0,0.0
2024-08-26,30.98,32.1,30.86,31.09,39570993.0,1247341753.0,1789414570.0,0.02211393249133989,0.022697368421052744,0.013033561420658257,1.0,0.0,0.012373819602735203,1.0,0.0,-0.03954278653073828,0.0,0.0,-0.003525641025641013,0.0,0.0,0.2078477078477079,1.0,1.0,0.24809313528703325,1.0,1.0,-0.049816625916870416,0.0,0.0,0.0,0.0,0.0,-0.0006,0.0,0.0,0.0,0.0,1.0,0.022697368421052744,1.0,0.022697368421052744,0.0,0.0
2024-08-27,31.13,31.13,29.83,29.93,28288728.0,859135791.0,1789414570.0,0.01580892906220161,-0.037311032486330054,-0.008612123219609247,0.0,1.0,-0.04131966688020494,0.0,1.0,-0.08302696078431371,0.0,0.0,-0.01997380484610345,0.0,0.0,0.12476512589252153,1.0,1.0,0.20394207562349154,1.0,1.0,-0.06963009014609889,0.0,0.0,1.0,-0.03791103248633006,1.0,-0.03791103248633006,0.0,-0.0,0.0,-0.0,1.0,-0.037311032486330054,1.0,-0.037311032486330054,0.0,-0.0
2024-08-28,29.84,30.21,29.64,29.98,17321353.0,520967544.0,1789414570.0,0.009679899387429265,0.0016705646508519134,-0.014140085498191346,0.0,0.0,-0.02820097244732578,0.0,0.0,-0.09698795180722897,0.0,0.0,-0.06894409937888202,0.0,0.0,0.12622088655146513,1.0,1.0,0.15931941221964419,1.0,1.0,-0.07125154894671626,0.0,0.0,0.0,-0.0006,0.0,-0.0006,0.0,0.0,0.0,0.0,1.0,0.0016705646508519134,1.0,0.0016705646508519134,0.0,0.0
2024-08-29,29.67,30.92,29.57,30.75,26946028.0,824881767.0,1789414570.0,0.015058571921653684,0.025683789192795237,0.025341780593531205,1.0,0.0,0.008858267716535417,1.0,0.0,-0.08834865105247547,0.0,0.0,-0.029049573729081235,0.0,0.0,0.1397331356560414,1.0,1.0,0.23593247588424449,1.0,1.0,-0.024119327197715035,0.0,0.0,0.0,0.0,0.0,0.0,0.0,0.0,0.0,0.0,1.0,0.025683789192795237,1.0,0.025683789192795237,0.0,0.0
2024-08-30,30.56,32.9,30.56,32.47,50763389.0,1645059828.0,1789414570.0,0.02836871334964038,0.05593495934959347,0.06809210526315801,1.0,1.0,0.06633825944170768,1.0,1.0,0.013420724094881376,1.0,0.0,0.0380434782608694,1.0,0.0,0.17177914110429437,1.0,1.0,0.2522175086772078,1.0,1.0,0.02461344272641197,1.0,0.0,1.0,0.05533495934959347,1.0,0.05533495934959347,0.0,0.0,0.0,0.0,1.0,0.05593495934959347,1.0,0.05593495934959347,0.0,0.0
2024-09-02,32.35,32.57,30.81,30.86,38364191.0,1213579986.0,1789414570.0,0.021439520859607174,-0.04958423159839853,-0.007397877130910224,0.0,1.0,0.005539263603779654,1.0,1.0,0.04186360567184333,1.0,1.0,-0.006119162640901843,0.0,1.0,0.12177390039985458,1.0,1.0,0.166288737717309,1.0,1.0,-0.0012944983818770073,0.0,1.0,1.0,-0.04958423159839853,1.0,-0.04958423159839853,1.0,-0.050184231598398535,1.0,-0.050184231598398535,1.0,-0.04958423159839853,1.0,-0.04958423159839853,1.0,-0.050184231598398535
2024-09-03,30.78,31.13,30.54,30.84,24378379.0,755671631.0,1789414570.0,0.013623661843772738,-0.0006480881399870686,0.030404276645506156,1.0,0.0,0.021530308049022784,1.0,1.0,0.032128514056224855,1.0,1.0,-0.0634679623443668,0.0,0.0,0.08668076109936584,1.0,1.0,0.11537070524412307,1.0,1.0,0.006199021207177857,1.0,0.0,0.0,-0.0006,1.0,-0.0006480881399870686,1.0,-0.0006480881399870686,0.0,-0.0006,1.0,-0.0006480881399870686,1.0,-0.0006480881399870686,0.0,-0.0006
2024-09-04,30.15,30.56,29.83,30.31,20891904.0,634389718.0,1789414570.0,0.01167527321519462,-0.017185473411154395,0.01100733822548361,1.0,1.0,-0.003288391976323579,0.0,1.0,0.030601836110166536,1.0,1.0,-0.07024539877300617,0.0,0.0,0.0601608954179782,1.0,1.0,-0.003288391976323579,0.0,1.0,-0.029458853666346485,0.0,1.0,1.0,-0.017785473411154395,1.0,-0.017185473411154395,1.0,-0.017185473411154395,0.0,-0.0,1.0,-0.017185473411154395,1.0,-0.017185473411154395,1.0,-0.017785473411154395
2024-09-05,30.42,30.62,30.0,30.28,18562096.0,564889127.0,1789414570.0,0.010373278675159105,-0.0009897723523588642,-0.015284552845528432,0.0,1.0,0.009669889963321188,1.0,0.0,0.010680907877169465,1.0,1.0,-0.09665871121718383,0.0,0.0,0.048839625909248285,1.0,1.0,0.057631854697869356,1.0,0.0,0.004978426817125792,1.0,0.0,1.0,-0.0009897723523588642,0.0,-0.0006,1.0,-0.0009897723523588642,0.0,-0.0,1.0,-0.0009897723523588642,0.0,-0.0006,0.0,-0.0006
2024-09-06,30.29,30.39,29.6,29.6,19181870.0,575319998.0,1789414570.0,0.010719634410934745,-0.022457067371202122,-0.08838928241453647,0.0,0.0,-0.02631578947368407,0.0,1.0,-0.03520208604954367,0.0,1.0,-0.11324146195326545,0.0,0.0,0.0277777777777779,1.0,1.0,0.08424908424908417,1.0,1.0,-0.008375209380234505,0.0,1.0,0.0,-0.0006,1.0,-0.02305706737120212,1.0,-0.022457067371202122,0.0,-0.0,1.0,-0.022457067371202122,1.0,-0.02305706737120212,1.0,-0.02305706737120212
2024-09-09,29.4,29.85,29.06,29.26,21261796.0,627254674.0,1789414570.0,0.011881984396718084,-0.011486486486486536,-0.051847051198963046,0.0,0.0,-0.058861370215503306,0.0,0.0,-0.04721589058938458,0.0,0.0,-0.1533564814814815,0.0,0.0,-0.05643340857787815,0.0,1.0,0.018093249826026447,1.0,1.0,-0.04503916449086154,0.0,0.0,0.0,-0.0,0.0,-0.0006,0.0,-0.0006,0.0,-0.0,1.0,-0.011486486486486536,1.0,-0.011486486486486536,0.0,-0.0006
2024-09-10,29.31,29.54,28.7,29.43,23261334.0,681329034.0,1789414570.0,0.012999410192574883,0.005809979494189932,-0.04571984435797671,0.0,0.0,-0.01670564650851991,0.0,0.0,-0.05733504163997438,0.0,0.0,-0.17862126709461346,0.0,0.0,-0.05460970125281073,0.0,0.0,0.035902851108764455,1.0,1.0,-0.013078470824949728,0.0,0.0,0.0,0.0,0.0,0.0,0.0,0.0,0.0,0.0,0.0,-0.0006,1.0,0.005809979494189932,0.0,0.0
2024-09-11,29.35,29.57,28.99,29.16,14258994.0,419363888.0,1789414570.0,0.00796852458846359,-0.00917431192660545,-0.03794127350709331,0.0,0.0,-0.02735156771180791,0.0,0.0,-0.05478119935170178,0.0,0.0,-0.1542923433874709,0.0,0.0,-0.07340324118207808,0.0,0.0,0.022082018927444658,1.0,1.0,-0.04674730304020924,0.0,0.0,0.0,-0.0,0.0,-0.0,0.0,-0.0,0.0,-0.0,0.0,-0.0,1.0,-0.00917431192660545,0.0,-0.0
2024-09-12,29.5,29.57,28.88,28.9,14067554.0,412745451.0,1789414570.0,0.007861539877816017,-0.008916323731138598,-0.04557463672391027,0.0,0.0,-0.06016260162601628,0.0,0.0,-0.05183727034120744,0.0,0.0,-0.1766381766381767,0.0,0.0,-0.06199285946121391,0.0,0.0,0.020120014119308083,1.0,1.0,-0.021996615905245376,0.0,0.0,0.0,-0.0,0.0,-0.0,0.0,-0.0,0.0,-0.0,0.0,-0.0,1.0,-0.008916323731138598,0.0,-0.0
2024-09-13,28.85,29.7,28.73,28.8,23338931.0,684909532.0,1789414570.0,0.013042774654506139,-0.0034602076124566894,-0.027027027027027084,0.0,0.0,-0.11302740991684623,0.0,0.0,-0.054187192118226535,0.0,0.0,-0.17525773195876293,0.0,0.0,-0.06280507647250244,0.0,0.0,0.038961038961039085,1.0,1.0,-0.03388124790338809,0.0,0.0,0.0,-0.0,0.0,-0.0,0.0,-0.0,0.0,-0.0,0.0,-0.0,1.0,-0.0034602076124566894,0.0,-0.0
2024-09-18,28.84,28.97,27.28,27.63,43767481.0,1221116817.0,1789414570.0,0.024459106198067897,-0.04062500000000002,-0.055707450444292594,0.0,0.0,-0.1046662346079067,0.0,0.0,-0.09970674486803521,0.0,0.0,-0.22278481012658224,0.0,0.0,-0.1005859375,0.0,0.0,-0.0036062026685900195,0.0,1.0,-0.10292207792207797,0.0,0.0,0.0,-0.0,0.0,-0.0,0.0,-0.0,0.0,-0.0,0.0,-0.0,1.0,-0.04062500000000002,0.0,-0.0
2024-09-19,27.91,28.22,27.46,27.72,29885978.0,834911026.0,1789414570.0,0.016701539431413035,0.0032573289902280145,-0.05810397553516822,0.0,0.0,-0.10116731517509736,0.0,0.0,-0.08181517058628696,0.0,0.0,-0.17229023589131087,0.0,0.0,-0.06792199058507065,0.0,0.0,-0.027027027027026973,0.0,0.0,-0.1393977025768396,0.0,0.0,0.0,0.0,0.0,0.0,0.0,0.0,0.0,0.0,0.0,0.0,0.0,-0.0006,0.0,0.0
2024-09-20,27.77,28.13,27.32,27.9,24474454.0,682090850.0,1789414570.0,0.013677352588003126,0.006493506493506551,-0.04320987654320996,0.0,0.0,-0.0795117123061696,0.0,0.0,-0.08253863860572186,0.0,0.0,-0.16988991371615592,0.0,0.0,-0.10173857050869284,0.0,0.0,-0.0035714285714286698,0.0,0.0,-0.13675742574257432,0.0,0.0,0.0,0.0,0.0,0.0,0.0,0.0,0.0,0.0,0.0,0.0,0.0,0.0,0.0,0.0
2024-09-23,27.9,28.44,27.57,27.64,24387765.0,684141106.0,1789414570.0,0.013628907134694897,-0.009318996415770497,-0.04359861591695491,0.0,0.0,-0.08718626155878473,0.0,0.0,-0.0783594531510503,0.0,0.0,-0.13381385145722346,0.0,0.0,-0.11580294305822136,0.0,0.0,-0.04227304227304218,0.0,0.0,-0.1389408099688474,0.0,0.0,0.0,-0.0,0.0,-0.0,0.0,-0.0,0.0,-0.0,0.0,-0.0,0.0,-0.0,0.0,-0.0
2024-09-24,27.92,28.86,27.35,28.84,43369718.0,1231930366.0,1789414570.0,0.02423681953142921,0.04341534008683068,0.001388888888888884,1.0,0.0,-0.025675675675675746,0.0,0.0,-0.051315789473684204,0.0,0.0,-0.09931292941911318,0.0,0.0,-0.0853155724706629,0.0,0.0,0.0020847810979847115,1.0,0.0,-0.13471347134713463,0.0,0.0,0.0,0.0,0.0,0.0,0.0,0.0,0.0,0.0,0.0,0.0,0.0,0.0,0.0,0.0
2024-09-25,29.09,30.16,29.07,29.63,53343197.0,1589734431.0,1789414570.0,0.029810418387282944,0.027392510402219017,0.07238508867173366,1.0,1.0,0.01264524948735457,1.0,0.0,-0.04696043743969125,0.0,0.0,-0.08464627741736175,0.0,0.0,-0.050320512820512864,0.0,0.0,0.06276901004304158,1.0,1.0,-0.10266505148394922,0.0,0.0,1.0,0.026792510402219017,0.0,0.0,0.0,0.0,0.0,0.0,0.0,0.0,1.0,0.026792510402219017,0.0,0.0
2024-09-26,29.64,30.46,29.44,30.45,41591105.0,1249161526.0,1789414570.0,0.02324285590230776,0.027674654066824234,0.0984848484848484,1.0,1.0,0.03465851172273182,1.0,1.0,0.017373872368860566,1.0,0.0,-0.06709558823529416,0.0,0.0,-0.0029469548133594925,0.0,0.0,0.0925726587728739,1.0,1.0,-0.08750374587953247,0.0,0.0,1.0,0.027674654066824234,1.0,0.027074654066824234,0.0,0.0,0.0,0.0,0.0,0.0,1.0,0.027674654066824234,0.0,0.0
2024-09-27,30.81,31.95,30.61,31.94,29463744.0,926751353.0,1789414570.0,0.01646557734242658,0.048932676518883556,0.14480286738351267,1.0,1.0,0.0953360768175584,1.0,1.0,0.06537691794529699,1.0,1.0,-0.03795180722891567,0.0,0.0,-0.008074534161490732,0.0,0.0,0.1891288160833955,1.0,1.0,-0.008997828110455908,0.0,0.0,1.0,0.048932676518883556,1.0,0.048932676518883556,1.0,0.04833267651888355,0.0,0.0,0.0,0.0,1.0,0.048932676518883556,0.0,0.0
2024-09-30,33.56,35.13,32.73,35.13,89256281.0,3072340195.0,1789414570.0,0.04988015773225765,0.09987476518472138,0.27098408104196814,1.0,1.0,0.21557093425605545,1.0,1.0,0.14243902439024403,1.0,1.0,0.041506077675659725,1.0,0.0,0.10925165772024004,1.0,0.0,0.30400890868596875,1.0,1.0,0.09099378881987574,1.0,0.0,1.0,0.09987476518472138,1.0,0.09987476518472138,1.0,0.09987476518472138,0.0,0.0,0.0,0.0,1.0,0.09987476518472138,0.0,0.0
2024-10-08,38.64,38.64,37.34,38.64,66960473.0,2590922492.0,1789414570.0,0.03742032401133293,0.09991460290350118,0.3398058252427185,1.0,1.0,0.34166666666666656,1.0,1.0,0.19002155836156454,1.0,1.0,0.20599250936329594,1.0,1.0,0.23529411764705888,1.0,1.0,0.49477756286266916,1.0,1.0,0.1922246220302377,1.0,1.0,1.0,0.09991460290350118,1.0,0.09991460290350118,1.0,0.09991460290350118,1.0,0.09931460290350118,1.0,0.09931460290350118,1.0,0.09991460290350118,1.0,0.09931460290350118
2024-10-09,39.71,41.77,37.58,39.08,165205135.0,6662934518.0,1789414570.0,0.0923235664723575,0.011387163561076497,0.31893351333108333,1.0,1.0,0.41440463264567495,1.0,1.0,0.26636422553467276,1.0,1.0,0.3193787981093854,1.0,1.0,0.25861513687600635,1.0,1.0,0.5042340261739799,1.0,1.0,0.21291123525760391,1.0,1.0,1.0,0.011387163561076497,1.0,0.011387163561076497,1.0,0.011387163561076497,1.0,0.011387163561076497,1.0,0.011387163561076497,1.0,0.011387163561076497,1.0,0.011387163561076497
2024-10-10,39.1,39.6,35.95,37.96,95675959.0,3664558248.0,1789414570.0,0.0534677433636857,-0.028659160696008157,0.24663382594417094,1.0,1.0,0.3694083694083694,1.0,1.0,0.23086900129701693,1.0,1.0,0.2704149933065596,1.0,1.0,0.15274825387184943,1.0,1.0,0.5214428857715432,1.0,1.0,0.22967282150955626,1.0,1.0,1.0,-0.028659160696008157,1.0,-0.028659160696008157,1.0,-0.028659160696008157,1.0,-0.028659160696008157,1.0,-0.028659160696008157,1.0,-0.028659160696008157,1.0,-0.028659160696008157
2024-10-11,37.41,38.47,35.82,36.35,68346194.0,2527090854.0,1789414570.0,0.03819472309315108,-0.04241306638566911,0.13807138384470874,1.0,1.0,0.30286738351254483,1.0,1.0,0.1992741669416036,1.0,1.0,0.23597415844950698,1.0,1.0,0.11503067484662566,1.0,1.0,0.4441795788637266,1.0,1.0,0.20006602839220866,1.0,1.0,1.0,-0.04241306638566911,1.0,-0.04241306638566911,1.0,-0.04241306638566911,1.0,-0.04241306638566911,1.0,-0.04241306638566911,1.0,-0.04241306638566911,1.0,-0.04241306638566911
2024-10-14,36.35,37.29,35.36,37.23,63249879.0,2323592506.0,1789414570.0,0.03534668827470205,0.024209078404401563,0.05977796754910325,1.0,1.0,0.3469609261939217,1.0,1.0,0.2295244385733155,1.0,1.0,0.24265687583444584,1.0,1.0,0.11068019093078729,1.0,1.0,0.4709600948241801,1.0,1.0,0.23033707865168518,1.0,1.0,1.0,0.024209078404401563,1.0,0.024209078404401563,1.0,0.024209078404401563,1.0,0.024209078404401563,1.0,0.024209078404401563,1.0,0.024209078404401563,1.0,0.024209078404401563
2024-10-15,37.22,39.27,36.75,37.65,84398234.0,3248115670.0,1789414570.0,0.047165277077183966,0.011281224818694646,-0.025621118012422395,0.0,1.0,0.3054785020804438,1.0,1.0,0.27195945945945943,1.0,1.0,0.22718383311603652,1.0,1.0,0.1279209107249848,1.0,1.0,0.47531347962382453,1.0,1.0,0.2655462184873949,1.0,1.0,1.0,0.011281224818694646,1.0,0.011281224818694646,1.0,0.011281224818694646,1.0,0.011281224818694646,1.0,0.011281224818694646,1.0,0.011281224818694646,1.0,0.011281224818694646
2024-10-16,36.56,37.65,36.35,36.97,45855171.0,1709234927.0,1789414570.0,0.02562579503306492,-0.018061088977423645,-0.053991811668372525,0.0,0.0,0.2477219034762066,1.0,1.0,0.26349965823650034,1.0,1.0,0.2038423966134808,1.0,1.0,0.06973379629629628,1.0,1.0,0.5095957533687219,1.0,1.0,0.27570738440303644,1.0,1.0,0.0,-0.0006,1.0,-0.018061088977423645,1.0,-0.018061088977423645,1.0,-0.018061088977423645,1.0,-0.018061088977423645,1.0,-0.018061088977423645,1.0,-0.018061088977423645
2024-10-17,37.51,37.78,36.79,36.79,44447297.0,1665894852.0,1789414570.0,0.024839015924632824,-0.004868812550716806,-0.03082191780821919,0.0,0.0,0.20821018062397378,1.0,1.0,0.25008494733265363,1.0,1.0,0.1784112748238309,1.0,1.0,0.026793190064192007,1.0,1.0,0.450137958218368,1.0,1.0,0.2872638208537439,1.0,1.0,0.0,-0.0,1.0,-0.004868812550716806,1.0,-0.004868812550716806,1.0,-0.004868812550716806,1.0,-0.004868812550716806,1.0,-0.004868812550716806,1.0,-0.004868812550716806
2024-10-18,36.94,40.47,36.92,39.81,118700834.0,4646463702.0,1789414570.0,0.06633501033804592,0.08208752378363693,0.09518569463548832,1.0,0.0,0.246399499060739,1.0,1.0,0.3652263374485598,1.0,1.0,0.29043760129659635,1.0,1.0,0.15458236658932734,1.0,1.0,0.5716541650217135,1.0,1.0,0.34493243243243255,1.0,1.0,0.0,0.0,1.0,0.08208752378363693,1.0,0.08208752378363693,1.0,0.08208752378363693,1.0,0.08208752378363693,1.0,0.08208752378363693,1.0,0.08208752378363693
2024-10-21,40.77,41.47,39.64,39.73,146009015.0,5931508021.0,1789414570.0,0.08159596856305915,-0.002009545340366903,0.0671501477303249,1.0,1.0,0.130942214631369,1.0,1.0,0.3747404844290656,1.0,1.0,0.30347769028871374,1.0,1.0,0.13190883190883174,1.0,1.0,0.6329634196465268,1.0,1.0,0.3278743315508019,1.0,1.0,1.0,-0.0026095453403669026,1.0,-0.002009545340366903,1.0,-0.002009545340366903,1.0,-0.002009545340366903,1.0,-0.002009545340366903,1.0,-0.002009545340366903,1.0,-0.002009545340366903
2024-10-22,39.16,39.76,38.42,38.76,86272802.0,3378595682.0,1789414570.0,0.04821286438949695,-0.024414799899320383,0.02948207171314743,1.0,1.0,0.0031055900621117516,1.0,1.0,0.3458333333333332,1.0,1.0,0.2729064039408866,1.0,1.0,0.10996563573883145,1.0,1.0,0.6251572327044024,1.0,1.0,0.2963210702341137,1.0,1.0,1.0,-0.024414799899320383,1.0,-0.024414799899320383,1.0,-0.024414799899320383,1.0,-0.024414799899320383,1.0,-0.024414799899320383,1.0,-0.024414799899320383,1.0,-0.024414799899320383
2024-10-23,38.77,39.06,38.07,38.45,71764485.0,2779133765.0,1789414570.0,0.040105007639453835,-0.007997936016511775,0.04003245875033823,1.0,1.0,-0.016120777891504456,0.0,1.0,0.3916033297140791,1.0,1.0,0.2528510915607691,1.0,1.0,0.08157524613220835,1.0,1.0,0.6495066495066497,1.0,1.0,0.2842351369405478,1.0,1.0,1.0,-0.007997936016511775,1.0,-0.007997936016511775,1.0,-0.007997936016511775,1.0,-0.007997936016511775,1.0,-0.007997936016511775,1.0,-0.007997936016511775,1.0,-0.007997936016511775
2024-10-24,38.18,38.87,38.0,38.44,51954243.0,2007546646.0,1789414570.0,0.02903421256930975,-0.0002600780234071065,0.04484914378907301,1.0,1.0,0.01264488935721797,1.0,0.0,0.3867243867243868,1.0,1.0,0.2732692944683668,1.0,1.0,0.14780531501940875,1.0,1.0,0.5904013239553163,1.0,1.0,0.2699041955731747,1.0,1.0,1.0,-0.0002600780234071065,0.0,-0.0006,1.0,-0.0002600780234071065,1.0,-0.0002600780234071065,1.0,-0.0002600780234071065,1.0,-0.0002600780234071065,1.0,-0.0002600780234071065
2024-10-25,38.56,39.03,38.08,38.87,55396443.0,2148251872.0,1789414570.0,0.03095785846876166,0.011186264308012506,-0.02361215774930936,0.0,1.0,0.06932599724896815,1.0,1.0,0.39318996415770613,1.0,1.0,0.2781979611969745,1.0,1.0,0.15650104135673892,1.0,1.0,0.6128630705394189,1.0,1.0,0.2858087992060865,1.0,1.0,1.0,0.011186264308012506,1.0,0.010586264308012506,1.0,0.011186264308012506,1.0,0.011186264308012506,1.0,0.011186264308012506,1.0,0.011186264308012506,1.0,0.011186264308012506
2024-10-28,38.71,38.71,37.29,38.31,73570970.0,2804314734.0,1789414570.0,0.0411145473125325,-0.014406997684589529,-0.035741253460860656,0.0,0.0,0.02900886381950052,1.0,1.0,0.3860347322720694,1.0,1.0,0.2774258086028678,1.0,1.0,0.2005640864932623,1.0,1.0,0.5354709418837678,1.0,1.0,0.26938369781312144,1.0,1.0,0.0,-0.0006,1.0,-0.014406997684589529,1.0,-0.014406997684589529,1.0,-0.014406997684589529,1.0,-0.014406997684589529,1.0,-0.014406997684589529,1.0,-0.014406997684589529
2024-10-29,38.32,39.67,37.83,38.41,88662432.0,3454756976.0,1789414570.0,0.04954828997508386,0.002610284521012751,-0.009029927760577983,0.0,0.0,0.020185922974767623,1.0,1.0,0.3318307905686546,1.0,1.0,0.2634868421052632,1.0,1.0,0.19956277326670802,1.0,1.0,0.4790142472083172,1.0,1.0,0.2722755879430274,1.0,1.0,0.0,0.0,1.0,0.002610284521012751,1.0,0.002610284521012751,1.0,0.002610284521012751,1.0,0.002610284521012751,1.0,0.002610284521012751,1.0,0.002610284521012751
2024-10-30,37.99,38.76,37.49,38.05,64495578.0,2473006664.0,1789414570.0,0.036042837183336444,-0.009372559229367305,-0.01040312093628104,0.0,0.0,0.029212875304300834,1.0,1.0,0.28417144785690174,1.0,1.0,0.22386619491797988,1.0,1.0,0.17547111523015135,1.0,1.0,0.4892367906066535,1.0,1.0,0.24265186152841256,1.0,1.0,0.0,-0.0,1.0,-0.009372559229367305,1.0,-0.009372559229367305,1.0,-0.009372559229367305,1.0,-0.009372559229367305,1.0,-0.009372559229367305,1.0,-0.009372559229367305
2024-10-31,37.94,40.57,37.4,39.7,117597573.0,4619560691.0,1789414570.0,0.06571846176484412,0.043363994743758294,0.03277835587929245,1.0,0.0,0.07909758086436547,1.0,1.0,0.3037766830870281,1.0,1.0,0.32642833277647854,1.0,1.0,0.21629901960784315,1.0,1.0,0.5009451795841211,1.0,1.0,0.31587669870732515,1.0,1.0,0.0,0.0,1.0,0.043363994743758294,1.0,0.043363994743758294,1.0,0.043363994743758294,1.0,0.043363994743758294,1.0,0.043363994743758294,1.0,0.043363994743758294
2024-11-01,41.67,41.67,38.29,38.38,113728682.0,4557471255.0,1789414570.0,0.06355636301765442,-0.03324937027707808,-0.012606122974015865,0.0,1.0,-0.035920622959055515,0.0,1.0,0.2016280525986225,1.0,1.0,0.2801867911941296,1.0,1.0,0.15602409638554215,1.0,1.0,0.4515885022692889,1.0,1.0,0.2679220350181699,1.0,1.0,1.0,-0.033849370277078086,1.0,-0.03324937027707808,1.0,-0.03324937027707808,1.0,-0.03324937027707808,1.0,-0.03324937027707808,1.0,-0.03324937027707808,1.0,-0.03324937027707808
2024-11-04,38.39,39.28,37.89,38.63,60254633.0,2332569306.0,1789414570.0,0.03367281903823997,0.006513809275664473,0.008352910467240848,1.0,0.0,-0.02768688648376527,0.0,0.0,0.09962994591517216,1.0,1.0,0.2562601626016261,1.0,1.0,0.14527127186480904,1.0,1.0,0.48748556026184064,1.0,1.0,0.3134988099285958,1.0,1.0,0.0,-0.0006,0.0,-0.0006,1.0,0.006513809275664473,1.0,0.006513809275664473,1.0,0.006513809275664473,1.0,0.006513809275664473,1.0,0.006513809275664473
2024-11-05,38.64,41.13,38.34,40.84,119830445.0,4833970198.0,1789414570.0,0.0669662843976955,0.05720942272844942,0.06326477479822978,1.0,1.0,0.05366357069143457,1.0,0.0,0.05693581780538315,1.0,1.0,0.25777640899291665,1.0,1.0,0.2746566791510614,1.0,1.0,0.5446293494704992,1.0,1.0,0.3811295231653704,1.0,1.0,1.0,0.05660942272844942,0.0,0.0,1.0,0.05720942272844942,1.0,0.05720942272844942,1.0,0.05720942272844942,1.0,0.05720942272844942,1.0,0.05720942272844942
2024-11-06,40.87,44.9,40.47,43.32,165675041.0,7008960223.0,1789414570.0,0.09258616967671164,0.06072477962781586,0.1385019710906703,1.0,1.0,0.12665799739921968,1.0,1.0,0.10849539406345965,1.0,1.0,0.40375891121192486,1.0,1.0,0.462525320729237,1.0,1.0,0.6661538461538461,1.0,1.0,0.5005195704883962,1.0,1.0,1.0,0.06072477962781586,1.0,0.06012477962781586,1.0,0.06072477962781586,1.0,0.06072477962781586,1.0,0.06072477962781586,1.0,0.06072477962781586,1.0,0.06072477962781586
2024-11-07,42.36,44.0,41.52,43.59,118829163.0,5089477535.0,1789414570.0,0.06640672597183558,0.006232686980609525,0.09798488664987404,1.0,1.0,0.13397502601456823,1.0,1.0,0.14831401475237094,1.0,1.0,0.41342412451361876,1.0,1.0,0.458835341365462,1.0,1.0,0.6980911569925985,1.0,1.0,0.509871839279529,1.0,1.0,1.0,0.006232686980609525,1.0,0.006232686980609525,1.0,0.006232686980609525,1.0,0.006232686980609525,1.0,0.006232686980609525,1.0,0.006232686980609525,1.0,0.006232686980609525
2024-11-08,44.54,45.44,43.25,43.37,119651640.0,5343170107.0,1789414570.0,0.06686636065559699,-0.0050470291351228935,0.1300156331422615,1.0,1.0,0.11577051710830966,1.0,1.0,0.19312242090784038,1.0,1.0,0.43088089739359936,1.0,1.0,0.47466848010880636,1.0,1.0,0.6862363919129082,1.0,1.0,0.5379432624113474,1.0,1.0,1.0,-0.0050470291351228935,1.0,-0.0050470291351228935,1.0,-0.0050470291351228935,1.0,-0.0050470291351228935,1.0,-0.0050470291351228935,1.0,-0.0050470291351228935,1.0,-0.0050470291351228935
2024-11-11,44.71,47.65,44.27,46.29,132303030.0,6109575381.0,1789414570.0,0.07393648862488025,0.0673276458381371,0.19829148330313218,1.0,1.0,0.2083007047768206,1.0,1.0,0.2433521353746979,1.0,1.0,0.5287318361955085,1.0,1.0,0.5450600801068091,1.0,1.0,0.7817551963048499,1.0,1.0,0.6857246904588492,1.0,1.0,1.0,0.0673276458381371,1.0,0.0673276458381371,1.0,0.0673276458381371,1.0,0.0673276458381371,1.0,0.0673276458381371,1.0,0.0673276458381371,1.0,0.0673276458381371
2024-11-12,46.32,47.29,44.76,45.84,99999906.0,4611431008.0,1789414570.0,0.055884146511671694,-0.009721322099805474,0.12242899118511263,1.0,1.0,0.19343920853944296,1.0,1.0,0.21752988047808786,1.0,1.0,0.5486486486486486,1.0,1.0,0.4941329856584096,1.0,1.0,0.789925810230379,1.0,1.0,0.6353906528719231,1.0,1.0,1.0,-0.009721322099805474,1.0,-0.009721322099805474,1.0,-0.009721322099805474,1.0,-0.009721322099805474,1.0,-0.009721322099805474,1.0,-0.009721322099805474,1.0,-0.009721322099805474
2024-11-13,45.37,45.46,43.5,44.09,87731005.0,3903748142.0,1789414570.0,0.04902776945646531,-0.038176265270506105,0.017774699907664004,1.0,1.0,0.15873850197109074,1.0,1.0,0.19258858533946466,1.0,1.0,0.5068352699931649,1.0,1.0,0.43568870074894184,1.0,1.0,0.7128982128982131,1.0,1.0,0.5723965763195438,1.0,1.0,1.0,-0.038176265270506105,1.0,-0.038176265270506105,1.0,-0.038176265270506105,1.0,-0.038176265270506105,1.0,-0.038176265270506105,1.0,-0.038176265270506105,1.0,-0.038176265270506105
2024-11-14,44.48,44.96,42.77,42.85,72183784.0,3175689292.0,1789414570.0,0.04033932952719838,-0.028124291222499487,-0.016976370727231016,0.0,1.0,0.079345088161209,1.0,1.0,0.16471867355259584,1.0,1.0,0.45599728168535525,1.0,1.0,0.37251761691223595,1.0,1.0,0.6557187017001547,1.0,1.0,0.5391522988505748,1.0,1.0,1.0,-0.028124291222499487,1.0,-0.028124291222499487,1.0,-0.028124291222499487,1.0,-0.028124291222499487,1.0,-0.028124291222499487,1.0,-0.028124291222499487,1.0,-0.028124291222499487
2024-11-15,43.64,46.19,42.77,42.95,108336661.0,4826996862.0,1789414570.0,0.060543075269583836,0.002333722287047868,-0.009684113442471665,0.0,0.0,0.11907243355914532,1.0,1.0,0.07887465460939458,1.0,1.0,0.4729080932784637,1.0,1.0,0.39222042139384117,1.0,1.0,0.6731593299571483,1.0,1.0,0.5198159943382874,1.0,1.0,0.0,-0.0006,1.0,0.002333722287047868,1.0,0.002333722287047868,1.0,0.002333722287047868,1.0,0.002333722287047868,1.0,0.002333722287047868,1.0,0.002333722287047868
2024-11-18,42.06,42.59,40.14,40.53,85193216.0,3531158347.0,1789414570.0,0.04760954640041855,-0.05634458672875442,-0.12443292287751129,0.0,0.0,0.04918457157649492,1.0,1.0,0.020135917442738682,1.0,1.0,0.4024221453287198,1.0,1.0,0.329724409448819,1.0,1.0,0.5709302325581396,1.0,1.0,0.33586025049439683,1.0,1.0,0.0,-0.0,1.0,-0.05634458672875442,1.0,-0.05634458672875442,1.0,-0.05634458672875442,1.0,-0.05634458672875442,1.0,-0.05634458672875442,1.0,-0.05634458672875442
2024-11-19,40.47,41.88,40.23,41.75,63771141.0,2637166042.0,1789414570.0,0.03563799136831662,0.030101159634838393,-0.0892233856893544,0.0,0.0,0.022282076395690353,1.0,1.0,0.07714138286893713,1.0,1.0,0.4496527777777777,1.0,1.0,0.37110016420361247,1.0,1.0,0.6587206992451329,1.0,1.0,0.3675073698001965,1.0,1.0,0.0,0.0,1.0,0.030101159634838393,1.0,0.030101159634838393,1.0,0.030101159634838393,1.0,0.030101159634838393,1.0,0.030101159634838393,1.0,0.030101159634838393
2024-11-20,41.73,41.76,40.68,41.4,58461353.0,2424805043.0,1789414570.0,0.03267065887364491,-0.008383233532934131,-0.061011567248809406,0.0,0.0,-0.04432132963988922,0.0,1.0,0.07672301690507144,1.0,1.0,0.498371335504886,1.0,1.0,0.3489736070381231,1.0,1.0,0.7023026315789473,1.0,1.0,0.36588584625536136,1.0,1.0,0.0,-0.0,1.0,-0.008383233532934131,1.0,-0.008383233532934131,1.0,-0.008383233532934131,1.0,-0.008383233532934131,1.0,-0.008383233532934131,1.0,-0.008383233532934131
2024-11-21,41.27,41.3,40.44,40.82,55671938.0,2288496125.0,1789414570.0,0.03111181664291467,-0.014009661835748699,-0.047374562427071165,0.0,0.0,-0.0635466850195,0.0,0.0,0.0619146722164412,1.0,1.0,0.47258297258297266,1.0,1.0,0.3521033454786353,1.0,1.0,0.6386993175431555,1.0,1.0,0.34808454425363267,1.0,1.0,0.0,-0.0,0.0,-0.0006,1.0,-0.014009661835748699,1.0,-0.014009661835748699,1.0,-0.014009661835748699,1.0,-0.014009661835748699,1.0,-0.014009661835748699
2024-11-22,40.82,41.27,38.61,38.7,70601205.0,2833315231.0,1789414570.0,0.039454917928828534,-0.05193532582067606,-0.0989522700814901,0.0,0.0,-0.10767811851510245,0.0,0.0,-0.004373552868536024,0.0,1.0,0.3870967741935485,1.0,1.0,0.2726076948372247,1.0,1.0,0.552346570397112,1.0,1.0,0.2479845211222187,1.0,1.0,0.0,-0.0,0.0,-0.0,1.0,-0.05193532582067606,1.0,-0.05193532582067606,1.0,-0.05193532582067606,1.0,-0.05193532582067606,1.0,-0.05193532582067606
2024-11-25,38.66,38.87,36.7,37.51,72806217.0,2742623605.0,1789414570.0,0.04068717122382657,-0.030749354005168095,-0.074512706637059,0.0,0.0,-0.18967379563620657,0.0,0.0,-0.020882276168102454,0.0,0.0,0.3570911722141823,1.0,1.0,0.25075025008336116,1.0,1.0,0.5010004001600641,1.0,1.0,0.1870253164556961,1.0,1.0,0.0,-0.0,0.0,-0.0,0.0,-0.0006,1.0,-0.030749354005168095,1.0,-0.030749354005168095,1.0,-0.030749354005168095,1.0,-0.030749354005168095
2024-11-26,37.53,38.29,37.27,37.36,40512291.0,1538089227.0,1789414570.0,0.022639969339245964,-0.003998933617701872,-0.10514970059880235,0.0,0.0,-0.18499127399650972,0.0,0.0,-0.02733663108565476,0.0,0.0,0.2954230235783635,1.0,1.0,0.22894736842105257,1.0,1.0,0.4452611218568665,1.0,1.0,0.16786495779931232,1.0,1.0,0.0,-0.0,0.0,-0.0,0.0,-0.0,1.0,-0.003998933617701872,1.0,-0.003998933617701872,1.0,-0.003998933617701872,1.0,-0.003998933617701872
2024-11-27,37.23,37.96,36.62,37.95,53150689.0,1998534047.0,1789414570.0,0.029702836833389593,0.01579229122055681,-0.08333333333333326,0.0,0.0,-0.13926060331140844,0.0,0.0,-0.0026281208935609035,0.0,0.0,0.28079649004387464,1.0,1.0,0.220649726600193,1.0,1.0,0.47435897435897445,1.0,1.0,0.1998103066708823,1.0,1.0,0.0,0.0,0.0,0.0,0.0,0.0,1.0,0.01579229122055681,1.0,0.01579229122055681,1.0,0.01579229122055681,1.0,0.01579229122055681
2024-11-28,37.97,38.97,37.58,38.16,57574427.0,2219028465.0,1789414570.0,0.0321750073824424,0.00553359683794441,-0.0651641352278296,0.0,0.0,-0.1094515752625439,0.0,0.0,-0.03879093198992456,0.0,0.0,0.2532019704433497,1.0,1.0,0.27497494153023716,1.0,1.0,0.4340473506200675,1.0,1.0,0.21955896452540746,1.0,1.0,0.0,0.0,0.0,0.0,0.0,0.0,1.0,0.00553359683794441,1.0,0.00553359683794441,1.0,0.00553359683794441,1.0,0.00553359683794441
2024-11-29,38.09,39.33,37.62,38.76,56235191.0,2175884223.0,1789414570.0,0.03142658607054932,0.01572327044025168,0.0015503875968991832,1.0,0.0,-0.0975552968568103,0.0,0.0,0.009900990099009688,1.0,0.0,0.2135253600500937,1.0,1.0,0.29286190793862565,1.0,1.0,0.4560480841472576,1.0,1.0,0.24031999999999987,1.0,1.0,0.0,0.0,0.0,0.0,0.0,0.0,1.0,0.01572327044025168,1.0,0.01572327044025168,1.0,0.01572327044025168,1.0,0.01572327044025168
2024-12-02,38.97,40.28,38.97,39.97,63726890.0,2546953583.0,1789414570.0,0.035613262051398184,0.031217750257998,0.0655825113303119,1.0,1.0,-0.013816925734024266,0.0,0.0,0.034688066269738416,1.0,1.0,0.1377739823512667,1.0,1.0,0.2998373983739837,1.0,1.0,0.48146775389177154,1.0,1.0,0.27822193795970573,1.0,1.0,1.0,0.030617750257998,0.0,0.0,1.0,0.030617750257998,1.0,0.031217750257998,1.0,0.031217750257998,1.0,0.031217750257998,1.0,0.031217750257998
2024-12-03,40.01,40.73,39.06,39.51,58213636.0,2338575131.0,1789414570.0,0.032532224212302015,-0.011508631473605258,0.05754817987152028,1.0,1.0,-0.053652694610778484,0.0,0.0,-0.03256611165524004,0.0,1.0,0.02251552795031042,1.0,1.0,0.2168155220203265,1.0,1.0,0.4258390472753517,1.0,1.0,0.25828025477706995,1.0,1.0,1.0,-0.011508631473605258,0.0,-0.0,1.0,-0.011508631473605258,1.0,-0.011508631473605258,1.0,-0.011508631473605258,1.0,-0.011508631473605258,1.0,-0.011508631473605258
2024-12-04,40.36,40.6,39.06,39.08,51648404.0,2070969647.0,1789414570.0,0.028863296893799184,-0.010883320678309327,0.02977602108036881,1.0,1.0,-0.05603864734299513,0.0,0.0,-0.09787626962142204,0.0,0.0,0.0,0.0,1.0,0.26636422553467276,1.0,1.0,0.42057433660487087,1.0,1.0,0.23945448778940692,1.0,1.0,1.0,-0.010883320678309327,0.0,-0.0,0.0,-0.0006,1.0,-0.010883320678309327,1.0,-0.010883320678309327,1.0,-0.010883320678309327,1.0,-0.010883320678309327
2024-12-05,38.87,39.55,38.78,39.09,31240889.0,1227937119.0,1789414570.0,0.01745872059150608,0.00025588536335741097,0.02437106918239018,1.0,1.0,-0.042381185693287526,0.0,0.0,-0.10323468685478321,0.0,0.0,0.029768177028451026,1.0,0.0,0.2675097276264593,1.0,1.0,0.37737843551797057,1.0,1.0,0.24411203055378738,1.0,1.0,1.0,0.00025588536335741097,0.0,0.0,0.0,0.0,0.0,-0.0006,1.0,0.00025588536335741097,1.0,0.00025588536335741097,1.0,0.00025588536335741097
2024-12-06,39.11,39.73,38.63,39.34,45811564.0,1802291916.0,1789414570.0,0.025601425610388317,0.006395497569710917,0.014963880288957787,1.0,1.0,0.016537467700258324,1.0,0.0,-0.09292137422181213,0.0,0.0,0.08225584594222846,1.0,1.0,0.2979214780600463,1.0,1.0,0.3760055963623645,1.0,1.0,0.2414010728936573,1.0,1.0,1.0,0.006395497569710917,0.0,0.0,0.0,0.0,1.0,0.0057954975697109175,1.0,0.006395497569710917,1.0,0.006395497569710917,1.0,0.006395497569710917
2024-12-09,39.33,39.33,38.09,38.42,36837191.0,1428578216.0,1789414570.0,0.02058616914022333,-0.023385866802236976,-0.038779084313234846,0.0,1.0,0.02426019728072526,1.0,1.0,-0.17001512205659963,0.0,0.0,0.03196347031963476,1.0,1.0,0.26882430647291944,1.0,1.0,0.3307932109456182,1.0,1.0,0.22356687898089178,1.0,1.0,1.0,-0.023385866802236976,1.0,-0.023985866802236976,0.0,-0.0,1.0,-0.023385866802236976,1.0,-0.023385866802236976,1.0,-0.023385866802236976,1.0,-0.023385866802236976
2024-12-10,39.61,39.76,38.23,38.34,45442658.0,1782816040.0,1789414570.0,0.025395265447067418,-0.0020822488287349783,-0.02961275626423676,0.0,0.0,0.02623126338329773,1.0,1.0,-0.16361256544502611,0.0,0.0,0.018326693227091795,1.0,1.0,0.2952702702702703,1.0,1.0,0.33125000000000004,1.0,1.0,0.22063037249283668,1.0,1.0,0.0,-0.0006,1.0,-0.0020822488287349783,0.0,-0.0,1.0,-0.0020822488287349783,1.0,-0.0020822488287349783,1.0,-0.0020822488287349783,1.0,-0.0020822488287349783
2024-12-11,38.15,38.57,37.84,38.25,38879681.0,1491870292.0,1789414570.0,0.021727598317253,-0.0023474178403756207,-0.0212384851586489,0.0,0.0,0.007905138339920903,1.0,1.0,-0.13245633930596512,0.0,0.0,0.03462266702731953,1.0,1.0,0.30724538619275465,1.0,1.0,0.2334730732021928,1.0,1.0,0.2302991315535543,1.0,1.0,0.0,-0.0,1.0,-0.0023474178403756207,0.0,-0.0,1.0,-0.0023474178403756207,1.0,-0.0023474178403756207,1.0,-0.0023474178403756207,1.0,-0.0023474178403756207
2024-12-12,38.24,38.5,37.8,38.37,34320584.0,1316343208.0,1789414570.0,0.01917978347521782,0.0031372549019608176,-0.018419033000767637,0.0,0.0,0.005503144654088077,1.0,1.0,-0.10455075845974338,0.0,0.0,0.04294645284044574,1.0,1.0,0.3037716615698267,1.0,1.0,0.2325730806296178,1.0,1.0,0.22862632084534096,1.0,1.0,0.0,0.0,1.0,0.0031372549019608176,0.0,0.0,1.0,0.0031372549019608176,1.0,0.0031372549019608176,1.0,0.0031372549019608176,1.0,0.0031372549019608176
2024-12-13,38.29,38.45,37.69,37.79,41236742.0,1573535849.0,1789414570.0,0.023044822978053655,-0.015115976022934574,-0.03940010167768182,0.0,0.0,-0.025025799793601644,0.0,1.0,-0.1201396973224681,0.0,0.0,-0.05074101984426027,0.0,1.0,0.29595336076817547,1.0,1.0,0.20082618366698446,1.0,1.0,0.2394227615611677,1.0,1.0,0.0,-0.0,1.0,-0.015115976022934574,0.0,-0.0,1.0,-0.015115976022934574,1.0,-0.015115976022934574,1.0,-0.015115976022934574,1.0,-0.015115976022934574
2024-12-16,37.8,38.36,37.44,37.63,34638305.0,1317783287.0,1789414570.0,0.019357339311258655,-0.0042339243186027,-0.020562207183758452,0.0,0.0,-0.0585439079309481,0.0,0.0,-0.07155193683691086,0.0,0.0,-0.05285678328718835,0.0,0.0,0.3020761245674741,1.0,1.0,0.22135670236936078,1.0,1.0,0.22933681803332262,1.0,1.0,0.0,-0.0,0.0,-0.0006,0.0,-0.0,0.0,-0.0006,1.0,-0.0042339243186027,1.0,-0.0042339243186027,1.0,-0.0042339243186027
2024-12-17,37.47,38.15,37.38,37.53,31836121.0,1208083668.0,1789414570.0,0.017791361227152632,-0.0026574541589158285,-0.021126760563380365,0.0,0.0,-0.05011389521640086,0.0,0.0,-0.10107784431137723,0.0,0.0,-0.03173374613003088,0.0,0.0,0.3031250000000001,1.0,1.0,0.22128213472177038,1.0,1.0,0.22928267278087122,1.0,1.0,0.0,-0.0,0.0,-0.0,0.0,-0.0,0.0,-0.0,1.0,-0.0026574541589158285,1.0,-0.0026574541589158285,1.0,-0.0026574541589158285
2024-12-18,37.69,38.22,37.31,37.98,41970266.0,1594968817.0,1789414570.0,0.0234547469902405,0.011990407673860837,-0.007058823529411895,0.0,0.0,-0.02814738996929378,0.0,0.0,-0.08260869565217399,0.0,0.0,-0.012223667100130231,0.0,0.0,0.37459283387622144,1.0,1.0,0.236328125,1.0,1.0,0.24483775811209418,1.0,1.0,0.0,0.0,0.0,0.0,0.0,0.0,0.0,0.0,1.0,0.011990407673860837,1.0,0.011990407673860837,1.0,0.011990407673860837
2024-12-19,37.41,38.78,37.3,38.65,61115916.0,2340619950.0,1789414570.0,0.03415414014428194,0.01764086361242767,0.0072973677352097255,1.0,0.0,-0.011256075722691383,0.0,0.0,-0.0531602155805978,0.0,0.0,0.005463059313215446,1.0,0.0,0.3943001443001444,1.0,1.0,0.2995965030262273,1.0,1.0,0.27684175751569207,1.0,1.0,0.0,0.0,0.0,0.0,0.0,0.0,0.0,0.0,1.0,0.01764086361242767,1.0,0.01764086361242767,1.0,0.01764086361242767
2024-12-20,38.58,40.33,38.17,39.76,93949507.0,3726683816.0,1789414570.0,0.05250292949162697,0.028719275549806023,0.0521301931727971,1.0,1.0,0.010676156583629748,1.0,0.0,0.027390180878552828,1.0,0.0,0.02289683560586564,1.0,1.0,0.42508960573476706,1.0,1.0,0.2801030264005151,1.0,1.0,0.31351172778328373,1.0,1.0,1.0,0.028119275549806023,0.0,0.0,0.0,0.0,1.0,0.028119275549806023,1.0,0.028719275549806023,1.0,0.028719275549806023,1.0,0.028719275549806023
2024-12-23,39.78,39.98,38.63,38.81,57373972.0,2273705391.0,1789414570.0,0.03206298471125112,-0.02389336016096566,0.031357959075206,1.0,1.0,0.010150963040083338,1.0,1.0,0.03465742468675037,1.0,1.0,0.013051422605063978,1.0,1.0,0.404124457308249,1.0,1.0,0.24152271273192571,1.0,1.0,0.30103922225947044,1.0,1.0,1.0,-0.02389336016096566,1.0,-0.02449336016096566,1.0,-0.02449336016096566,1.0,-0.02389336016096566,1.0,-0.02389336016096566,1.0,-0.02389336016096566,1.0,-0.02389336016096566
2024-12-24,38.88,39.07,37.84,39.02,50299365.0,1946568051.0,1789414570.0,0.02810939725387393,0.005410976552435054,0.03970157207567282,1.0,1.0,0.01773604590505995,1.0,1.0,0.04443254817987152,1.0,1.0,0.015881280916428153,1.0,1.0,0.3529819694868239,1.0,1.0,0.23755153821757058,1.0,1.0,0.33721727210418107,1.0,1.0,1.0,0.005410976552435054,1.0,0.005410976552435054,1.0,0.005410976552435054,1.0,0.005410976552435054,1.0,0.005410976552435054,1.0,0.005410976552435054,1.0,0.005410976552435054
2024-12-25,39.03,39.23,38.5,38.71,34364702.0,1343335566.0,1789414570.0,0.01920443846615153,-0.007944643772424431,0.01922064244339139,1.0,1.0,0.012026143790849764,1.0,1.0,0.020026350461133102,1.0,1.0,0.01734559789750345,1.0,1.0,0.3064461694228824,1.0,1.0,0.24070512820512824,1.0,1.0,0.3469032707028532,1.0,1.0,1.0,-0.007944643772424431,1.0,-0.007944643772424431,1.0,-0.007944643772424431,1.0,-0.007944643772424431,1.0,-0.007944643772424431,1.0,-0.007944643772424431,1.0,-0.007944643772424431
2024-12-26,38.58,39.88,38.48,39.71,61167992.0,2428757246.0,1789414570.0,0.03418324239977547,0.025833118057349447,0.027425614489003936,1.0,1.0,0.034923117018504035,1.0,1.0,0.04061844863731667,1.0,1.0,0.00025188916876572875,1.0,1.0,0.30410509031198685,1.0,1.0,0.3002619515389653,1.0,1.0,0.39480154548647706,1.0,1.0,1.0,0.025833118057349447,1.0,0.025833118057349447,1.0,0.025833118057349447,1.0,0.025833118057349447,1.0,0.025833118057349447,1.0,0.025833118057349447,1.0,0.025833118057349447
2024-12-27,39.46,41.29,39.46,40.23,94710175.0,3839328221.0,1789414570.0,0.052928022710802006,0.01309493830269437,0.011820925553319928,1.0,1.0,0.06456734585869262,1.0,1.0,0.03792569659442724,1.0,1.0,0.04820218863991643,1.0,1.0,0.2595491546649966,1.0,1.0,0.24937888198757752,1.0,1.0,0.36419125127161744,1.0,1.0,1.0,0.01309493830269437,1.0,0.01309493830269437,1.0,0.01309493830269437,1.0,0.01309493830269437,1.0,0.01309493830269437,1.0,0.01309493830269437,1.0,0.01309493830269437
2024-12-30,41.27,43.24,40.77,42.73,150542962.0,6359134869.0,1789414570.0,0.08412972852903505,0.0621426795923441,0.10100489564545212,1.0,1.0,0.1355301621047036,1.0,1.0,0.0690517888416311,1.0,1.0,0.10613512813875214,1.0,1.0,0.21633931113008797,1.0,1.0,0.34922639722134496,1.0,1.0,0.4271877087508349,1.0,1.0,1.0,0.0621426795923441,1.0,0.0621426795923441,1.0,0.0621426795923441,1.0,0.0621426795923441,1.0,0.0621426795923441,1.0,0.0621426795923441,1.0,0.0621426795923441
2024-12-31,42.74,42.84,40.62,40.63,95529516.0,3981376139.0,1789414570.0,0.05338590486608143,-0.04914579920430595,0.041260891850333214,1.0,1.0,0.0826005861977086,1.0,1.0,0.02834725385978243,1.0,1.0,-0.005142017629774731,0.0,1.0,0.05150103519668736,1.0,1.0,0.298913043478261,1.0,1.0,0.3666330306088128,1.0,1.0,1.0,-0.04914579920430595,1.0,-0.04914579920430595,1.0,-0.04914579920430595,1.0,-0.04914579920430595,1.0,-0.04914579920430595,1.0,-0.04914579920430595,1.0,-0.04914579920430595
2025-01-02,40.63,40.69,37.56,38.02,87935179.0,3434066962.0,1789414570.0,0.04914187046101899,-0.06423824760029528,-0.017824851459571134,0.0,1.0,0.0010531858873092936,1.0,1.0,-0.0271238485158648,0.0,1.0,-0.12234533702677741,0.0,0.0,-0.0271238485158648,0.0,1.0,0.2244766505636071,1.0,1.0,0.28837682141646903,1.0,1.0,1.0,-0.06423824760029528,1.0,-0.06423824760029528,1.0,-0.06423824760029528,0.0,-0.0006,1.0,-0.06423824760029528,1.0,-0.06423824760029528,1.0,-0.06423824760029528
2025-01-03,37.93,38.16,36.03,36.16,62704464.0,2330323727.0,1789414570.0,0.03504188747049265,-0.04892162019989499,-0.0893981364895493,0.0,0.0,-0.06442432082794314,0.0,1.0,-0.07495523151701222,0.0,0.0,-0.17045193851800888,0.0,0.0,-0.04741833508956805,0.0,0.0,0.09808685089583946,1.0,1.0,0.2241029113067028,1.0,1.0,0.0,-0.0006,1.0,-0.04892162019989499,0.0,-0.0006,0.0,-0.0,0.0,-0.0006,1.0,-0.04892162019989499,1.0,-0.04892162019989499
2025-01-06,36.0,36.78,35.15,35.46,41407243.0,1489125825.0,1789414570.0,0.02314010609626365,-0.019358407079645867,-0.1185682326621923,0.0,0.0,-0.10814889336016087,0.0,0.0,-0.09862735129639055,0.0,0.0,-0.1823841364998846,0.0,0.0,-0.02448418156808807,0.0,0.0,0.08773006134969319,1.0,1.0,0.2139678192399863,1.0,1.0,0.0,-0.0,0.0,-0.0006,0.0,-0.0,0.0,-0.0,0.0,-0.0,1.0,-0.019358407079645867,1.0,-0.019358407079645867
2025-01-07,35.79,37.19,35.57,37.16,50876906.0,1855862162.0,1789414570.0,0.028432151415867815,0.04794134235758585,-0.13035338169904054,0.0,0.0,-0.04251481576913185,0.0,0.0,-0.03279541905257688,0.0,0.0,-0.1972348239360554,0.0,0.0,-0.0018802041364490707,0.0,0.0,0.10859188544152731,1.0,1.0,0.28447977877635666,1.0,1.0,0.0,0.0,0.0,0.0,0.0,0.0,0.0,0.0,0.0,0.0,1.0,0.04794134235758585,1.0,0.04794134235758585
2025-01-08,36.68,37.28,35.69,36.76,49484894.0,1814898744.0,1789414570.0,0.027654236659087894,-0.01076426264800856,-0.09524981540733457,0.0,0.0,-0.05791901588928772,0.0,0.0,-0.041210224308816046,0.0,0.0,-0.1980802792321118,0.0,0.0,-0.023638778220451573,0.0,0.0,0.10125823846614734,1.0,1.0,0.26977547495682197,1.0,1.0,0.0,-0.0,0.0,-0.0,0.0,-0.0,0.0,-0.0,0.0,-0.0,1.0,-0.01076426264800856,1.0,-0.01076426264800856
2025-01-09,36.51,37.87,36.41,37.48,52990529.0,1992987843.0,1789414570.0,0.029613332700202614,0.019586507072905324,-0.014203051025776126,0.0,0.0,-0.03177473521053997,0.0,0.0,-0.02013071895424845,0.0,0.0,-0.14992061691993663,0.0,0.0,0.013794968893697579,1.0,0.0,0.08449074074074048,1.0,1.0,0.3155493155493154,1.0,1.0,0.0,0.0,0.0,0.0,0.0,0.0,0.0,0.0,0.0,0.0,1.0,0.019586507072905324,1.0,0.019586507072905324
2025-01-10,37.49,41.23,37.48,39.86,182273195.0,7422520833.0,1789414570.0,0.10186191509550523,0.06350053361792973,0.1023230088495577,1.0,0.0,0.0037773860488541366,1.0,0.0,0.038832421162366515,1.0,0.0,-0.06977829638273048,0.0,0.0,0.08344658874694222,1.0,1.0,0.11247557912363937,1.0,1.0,0.39273235499650583,1.0,1.0,0.0,0.0,0.0,0.0,0.0,0.0,0.0,0.0,1.0,0.06290053361792973,1.0,0.06350053361792973,1.0,0.06350053361792973
2025-01-13,39.18,39.86,38.14,38.68,103905994.0,4057135361.0,1789414570.0,0.05806703250437935,-0.02960361264425493,0.09080654258319232,1.0,1.0,-0.038528461347253184,0.0,1.0,0.0235512040222281,1.0,1.0,-0.09941792782305015,0.0,0.0,-0.028384827932680268,0.0,1.0,0.12180974477958251,1.0,1.0,0.365819209039548,1.0,1.0,1.0,-0.03020361264425493,1.0,-0.03020361264425493,1.0,-0.03020361264425493,0.0,-0.0,1.0,-0.02960361264425493,1.0,-0.02960361264425493,1.0,-0.02960361264425493
2025-01-14,38.83,40.43,37.91,40.37,119725549.0,4732371232.0,1789414570.0,0.06690766410826754,0.04369183040330915,0.08638320775026909,1.0,1.0,-0.05523051720102967,0.0,0.0,0.07281424395429159,1.0,1.0,-0.003947693066864155,0.0,0.0,0.016108733954190768,1.0,0.0,0.15014245014244998,1.0,1.0,0.41450595655220734,1.0,1.0,1.0,0.04369183040330915,0.0,-0.0006,1.0,0.04369183040330915,0.0,0.0,0.0,-0.0006,1.0,0.04369183040330915,1.0,0.04369183040330915
2025-01-15,39.82,40.49,39.41,39.77,70548592.0,2827681142.0,1789414570.0,0.039425515575186136,-0.014862521674510631,0.08188248095756268,1.0,1.0,-0.0211666256460743,0.0,0.0,0.059685584865440955,1.0,1.0,-0.047425149700598745,0.0,0.0,0.02605779153766785,1.0,1.0,0.13888888888888884,1.0,1.0,0.43574007220216626,1.0,1.0,1.0,-0.014862521674510631,0.0,-0.0,1.0,-0.014862521674510631,0.0,-0.0,1.0,-0.015462521674510631,1.0,-0.014862521674510631,1.0,-0.014862521674510631
2025-01-16,40.84,41.76,39.29,39.87,94068194.0,3825541400.0,1789414570.0,0.05256925677094492,0.0025144581342719796,0.06376734258271077,1.0,1.0,0.04865860073645445,1.0,0.0,0.049763033175355575,1.0,1.0,-0.036956521739130443,0.0,0.0,0.03693107932379691,1.0,1.0,0.12151898734177213,1.0,1.0,0.40634920634920624,1.0,1.0,1.0,0.0025144581342719796,0.0,0.0,1.0,0.0025144581342719796,0.0,0.0,1.0,0.0025144581342719796,1.0,0.0025144581342719796,1.0,0.0025144581342719796
2025-01-17,39.29,41.25,39.18,40.17,85723252.0,3464449090.0,1789414570.0,0.04790575277365714,0.007524454477050524,0.007777220270948293,1.0,1.0,0.11089601769911517,1.0,1.0,0.03932729624838305,1.0,1.0,-0.015923566878980888,0.0,0.0,0.04500520291363164,1.0,1.0,0.19946252612720206,1.0,1.0,0.38565022421524686,1.0,1.0,1.0,0.007524454477050524,1.0,0.006924454477050524,1.0,0.007524454477050524,0.0,0.0,1.0,0.007524454477050524,1.0,0.007524454477050524,1.0,0.007524454477050524
2025-01-20,40.37,41.97,40.08,41.39,96494727.0,3985148083.0,1789414570.0,0.053925305302504604,0.030370923574807085,0.0700620475698035,1.0,1.0,0.16723068245910877,1.0,1.0,0.04099597585513082,1.0,1.0,0.06950904392764845,1.0,0.0,0.06483148958065343,1.0,1.0,0.23147872656947333,1.0,1.0,0.39831081081081066,1.0,1.0,1.0,0.030370923574807085,1.0,0.030370923574807085,1.0,0.030370923574807085,0.0,0.0,1.0,0.030370923574807085,1.0,0.030370923574807085,1.0,0.030370923574807085
2025-01-21,41.47,41.77,40.56,41.06,81146850.0,3354094541.0,1789414570.0,0.0453482671709776,-0.007972940323749622,0.017091899925687493,1.0,1.0,0.10495156081808421,1.0,1.0,0.05797474877608866,1.0,1.0,0.09464142895227945,1.0,1.0,0.07178282432785177,1.0,1.0,0.2867439674083361,1.0,1.0,0.402801503245644,1.0,1.0,1.0,-0.007972940323749622,1.0,-0.007972940323749622,1.0,-0.007972940323749622,1.0,-0.008572940323749622,1.0,-0.007972940323749622,1.0,-0.007972940323749622,1.0,-0.007972940323749622
2025-01-22,40.6,41.07,39.99,40.58,62149767.0,2530977979.0,1789414570.0,0.03473189949492811,-0.011690209449586098,0.020367110887603568,1.0,1.0,0.10391730141458111,1.0,1.0,0.03997949769349041,1.0,1.0,0.08618843683083499,1.0,1.0,0.05649570424368666,1.0,1.0,0.2673329169269205,1.0,1.0,0.46286950252343195,1.0,1.0,1.0,-0.011690209449586098,1.0,-0.011690209449586098,1.0,-0.011690209449586098,1.0,-0.011690209449586098,1.0,-0.011690209449586098,1.0,-0.011690209449586098,1.0,-0.011690209449586098
2025-01-23,41.23,41.32,39.18,39.18,78506547.0,3173108057.0,1789414570.0,0.043872754987124084,-0.034499753573188685,-0.017306245297215916,0.0,1.0,0.045357524012807016,1.0,1.0,0.012141565486954331,1.0,1.0,0.0324110671936757,1.0,1.0,0.02969776609724062,1.0,1.0,0.2103799814643188,1.0,1.0,0.45976154992548435,1.0,1.0,1.0,-0.034499753573188685,1.0,-0.034499753573188685,1.0,-0.034499753573188685,1.0,-0.034499753573188685,1.0,-0.034499753573188685,1.0,-0.034499753573188685,1.0,-0.034499753573188685
2025-01-24,39.0,40.74,38.97,40.4,72123651.0,2919692760.0,1789414570.0,0.04030572468178797,0.031138335885655843,0.0057256659198405835,1.0,0.0,0.013547415955845521,1.0,1.0,0.017375975824729162,1.0,1.0,0.058700209643606005,1.0,1.0,0.0176322418136019,1.0,1.0,0.23774509803921573,1.0,1.0,0.5245283018867923,1.0,1.0,0.0,-0.0006,1.0,0.031138335885655843,1.0,0.031138335885655843,1.0,0.031138335885655843,1.0,0.031138335885655843,1.0,0.031138335885655843,1.0,0.031138335885655843
2025-01-27,40.37,40.4,38.58,38.61,59484262.0,2341200151.0,1789414570.0,0.033242303375231826,-0.044306930693069235,-0.06716598212128533,0.0,1.0,-0.0018097207859358866,0.0,1.0,-0.04026845637583887,0.0,1.0,-0.0038699690402476117,0.0,1.0,0.005992704533611226,1.0,1.0,0.16295180722891556,1.0,1.0,0.5035046728971964,1.0,1.0,1.0,-0.04490693069306924,1.0,-0.044306930693069235,1.0,-0.044306930693069235,1.0,-0.044306930693069235,1.0,-0.044306930693069235,1.0,-0.044306930693069235,1.0,-0.044306930693069235
2025-02-05,39.65,39.96,38.97,39.37,47860522.0,1897901378.0,1789414570.0,0.026746469377412076,0.01968401968401956,-0.04115927910375072,0.0,0.0,-0.02477086945751794,0.0,0.0,-0.07863327872688974,0.0,0.0,-0.015011258443832887,0.0,0.0,0.0191560962982138,1.0,1.0,0.16721019863622888,1.0,1.0,0.5402973395931143,1.0,1.0,0.0,-0.0006,0.0,-0.0006,0.0,-0.0006,0.0,-0.0006,1.0,0.01968401968401956,1.0,0.01968401968401956,1.0,0.01968401968401956
2025-02-06,39.28,42.09,39.08,42.05,106010157.0,4396145195.0,1789414570.0,0.0592429271434847,0.06807213614427221,0.03622474125184816,1.0,0.0,0.057329645461402956,1.0,0.0,0.03494954467142497,1.0,0.0,0.06428752214629196,1.0,0.0,0.02962781586679708,1.0,1.0,0.312421972534332,1.0,1.0,0.6561638440330837,1.0,1.0,0.0,0.0,0.0,0.0,0.0,0.0,0.0,0.0,1.0,0.06807213614427221,1.0,0.06807213614427221,1.0,0.06807213614427221
2025-02-07,41.97,42.67,40.97,41.69,104597670.0,4408683622.0,1789414570.0,0.058453570096950756,-0.008561236623067736,0.06406329760081664,1.0,1.0,0.045648357160772424,1.0,1.0,0.09652814308258795,1.0,1.0,0.06678607983623341,1.0,1.0,-0.03762696214219763,0.0,1.0,0.4074949358541524,1.0,1.0,0.6177726038028715,1.0,1.0,1.0,-0.009161236623067736,1.0,-0.009161236623067736,1.0,-0.009161236623067736,1.0,-0.009161236623067736,1.0,-0.008561236623067736,1.0,-0.008561236623067736,1.0,-0.008561236623067736
2025-02-10,41.77,42.02,40.98,41.3,62393649.0,2595115331.0,1789414570.0,0.034868190997237716,-0.009354761333653205,0.022277227722772297,1.0,1.0,0.028130445606173726,1.0,1.0,0.14214601769911517,1.0,1.0,0.056536198516244474,1.0,1.0,-0.052534985088323105,0.0,0.0,0.38219544846050857,1.0,1.0,0.6196078431372547,1.0,1.0,1.0,-0.009354761333653205,1.0,-0.009354761333653205,1.0,-0.009354761333653205,1.0,-0.009354761333653205,0.0,-0.0006,1.0,-0.009354761333653205,1.0,-0.009354761333653205
2025-02-11,41.3,41.42,40.2,40.37,59632909.0,2427921492.0,1789414570.0,0.033325373560583,-0.022518159806295346,0.045584045584045496,1.0,1.0,-0.02464363372795364,0.0,1.0,0.13846587704455704,1.0,1.0,0.02618200305033036,1.0,1.0,-0.06917223887479829,0.0,0.0,0.37266235974158435,1.0,1.0,0.5586872586872587,1.0,1.0,1.0,-0.022518159806295346,1.0,-0.022518159806295346,1.0,-0.022518159806295346,1.0,-0.022518159806295346,0.0,-0.0,1.0,-0.022518159806295346,1.0,-0.022518159806295346
2025-02-12,40.28,41.32,40.19,41.23,78489198.0,3215350923.0,1789414570.0,0.043863059637432145,0.021302947733465416,0.04724409448818889,1.0,1.0,0.004140282513394933,1.0,0.0,0.10952637244348762,1.0,1.0,0.07313899010931801,1.0,1.0,-0.10931086627781383,0.0,0.0,0.3761682242990654,1.0,1.0,0.6030326594090201,1.0,1.0,1.0,0.021302947733465416,0.0,-0.0006,1.0,0.021302947733465416,1.0,0.021302947733465416,0.0,0.0,1.0,0.021302947733465416,1.0,0.021302947733465416
2025-02-13,40.78,40.87,39.88,39.89,62328034.0,2522410164.0,1789414570.0,0.03483152258003577,-0.03250060635459606,-0.05136741973840653,0.0,1.0,-0.0170034499753573,0.0,1.0,0.08514689880304682,1.0,1.0,0.040427751695357284,1.0,1.0,-0.12979930191972078,0.0,0.0,0.3001955671447196,1.0,1.0,0.6078194276501412,1.0,1.0,1.0,-0.03250060635459606,1.0,-0.033100606354596065,1.0,-0.03250060635459606,1.0,-0.03250060635459606,0.0,-0.0,1.0,-0.03250060635459606,1.0,-0.03250060635459606
2025-02-14,39.78,40.28,39.24,40.04,51550462.0,2061244106.0,1789414570.0,0.028808562791572664,0.003760340937578377,-0.0395778364116095,0.0,0.0,0.021949974476773937,1.0,0.0,0.06830309498399156,1.0,1.0,0.046797385620914955,1.0,1.0,-0.09185756407348611,0.0,0.0,0.3038098339303157,1.0,1.0,0.5844875346260388,1.0,1.0,0.0,-0.0006,0.0,-0.0006,1.0,0.003760340937578377,1.0,0.003760340937578377,0.0,0.0,1.0,0.003760340937578377,1.0,0.003760340937578377
2025-02-17,40.04,40.42,39.86,40.29,57602893.0,2325185338.0,1789414570.0,0.032190915378541934,0.006243756243756282,-0.024455205811137914,0.0,0.0,-0.002722772277227725,0.0,1.0,0.010787757150025001,1.0,1.0,0.05003909304143872,1.0,1.0,-0.059743290548424755,0.0,0.0,0.29051889814221665,1.0,1.0,0.5549980702431494,1.0,1.0,0.0,0.0,1.0,0.005643756243756282,1.0,0.006243756243756282,1.0,0.006243756243756282,0.0,0.0,1.0,0.006243756243756282,1.0,0.006243756243756282
2025-02-18,40.28,40.9,38.78,38.88,72281454.0,2901230099.0,1789414570.0,0.040393911624403506,-0.034996276991809294,-0.03690859549170167,0.0,0.0,0.006993006993007089,1.0,0.0,0.005170630816959676,1.0,1.0,0.02884360942048181,1.0,1.0,-0.09476135040745048,0.0,0.0,0.2602917341977309,1.0,1.0,0.5349388077378605,1.0,1.0,0.0,-0.0,0.0,-0.0006,1.0,-0.034996276991809294,1.0,-0.034996276991809294,0.0,-0.0,1.0,-0.034996276991809294,1.0,-0.034996276991809294
2025-02-19,38.77,39.96,38.68,39.85,71031278.0,2829610308.0,1789414570.0,0.03969526078017795,0.02494855967078191,-0.03347077370846463,0.0,0.0,0.01219202438404876,1.0,1.0,-0.012880852117909236,0.0,1.0,0.05899548232792973,1.0,1.0,-0.016777695534172188,0.0,0.0,0.3074146981627297,1.0,1.0,0.5800951625693895,1.0,1.0,0.0,0.0,1.0,0.02434855967078191,1.0,0.02494855967078191,1.0,0.02494855967078191,0.0,0.0,1.0,0.02494855967078191,1.0,0.02494855967078191
2025-02-20,39.6,39.7,38.55,39.12,64230093.0,2516224249.0,1789414570.0,0.03589447301750762,-0.018318695106650074,-0.019303083479568883,0.0,0.0,-0.06967895362663501,0.0,1.0,-0.016343977872768534,0.0,0.0,0.04236610711430844,1.0,1.0,-0.06299401197604793,0.0,0.0,0.2847290640394089,1.0,1.0,0.6098765432098765,1.0,1.0,0.0,-0.0,1.0,-0.018318695106650074,0.0,-0.0006,1.0,-0.018318695106650074,0.0,-0.0,1.0,-0.018318695106650074,1.0,-0.018318695106650074
2025-02-21,39.16,40.72,38.96,40.43,100093314.0,4039317706.0,1789414570.0,0.05593634682431361,0.033486707566462215,0.009740259740259827,1.0,0.0,-0.030223075077956296,0.0,0.0,0.014045648357160934,1.0,0.0,0.06450763559768302,1.0,1.0,-0.023429951690821182,0.0,0.0,0.3173672205930269,1.0,1.0,0.5854901960784313,1.0,1.0,0.0,0.0,0.0,-0.0006,0.0,0.0,1.0,0.033486707566462215,0.0,0.0,1.0,0.033486707566462215,1.0,0.033486707566462215
2025-02-24,40.51,41.0,39.79,40.6,86005960.0,3504477826.0,1789414570.0,0.048063741875087114,0.004204798417017042,0.007694216927277342,1.0,1.0,-0.016949152542372725,0.0,0.0,0.010704505850136936,1.0,1.0,0.05045278137128073,1.0,1.0,-0.005389514943655027,0.0,0.0,0.34481616429281225,1.0,1.0,0.6632527652601394,1.0,1.0,1.0,0.0036047984170170418,0.0,0.0,1.0,0.0036047984170170418,1.0,0.004204798417017042,0.0,0.0,1.0,0.004204798417017042,1.0,0.004204798417017042
2025-02-25,39.96,41.11,39.88,39.96,77985541.0,3159435675.0,1789414570.0,0.04358159495705906,-0.015763546798029604,0.02777777777777768,1.0,1.0,-0.010156056477582331,0.0,0.0,-0.034549408069582066,0.0,1.0,0.005030181086519203,1.0,1.0,0.032558139534883734,1.0,0.0,0.3140414337389017,1.0,1.0,0.683944374209861,1.0,1.0,1.0,-0.015763546798029604,0.0,-0.0,1.0,-0.015763546798029604,1.0,-0.015763546798029604,0.0,-0.0,1.0,-0.015763546798029604,1.0,-0.015763546798029604
2025-02-26,39.93,40.13,39.31,39.86,61256307.0,2441148456.0,1789414570.0,0.03423259653016014,-0.0025025025025025016,0.00025094102885825365,1.0,1.0,-0.03322823186999746,0.0,0.0,-0.029225523623965022,0.0,0.0,0.027054882762174604,1.0,1.0,0.06264996001066381,1.0,1.0,0.32910970323441147,1.0,1.0,0.7181034482758621,1.0,1.0,1.0,-0.0025025025025025016,0.0,-0.0,0.0,-0.0006,1.0,-0.0025025025025025016,1.0,-0.0031025025025025015,1.0,-0.0025025025025025016,1.0,-0.0025025025025025016
2025-02-27,39.86,39.91,38.66,38.88,61083242.0,2402877827.0,1789414570.0,0.03413588054108668,-0.024586051179126822,-0.006134969325153228,0.0,1.0,-0.025319628979694087,0.0,0.0,-0.041892557910300554,0.0,0.0,-0.0035879036391593955,0.0,1.0,0.04068522483940051,1.0,1.0,0.27894736842105283,1.0,1.0,0.7450628366247756,1.0,1.0,1.0,-0.024586051179126822,0.0,-0.0,0.0,-0.0,1.0,-0.024586051179126822,1.0,-0.024586051179126822,1.0,-0.024586051179126822,1.0,-0.024586051179126822
2025-02-28,38.63,38.73,37.06,37.08,69003266.0,2616304793.0,1789414570.0,0.038561922517485706,-0.04629629629629639,-0.0828592629235716,0.0,0.0,-0.07392607392607398,0.0,0.0,-0.05359877488514553,0.0,0.0,-0.042107982433479796,0.0,0.0,-0.02292490118577084,0.0,1.0,0.19266645223544554,1.0,1.0,0.650200267022697,1.0,1.0,0.0,-0.0006,0.0,-0.0,0.0,-0.0,0.0,-0.0006,1.0,-0.04629629629629639,1.0,-0.04629629629629639,1.0,-0.04629629629629639
2025-03-03,37.15,37.63,36.7,37.06,40867370.0,1526892680.0,1789414570.0,0.022838402394365215,-0.0005393743257819938,-0.087192118226601,0.0,0.0,-0.08016877637130793,0.0,0.0,-0.08267326732673264,0.0,0.0,-0.06673382019642404,0.0,0.0,-0.028825995807127747,0.0,0.0,0.2382225192114935,1.0,1.0,0.7165354330708662,1.0,1.0,0.0,-0.0,0.0,-0.0,0.0,-0.0,0.0,-0.0,0.0,-0.0006,1.0,-0.0005393743257819938,1.0,-0.0005393743257819938
2025-03-04,36.7,37.67,36.63,37.59,39461583.0,1479102853.0,1789414570.0,0.022052789589167142,0.014301133297355717,-0.05930930930930922,0.0,0.0,-0.03317901234567899,0.0,0.0,-0.026418026418026264,0.0,0.0,-0.06562266964951513,0.0,0.0,-0.030185758513931793,0.0,0.0,0.25383589059372924,1.0,1.0,0.8089509143407123,1.0,1.0,0.0,0.0,0.0,0.0,0.0,0.0,0.0,0.0,0.0,0.0,1.0,0.014301133297355717,1.0,0.014301133297355717
2025-03-05,37.59,37.97,37.2,37.51,29633866.0,1118877595.0,1789414570.0,0.016560648659522205,-0.0021282255919128357,-0.058956347215253446,0.0,0.0,-0.05872020075282314,0.0,0.0,-0.047244094488189003,0.0,0.0,-0.12216241516498949,0.0,0.0,-0.06154615961971477,0.0,0.0,0.21983739837398364,1.0,1.0,0.6685943060498218,1.0,1.0,0.0,-0.0,0.0,-0.0,0.0,-0.0,0.0,-0.0,0.0,-0.0,1.0,-0.0021282255919128357,1.0,-0.0021282255919128357
2025-03-06,37.77,38.25,37.69,38.17,45002504.0,1722173894.0,1789414570.0,0.02514928890961249,0.01759530791788877,-0.018261316872428046,0.0,0.0,-0.024284253578731985,0.0,0.0,-0.09227110582639708,0.0,0.0,-0.06054639428993358,0.0,0.0,-0.033915464439382315,0.0,0.0,0.17554665845395756,1.0,1.0,0.6381974248927038,1.0,1.0,0.0,0.0,0.0,0.0,0.0,0.0,0.0,0.0,0.0,0.0,1.0,0.01759530791788877,1.0,0.01759530791788877
2025-03-07,37.99,37.99,37.19,37.49,45007393.0,1698847286.0,1789414570.0,0.02515202108810369,-0.01781503798794859,0.011057173678532983,1.0,0.0,-0.07271827850605983,0.0,0.0,-0.10074358359318769,0.0,0.0,-0.013940031562335586,0.0,0.0,-0.04068577277379726,0.0,0.0,0.21484121840570336,1.0,1.0,0.5771981489272193,1.0,1.0,0.0,-0.0,0.0,-0.0,0.0,-0.0,0.0,-0.0,0.0,-0.0,1.0,-0.01781503798794859,1.0,-0.01781503798794859
2025-03-10,37.39,37.68,36.95,37.19,27826080.0,1040863216.0,1789414570.0,0.015550381933013991,-0.008002133902374031,0.0035078251484079725,1.0,1.0,-0.08399014778325131,0.0,0.0,-0.09951573849878936,0.0,0.0,0.02848451327433632,1.0,0.0,-0.048605781529803105,0.0,0.0,0.20590142671854728,1.0,1.0,0.5323444581788215,1.0,1.0,1.0,-0.008602133902374031,0.0,-0.0,0.0,-0.0,0.0,-0.0,0.0,-0.0,1.0,-0.008002133902374031,1.0,-0.008002133902374031
2025-03-11,36.73,37.37,36.61,37.24,23514608.0,876033162.0,1789414570.0,0.01314095033885859,0.0013444474321056,-0.009310986964618295,0.0,1.0,-0.06806806806806809,0.0,0.0,-0.0775328214020311,0.0,0.0,0.050197405527354855,1.0,1.0,-0.053380782918149516,0.0,0.0,0.2286374133949194,1.0,1.0,0.5568561872909699,1.0,1.0,1.0,0.0013444474321056,0.0,0.0,0.0,0.0,1.0,0.0007444474321056,0.0,0.0,1.0,0.0013444474321056,1.0,0.0013444474321056
2025-03-12,37.37,37.64,37.12,37.22,31145238.0,1169368560.0,1789414570.0,0.017405266796279635,-0.0005370569280344073,-0.007731271660890382,0.0,0.0,-0.06623181133968892,0.0,0.0,-0.09725927722532135,0.0,0.0,0.0016146393972014117,1.0,1.0,-0.031233732431025563,0.0,0.0,0.22919418758256271,1.0,1.0,0.5437577768560764,1.0,1.0,0.0,-0.0006,0.0,-0.0,0.0,-0.0,1.0,-0.0005370569280344073,0.0,-0.0,1.0,-0.0005370569280344073,1.0,-0.0005370569280344073
2025-03-13,37.14,37.19,36.34,36.53,33462668.0,1235406539.0,1789414570.0,0.01870034399015763,-0.018538420204191275,-0.04296567985328792,0.0,0.0,-0.060442386831275785,0.0,0.0,-0.08423163700175484,0.0,0.0,-0.006256800870511392,0.0,1.0,-0.047209181011998,0.0,0.0,0.23412162162162153,1.0,1.0,0.47476786435203877,1.0,1.0,0.0,-0.0,0.0,-0.0,0.0,-0.0,1.0,-0.018538420204191275,0.0,-0.0,1.0,-0.018538420204191275,1.0,-0.018538420204191275
2025-03-14,36.5,37.32,36.43,37.19,35415486.0,1318489685.0,1789414570.0,0.019791660688221625,0.018067341910758206,-0.008002133902374031,0.0,0.0,0.0029665587918015213,1.0,0.0,-0.07117882117882124,0.0,0.0,-0.00773745997865527,0.0,0.0,-0.02771241830065363,0.0,0.0,0.2710184552289814,1.0,1.0,0.49297470895222784,1.0,1.0,0.0,0.0,0.0,0.0,0.0,0.0,0.0,-0.0006,0.0,0.0,1.0,0.018067341910758206,1.0,0.018067341910758206
2025-03-17,37.41,37.48,36.92,37.11,24031759.0,899131118.0,1789414570.0,0.013429956033050519,-0.002151115891368627,-0.002151115891368627,0.0,0.0,0.001349163518618468,1.0,1.0,-0.07892777364110204,0.0,0.0,-0.06899147014550933,0.0,0.0,-0.0328381548084441,0.0,0.0,0.2609582059123343,1.0,1.0,0.4927594529364441,1.0,1.0,0.0,-0.0,1.0,-0.0027511158913686266,0.0,-0.0,0.0,-0.0,0.0,-0.0,1.0,-0.002151115891368627,1.0,-0.002151115891368627
2025-03-18,37.18,37.67,37.18,37.3,25760605.0,968631345.0,1789414570.0,0.01439610777283433,0.005119913769873197,0.0016111707841028888,1.0,0.0,-0.007714817770683835,0.0,1.0,-0.04063786008230463,0.0,0.0,-0.035677352637021764,0.0,0.0,-0.012966393225721129,0.0,0.0,0.2791495198902605,1.0,1.0,0.44238205723124513,1.0,1.0,0.0,0.0,1.0,0.005119913769873197,0.0,0.0,0.0,0.0,0.0,0.0,1.0,0.005119913769873197,1.0,0.005119913769873197
2025-03-19,37.29,37.29,36.84,36.96,21358982.0,794084808.0,1789414570.0,0.011936296014399838,-0.009115281501340333,-0.006985491671144484,0.0,1.0,-0.014662756598240345,0.0,0.0,-0.07252195734002509,0.0,0.0,-0.08446866485013615,0.0,0.0,-0.017804942864735662,0.0,0.0,0.2788927335640139,1.0,1.0,0.48553054662379425,1.0,1.0,1.0,-0.009715281501340333,0.0,-0.0006,0.0,-0.0,0.0,-0.0,0.0,-0.0,1.0,-0.009115281501340333,1.0,-0.009115281501340333
2025-03-20,36.97,37.07,36.77,36.8,20606993.0,764656766.0,1789414570.0,0.011516052984859736,-0.0043290043290044045,0.007391185327128236,1.0,0.0,-0.03589206182866134,0.0,0.0,-0.059304703476482645,0.0,0.0,-0.07467940658788041,0.0,0.0,-0.019451105782041123,0.0,0.0,0.2777777777777777,1.0,1.0,0.419205553413035,1.0,1.0,0.0,-0.0006,0.0,-0.0,0.0,-0.0,0.0,-0.0,0.0,-0.0,1.0,-0.0043290043290044045,1.0,-0.0043290043290044045
2025-03-21,36.71,36.83,35.9,36.06,31276901.0,1142045152.0,1789414570.0,0.01747884560926538,-0.02010869565217377,-0.030384511965582006,0.0,1.0,-0.03814350493464924,0.0,0.0,-0.10808805342567396,0.0,0.0,-0.09556057185854017,0.0,0.0,-0.0505529225908371,0.0,0.0,0.30510314875135736,1.0,1.0,0.36281179138322006,1.0,1.0,1.0,-0.02070869565217377,0.0,-0.0,0.0,-0.0,0.0,-0.0,0.0,-0.0,1.0,-0.02010869565217377,1.0,-0.02010869565217377
2025-03-24,36.05,36.42,35.33,36.4,28007676.0,1008210870.0,1789414570.0,0.015651865403107788,0.00942872989462007,-0.019132309350579413,0.0,0.0,-0.02124226942726537,0.0,0.0,-0.10344827586206906,0.0,0.0,-0.09385113268608425,0.0,0.0,-0.05821474773609314,0.0,0.0,0.31313131313131315,1.0,1.0,0.31645569620253156,1.0,1.0,0.0,-0.0006,0.0,0.0,0.0,0.0,0.0,0.0,0.0,0.0,1.0,0.00942872989462007,1.0,0.00942872989462007
2025-03-25,36.4,36.4,35.78,35.81,18953827.0,685503155.0,1789414570.0,0.01059219440691153,-0.01620879120879115,-0.03994638069705081,0.0,0.0,-0.03839957035445751,0.0,0.0,-0.10385385385385382,0.0,0.0,-0.13481517274704036,0.0,0.0,-0.09934607645875237,0.0,0.0,0.28351254480286747,1.0,1.0,0.17757316672147327,1.0,1.0,0.0,-0.0,0.0,-0.0,0.0,-0.0,0.0,-0.0,0.0,-0.0,1.0,-0.01620879120879115,1.0,-0.01620879120879115
2025-03-26,35.7,36.04,35.68,35.72,15049044.0,542290160.0,1789414570.0,0.008410037703001378,-0.002513264451270647,-0.03354978354978355,0.0,0.0,-0.040300913487372414,0.0,0.0,-0.10386352232814855,0.0,0.0,-0.13005358012664403,0.0,0.0,-0.07961865498582843,0.0,0.0,0.29232995658465977,1.0,1.0,0.24764233321690532,1.0,1.0,0.0,-0.0,0.0,-0.0,0.0,-0.0,0.0,-0.0,0.0,-0.0,1.0,-0.002513264451270647,1.0,-0.002513264451270647
2025-03-27,35.62,36.2,35.34,35.85,19578611.0,705405302.0,1789414570.0,0.010941349941059214,0.0036394176931691113,-0.025815217391304213,0.0,0.0,-0.0186148371201752,0.0,0.0,-0.07793209876543217,0.0,0.0,-0.11655988171513054,0.0,0.0,-0.08124038954382373,0.0,0.0,0.24306518723994452,1.0,1.0,0.3131868131868132,1.0,1.0,0.0,0.0,0.0,0.0,0.0,0.0,0.0,0.0,0.0,0.0,1.0,0.0036394176931691113,1.0,0.0036394176931691113
2025-03-28,35.9,36.04,35.68,35.7,15185811.0,547173821.0,1789414570.0,0.008486468845506271,-0.004184100418409997,-0.009983361064891838,0.0,0.0,-0.04006453347674088,0.0,0.0,-0.03721682847896424,0.0,0.0,-0.08882082695252669,0.0,0.0,-0.07775768535262206,0.0,0.0,0.20485993925075952,1.0,1.0,0.24217118997912324,1.0,1.0,0.0,-0.0,0.0,-0.0,0.0,-0.0,0.0,-0.0,0.0,-0.0,1.0,-0.004184100418409997,1.0,-0.004184100418409997
2025-03-31,35.65,35.89,34.24,34.82,32509962.0,1142840523.0,1789414570.0,0.01816793187282475,-0.024649859943977614,-0.04340659340659336,0.0,0.0,-0.06170843438426299,0.0,0.0,-0.0604425256341069,0.0,0.0,-0.13811881188118813,0.0,0.0,-0.12314278519264665,0.0,0.0,0.14351395730706074,1.0,1.0,0.22562478000703967,1.0,1.0,0.0,-0.0,0.0,-0.0,0.0,-0.0,0.0,-0.0,0.0,-0.0,1.0,-0.024649859943977614,1.0,-0.024649859943977614
2025-04-01,34.81,35.0,34.67,34.81,17271525.0,605260163.0,1789414570.0,0.009652053408730208,-0.0002871912693853673,-0.027925160569673313,0.0,0.0,-0.06675603217158166,0.0,0.0,-0.07395583931896788,0.0,0.0,-0.09842009842009836,0.0,0.0,-0.13472532935620174,0.0,0.0,0.08985597996242967,1.0,1.0,0.22011917280056092,1.0,1.0,0.0,-0.0,0.0,-0.0,0.0,-0.0,0.0,-0.0,0.0,-0.0,1.0,-0.0002871912693853673,1.0,-0.0002871912693853673
2025-04-02,34.82,35.12,34.74,35.03,15112534.0,531221262.0,1789414570.0,0.008445518580973664,0.006320022981901818,-0.019316909294512796,0.0,0.0,-0.052218614718614664,0.0,0.0,-0.06611570247933873,0.0,0.0,-0.11023622047244086,0.0,0.0,-0.18020126374912226,0.0,0.0,-0.002846569883290684,0.0,1.0,0.2364984115778328,1.0,1.0,0.0,0.0,0.0,0.0,0.0,0.0,0.0,0.0,0.0,0.0,1.0,0.006320022981901818,1.0,0.006320022981901818
2025-04-03,34.79,35.1,33.88,34.18,27634501.0,958376810.0,1789414570.0,0.01544331954332975,-0.024264915786468833,-0.046582984658298465,0.0,0.0,-0.071195652173913,0.0,0.0,-0.10453235525281634,0.0,0.0,-0.1871581450653983,0.0,0.0,-0.15874969234555758,0.0,0.0,-0.11542443064182195,0.0,0.0,0.23304473304473317,1.0,1.0,0.0,-0.0,0.0,-0.0,0.0,-0.0,0.0,-0.0,0.0,-0.0,0.0,-0.0006,1.0,-0.024264915786468833
2025-04-07,31.14,32.22,30.76,30.76,41439780.0,1293597632.0,1789414570.0,0.023158289138106213,-0.10005851375073138,-0.13837535014005609,0.0,0.0,-0.14697726012201884,0.0,0.0,-0.1795145372099226,0.0,0.0,-0.26217318301751014,0.0,0.0,-0.1909521304576539,0.0,0.0,-0.2128966223132036,0.0,0.0,0.10926794085827618,1.0,1.0,0.0,-0.0,0.0,-0.0,0.0,-0.0,0.0,-0.0,0.0,-0.0,0.0,-0.0,1.0,-0.10005851375073138
2025-04-08,30.76,31.12,28.92,29.83,73055334.0,2177802763.0,1789414570.0,0.04082638826395607,-0.03023407022106639,-0.14330844342331994,0.0,0.0,-0.18049450549450552,0.0,0.0,-0.19790266200591555,0.0,0.0,-0.2777239709443099,0.0,0.0,-0.17505530973451322,0.0,0.0,-0.21417281348788209,0.0,0.0,0.04703404703404712,1.0,1.0,0.0,-0.0,0.0,-0.0,0.0,-0.0,0.0,-0.0,0.0,-0.0,0.0,-0.0,1.0,-0.03023407022106639
2025-04-09,29.34,31.14,28.74,30.91,68987230.0,2107993061.0,1789414570.0,0.0385529609273272,0.03620516258799866,-0.11203677104280385,0.0,0.0,-0.13683328679139906,0.0,0.0,-0.16997851772287864,0.0,0.0,-0.2343324250681198,0.0,0.0,-0.12831359278059784,0.0,0.0,-0.14965612104539205,0.0,0.0,0.10392857142857137,1.0,1.0,0.0,0.0,0.0,0.0,0.0,0.0,0.0,0.0,0.0,0.0,0.0,0.0,1.0,0.03620516258799866
2025-04-10,31.82,32.79,31.42,31.78,59010878.0,1902402785.0,1789414570.0,0.032977756518434966,0.028146230993206123,-0.09277761918355698,0.0,0.0,-0.11030235162374014,0.0,0.0,-0.1461579795808704,0.0,0.0,-0.22920203735144307,0.0,0.0,-0.14477933261571574,0.0,0.0,-0.14638732205210836,0.0,0.0,0.10117810117810122,1.0,1.0,0.0,0.0,0.0,0.0,0.0,0.0,0.0,0.0,0.0,0.0,0.0,0.0,1.0,0.028146230993206123
2025-04-11,31.78,33.94,31.68,33.17,70133598.0,2316349873.0,1789414570.0,0.03919359950221038,0.04373820012586527,-0.029549444119367996,0.0,0.0,-0.07475592747559279,0.0,0.0,-0.09197919518204212,0.0,0.0,-0.16846327400350958,0.0,0.0,-0.0976605005440695,0.0,0.0,-0.11899070385126154,0.0,0.0,0.15253648366921468,1.0,1.0,0.0,0.0,0.0,0.0,0.0,0.0,0.0,0.0,0.0,0.0,0.0,0.0,1.0,0.04373820012586527
2025-04-14,34.21,34.21,32.92,33.17,48566543.0,1628151410.0,1789414570.0,0.027141023558336176,0.0,0.07834850455136544,1.0,0.0,-0.07086834733893566,0.0,0.0,-0.10809357354127447,0.0,0.0,-0.1715784215784215,0.0,0.0,-0.11499466382070422,0.0,0.0,-0.10278604273735459,0.0,0.0,0.18974175035868024,1.0,1.0,0.0,0.0,0.0,0.0,0.0,0.0,0.0,0.0,0.0,0.0,0.0,0.0,1.0,0.0
2025-04-15,32.97,33.06,32.48,32.67,24396093.0,801412073.0,1789414570.0,0.013633561170791182,-0.015073861923424747,0.0952061682869596,1.0,1.0,-0.0617461229178633,0.0,0.0,-0.1196443007275666,0.0,0.0,-0.18912881608339538,0.0,0.0,-0.18038133467134965,0.0,0.0,-0.1119869529763522,0.0,0.0,0.17222820236813785,1.0,1.0,1.0,-0.015673861923424747,0.0,-0.0,0.0,-0.0,0.0,-0.0,0.0,-0.0,0.0,-0.0,1.0,-0.015073861923424747
2025-04-16,32.69,32.89,32.02,32.67,27052313.0,880533126.0,1789414570.0,0.015117968442606343,0.0,0.05693950177935947,1.0,1.0,-0.06147658718758975,0.0,0.0,-0.12412868632707763,0.0,0.0,-0.1597222222222222,0.0,0.0,-0.15537745604963804,0.0,0.0,-0.17935192162773173,0.0,0.0,0.2163067758749071,1.0,1.0,1.0,0.0,0.0,0.0,0.0,0.0,0.0,0.0,0.0,0.0,0.0,0.0,1.0,0.0
2025-04-17,32.42,32.97,32.32,32.62,21627245.0,710844423.0,1789414570.0,0.012086212643278076,-0.0015304560759107355,0.026431718061673992,1.0,1.0,-0.06879817299457613,0.0,0.0,-0.11742424242424254,0.0,0.0,-0.18143036386449196,0.0,0.0,-0.1919742382957642,0.0,0.0,-0.1789579662723383,0.0,0.0,0.21083890126206373,1.0,1.0,1.0,-0.0015304560759107355,0.0,-0.0,0.0,-0.0,0.0,-0.0,0.0,-0.0,0.0,-0.0,1.0,-0.0015304560759107355
2025-04-18,32.42,32.68,32.16,32.62,16523801.0,538859907.0,1789414570.0,0.009234193840279282,0.0,-0.016581248115767333,0.0,1.0,-0.04564072557050913,0.0,0.0,-0.11358695652173911,0.0,0.0,-0.1661554192229039,0.0,0.0,-0.17978375660045276,0.0,0.0,-0.1584107327141383,0.0,0.0,0.26189555125725317,1.0,1.0,1.0,0.0,0.0,0.0,0.0,0.0,0.0,0.0,0.0,0.0,0.0,0.0,1.0,0.0
2025-04-21,32.62,33.0,32.45,32.97,18495558.0,610632297.0,1789414570.0,0.010336094446799995,0.010729613733905685,-0.00602954476937001,0.0,0.0,0.07184655396618966,1.0,0.0,-0.08569051580698839,0.0,0.0,-0.18451644818204305,0.0,0.0,-0.1730624529721595,0.0,0.0,-0.14252275682704818,0.0,0.0,0.26905311778290986,1.0,1.0,0.0,-0.0006,0.0,0.0,0.0,0.0,0.0,0.0,0.0,0.0,0.0,0.0,1.0,0.010729613733905685
2025-04-22,32.97,32.97,32.52,32.59,20290436.0,667081589.0,1789414570.0,0.01133914764089576,-0.011525629360024103,-0.0024487297214569326,0.0,0.0,0.09252430439155224,1.0,1.0,-0.10467032967032952,0.0,0.0,-0.1972906403940886,0.0,0.0,-0.18869803335822743,0.0,0.0,-0.15218522372528598,0.0,0.0,0.30621242484969957,1.0,1.0,0.0,-0.0,1.0,-0.012125629360024103,0.0,-0.0,0.0,-0.0,0.0,-0.0,0.0,-0.0,1.0,-0.011525629360024103
2025-04-23,32.75,33.07,32.62,32.93,23087384.0,762953734.0,1789414570.0,0.012902199628339899,0.010432648051549531,0.007958371594735114,1.0,0.0,0.06535101908767382,1.0,1.0,-0.08042446244065915,0.0,0.0,-0.17592592592592593,0.0,0.0,-0.20439719739067408,0.0,0.0,-0.15281708258296878,0.0,0.0,0.3083035359555024,1.0,1.0,0.0,0.0,1.0,0.010432648051549531,0.0,0.0,0.0,0.0,0.0,0.0,0.0,0.0,1.0,0.010432648051549531
2025-04-24,33.05,33.05,32.42,32.63,17623421.0,579243813.0,1789414570.0,0.009848707669793925,-0.009110233829334846,0.00030656039239751465,1.0,1.0,0.02674638137193197,1.0,1.0,-0.0865061590145576,0.0,0.0,-0.1813848469643753,0.0,0.0,-0.20530930345835363,0.0,0.0,-0.14826416079352644,0.0,0.0,0.2892137495061242,1.0,1.0,1.0,-0.009710233829334846,1.0,-0.009110233829334846,0.0,-0.0,0.0,-0.0,0.0,-0.0,0.0,-0.0,1.0,-0.009110233829334846
2025-04-25,32.65,33.05,32.52,32.82,19388698.0,640549329.0,1789414570.0,0.010835218582131026,0.005822862396567485,0.006131207847946074,1.0,1.0,-0.010551703346397434,0.0,1.0,-0.08451882845188285,0.0,0.0,-0.15586419753086422,0.0,0.0,-0.19122720551996053,0.0,0.0,-0.14553501692267634,0.0,0.0,0.28605015673981193,1.0,1.0,1.0,0.005822862396567485,1.0,0.005822862396567485,0.0,0.0,0.0,0.0,0.0,0.0,0.0,0.0,1.0,0.005822862396567485
2025-04-28,32.82,32.91,32.5,32.54,15020036.0,492546402.0,1789414570.0,0.008393826814543037,-0.008531383302864182,-0.013042159538974807,0.0,1.0,-0.018993066023515248,0.0,0.0,-0.08851540616246512,0.0,0.0,-0.12243797195253503,0.0,0.0,-0.16947422154160285,0.0,0.0,-0.14480946123521676,0.0,0.0,0.32870559412004896,1.0,1.0,1.0,-0.008531383302864182,0.0,-0.0006,0.0,-0.0,0.0,-0.0,0.0,-0.0,0.0,-0.0,1.0,-0.008531383302864182
2025-04-29,32.72,32.89,32.47,32.84,18541014.0,610254859.0,1789414570.0,0.010361497168316898,0.0092194222495392,0.007671064743786538,1.0,0.0,0.005203550658096079,1.0,0.0,-0.05686387133831128,0.0,0.0,-0.11386940097139775,0.0,0.0,-0.18712871287128696,0.0,0.0,-0.1727959697732997,0.0,0.0,0.29444225463145446,1.0,1.0,0.0,-0.0006,0.0,0.0,0.0,0.0,0.0,0.0,0.0,0.0,0.0,0.0,1.0,0.0092194222495392
2025-04-30,32.87,33.47,32.76,33.24,27866729.0,931978982.0,1789414570.0,0.015573098301082907,0.012180267965895109,0.009413908290312856,1.0,1.0,0.017447199265381075,1.0,1.0,-0.04510198218902617,0.0,0.0,-0.11572226656025542,0.0,0.0,-0.13908313908313907,0.0,0.0,-0.1339239187076603,0.0,0.0,0.31227793130675097,1.0,1.0,1.0,0.011580267965895109,1.0,0.011580267965895109,0.0,0.0,0.0,0.0,0.0,0.0,0.0,0.0,1.0,0.012180267965895109
2025-05-06,33.44,34.15,33.44,34.13,33288837.0,1134357000.0,1789414570.0,0.01860319992811951,0.026774969915764224,0.04596996628869143,1.0,1.0,0.04629061925199274,1.0,1.0,-0.025692263773907986,0.0,0.0,-0.09010930418555041,0.0,0.0,-0.13309626619253223,0.0,0.0,-0.11648977478643541,0.0,0.0,0.40279490341142643,1.0,1.0,1.0,0.026774969915764224,1.0,0.026774969915764224,0.0,0.0,0.0,0.0,0.0,0.0,0.0,0.0,1.0,0.026774969915764224
2025-05-07,34.81,34.83,33.67,34.04,33681437.0,1153833562.0,1789414570.0,0.018822601293561614,-0.0026369762672137087,0.03717245581962225,1.0,1.0,0.04353157572041688,1.0,1.0,-0.0040959625511995945,0.0,0.0,-0.10820015719151177,0.0,0.0,-0.190487514863258,0.0,0.0,-0.16650342801175322,0.0,0.0,0.42725366876310256,1.0,1.0,1.0,-0.0026369762672137087,1.0,-0.0026369762672137087,0.0,-0.0,0.0,-0.0,0.0,-0.0,0.0,-0.0,1.0,-0.0026369762672137087
2025-05-08,33.83,34.14,33.76,34.08,20321515.0,695345675.0,1789414570.0,0.011356515891116277,0.001175088131609936,0.04732636754763364,1.0,1.0,0.033666969972702354,1.0,1.0,0.107932379713914,1.0,0.0,-0.09095758869031756,0.0,0.0,-0.18253777884384748,0.0,0.0,-0.21329639889196683,0.0,0.0,0.4620334620334621,1.0,1.0,1.0,0.001175088131609936,1.0,0.001175088131609936,0.0,0.0,0.0,0.0,0.0,0.0,0.0,0.0,1.0,0.001175088131609936
2025-05-09,34.08,34.08,33.33,33.5,19535161.0,659340520.0,1789414570.0,0.01091706825657511,-0.017018779342723,0.020097442143726996,1.0,1.0,0.02792267566738249,1.0,1.0,0.12303050620181022,1.0,1.0,-0.09922022048937884,0.0,0.0,-0.18886198547215494,0.0,0.0,-0.23147510896994727,0.0,0.0,0.3860157219693834,1.0,1.0,1.0,-0.017018779342723,1.0,-0.017018779342723,1.0,-0.017618779342723,0.0,-0.0,0.0,-0.0,0.0,-0.0,1.0,-0.017018779342723
2025-05-12,33.81,34.06,33.79,33.96,21762942.0,742030196.0,1789414570.0,0.012162045824853208,0.013731343283582165,0.02166064981949445,1.0,1.0,0.031278469480716664,1.0,1.0,0.09867356842445818,1.0,1.0,-0.08807733619763702,0.0,0.0,-0.1587812732226901,0.0,0.0,-0.2169702559372838,0.0,0.0,0.40912863070539407,1.0,1.0,1.0,0.013731343283582165,1.0,0.013731343283582165,1.0,0.013731343283582165,0.0,0.0,0.0,0.0,0.0,0.0,1.0,0.013731343283582165
2025-05-13,34.41,34.41,33.76,33.88,20775851.0,710294791.0,1789414570.0,0.011610417925679458,-0.002355712603062332,-0.0073249340755933146,0.0,1.0,0.03830830524057616,1.0,1.0,0.06607929515418509,1.0,1.0,-0.08973670069854911,0.0,0.0,-0.17826825127334456,0.0,0.0,-0.2680924605746381,0.0,0.0,0.35791583166332686,1.0,1.0,1.0,-0.002355712603062332,1.0,-0.002355712603062332,1.0,-0.002355712603062332,0.0,-0.0,0.0,-0.0,0.0,-0.0,1.0,-0.002355712603062332
2025-05-14,33.84,34.15,33.78,34.04,19153032.0,654354159.0,1789414570.0,0.010703518525614776,0.0047225501770955525,0.0,0.0,0.0,0.03717245581962225,1.0,1.0,0.026228519746759105,1.0,1.0,-0.06816315357240632,0.0,0.0,-0.14665329656555526,0.0,0.0,-0.2574171029668413,0.0,0.0,0.3107431651906045,1.0,1.0,0.0,-0.0006,1.0,0.0047225501770955525,1.0,0.0047225501770955525,0.0,0.0,0.0,0.0,0.0,0.0,1.0,0.0047225501770955525
2025-05-15,34.16,34.16,33.24,33.28,21190090.0,716145836.0,1789414570.0,0.01184191207295244,-0.02232667450058745,-0.023474178403755763,0.0,0.0,0.022741241548863034,1.0,1.0,0.0033162496231533556,1.0,1.0,-0.10513578919064259,0.0,0.0,-0.16883116883116878,0.0,0.0,-0.2451803129961443,0.0,0.0,0.3025440313111547,1.0,1.0,0.0,-0.0,1.0,-0.02232667450058745,1.0,-0.02232667450058745,0.0,-0.0,0.0,-0.0,0.0,-0.0,1.0,-0.02232667450058745
2025-05-16,33.41,33.64,33.19,33.49,13870500.0,467410203.0,1789414570.0,0.007751417828234181,0.006310096153846256,-0.00029850746268655914,0.0,0.0,0.01979293544457983,1.0,1.0,0.025099479644934197,1.0,1.0,-0.09754783077337636,0.0,0.0,-0.16877637130801681,0.0,0.0,-0.2184364060676779,0.0,0.0,0.26616257088846895,1.0,1.0,0.0,0.0,1.0,0.006310096153846256,1.0,0.006310096153846256,0.0,0.0,0.0,0.0,0.0,0.0,1.0,0.006310096153846256
2025-05-19,33.31,33.56,32.73,33.27,18411103.0,613144629.0,1789414570.0,0.010288897446498382,-0.006569125111973717,-0.02031802120141335,0.0,0.0,0.0009025270758122872,1.0,1.0,0.018365472910927494,1.0,1.0,-0.10804289544235912,0.0,0.0,-0.14429012345679015,0.0,0.0,-0.22537834691501746,0.0,0.0,0.25832072617246604,1.0,1.0,0.0,-0.0,1.0,-0.006569125111973717,1.0,-0.006569125111973717,0.0,-0.0,0.0,-0.0,0.0,-0.0,1.0,-0.006569125111973717
2025-05-20,33.31,33.4,33.12,33.16,16244582.0,542926938.0,1789414570.0,0.009078154538553913,-0.003306281935677946,-0.02125147579693054,0.0,0.0,-0.028420744213302207,0.0,1.0,0.016554261189454245,1.0,1.0,-0.10281385281385291,0.0,0.0,-0.16787954830614815,0.0,0.0,-0.1818406118924255,0.0,0.0,0.2768579129765112,1.0,1.0,0.0,-0.0,1.0,-0.003306281935677946,1.0,-0.003306281935677946,0.0,-0.0,0.0,-0.0,0.0,-0.0,1.0,-0.003306281935677946
2025-05-21,33.17,33.17,32.82,32.89,14570379.0,482150105.0,1789414570.0,0.00814253960165307,-0.008142340168878048,-0.03378378378378377,0.0,0.0,-0.03378378378378377,0.0,0.0,0.008277130594727344,1.0,1.0,-0.10624999999999996,0.0,0.0,-0.15925357873210622,0.0,0.0,-0.21221556886227544,0.0,0.0,0.24394856278366106,1.0,1.0,0.0,-0.0,0.0,-0.0006,1.0,-0.008142340168878048,0.0,-0.0,0.0,-0.0,0.0,-0.0,1.0,-0.008142340168878048
2025-05-22,32.89,33.26,32.64,32.71,16736358.0,553970589.0,1789414570.0,0.009352979617238726,-0.00547278808148377,-0.017127403846153855,0.0,0.0,-0.04019953051643188,0.0,0.0,-0.007885956930542837,0.0,1.0,-0.09290072102052138,0.0,0.0,-0.19094731634924555,0.0,0.0,-0.209903381642512,0.0,0.0,0.2580769230769231,1.0,1.0,0.0,-0.0,0.0,-0.0,1.0,-0.00547278808148377,0.0,-0.0,0.0,-0.0,0.0,-0.0,1.0,-0.00547278808148377
2025-05-23,32.71,33.43,32.42,32.45,21606167.0,714889672.0,1789414570.0,0.01207443337180383,-0.007948639559767545,-0.031054045983875733,0.0,0.0,-0.03134328358208949,0.0,0.0,-0.004295796256520434,0.0,0.0,-0.10851648351648335,0.0,0.0,-0.20073891625615758,0.0,0.0,-0.205046545810877,0.0,0.0,0.26412154265679777,1.0,1.0,0.0,-0.0,0.0,-0.0,0.0,-0.0006,0.0,-0.0,0.0,-0.0,0.0,-0.0,1.0,-0.007948639559767545
2025-05-26,32.52,32.77,32.42,32.61,13996750.0,458338351.0,1789414570.0,0.00782197162952574,0.004930662557781185,-0.019837691614066788,0.0,0.0,-0.039752650176678506,0.0,0.0,-0.009717582751290643,0.0,0.0,-0.08936051382295451,0.0,0.0,-0.18393393393393398,0.0,0.0,-0.15736434108527142,0.0,0.0,0.26788491446345253,1.0,1.0,0.0,0.0,0.0,0.0,0.0,0.0,0.0,0.0,0.0,0.0,0.0,0.0,1.0,0.004930662557781185
2025-05-27,32.52,32.52,32.12,32.17,12079122.0,392181339.0,1789414570.0,0.006750320581104914,-0.013492793621588395,-0.02985524728588651,0.0,0.0,-0.05047225501770958,0.0,0.0,-0.014097456328532099,0.0,0.0,-0.0993840985442328,0.0,0.0,-0.19292523833416952,0.0,0.0,-0.14236203679018922,0.0,0.0,0.23826020015396465,1.0,1.0,0.0,-0.0,0.0,-0.0,0.0,-0.0,0.0,-0.0,0.0,-0.0,0.0,-0.0,1.0,-0.013492793621588395
2025-05-28,32.32,32.32,31.84,31.88,11266254.0,362349082.0,1789414570.0,0.006296055810029534,-0.009014609884986147,-0.03070842201276991,0.0,0.0,-0.06345475910693299,0.0,0.0,-0.02864107251675807,0.0,0.0,-0.11073919107391916,0.0,0.0,-0.18004115226337458,0.0,0.0,-0.14668094218415417,0.0,0.0,0.24482623975009754,1.0,1.0,0.0,-0.0,0.0,-0.0,0.0,-0.0,0.0,-0.0,0.0,-0.0,0.0,-0.0,1.0,-0.009014609884986147
2025-05-29,31.89,32.52,31.88,32.51,17938521.0,582843164.0,1789414570.0,0.010024798780977848,0.0197616060225847,-0.0061143381228983,0.0,0.0,-0.023137019230769273,0.0,0.0,-0.0009219422249538978,0.0,0.0,-0.0893557422969189,0.0,0.0,-0.12324703344120824,0.0,0.0,-0.14334650856389997,0.0,0.0,0.263014763014763,1.0,1.0,0.0,0.0,0.0,0.0,0.0,0.0,0.0,0.0,0.0,0.0,0.0,0.0,1.0,0.0197616060225847
2025-05-30,32.35,32.36,31.96,31.98,12569677.0,405347080.0,1789414570.0,0.007024463313719414,-0.016302676099661517,-0.014483821263482355,0.0,0.0,-0.045088085995819704,0.0,0.0,-0.026187576126674883,0.0,0.0,-0.08156232050545664,0.0,0.0,-0.1370750134916352,0.0,0.0,-0.1619496855345911,0.0,0.0,0.23570324574961377,1.0,1.0,0.0,-0.0,0.0,-0.0,0.0,-0.0,0.0,-0.0,0.0,-0.0,0.0,-0.0,1.0,-0.016302676099661517
2025-06-03,31.82,32.22,31.74,31.85,15024638.0,482383024.0,1789414570.0,0.008396398605382988,-0.004065040650406471,-0.023305734437289116,0.0,0.0,-0.04268109407874965,0.0,0.0,-0.041817087845968715,0.0,0.0,-0.08503303648376903,0.0,0.0,-0.15270018621973935,0.0,0.0,-0.17827657378740958,0.0,0.0,0.24074795481106337,1.0,1.0,0.0,-0.0,0.0,-0.0,0.0,-0.0,0.0,-0.0,0.0,-0.0,0.0,-0.0,1.0,-0.004065040650406471
2025-06-04,31.91,32.36,31.85,32.25,15791681.0,511079319.0,1789414570.0,0.008825054442246997,0.012558869701726705,0.0024867889337891746,1.0,0.0,-0.027442702050663348,0.0,0.0,-0.05508350424846187,0.0,0.0,-0.07936054810162718,0.0,0.0,-0.14022927219408154,0.0,0.0,-0.193144858643983,0.0,0.0,0.25,1.0,1.0,0.0,0.0,0.0,0.0,0.0,0.0,0.0,0.0,0.0,0.0,0.0,0.0,1.0,0.012558869701726705
2025-06-05,32.25,32.89,32.13,32.84,20644791.0,676715167.0,1789414570.0,0.01153717609441394,0.018294573643411027,0.03011292346298644,1.0,1.0,-0.0015202189115232079,0.0,0.0,-0.03525264394829597,0.0,0.0,-0.0392042129900525,0.0,0.0,-0.13963845952318565,0.0,0.0,-0.16881802075423935,0.0,0.0,0.3047278506158124,1.0,1.0,1.0,0.017694573643411027,0.0,0.0,0.0,0.0,0.0,0.0,0.0,0.0,0.0,0.0,1.0,0.018294573643411027
2025-06-06,32.87,32.95,32.64,32.76,14570611.0,480520795.0,1789414570.0,0.008142669252994849,-0.0024360535931792215,0.007689941556444202,1.0,1.0,0.0015285845307244639,1.0,0.0,-0.03873239436619724,0.0,0.0,0.06501950585175531,1.0,0.0,-0.12616697786076292,0.0,0.0,-0.1617195496417605,0.0,0.0,0.3470394736842104,1.0,1.0,1.0,-0.0024360535931792215,0.0,-0.0,0.0,-0.0,0.0,-0.0,0.0,-0.0,0.0,-0.0,1.0,-0.0024360535931792215
2025-06-09,32.76,32.98,32.72,32.78,14918634.0,492560497.0,1789414570.0,0.008337159119029639,0.0006105006105006083,0.025015634771732298,1.0,1.0,0.010169491525423568,1.0,1.0,-0.021492537313432813,0.0,0.0,0.09889373114314459,1.0,1.0,-0.1185802635116966,0.0,0.0,-0.16142235865950372,0.0,0.0,0.31593737454837423,1.0,1.0,1.0,0.0006105006105006083,1.0,1.0500610500608384e-05,0.0,0.0,1.0,1.0500610500608384e-05,0.0,0.0,0.0,0.0,1.0,0.0006105006105006083
2025-06-10,32.82,32.83,32.01,32.2,18506593.0,602500617.0,1789414570.0,0.01034226126816437,-0.017693715680292765,0.01098901098901095,1.0,1.0,-0.012572830420116476,0.0,1.0,-0.051825677267373305,0.0,0.0,0.04173406664509871,1.0,1.0,-0.13533834586466165,0.0,0.0,-0.18149466192170816,0.0,0.0,0.29161652627356616,1.0,1.0,1.0,-0.017693715680292765,1.0,-0.017693715680292765,0.0,-0.0,1.0,-0.017693715680292765,0.0,-0.0,0.0,-0.0,1.0,-0.017693715680292765
2025-06-11,32.18,32.42,31.93,32.12,21046639.0,681577849.0,1789414570.0,0.011761745630583527,-0.002484472049689601,-0.004031007751938098,0.0,1.0,-0.0015542430836184007,0.0,0.0,-0.051948051948052076,0.0,0.0,0.01069855254877261,1.0,1.0,-0.13702310585706612,0.0,0.0,-0.16397709526288407,0.0,0.0,0.28531412565026004,1.0,1.0,1.0,-0.002484472049689601,0.0,-0.0006,0.0,-0.0,1.0,-0.002484472049689601,0.0,-0.0,0.0,-0.0,1.0,-0.002484472049689601
2025-06-12,32.12,32.38,31.87,31.94,18440943.0,593563357.0,1789414570.0,0.010305573291492759,-0.005603985056039762,-0.027405602923264327,0.0,0.0,0.0018820577164366803,1.0,0.0,-0.0616921269095182,0.0,0.0,-0.037081700331624945,0.0,1.0,-0.12565015056118256,0.0,0.0,-0.16692749087115288,0.0,0.0,0.2355899419729206,1.0,1.0,0.0,-0.0006,0.0,-0.0,0.0,-0.0,1.0,-0.005603985056039762,0.0,-0.0,0.0,-0.0,1.0,-0.005603985056039762
2025-06-13,31.83,32.47,31.72,31.72,23010589.0,738811899.0,1789414570.0,0.012859283357684966,-0.006887914840325693,-0.031746031746031744,0.0,0.0,-0.02430021531836357,0.0,1.0,-0.04687500000000011,0.0,0.0,-0.04371419957793199,0.0,0.0,-0.1470825490723312,0.0,0.0,-0.17071895424836603,0.0,0.0,0.23232323232323226,1.0,1.0,0.0,-0.0,1.0,-0.007487914840325693,0.0,-0.0,0.0,-0.0006,0.0,-0.0,0.0,-0.0,1.0,-0.006887914840325693
2025-06-16,31.53,32.11,31.48,31.76,18182949.0,582610436.0,1789414570.0,0.01016139541101423,0.0012610340479193294,-0.031116534472239166,0.0,0.0,-0.0068792995622263264,0.0,0.0,-0.05165721110779342,0.0,0.0,-0.027854300581573344,0.0,0.0,-0.14416599299380217,0.0,0.0,-0.17227000260620262,0.0,0.0,0.19353626456219475,1.0,1.0,0.0,0.0,0.0,-0.0006,0.0,0.0,0.0,0.0,0.0,0.0,0.0,0.0,1.0,0.0012610340479193294
2025-06-17,31.77,32.04,31.64,31.71,15882778.0,507384091.0,1789414570.0,0.008875963271049035,-0.0015743073047859157,-0.01521739130434785,0.0,0.0,-0.00439560439560438,0.0,0.0,-0.04688908926961233,0.0,0.0,-0.029384756657483968,0.0,0.0,-0.1498659517426273,0.0,0.0,-0.1608891241069066,0.0,0.0,0.19120961682945148,1.0,1.0,0.0,-0.0,0.0,-0.0,0.0,-0.0,0.0,-0.0,0.0,-0.0,0.0,-0.0,1.0,-0.0015743073047859157
2025-06-18,31.62,32.37,31.58,32.13,23331727.0,750460878.0,1789414570.0,0.013038748756807094,0.013245033112582849,0.0003113325031134373,1.0,0.0,-0.0037209302325580396,0.0,0.0,-0.031061519903498036,0.0,0.0,-0.01502145922746767,0.0,0.0,-0.13068181818181812,0.0,0.0,-0.14615997874036668,0.0,0.0,0.1908821349147518,1.0,1.0,0.0,0.0,0.0,0.0,0.0,0.0,0.0,0.0,0.0,0.0,0.0,0.0,1.0,0.013245033112582849
2025-06-19,32.02,32.28,31.65,31.77,20035665.0,644590100.0,1789414570.0,0.01119677090815238,-0.011204481792717158,-0.005322479649342515,0.0,1.0,-0.03258221680876994,0.0,0.0,-0.03405290361812108,0.0,0.0,-0.02605763335377065,0.0,0.0,-0.13668478260869554,0.0,0.0,-0.1534772182254197,0.0,0.0,0.14651750270660413,1.0,1.0,1.0,-0.011804481792717158,0.0,-0.0,0.0,-0.0,0.0,-0.0,0.0,-0.0,0.0,-0.0,1.0,-0.011204481792717158
2025-06-20,31.74,32.07,31.44,31.48,15618657.0,496099964.0,1789414570.0,0.00872836136569515,-0.009128108278249947,-0.007566204287515754,0.0,0.0,-0.039072039072039044,0.0,0.0,-0.03760317945582392,0.0,0.0,-0.04519259933272668,0.0,0.0,-0.12701053799223516,0.0,0.0,-0.17114270668773035,0.0,0.0,0.14431115957833507,1.0,1.0,0.0,-0.0006,0.0,-0.0,0.0,-0.0,0.0,-0.0,0.0,-0.0,0.0,-0.0,1.0,-0.009128108278249947
2025-06-23,31.32,32.61,31.14,32.44,41098350.0,1330342130.0,1789414570.0,0.022967483717314316,0.030495552731893083,0.021410579345088054,1.0,0.0,-0.010372178157413203,0.0,0.0,-0.0003081664098615322,0.0,0.0,-0.004602638846271989,0.0,0.0,-0.10879120879120885,0.0,0.0,-0.16067270375161713,0.0,0.0,0.1430584918957012,1.0,1.0,0.0,0.0,0.0,0.0,0.0,0.0,0.0,0.0,0.0,0.0,0.0,0.0,1.0,0.030495552731893083
2025-06-24,32.49,32.91,32.43,32.84,28530675.0,935264859.0,1789414570.0,0.01594413920525974,0.01233045622688067,0.035635446231472745,1.0,1.0,0.019875776397515477,1.0,0.0,0.007053051211284966,1.0,0.0,-0.0027330701488004205,0.0,0.0,-0.08293772689192958,0.0,0.0,-0.17404426559356123,0.0,0.0,0.14865337530605127,1.0,1.0,1.0,0.01173045622688067,0.0,0.0,0.0,0.0,0.0,0.0,0.0,0.0,0.0,0.0,1.0,0.01233045622688067
2025-06-25,32.91,33.24,32.66,33.16,35670096.0,1179255618.0,1789414570.0,0.019933947447404544,0.009744214372715998,0.03205726735138481,1.0,1.0,0.03237858032378571,1.0,1.0,0.030774013055641758,1.0,1.0,0.016242721422004003,1.0,0.0,-0.07166853303471454,0.0,0.0,-0.14558103581551163,0.0,0.0,0.14859715968133003,1.0,1.0,1.0,0.009744214372715998,1.0,0.009144214372715998,1.0,0.009144214372715998,0.0,0.0,0.0,0.0,0.0,0.0,1.0,0.009744214372715998
2025-06-26,33.25,33.34,32.87,32.9,26210900.0,869151212.0,1789414570.0,0.01464775152691419,-0.007840772014475195,0.03556814604973235,1.0,1.0,0.030056355666875367,1.0,1.0,0.0319949811794229,1.0,1.0,0.0024375380865324647,1.0,1.0,-0.08228730822873087,0.0,0.0,-0.15684264479753984,0.0,0.0,0.14236111111111094,1.0,1.0,1.0,-0.007840772014475195,1.0,-0.007840772014475195,1.0,-0.007840772014475195,1.0,-0.008440772014475195,0.0,-0.0,0.0,-0.0,1.0,-0.007840772014475195
2025-06-27,33.28,34.02,32.94,33.54,46409194.0,1558093104.0,1789414570.0,0.025935406349127915,0.019452887537994012,0.06543837357052085,1.0,1.0,0.05737704918032782,1.0,1.0,0.03168255921255003,1.0,1.0,0.03073140749846348,1.0,1.0,-0.06050420168067239,0.0,0.0,-0.1335572203564971,0.0,0.0,0.08158658497258942,1.0,1.0,1.0,0.019452887537994012,1.0,0.019452887537994012,1.0,0.019452887537994012,1.0,0.019452887537994012,0.0,0.0,0.0,0.0,1.0,0.019452887537994012
2025-06-30,33.72,33.94,33.51,33.63,30024016.0,1013129804.0,1789414570.0,0.01677868086208776,0.0026833631484795006,0.03668310727496937,1.0,1.0,0.05887909319899243,1.0,1.0,0.05159474671669795,1.0,1.0,0.02405602923264305,1.0,1.0,-0.03417576105686382,0.0,0.0,-0.15311004784688986,0.0,0.0,0.08030838419531006,1.0,1.0,1.0,0.0026833631484795006,1.0,0.0026833631484795006,1.0,0.0026833631484795006,1.0,0.0026833631484795006,0.0,0.0,0.0,0.0,1.0,0.0026833631484795006
2025-07-01,33.64,34.32,33.31,33.91,39286790.0,1333734927.0,1789414570.0,0.02195510792113423,0.0083258994944988,0.03258221680876949,1.0,1.0,0.0693787448754335,1.0,1.0,0.06467817896389305,1.0,1.0,0.020156438026474044,1.0,1.0,-0.02585463947141642,0.0,0.0,-0.1570966940094457,0.0,0.0,0.07753415951700027,1.0,1.0,1.0,0.0083258994944988,1.0,0.0083258994944988,1.0,0.0083258994944988,1.0,0.0083258994944988,0.0,0.0,0.0,0.0,1.0,0.0083258994944988
2025-07-02,33.76,33.76,33.17,33.25,26212329.0,875886910.0,1789414570.0,0.014648550112118512,-0.01946328516661744,0.002714113389626238,1.0,1.0,0.034858387799564294,1.0,1.0,0.03100775193798455,1.0,1.0,-0.02578376794608861,0.0,1.0,-0.050813588352840444,0.0,0.0,-0.22185817926515328,0.0,0.0,0.07919506653683883,1.0,1.0,1.0,-0.01946328516661744,1.0,-0.01946328516661744,1.0,-0.01946328516661744,1.0,-0.01946328516661744,0.0,-0.0,0.0,-0.0,1.0,-0.01946328516661744
2025-07-03,33.27,33.59,33.17,33.47,21316115.0,712586470.0,1789414570.0,0.011912340134796152,0.006616541353383409,0.01732522796352587,1.0,1.0,0.05350960025180984,1.0,1.0,0.01918392204628483,1.0,1.0,-0.0167450058754407,0.0,0.0,-0.02077238150965477,0.0,0.0,-0.17622446468127007,0.0,0.0,0.08916368369671335,1.0,1.0,1.0,0.006616541353383409,1.0,0.006616541353383409,1.0,0.006616541353383409,0.0,-0.0006,0.0,0.0,0.0,0.0,1.0,0.006616541353383409
2025-07-04,33.44,33.59,33.04,33.17,20300143.0,676363723.0,1789414570.0,0.011344572320096846,-0.008963250672243683,-0.011031604054859812,0.0,1.0,0.05368487928843724,1.0,1.0,0.012515262515262693,1.0,1.0,-0.026701877934272256,0.0,0.0,0.07834850455136544,1.0,0.0,-0.12756443976854293,0.0,0.0,0.07975260416666674,1.0,1.0,1.0,-0.008963250672243683,1.0,-0.008963250672243683,1.0,-0.008963250672243683,0.0,-0.0,0.0,-0.0,0.0,-0.0,1.0,-0.008963250672243683
2025-07-07,33.09,33.26,32.82,32.89,15458230.0,510490749.0,1789414570.0,0.008638708021696728,-0.008441362677117925,-0.022004162949747275,0.0,0.0,0.013871763255240532,1.0,1.0,0.003355704697986628,1.0,1.0,-0.018208955223880552,0.0,0.0,0.10258129399932958,1.0,1.0,-0.09043141592920345,0.0,0.0,0.1059179556153329,1.0,1.0,0.0,-0.0006,1.0,-0.008441362677117925,1.0,-0.008441362677117925,0.0,-0.0,1.0,-0.009041362677117925,0.0,-0.0,1.0,-0.008441362677117925
2025-07-08,32.99,33.54,32.95,33.49,24446618.0,818037521.0,1789414570.0,0.013661796662357567,0.01824262693827916,-0.012385726924211027,0.0,0.0,0.01979293544457983,1.0,1.0,0.040062111801242306,1.0,1.0,-0.013839811542991742,0.0,0.0,0.08346813329019742,1.0,1.0,-0.05555555555555547,0.0,0.0,0.07823567289117839,1.0,1.0,0.0,0.0,1.0,0.01824262693827916,1.0,0.01824262693827916,0.0,0.0,1.0,0.01824262693827916,0.0,0.0,1.0,0.01824262693827916
2025-07-09,33.49,33.58,33.04,33.12,19428706.0,647986717.0,1789414570.0,0.010857576732484078,-0.011048074051955958,-0.0039097744360903075,0.0,0.0,-0.0012062726176115257,0.0,1.0,0.031133250311332406,1.0,1.0,-0.02243211334120443,0.0,0.0,0.04216488357457515,1.0,1.0,-0.10871905274488691,0.0,0.0,0.05950095969289815,1.0,1.0,0.0,-0.0,1.0,-0.011048074051955958,1.0,-0.011048074051955958,0.0,-0.0,1.0,-0.011048074051955958,0.0,-0.0,1.0,-0.011048074051955958
2025-07-10,33.13,33.29,32.97,33.02,20641001.0,684172081.0,1789414570.0,0.011535058083270218,-0.003019323671497376,-0.013444876008365525,0.0,0.0,0.0036474164133739606,1.0,0.0,0.033813400125234816,1.0,1.0,-0.02996474735605159,0.0,0.0,-0.004522158577027424,0.0,1.0,-0.10174102285092479,0.0,0.0,0.04725658103393604,1.0,1.0,0.0,-0.0,0.0,-0.0006,1.0,-0.003019323671497376,0.0,-0.0,1.0,-0.003019323671497376,0.0,-0.0,1.0,-0.003019323671497376
2025-07-11,33.03,33.64,32.94,33.45,31462010.0,1052944334.0,1789414570.0,0.01758229229127155,0.01302241066020593,0.008441362677117814,1.0,0.0,-0.0026833631484792786,0.0,1.0,0.0545397225725095,1.0,1.0,0.005108173076923128,1.0,0.0,0.008441362677117814,1.0,0.0,-0.1075240128068301,0.0,0.0,0.0721153846153848,1.0,1.0,0.0,0.0,1.0,0.01242241066020593,1.0,0.01302241066020593,0.0,0.0,0.0,-0.0006,0.0,0.0,1.0,0.01302241066020593
2025-07-14,33.53,33.64,33.34,33.34,18902230.0,633136938.0,1789414570.0,0.010563359836731406,-0.003288490284005907,0.013681970203709426,1.0,1.0,-0.008623253047873924,0.0,0.0,0.049748110831234316,1.0,1.0,-0.004478948939982019,0.0,1.0,0.020508111417202324,1.0,1.0,-0.163572503763171,0.0,0.0,0.09168303863785221,1.0,1.0,1.0,-0.003888490284005907,0.0,-0.0006,1.0,-0.003288490284005907,1.0,-0.003888490284005907,1.0,-0.003888490284005907,0.0,-0.0,1.0,-0.003288490284005907
2025-07-15,33.34,33.65,33.19,33.58,27976977.0,937076905.0,1789414570.0,0.015634709512843632,0.007198560287942302,0.002687369363989056,1.0,1.0,-0.00973164258330872,0.0,0.0,0.05897193314411853,1.0,1.0,0.00931770363691009,1.0,0.0,0.027854300581573233,1.0,1.0,-0.13185108583247163,0.0,0.0,0.042857142857142705,1.0,1.0,1.0,0.007198560287942302,0.0,0.0,1.0,0.007198560287942302,0.0,-0.0006,1.0,0.007198560287942302,0.0,0.0,1.0,0.007198560287942302
2025-07-16,33.54,34.08,33.44,33.53,30670399.0,1036286461.0,1789414570.0,0.017139906824386705,-0.0014889815366289083,0.012379227053140207,1.0,1.0,0.008421052631578885,1.0,0.0,0.04357298474945526,1.0,1.0,0.011158021712907251,1.0,1.0,0.027896995708154515,1.0,1.0,-0.1694327470894228,0.0,0.0,0.0587306599305335,1.0,1.0,1.0,-0.0014889815366289083,0.0,-0.0,1.0,-0.0014889815366289083,1.0,-0.002088981536628908,1.0,-0.0014889815366289083,0.0,-0.0,1.0,-0.0014889815366289083
2025-07-17,33.44,34.02,33.27,33.9,40208799.0,1359935671.0,1789414570.0,0.022470365265886933,0.011034894124664296,0.026650514839491102,1.0,1.0,0.012847325963549538,1.0,1.0,0.06704438149197345,1.0,1.0,0.030708422012769798,1.0,1.0,0.039239730226854785,1.0,1.0,-0.14759869248177027,0.0,0.0,0.08375959079283879,1.0,1.0,1.0,0.011034894124664296,1.0,0.010434894124664296,1.0,0.011034894124664296,1.0,0.011034894124664296,1.0,0.011034894124664296,0.0,0.0,1.0,0.011034894124664296
2025-07-18,34.03,34.13,33.74,33.87,28219169.0,958470367.0,1789414570.0,0.01577005657218942,-0.0008849557522123686,0.01255605381165914,1.0,1.0,0.021103406692794646,1.0,1.0,0.07592121982210909,1.0,1.0,0.03546316111280934,1.0,1.0,0.02729754322111,1.0,1.0,-0.15048908954100826,0.0,0.0,0.09082125603864721,1.0,1.0,1.0,-0.0008849557522123686,1.0,-0.0008849557522123686,1.0,-0.0008849557522123686,1.0,-0.0008849557522123686,1.0,-0.0008849557522123686,0.0,-0.0,1.0,-0.0008849557522123686
2025-07-21,33.88,34.19,33.76,34.01,25515987.0,867305013.0,1789414570.0,0.014259404962819768,0.004133451431945767,0.02009598080383901,1.0,1.0,0.03405290361812097,1.0,1.0,0.048397040690505655,1.0,1.0,0.048073959938366606,1.0,1.0,0.04357164774470679,1.0,1.0,-0.15334826985312433,0.0,0.0,0.03279684178560571,1.0,1.0,1.0,0.004133451431945767,1.0,0.004133451431945767,1.0,0.004133451431945767,1.0,0.004133451431945767,1.0,0.004133451431945767,0.0,0.0,1.0,0.004133451431945767
2025-07-22,34.04,34.46,33.93,34.19,37186191.0,1274656897.0,1789414570.0,0.020781204994882767,0.005292561011467134,0.018165574746873192,1.0,1.0,0.020901761719916312,1.0,1.0,0.04110840438489638,1.0,1.0,0.04845139527752229,1.0,1.0,0.038262982083206776,1.0,1.0,-0.17395506160908436,0.0,0.0,0.048773006134969155,1.0,1.0,1.0,0.005292561011467134,1.0,0.005292561011467134,1.0,0.005292561011467134,1.0,0.005292561011467134,1.0,0.005292561011467134,0.0,0.0,1.0,0.005292561011467134
2025-07-23,34.2,34.36,33.87,33.96,36673917.0,1253089643.0,1789414570.0,0.020494924773078158,-0.006727113190991396,0.012824336415150572,1.0,1.0,0.025362318840579823,1.0,1.0,0.024125452352231624,1.0,1.0,0.05564190239353439,1.0,1.0,0.04076003677597306,1.0,1.0,-0.17291768144179254,0.0,0.0,0.013126491646777927,1.0,1.0,1.0,-0.006727113190991396,1.0,-0.006727113190991396,1.0,-0.006727113190991396,1.0,-0.006727113190991396,1.0,-0.006727113190991396,0.0,-0.0,1.0,-0.006727113190991396
2025-07-24,34.04,34.72,34.02,34.64,48968064.0,1693268735.0,1789414570.0,0.027365410353174892,0.020023557126030544,0.021828908554572424,1.0,1.0,0.04906117504542684,1.0,1.0,0.0528875379939211,1.0,1.0,0.0865746549560853,1.0,1.0,0.05545399146861674,1.0,1.0,-0.14637752587481512,0.0,0.0,0.037747153984421855,1.0,1.0,1.0,0.020023557126030544,1.0,0.020023557126030544,1.0,0.020023557126030544,1.0,0.020023557126030544,1.0,0.020023557126030544,0.0,0.0,1.0,0.020023557126030544
2025-07-25,34.72,34.92,34.36,34.76,38499014.0,1334394412.0,1789414570.0,0.021514865613282672,0.0034642032332563577,0.02627694124594049,1.0,1.0,0.03916292974588931,1.0,1.0,0.03637447823494333,1.0,1.0,0.0692094740079976,1.0,1.0,0.06822372464658888,1.0,1.0,-0.1128126595201634,0.0,0.0,0.0057870370370369795,1.0,1.0,1.0,0.0034642032332563577,1.0,0.0034642032332563577,1.0,0.0034642032332563577,1.0,0.0034642032332563577,1.0,0.0034642032332563577,0.0,0.0,1.0,0.0034642032332563577
2025-07-28,34.89,35.39,34.67,34.95,46255246.0,1618637582.0,1789414570.0,0.025849373742385478,0.005466052934407495,0.02763892972655113,1.0,1.0,0.048290341931613634,1.0,1.0,0.03925066904549501,1.0,1.0,0.09287054409005635,1.0,1.0,0.06425091352009749,1.0,1.0,-0.1349009900990098,0.0,0.0,-0.024560424225509192,0.0,1.0,1.0,0.005466052934407495,1.0,0.005466052934407495,1.0,0.005466052934407495,1.0,0.005466052934407495,1.0,0.005466052934407495,0.0,0.0,1.0,0.005466052934407495
2025-07-29,34.79,35.79,34.79,35.74,66342712.0,2360968298.0,1789414570.0,0.037075093224484025,0.022603719599427752,0.045334893243638597,1.0,1.0,0.06432400238237057,1.0,1.0,0.053966381598348656,1.0,1.0,0.12213500784929354,1.0,1.0,0.0752105896510229,1.0,1.0,-0.07433307433307423,0.0,0.0,0.036542923433874774,1.0,0.0,1.0,0.022603719599427752,1.0,0.022603719599427752,1.0,0.022603719599427752,1.0,0.022603719599427752,1.0,0.022603719599427752,0.0,0.0,0.0,-0.0006
2025-07-30,35.81,36.03,35.24,35.48,61286102.0,2189338007.0,1789414570.0,0.034249247227264946,-0.007274762171236904,0.044758539458185975,1.0,1.0,0.0581568744407992,1.0,1.0,0.06706766917293217,1.0,1.0,0.1001550387596899,1.0,1.0,0.03955464400820374,1.0,1.0,-0.09880619761239529,0.0,0.0,0.010826210826210714,1.0,1.0,1.0,-0.007274762171236904,1.0,-0.007274762171236904,1.0,-0.007274762171236904,1.0,-0.007274762171236904,1.0,-0.007274762171236904,0.0,-0.0,1.0,-0.007874762171236904
2025-07-31,35.44,35.92,34.73,35.01,61067918.0,2162464204.0,1789414570.0,0.034127316846425365,-0.013246899661781275,0.010681293302540418,1.0,1.0,0.0327433628318583,1.0,1.0,0.0460113534508515,1.0,1.0,0.0660779537149816,1.0,1.0,0.028495887191539282,1.0,1.0,-0.1674197384066587,0.0,0.0,0.002577319587628857,1.0,1.0,1.0,-0.013246899661781275,1.0,-0.013246899661781275,1.0,-0.013246899661781275,1.0,-0.013246899661781275,1.0,-0.013246899661781275,0.0,-0.0,1.0,-0.013246899661781275
2025-08-01,34.95,35.19,34.31,34.48,35873193.0,1245793434.0,1789414570.0,0.02004744657913454,-0.01513853184804348,-0.008055235903337232,0.0,1.0,0.018010038382048954,1.0,1.0,0.03949351823937275,1.0,1.0,0.05250305250305254,1.0,1.0,0.011737089201877993,1.0,1.0,-0.17294315183497244,0.0,0.0,-0.03009845288326307,0.0,1.0,1.0,-0.01513853184804348,1.0,-0.01513853184804348,1.0,-0.01513853184804348,1.0,-0.01513853184804348,1.0,-0.01513853184804348,0.0,-0.0,1.0,-0.01513853184804348
2025-08-04,34.29,34.88,34.29,34.66,23086292.0,799181731.0,1789414570.0,0.012901589372886352,0.0052204176334107455,-0.008297567954220542,0.0,0.0,0.01911202587474259,1.0,1.0,0.053815749467923224,1.0,1.0,0.057352043929224994,1.0,1.0,0.03462686567164175,1.0,1.0,-0.16077481840193708,0.0,0.0,0.03493580173186017,1.0,0.0,0.0,-0.0006,1.0,0.0052204176334107455,1.0,0.0052204176334107455,1.0,0.0052204176334107455,1.0,0.0052204176334107455,0.0,0.0,0.0,-0.0006
2025-08-05,34.74,34.77,34.52,34.68,22989521.0,797235378.0,1789414570.0,0.012847509674630626,0.0005770340450086398,-0.02965864577504207,0.0,0.0,0.014331675928634269,1.0,1.0,0.035532994923857864,1.0,1.0,0.07701863354037264,1.0,1.0,0.021201413427561766,1.0,1.0,-0.1409462472132771,0.0,0.0,0.03183576316572445,1.0,1.0,0.0,0.0,1.0,0.0005770340450086398,1.0,0.0005770340450086398,1.0,0.0005770340450086398,1.0,0.0005770340450086398,0.0,0.0,1.0,-2.2965954991360196e-05
2025-08-06,34.67,34.99,34.4,34.9,34358086.0,1194917908.0,1789414570.0,0.01920074116754286,0.006343713956170616,-0.01634723788049597,0.0,0.0,0.027679623085983485,1.0,1.0,0.05374396135265713,1.0,1.0,0.08655043586550448,1.0,1.0,0.030106257378984536,1.0,1.0,-0.1535289837496968,0.0,0.0,0.0937010341585709,1.0,1.0,0.0,0.0,1.0,0.006343713956170616,1.0,0.006343713956170616,1.0,0.006343713956170616,1.0,0.006343713956170616,0.0,0.0,1.0,0.006343713956170616
2025-08-07,34.82,35.42,34.77,35.12,45973884.0,1617424011.0,1789414570.0,0.025692136842274622,0.006303724928366838,0.003141959440160047,1.0,0.0,0.013856812933025209,1.0,1.0,0.0635978195033311,1.0,1.0,0.0995616781465245,1.0,1.0,0.031727379553466495,1.0,1.0,-0.11957884181499134,0.0,0.0,0.0968144909431603,1.0,1.0,0.0,0.0,1.0,0.006303724928366838,1.0,0.006303724928366838,1.0,0.006303724928366838,1.0,0.006303724928366838,0.0,0.0,1.0,0.006303724928366838
2025-08-08,34.99,35.01,34.54,34.54,31680712.0,1100954752.0,1789414570.0,0.017704512152262177,-0.016514806378132074,0.0017401392111369152,1.0,1.0,-0.006329113924050556,0.0,1.0,0.03258594917787727,1.0,1.0,0.08890290037831017,1.0,1.0,0.03786057692307687,1.0,1.0,-0.13736263736263732,0.0,0.0,0.0670373802903923,1.0,1.0,1.0,-0.017114806378132074,1.0,-0.016514806378132074,1.0,-0.016514806378132074,1.0,-0.016514806378132074,1.0,-0.016514806378132074,0.0,-0.0,1.0,-0.016514806378132074
2025-08-11,34.49,34.89,34.45,34.71,25413756.0,883216245.0,1789414570.0,0.014202273987296303,0.004921829762594143,0.0014425851125217104,1.0,1.0,-0.006866952789699621,0.0,0.0,0.04109178164367111,1.0,1.0,0.09288413098236781,1.0,1.0,0.03642878471185429,1.0,1.0,-0.13849590469099027,0.0,0.0,0.06341911764705888,1.0,1.0,1.0,0.004921829762594143,0.0,-0.0006,1.0,0.004921829762594143,1.0,0.004921829762594143,1.0,0.004921829762594143,0.0,0.0,1.0,0.004921829762594143
2025-08-12,34.72,35.29,34.46,35.04,44800132.0,1564649682.0,1789414570.0,0.025036194938325554,0.009507346585998278,0.01038062283737018,1.0,1.0,-0.019585898153329673,0.0,0.0,0.04347826086956519,1.0,1.0,0.10501419110690624,1.0,1.0,0.053201082055906124,1.0,1.0,-0.09876543209876554,0.0,0.0,0.055421686746987886,1.0,1.0,1.0,0.009507346585998278,0.0,0.0,1.0,0.009507346585998278,1.0,0.009507346585998278,1.0,0.009507346585998278,0.0,0.0,1.0,0.009507346585998278
2025-08-13,35.06,35.6,34.93,35.51,57729412.0,2040701204.0,1789414570.0,0.03226161950832892,0.013413242009132409,0.017478510028653194,1.0,1.0,0.0008455467869221689,1.0,0.0,0.05905159558604223,1.0,1.0,0.10519763460939924,1.0,1.0,0.0708685162846805,1.0,1.0,-0.10890840652446687,0.0,0.0,0.05277201304476731,1.0,1.0,1.0,0.013413242009132409,0.0,0.0,1.0,0.013413242009132409,1.0,0.013413242009132409,1.0,0.013413242009132409,0.0,0.0,1.0,0.013413242009132409
2025-08-14,35.59,36.06,35.05,35.22,69073829.0,2465722320.0,1789414570.0,0.03860135608485629,-0.008166713601802322,0.0028473804100228595,1.0,1.0,0.005998286203941827,1.0,1.0,0.038938053097345104,1.0,1.0,0.1085930122757317,1.0,1.0,0.07084220127698382,1.0,1.0,-0.09969325153374231,0.0,0.0,0.09925093632958792,1.0,1.0,1.0,-0.008166713601802322,1.0,-0.008766713601802322,1.0,-0.008166713601802322,1.0,-0.008166713601802322,1.0,-0.008166713601802322,0.0,-0.0,1.0,-0.008166713601802322
2025-08-15,35.07,35.94,35.07,35.8,53130560.0,1891947867.0,1789414570.0,0.029691587902964264,0.016467915956842605,0.03647944412275628,1.0,1.0,0.03828306264501169,1.0,1.0,0.05698258045467974,1.0,1.0,0.13722998729351965,1.0,1.0,0.09446652399877697,1.0,1.0,-0.11451892159287669,0.0,0.0,0.20864280891289666,1.0,1.0,1.0,0.016467915956842605,1.0,0.016467915956842605,1.0,0.016467915956842605,1.0,0.016467915956842605,1.0,0.016467915956842605,0.0,0.0,1.0,0.016467915956842605
2025-08-18,36.63,37.26,36.35,36.83,101271946.0,3746006332.0,1789414570.0,0.05659501587717596,0.028770949720670513,0.06107749927974648,1.0,1.0,0.06260819388343908,1.0,1.0,0.08291678917965295,1.0,1.0,0.1353267570900123,1.0,1.0,0.1349768875192603,1.0,1.0,-0.09285714285714297,0.0,0.0,0.23259705488621152,1.0,1.0,1.0,0.028770949720670513,1.0,0.028770949720670513,1.0,0.028770949720670513,1.0,0.028770949720670513,1.0,0.028770949720670513,0.0,0.0,1.0,0.028770949720670513
2025-08-19,36.83,37.13,36.26,36.26,69393774.0,2540869113.0,1789414570.0,0.038780154785483835,-0.015476513711648154,0.03481735159817356,1.0,1.0,0.0455594002306805,1.0,1.0,0.060544018718923676,1.0,1.0,0.10414129110840431,1.0,1.0,0.1119288561790861,1.0,1.0,-0.09259259259259267,0.0,0.0,0.2329139748384903,1.0,1.0,1.0,-0.015476513711648154,1.0,-0.015476513711648154,1.0,-0.015476513711648154,1.0,-0.015476513711648154,1.0,-0.015476513711648154,0.0,-0.0,1.0,-0.015476513711648154
2025-08-20,36.19,37.73,36.09,37.63,89100133.0,3293108852.0,1789414570.0,0.04979289567313627,0.037782680639823596,0.059701492537313605,1.0,1.0,0.07822349570200582,1.0,1.0,0.10806831566548891,1.0,1.0,0.13480096501809435,1.0,1.0,0.16972334473111594,1.0,1.0,-0.055945810336176516,0.0,0.0,0.25600801068090795,1.0,1.0,1.0,0.037782680639823596,1.0,0.037782680639823596,1.0,0.037782680639823596,1.0,0.037782680639823596,1.0,0.037782680639823596,0.0,0.0,1.0,0.037782680639823596
2025-08-21,36.98,37.38,36.3,36.51,105457067.0,3890905350.0,1789414570.0,0.05893383722699877,-0.029763486579856613,0.03662691652470196,1.0,1.0,0.03957858769931666,1.0,1.0,0.05398383371824478,1.0,1.0,0.10972644376899687,1.0,1.0,0.14523212045169376,1.0,1.0,-0.060956790123456894,0.0,0.0,0.19002607561929596,1.0,1.0,1.0,-0.029763486579856613,1.0,-0.029763486579856613,1.0,-0.029763486579856613,1.0,-0.029763486579856613,1.0,-0.029763486579856613,0.0,-0.0,1.0,-0.029763486579856613
2025-08-22,36.23,39.13,36.11,38.77,209117219.0,7962735782.0,1789414570.0,0.11686348289876727,0.06190084908244331,0.08296089385474881,1.0,1.0,0.12246670526925318,1.0,1.0,0.11536248561565032,1.0,1.0,0.15593321407274918,1.0,1.0,0.19255613657336212,1.0,1.0,0.04557713052858703,1.0,0.0,0.2624552263106481,1.0,1.0,1.0,0.06190084908244331,1.0,0.06190084908244331,1.0,0.06190084908244331,1.0,0.06190084908244331,1.0,0.06190084908244331,0.0,0.0,1.0,0.06190084908244331
2025-08-25,39.92,40.34,38.39,38.93,183577786.0,7217823094.0,1789414570.0,0.10259097532663992,0.004126902244002917,0.05701873472712471,1.0,1.0,0.12157879573609898,1.0,1.0,0.11387696709585104,1.0,1.0,0.1575973832887303,1.0,1.0,0.2173233270794246,1.0,1.0,0.050458715596330306,1.0,1.0,0.24695707879564388,1.0,1.0,1.0,0.004126902244002917,1.0,0.004126902244002917,1.0,0.004126902244002917,1.0,0.004126902244002917,1.0,0.004126902244002917,1.0,0.003526902244002917,1.0,0.004126902244002917
2025-08-26,38.43,39.51,38.06,38.92,125253581.0,4853764491.0,1789414570.0,0.06999696051429825,-0.00025687130747487075,0.07335907335907343,1.0,1.0,0.11073059360730597,1.0,1.0,0.08897593732512599,1.0,1.0,0.14774402831023314,1.0,1.0,0.22197802197802208,1.0,1.0,0.035381750465549366,1.0,1.0,0.26158833063209075,1.0,1.0,1.0,-0.00025687130747487075,1.0,-0.00025687130747487075,1.0,-0.00025687130747487075,1.0,-0.00025687130747487075,1.0,-0.00025687130747487075,1.0,-0.00025687130747487075,1.0,-0.00025687130747487075
2025-08-27,38.93,40.43,38.53,38.53,150393048.0,5929198325.0,1789414570.0,0.08404595029088201,-0.010020554984583763,0.02391708743024168,1.0,1.0,0.08504646578428621,1.0,1.0,0.08596392333709146,1.0,1.0,0.15879699248120294,1.0,1.0,0.19472868217054273,1.0,1.0,0.02719274860037335,1.0,1.0,0.26410761154855655,1.0,1.0,1.0,-0.010020554984583763,1.0,-0.010020554984583763,1.0,-0.010020554984583763,1.0,-0.010020554984583763,1.0,-0.010020554984583763,1.0,-0.010020554984583763,1.0,-0.010020554984583763
2025-08-28,38.48,40.11,38.09,40.11,157605980.0,6210676900.0,1789414570.0,0.08807683956658517,0.04100700752660269,0.09860312243221037,1.0,1.0,0.1388415672913117,1.0,1.0,0.14567266495287057,1.0,1.0,0.19838661487899611,1.0,1.0,0.22137637028014612,1.0,1.0,0.05082525543620631,1.0,1.0,0.3172413793103448,1.0,1.0,1.0,0.04100700752660269,1.0,0.04100700752660269,1.0,0.04100700752660269,1.0,0.04100700752660269,1.0,0.04100700752660269,1.0,0.04100700752660269,1.0,0.04100700752660269
2025-08-29,40.16,40.7,39.39,39.83,114774429.0,4591110157.0,1789414570.0,0.06414077035261874,-0.006980802792321161,0.02734072736652049,1.0,1.0,0.11256983240223462,1.0,1.0,0.15516241299303957,1.0,1.0,0.200783840820018,1.0,1.0,0.21581196581196593,1.0,1.0,0.0624166444385168,1.0,1.0,0.29781687846203964,1.0,1.0,1.0,-0.006980802792321161,1.0,-0.006980802792321161,1.0,-0.006980802792321161,1.0,-0.006980802792321161,1.0,-0.006980802792321161,1.0,-0.006980802792321161,1.0,-0.006980802792321161
2025-09-01,41.92,42.61,40.33,41.08,155686011.0,6441938030.0,1789414570.0,0.08700388026906476,0.03138337936228974,0.055227331107115196,1.0,1.0,0.11539505837632369,1.0,1.0,0.18522792844777847,1.0,1.0,0.24901185770750978,1.0,1.0,0.2532031726662598,1.0,1.0,0.10459801021780057,1.0,1.0,0.36071546869824433,1.0,1.0,1.0,0.03138337936228974,1.0,0.03138337936228974,1.0,0.03138337936228974,1.0,0.03138337936228974,1.0,0.03138337936228974,1.0,0.03138337936228974,1.0,0.03138337936228974
2025-09-02,40.61,41.4,38.43,38.95,123529024.0,4907832205.0,1789414570.0,0.0690332056478114,-0.05185004868549159,0.0007708119218909903,1.0,1.0,0.0741864313292886,1.0,1.0,0.12312572087658591,1.0,1.0,0.163033741415348,1.0,1.0,0.20962732919254656,1.0,1.0,0.04591836734693877,1.0,1.0,0.2808286747780335,1.0,1.0,1.0,-0.05185004868549159,1.0,-0.05185004868549159,1.0,-0.05185004868549159,1.0,-0.05185004868549159,1.0,-0.05185004868549159,1.0,-0.05185004868549159,1.0,-0.05185004868549159
2025-09-03,38.96,39.73,37.96,38.28,89852179.0,3484406403.0,1789414570.0,0.05021317055666983,-0.017201540436457052,-0.006488450558006731,0.0,1.0,0.017273452032952497,1.0,1.0,0.09684813753581678,1.0,1.0,0.1557971014492754,1.0,1.0,0.19178082191780832,1.0,1.0,0.028479312197743134,1.0,1.0,0.27642547515838634,1.0,1.0,1.0,-0.017201540436457052,1.0,-0.017201540436457052,1.0,-0.017201540436457052,1.0,-0.017201540436457052,1.0,-0.017201540436457052,1.0,-0.017201540436457052,1.0,-0.017201540436457052
2025-09-04,38.18,38.4,35.64,36.18,106546647.0,3940314150.0,1789414570.0,0.05954274028292952,-0.054858934169279006,-0.09798055347793566,0.0,0.0,-0.009038619556285932,0.0,1.0,0.03018223234624151,1.0,1.0,0.09569957601453649,1.0,1.0,0.13274890419536622,1.0,1.0,-0.009581166164796096,0.0,1.0,0.19013157894736854,1.0,1.0,0.0,-0.0006,1.0,-0.054858934169279006,1.0,-0.054858934169279006,1.0,-0.054858934169279006,1.0,-0.054858934169279006,1.0,-0.054858934169279006,1.0,-0.054858934169279006
2025-09-05,36.24,37.27,35.9,37.11,65632093.0,2408140387.0,1789414570.0,0.036677969488087936,0.025704809286898778,-0.06829023349234242,0.0,0.0,-0.042816610781532205,0.0,0.0,0.07440648523451077,1.0,1.0,0.10941704035874422,1.0,1.0,0.16992433795712492,1.0,1.0,-0.002151115891368627,0.0,0.0,0.19363139273078156,1.0,1.0,0.0,0.0,0.0,-0.0006,1.0,0.025704809286898778,1.0,0.025704809286898778,1.0,0.025704809286898778,0.0,-0.0006,1.0,0.025704809286898778
2025-09-08,37.43,37.86,36.94,37.56,59735432.0,2237450044.0,1789414570.0,0.03338266771796767,0.012126111560226471,-0.08568646543330083,0.0,0.0,-0.03519136912406873,0.0,0.0,0.08210890233362145,1.0,1.0,0.1265746850629874,1.0,1.0,0.18261964735516378,1.0,1.0,0.012126111560226471,1.0,0.0,0.25492816572001353,1.0,1.0,0.0,0.0,0.0,0.0,1.0,0.012126111560226471,1.0,0.012126111560226471,1.0,0.012126111560226471,0.0,0.0,1.0,0.012126111560226471
2025-09-09,37.28,37.31,36.45,36.54,49776671.0,1837858218.0,1789414570.0,0.02781729389852906,-0.02715654952076685,-0.061874197689345434,0.0,0.0,-0.06115107913669071,0.0,0.0,0.042808219178082085,1.0,1.0,0.08814770696843355,1.0,1.0,0.15231788079470188,1.0,1.0,-0.02037533512064338,0.0,1.0,0.21881254169446285,1.0,1.0,0.0,-0.0,0.0,-0.0,1.0,-0.02715654952076685,1.0,-0.02715654952076685,1.0,-0.02715654952076685,1.0,-0.027756549520766848,1.0,-0.02715654952076685
2025-09-10,36.56,37.06,36.44,36.53,36582081.0,1346412164.0,1789414570.0,0.020443602960045194,-0.00027367268746569806,-0.045715778474399116,0.0,0.0,-0.05190760446405396,0.0,0.0,0.028724303013235808,1.0,1.0,0.08947211452430648,1.0,1.0,0.1369436663554311,1.0,1.0,-0.011634199134199164,0.0,0.0,0.18796747967479677,1.0,1.0,0.0,-0.0,0.0,-0.0,1.0,-0.00027367268746569806,1.0,-0.00027367268746569806,1.0,-0.00027367268746569806,0.0,-0.0006,1.0,-0.00027367268746569806
2025-09-11,36.55,37.99,36.18,37.98,82889949.0,3107199849.0,1789414570.0,0.04632238408565099,0.039693402682726475,0.04975124378109452,1.0,0.0,-0.05310396409872853,0.0,0.0,0.07836456558773408,1.0,1.0,0.12035398230088501,1.0,1.0,0.1954674220963173,1.0,1.0,0.0320652173913043,1.0,0.0,0.16969510317215897,1.0,1.0,0.0,0.0,0.0,0.0,1.0,0.039693402682726475,1.0,0.039693402682726475,1.0,0.039693402682726475,0.0,0.0,1.0,0.039693402682726475
2025-09-12,37.99,38.4,37.73,37.81,76163057.0,2903698918.0,1789414570.0,0.042563114370975534,-0.00447604002106361,0.01886284020479656,1.0,1.0,-0.05071554104946008,0.0,0.0,0.05614525139664828,1.0,1.0,0.11632713315618548,1.0,1.0,0.20108005082592117,1.0,1.0,0.04853022739877977,1.0,1.0,0.2252106286454958,1.0,1.0,1.0,-0.00507604002106361,0.0,-0.0,1.0,-0.00447604002106361,1.0,-0.00447604002106361,1.0,-0.00447604002106361,1.0,-0.00507604002106361,1.0,-0.00447604002106361
2025-09-15,38.51,38.69,37.67,37.75,62709655.0,2390558698.0,1789414570.0,0.03504478841926496,-0.0015868817773077026,0.005058572949946605,1.0,1.0,-0.08106134371957152,0.0,0.0,0.02497963616616894,1.0,1.0,0.10996765657159657,1.0,1.0,0.1636868064118373,1.0,1.0,0.03708791208791218,1.0,1.0,0.22405966277561618,1.0,1.0,1.0,-0.0015868817773077026,0.0,-0.0,1.0,-0.0015868817773077026,1.0,-0.0015868817773077026,1.0,-0.0015868817773077026,1.0,-0.0015868817773077026,1.0,-0.0015868817773077026
2025-09-16,37.68,38.93,37.61,38.63,77177903.0,2966403227.0,1789414570.0,0.04313025292959362,0.02331125827814584,0.057197591680350435,1.0,1.0,-0.008215661103979421,0.0,0.0,0.06536127964699401,1.0,1.0,0.12986253290435812,1.0,1.0,0.17630937880633368,1.0,1.0,0.07874895280647864,1.0,1.0,0.2744968657208844,1.0,1.0,1.0,0.02331125827814584,0.0,0.0,1.0,0.02331125827814584,1.0,0.02331125827814584,1.0,0.02331125827814584,1.0,0.02331125827814584,1.0,0.02331125827814584
2025-09-17,38.51,39.0,38.02,38.7,65856196.0,2544732335.0,1789414570.0,0.036803207654668865,0.0018120631633444795,0.05940323022173555,1.0,1.0,0.010971786833855912,1.0,0.0,0.028434759500398643,1.0,1.0,0.13957597173144887,1.0,1.0,0.16706875753920403,1.0,1.0,0.0834266517357225,1.0,1.0,0.27807133421400265,1.0,1.0,1.0,0.0018120631633444795,0.0,0.0,1.0,0.0018120631633444795,1.0,0.0018120631633444795,1.0,0.0018120631633444795,1.0,0.0018120631633444795,1.0,0.0018120631633444795
2025-09-18,38.92,40.3,38.03,39.06,141211852.0,5572856944.0,1789414570.0,0.07891511244373069,0.009302325581395321,0.028436018957346043,1.0,1.0,0.07960199004975133,1.0,1.0,0.06984387838948236,1.0,1.0,0.12759815242494232,1.0,1.0,0.18723404255319154,1.0,1.0,0.08953974895397487,1.0,1.0,0.3195945945945946,1.0,1.0,1.0,0.009302325581395321,1.0,0.008702325581395321,1.0,0.009302325581395321,1.0,0.009302325581395321,1.0,0.009302325581395321,1.0,0.009302325581395321,1.0,0.009302325581395321
2025-09-19,39.36,39.67,38.61,38.66,85149177.0,3336914236.0,1789414570.0,0.04758493555800208,-0.010240655401945853,0.02248082517852401,1.0,1.0,0.04176771759633513,1.0,1.0,-0.0028372452927523106,0.0,1.0,0.11219792865362477,1.0,1.0,0.15265354800238518,1.0,1.0,0.08291316526610637,1.0,1.0,0.321257689678742,1.0,1.0,1.0,-0.010240655401945853,1.0,-0.010240655401945853,1.0,-0.010240655401945853,1.0,-0.010240655401945853,1.0,-0.010240655401945853,1.0,-0.010240655401945853,1.0,-0.010240655401945853
2025-09-22,38.81,39.81,38.43,39.59,88723472.0,3495822099.0,1789414570.0,0.0495824016901796,0.02405587170201784,0.0487417218543047,1.0,1.0,0.05404685835995737,1.0,1.0,0.01695350629334702,1.0,0.0,0.1327610872675251,1.0,1.0,0.1772227178114778,1.0,1.0,0.13699023549684108,1.0,1.0,0.34522595990485905,1.0,1.0,1.0,0.02405587170201784,1.0,0.02405587170201784,0.0,-0.0006,1.0,0.02405587170201784,1.0,0.02405587170201784,1.0,0.02405587170201784,1.0,0.02405587170201784
2025-09-23,39.63,39.73,38.04,39.13,89206084.0,3464905105.0,1789414570.0,0.049852105540864125,-0.01161909573124531,0.012943308309603996,1.0,1.0,0.07088122605364,1.0,1.0,0.0053956834532373765,1.0,1.0,0.09485170677112476,1.0,1.0,0.1539368917723387,1.0,1.0,0.12410226946279801,1.0,1.0,0.34190672153635115,1.0,1.0,1.0,-0.01161909573124531,1.0,-0.01161909573124531,1.0,-0.01221909573124531,1.0,-0.01161909573124531,1.0,-0.01161909573124531,1.0,-0.01161909573124531,1.0,-0.01161909573124531
2025-09-24,39.08,41.62,38.93,41.13,185184984.0,7569191034.0,1789414570.0,0.10348914505597213,0.051111679018655654,0.06279069767441858,1.0,1.0,0.125923898165891,1.0,1.0,0.06747988580327013,1.0,1.0,0.15924464487034973,1.0,1.0,0.23699248120300753,1.0,1.0,0.17413645446759918,1.0,1.0,0.42318339100346036,1.0,1.0,1.0,0.051111679018655654,1.0,0.051111679018655654,1.0,0.051111679018655654,1.0,0.051111679018655654,1.0,0.051111679018655654,1.0,0.051111679018655654,1.0,0.051111679018655654
2025-09-25,41.16,44.41,40.81,42.74,238196421.0,10118282574.0,1789414570.0,0.13311416202451062,0.03914417699975692,0.0942140296979006,1.0,1.0,0.12532912058978418,1.0,1.0,0.06556968337073066,1.0,1.0,0.22079405884033143,1.0,1.0,0.2769644457723335,1.0,1.0,0.25043885313048575,1.0,1.0,0.4840277777777777,1.0,1.0,1.0,0.03914417699975692,1.0,0.03914417699975692,1.0,0.03914417699975692,1.0,0.03914417699975692,1.0,0.03914417699975692,1.0,0.03914417699975692,1.0,0.03914417699975692
2025-09-26,42.35,43.15,41.25,41.28,131969267.0,5552536752.0,1789414570.0,0.07374996784562897,-0.03416003743565743,0.06777030522503891,1.0,1.0,0.09177466278762236,1.0,1.0,0.03640472006025619,1.0,1.0,0.1972157772621812,1.0,1.0,0.24449804039794998,1.0,1.0,0.34200260078023415,1.0,1.0,0.494028230184582,1.0,1.0,1.0,-0.03416003743565743,1.0,-0.03416003743565743,1.0,-0.03416003743565743,1.0,-0.03416003743565743,1.0,-0.03416003743565743,1.0,-0.03416003743565743,1.0,-0.03416003743565743
2025-09-29,41.28,41.62,40.39,40.85,102754051.0,4199736908.0,1789414570.0,0.05742327838539953,-0.01041666666666663,0.03182621874210656,1.0,1.0,0.08211920529801331,1.0,1.0,-0.005598831548198513,0.0,1.0,0.178592036930179,1.0,1.0,0.2420188507145029,1.0,1.0,0.36942675159235683,1.0,1.0,0.4736652236652237,1.0,1.0,1.0,-0.01041666666666663,1.0,-0.01041666666666663,1.0,-0.01041666666666663,1.0,-0.01041666666666663,1.0,-0.01041666666666663,1.0,-0.01041666666666663,1.0,-0.01041666666666663
2025-09-30,41.79,44.93,41.09,44.04,215434169.0,9289248003.0,1789414570.0,0.12039365981020261,0.07809057527539776,0.12547917199079972,1.0,1.0,0.14004659590991442,1.0,1.0,0.1306803594351731,1.0,0.0,0.2698961937716262,1.0,1.0,0.3150194087787399,1.0,1.0,0.4247816240698803,1.0,1.0,0.5784946236559141,1.0,1.0,1.0,0.07809057527539776,1.0,0.07809057527539776,0.0,-0.0006,1.0,0.07809057527539776,1.0,0.07809057527539776,1.0,0.07809057527539776,1.0,0.07809057527539776
2025-10-09,45.26,47.55,44.95,46.95,230258658.0,10646431436.0,1789414570.0,0.1286782067500434,0.06607629427792916,0.1415025528811087,1.0,1.0,0.21317829457364335,1.0,1.0,0.2264890282131662,1.0,1.0,0.345272206303725,1.0,1.0,0.4175724637681162,1.0,1.0,0.4773442416614224,1.0,1.0,0.6986251808972503,1.0,1.0,1.0,0.06607629427792916,1.0,0.06607629427792916,1.0,0.06547629427792916,1.0,0.06607629427792916,1.0,0.06607629427792916,1.0,0.06607629427792916,1.0,0.06607629427792916
2025-10-10,45.5,45.8,43.43,43.72,166155591.0,7376464981.0,1789414570.0,0.0928547211952119,-0.06879659211927591,0.02292934019653714,1.0,1.0,0.11930363543266753,1.0,1.0,0.20840243228302935,1.0,1.0,0.24487471526195903,1.0,1.0,0.3240460327074499,1.0,1.0,0.31805848658426283,1.0,1.0,0.5159500693481276,1.0,1.0,1.0,-0.06879659211927591,1.0,-0.06879659211927591,1.0,-0.06879659211927591,1.0,-0.06879659211927591,1.0,-0.06879659211927591,1.0,-0.06879659211927591,1.0,-0.06879659211927591
2025-10-13,40.92,43.88,40.92,43.56,120308229.0,5157949199.0,1789414570.0,0.06723329015925024,-0.0036596523330282293,0.05523255813953498,1.0,1.0,0.12674599068804993,1.0,1.0,0.17380759902991105,1.0,1.0,0.2611464968152868,1.0,1.0,0.30224215246636765,1.0,1.0,0.313234850768767,1.0,1.0,0.47013162335470815,1.0,1.0,1.0,-0.0036596523330282293,1.0,-0.0036596523330282293,1.0,-0.0036596523330282293,1.0,-0.0036596523330282293,1.0,-0.0036596523330282293,1.0,-0.0036596523330282293,1.0,-0.0036596523330282293
2025-10-14,44.25,44.43,40.54,40.75,137290704.0,5793296703.0,1789414570.0,0.07672381029064718,-0.06450872359963278,-0.002447980416156681,0.0,1.0,0.029300328365748918,1.0,1.0,0.0849307774227901,1.0,1.0,0.17401325266493806,1.0,1.0,0.2222555488902218,1.0,1.0,0.2473217018671563,1.0,1.0,0.3382594417077176,1.0,1.0,1.0,-0.06450872359963278,1.0,-0.06450872359963278,1.0,-0.06450872359963278,1.0,-0.06450872359963278,1.0,-0.06450872359963278,1.0,-0.06450872359963278,1.0,-0.06450872359963278
2025-10-15,40.99,41.89,39.87,41.87,84115639.0,3448067187.0,1789414570.0,0.04700735112489891,0.027484662576687136,-0.049273387829246174,0.0,0.0,0.07002300025555819,1.0,1.0,0.14586754241926658,1.0,1.0,0.19492009132420085,1.0,1.0,0.24687313877307915,1.0,1.0,0.28160391796755424,1.0,1.0,0.31089542892924227,1.0,1.0,0.0,-0.0006,1.0,0.027484662576687136,1.0,0.027484662576687136,1.0,0.027484662576687136,1.0,0.027484662576687136,1.0,0.027484662576687136,1.0,0.027484662576687136
2025-10-16,41.65,42.55,41.3,41.67,74077490.0,3103103147.0,1789414570.0,0.041397611957524186,-0.004776689754000363,-0.11246006389776364,0.0,0.0,0.013129102844638973,1.0,1.0,0.14070626882014792,1.0,1.0,0.1734722613348354,1.0,1.0,0.2427676707426185,1.0,1.0,0.2774371551195587,1.0,1.0,0.18616567036720744,1.0,1.0,0.0,-0.0,1.0,-0.004776689754000363,1.0,-0.004776689754000363,1.0,-0.004776689754000363,1.0,-0.004776689754000363,1.0,-0.004776689754000363,1.0,-0.004776689754000363
2025-10-17,41.01,41.53,39.43,39.46,83649260.0,3363928719.0,1789414570.0,0.046746718956245,-0.053035757139428874,-0.09743824336688012,0.0,0.0,-0.07674309780065514,0.0,1.0,0.0389678778304372,1.0,1.0,0.12038614423622951,1.0,1.0,0.16401179941002964,1.0,1.0,0.2096873083997548,1.0,1.0,0.02122153209109734,1.0,1.0,0.0,-0.0,1.0,-0.053035757139428874,1.0,-0.053035757139428874,1.0,-0.053035757139428874,1.0,-0.053035757139428874,1.0,-0.053035757139428874,1.0,-0.053035757139428874
2025-10-20,40.21,40.53,39.35,39.55,59487514.0,2377353980.0,1789414570.0,0.033244120729384694,0.0022807906741002526,-0.09205693296602402,0.0,0.0,-0.0419089147286823,0.0,0.0,0.046019571541920046,1.0,1.0,0.10474860335195535,1.0,1.0,0.16770002952465313,1.0,1.0,0.1995753715498938,1.0,1.0,0.012026612077789212,1.0,1.0,0.0,0.0,0.0,-0.0006,1.0,0.0022807906741002526,1.0,0.0022807906741002526,1.0,0.0022807906741002526,1.0,0.0022807906741002526,1.0,0.0022807906741002526
2025-10-21,39.61,40.46,39.49,40.46,65598869.0,2639323979.0,1789414570.0,0.03665940252179795,0.02300884955752225,-0.007116564417177895,0.0,0.0,-0.009547123623011022,0.0,0.0,0.0717880794701986,1.0,1.0,0.09856095574260126,1.0,1.0,0.18965010291090856,1.0,1.0,0.24148511813439688,1.0,1.0,0.06585879873551104,1.0,1.0,0.0,0.0,0.0,0.0,1.0,0.02300884955752225,1.0,0.02300884955752225,1.0,0.02300884955752225,1.0,0.02300884955752225,1.0,0.02300884955752225
2025-10-22,40.15,40.46,39.52,39.89,46589992.0,1863321019.0,1789414570.0,0.02603644386331335,-0.014087988136431084,-0.0472892285646046,0.0,0.0,-0.09423251589464121,0.0,0.0,0.03261713694020196,1.0,1.0,0.10011031439602869,1.0,1.0,0.16671541386370303,1.0,1.0,0.21135742484057096,1.0,1.0,0.09738651994497927,1.0,1.0,0.0,-0.0,0.0,-0.0,1.0,-0.014087988136431084,1.0,-0.014087988136431084,1.0,-0.014087988136431084,1.0,-0.014087988136431084,1.0,-0.014087988136431084
2025-10-23,39.56,39.8,38.82,39.79,45822407.0,1799467135.0,1789414570.0,0.02560748513409053,-0.0025068939583855476,-0.045116390688744956,0.0,0.0,-0.15250266240681587,0.0,0.0,0.02816537467700253,1.0,1.0,0.05740100983258034,1.0,1.0,0.1716725559481742,1.0,1.0,0.2194299724180202,1.0,1.0,0.06876175127585293,1.0,1.0,0.0,-0.0,0.0,-0.0,1.0,-0.0025068939583855476,1.0,-0.0025068939583855476,1.0,-0.0025068939583855476,1.0,-0.0025068939583855476,1.0,-0.0025068939583855476
2025-10-24,40.36,41.05,40.06,40.91,75658558.0,3082212694.0,1789414570.0,0.042281179145646504,0.028147775823071042,0.03674607197161661,1.0,0.0,-0.06427264409881062,0.0,0.0,0.047363031233998765,1.0,1.0,0.12051492741714598,1.0,1.0,0.1810046189376442,1.0,1.0,0.24649603900060924,1.0,1.0,0.08658698539176624,1.0,1.0,0.0,0.0,0.0,0.0,1.0,0.028147775823071042,1.0,0.028147775823071042,1.0,0.028147775823071042,1.0,0.028147775823071042,1.0,0.028147775823071042
2025-10-27,41.83,42.45,40.96,42.04,123359141.0,5155208442.0,1789414570.0,0.06893826789395148,0.027621608408702203,0.06295828065739584,1.0,1.0,-0.03489439853076226,0.0,0.0,0.08742886704604258,1.0,1.0,0.08434356461181314,1.0,1.0,0.20943613348676648,1.0,1.0,0.2919483712354025,1.0,1.0,0.13713822017852317,1.0,1.0,1.0,0.027021608408702203,0.0,0.0,1.0,0.027621608408702203,1.0,0.027621608408702203,1.0,0.027621608408702203,1.0,0.027621608408702203,1.0,0.027621608408702203
2025-10-28,41.97,42.88,41.55,41.84,95768243.0,4048035501.0,1789414570.0,0.05351931553793037,-0.004757373929590747,0.03410776075135935,1.0,1.0,0.02674846625766869,1.0,0.0,0.05683253346804751,1.0,1.0,0.07474955047521203,1.0,1.0,0.19713876967095856,1.0,1.0,0.27405602923264305,1.0,1.0,0.13726556129383005,1.0,1.0,1.0,-0.004757373929590747,0.0,-0.0,1.0,-0.004757373929590747,1.0,-0.004757373929590747,1.0,-0.004757373929590747,1.0,-0.004757373929590747,1.0,-0.004757373929590747
2025-10-29,41.58,42.34,41.37,41.75,67862839.0,2833735528.0,1789414570.0,0.03792460402286766,-0.0021510516252390977,0.0466282276259713,1.0,1.0,-0.002866013852400262,0.0,1.0,0.06695629951443904,1.0,1.0,0.07271325796505645,1.0,1.0,0.16815892557358691,1.0,1.0,0.25601684717208184,1.0,1.0,0.04873147450389337,1.0,1.0,1.0,-0.0021510516252390977,1.0,-0.0027510516252390975,1.0,-0.0021510516252390977,1.0,-0.0021510516252390977,1.0,-0.0021510516252390977,1.0,-0.0021510516252390977,1.0,-0.0021510516252390977
2025-10-30,42.04,42.55,41.5,41.55,92839206.0,3908161357.0,1789414570.0,0.051882446670812564,-0.004790419161676662,0.04423221915054021,1.0,1.0,-0.0028797696184306165,0.0,0.0,0.010211524434718955,1.0,1.0,0.07838048274072151,1.0,1.0,0.17108229988726054,1.0,1.0,0.21740404336360952,1.0,1.0,0.04580921218223,1.0,1.0,1.0,-0.004790419161676662,0.0,-0.0006,1.0,-0.004790419161676662,1.0,-0.004790419161676662,1.0,-0.004790419161676662,1.0,-0.004790419161676662,1.0,-0.004790419161676662
2025-10-31,41.25,41.26,39.96,39.98,80387834.0,3251958139.0,1789414570.0,0.04492409715877076,-0.037785800240673906,-0.022732828159374274,0.0,1.0,0.013177901672579706,1.0,0.0,-0.06457650912494162,0.0,1.0,-0.003241087010720567,0.0,1.0,0.1419594401599542,1.0,1.0,0.17450058754406572,1.0,1.0,0.03147574819401444,1.0,1.0,1.0,-0.037785800240673906,0.0,-0.0,1.0,-0.037785800240673906,1.0,-0.037785800240673906,1.0,-0.037785800240673906,1.0,-0.037785800240673906,1.0,-0.037785800240673906
2025-11-03,39.76,39.77,38.4,39.41,66861761.0,2613870601.0,1789414570.0,0.03736515960077379,-0.014257128564282184,-0.06255946717411998,0.0,0.0,-0.0035398230088495852,0.0,1.0,-0.04530038759689936,0.0,0.0,-0.010544815465729385,0.0,0.0,0.14298143851508116,1.0,1.0,0.1563967136150235,1.0,1.0,0.02496749024707401,1.0,1.0,0.0,-0.0006,1.0,-0.014857128564282184,0.0,-0.0006,0.0,-0.0006,1.0,-0.014257128564282184,1.0,-0.014257128564282184,1.0,-0.014257128564282184
2025-11-04,39.54,41.16,39.4,39.78,71868602.0,2897071317.0,1789414570.0,0.040163192590971244,0.009388480081197859,-0.04923518164435947,0.0,0.0,-0.01680672268907557,0.0,0.0,-0.026193390452876386,0.0,0.0,-0.03164556962025311,0.0,0.0,0.147720715522216,1.0,1.0,0.18746268656716425,1.0,1.0,0.03485952133194603,1.0,1.0,0.0,0.0,0.0,-0.0006,0.0,0.0,0.0,0.0,1.0,0.009388480081197859,1.0,0.009388480081197859,1.0,0.009388480081197859
2025-11-05,38.52,39.19,38.46,38.84,49717864.0,1930759686.0,1789414570.0,0.027784430077597948,-0.02362996480643531,-0.0697005988023951,0.0,0.0,-0.026322386563048306,0.0,0.0,-0.11807447774750213,0.0,0.0,-0.002824133504492954,0.0,0.0,0.11995386389850071,1.0,1.0,0.14369846878680814,1.0,1.0,-0.000771803447388586,0.0,1.0,0.0,-0.0,0.0,-0.0,0.0,-0.0,0.0,-0.0,1.0,-0.02362996480643531,1.0,-0.02362996480643531,1.0,-0.02362996480643531
2025-11-06,39.23,39.66,38.87,39.65,48840818.0,1925169949.0,1789414570.0,0.027294299945260867,0.02085478887744574,-0.04572803850782192,0.0,0.0,-0.003518471977883908,0.0,0.0,-0.15548455804046868,0.0,0.0,0.03578892371995823,1.0,0.0,0.13610315186246424,1.0,1.0,0.17030696576151105,1.0,1.0,0.0349778125815714,1.0,0.0,0.0,0.0,0.0,0.0,0.0,0.0,0.0,0.0,1.0,0.02085478887744574,1.0,0.02085478887744574,0.0,-0.0006
2025-11-07,39.2,39.21,38.76,38.88,35648645.0,1389916425.0,1789414570.0,0.01992195972786787,-0.01941992433795703,-0.027513756878439044,0.0,0.0,-0.04962111953067694,0.0,0.0,-0.11070448307410785,0.0,0.0,0.07462686567164178,1.0,1.0,0.10706150341685672,1.0,1.0,0.14218566392479448,1.0,1.0,0.012236396771674096,1.0,1.0,0.0,-0.0,0.0,-0.0,0.0,-0.0,1.0,-0.02001992433795703,1.0,-0.01941992433795703,1.0,-0.01941992433795703,1.0,-0.02001992433795703
2025-11-10,39.11,39.54,38.84,39.15,38152359.0,1494887356.0,1789414570.0,0.02132114024309079,0.00694444444444442,-0.006597310327328021,0.0,0.0,-0.06874405328258804,0.0,0.0,-0.10123966942148765,0.0,0.0,0.05497170573969279,1.0,1.0,0.13346844238563982,1.0,1.0,0.17638221153846145,1.0,1.0,0.02890932982917227,1.0,1.0,0.0,0.0,0.0,0.0,0.0,0.0,1.0,0.00694444444444442,1.0,0.00694444444444442,1.0,0.00694444444444442,1.0,0.00694444444444442
2025-11-11,39.46,39.65,38.47,38.48,39938220.0,1552991927.0,1789414570.0,0.022319154358958863,-0.01711366538952752,-0.03267973856209161,0.0,0.0,-0.08030592734225639,0.0,0.0,-0.055705521472392716,0.0,0.0,0.024494142705005162,1.0,1.0,0.10861423220973765,1.0,1.0,0.1489997014034039,1.0,1.0,-0.030730478589420795,0.0,1.0,0.0,-0.0,0.0,-0.0,0.0,-0.0,1.0,-0.01711366538952752,1.0,-0.01711366538952752,1.0,-0.01711366538952752,1.0,-0.01711366538952752
2025-11-12,38.26,38.26,37.42,37.65,40462795.0,1529100787.0,1789414570.0,0.02261230889608773,-0.02156964656964655,-0.030638516992791076,0.0,0.0,-0.0982035928143713,0.0,0.0,-0.10078815380941009,0.0,0.0,0.0303776683087027,1.0,1.0,0.0744863013698629,1.0,1.0,0.1316501352569881,1.0,1.0,-0.01902032308494017,0.0,0.0,0.0,-0.0,0.0,-0.0,0.0,-0.0,1.0,-0.02156964656964655,1.0,-0.02156964656964655,1.0,-0.02156964656964655,0.0,-0.0006
2025-11-13,37.63,38.38,37.57,38.2,34916245.0,1330942105.0,1789414570.0,0.019512663854078266,0.014608233731739917,-0.03656998738965944,0.0,0.0,-0.0806257521058964,0.0,0.0,-0.08327333813294935,0.0,0.0,0.04571584998631262,1.0,1.0,0.075753308927063,1.0,1.0,0.15199034981905934,1.0,1.0,-0.011131245146259405,0.0,0.0,0.0,0.0,0.0,0.0,0.0,0.0,1.0,0.014608233731739917,1.0,0.014608233731739917,1.0,0.014608233731739917,0.0,0.0
2025-11-14,37.76,37.77,36.99,37.01,48226236.0,1802972186.0,1789414570.0,0.02695084571709953,-0.031151832460733053,-0.04809670781893016,0.0,0.0,-0.0742871435717859,0.0,0.0,-0.06208819057273196,0.0,0.0,-0.02553975776724593,0.0,1.0,0.05082339579784212,1.0,1.0,0.12526603830951655,1.0,1.0,-0.09378060724779635,0.0,0.0,0.0,-0.0,0.0,-0.0,0.0,-0.0,1.0,-0.031151832460733053,1.0,-0.031151832460733053,1.0,-0.031151832460733053,0.0,-0.0
2025-11-17,36.96,37.29,36.73,37.04,28551304.0,1057684374.0,1789414570.0,0.015955667556680285,0.0008105917319642941,-0.05389527458492971,0.0,0.0,-0.06013702106064445,0.0,0.0,-0.06346396965865986,0.0,0.0,-0.02036498280878085,0.0,0.0,0.03463687150838002,1.0,1.0,0.1323754203607459,1.0,1.0,-0.1449676823638043,0.0,0.0,0.0,0.0,0.0,0.0,0.0,0.0,0.0,-0.0006,1.0,0.0008105917319642941,1.0,0.0008105917319642941,0.0,0.0
2025-11-18,36.97,37.48,36.77,37.13,28868445.0,1074728786.0,1789414570.0,0.01613289926436667,0.0024298056155509506,-0.035083160083159926,0.0,0.0,-0.0666163901458019,0.0,0.0,-0.08230350963914979,0.0,0.0,-0.016423841059602595,0.0,0.0,0.008145533532446514,1.0,1.0,0.14422187981510004,1.0,1.0,-0.14819912824042214,0.0,0.0,0.0,0.0,0.0,0.0,0.0,0.0,0.0,0.0,1.0,0.0024298056155509506,1.0,0.0024298056155509506,0.0,0.0
2025-11-19,36.97,37.16,36.35,36.55,29693719.0,1090272798.0,1789414570.0,0.016594097029175303,-0.015620791812550605,-0.0292164674634795,0.0,0.0,-0.05895983522142134,0.0,0.0,-0.08373025821007785,0.0,0.0,-0.05384416256795255,0.0,0.0,0.007997793712079426,1.0,1.0,0.1208218337933149,1.0,1.0,-0.1572515563753747,0.0,0.0,0.0,-0.0,0.0,-0.0,0.0,-0.0,0.0,-0.0,1.0,-0.015620791812550605,1.0,-0.015620791812550605,0.0,-0.0
2025-11-20,36.95,37.04,36.07,36.08,26871999.0,980623957.0,1789414570.0,0.015017201407944275,-0.012859097127222996,-0.05549738219895295,0.0,0.0,-0.09003783102143759,0.0,0.0,-0.09323950741392317,0.0,0.0,-0.06770025839793292,0.0,0.0,-0.0411905394631944,0.0,1.0,0.1215418091389493,1.0,1.0,-0.22056599697558865,0.0,0.0,0.0,-0.0,0.0,-0.0,0.0,-0.0,0.0,-0.0,1.0,-0.012859097127222996,1.0,-0.012859097127222996,0.0,-0.0
2025-11-21,35.56,35.76,34.76,34.81,42233532.0,1486565480.0,1789414570.0,0.023601871085692568,-0.035199556541019805,-0.05944339367738438,0.0,0.0,-0.10468106995884774,0.0,0.0,-0.14910779760449755,0.0,0.0,-0.10880696364567333,0.0,0.0,-0.04656258559298809,0.0,0.0,0.09190715181932263,1.0,1.0,-0.24061954624781856,0.0,0.0,0.0,-0.0,0.0,-0.0,0.0,-0.0,0.0,-0.0,0.0,-0.0006,1.0,-0.035199556541019805,0.0,-0.0
2025-11-24,34.97,35.22,34.54,35.01,28559949.0,997828583.0,1789414570.0,0.015960498745687536,0.00574547543809234,-0.054805615550756026,0.0,0.0,-0.10574712643678164,0.0,0.0,-0.16722169362511896,0.0,0.0,-0.09441282979824106,0.0,0.0,-0.09698220273407288,0.0,0.0,0.0768994155644418,1.0,1.0,-0.20594239056475405,0.0,0.0,0.0,0.0,0.0,0.0,0.0,0.0,0.0,0.0,0.0,0.0,1.0,0.00574547543809234,0.0,0.0
2025-11-25,35.4,35.89,35.24,35.47,32948443.0,1172826325.0,1789414570.0,0.018412973467629695,0.013139103113396278,-0.04470778346350668,0.0,0.0,-0.07822245322245314,0.0,0.0,-0.15224665391969416,0.0,0.0,-0.10406668350593595,0.0,0.0,-0.08887747238633448,0.0,0.0,0.10913070669168223,1.0,1.0,-0.17222870478413077,0.0,0.0,0.0,0.0,0.0,0.0,0.0,0.0,0.0,0.0,0.0,0.0,1.0,0.013139103113396278,0.0,0.0
2025-11-26,35.44,36.04,35.22,35.76,36563489.0,1309368383.0,1789414570.0,0.020433212969759154,0.008175923315477895,-0.021614227086183324,0.0,0.0,-0.05019920318725102,0.0,0.0,-0.14347305389221565,0.0,0.0,-0.08612317914643508,0.0,0.0,-0.08119218910585824,0.0,0.0,0.12276295133437976,1.0,1.0,-0.16740395809080333,0.0,0.0,0.0,0.0,0.0,0.0,0.0,0.0,0.0,0.0,0.0,0.0,1.0,0.008175923315477895,0.0,0.0
2025-11-27,35.81,36.52,35.69,35.71,36700158.0,1326760581.0,1789414570.0,0.020509589345748983,-0.0013982102908276506,-0.010254988913525387,0.0,0.0,-0.0651832460732985,0.0,0.0,-0.1405535499398315,0.0,0.0,-0.13177729151470952,0.0,0.0,-0.07318972229431608,0.0,0.0,0.10728682170542636,1.0,1.0,-0.1189242536392795,0.0,0.0,0.0,-0.0,0.0,-0.0,0.0,-0.0,0.0,-0.0,0.0,-0.0,1.0,-0.0013982102908276506,0.0,-0.0
2025-11-28,35.57,35.94,35.39,35.87,23399785.0,836578646.0,1789414570.0,0.013076782424991655,0.004480537664519613,0.030451019821890135,1.0,0.0,-0.03080248581464473,0.0,0.0,-0.10280140070035015,0.0,0.0,-0.16073935423490882,0.0,0.0,-0.10570929942657692,0.0,0.0,0.09226552984165637,1.0,1.0,-0.1408383233532935,0.0,0.0,0.0,0.0,0.0,0.0,0.0,0.0,0.0,0.0,0.0,0.0,1.0,0.004480537664519613,0.0,0.0
2025-12-01,36.94,37.18,36.46,37.06,48395869.0,1784103507.0,1789414570.0,0.027045643760461837,0.0331753554502372,0.058554698657526494,1.0,1.0,0.0005399568034558655,1.0,0.0,-0.05962953565084994,0.0,0.0,-0.1022286821705426,0.0,0.0,-0.06954556866683392,0.0,0.0,0.13125763125763146,1.0,1.0,-0.10483091787439602,0.0,0.0,1.0,0.032575355450237195,0.0,0.0,0.0,0.0,0.0,0.0,0.0,0.0,1.0,0.0331753554502372,0.0,0.0
2025-12-02,36.96,36.96,36.36,36.42,27538492.0,1009123627.0,1789414570.0,0.01538966568267073,-0.017269293038316258,0.026783197067944853,1.0,1.0,-0.019122003770535967,0.0,1.0,-0.08446455505279038,0.0,0.0,-0.10844553243574051,0.0,0.0,-0.11343719571567668,0.0,0.0,0.11104331909701037,1.0,1.0,-0.10779029887310143,0.0,0.0,1.0,-0.017269293038316258,1.0,-0.017869293038316258,0.0,-0.0,0.0,-0.0,0.0,-0.0,1.0,-0.017269293038316258,0.0,-0.0
2025-12-03,36.49,37.74,36.42,36.57,35654280.0,1317048542.0,1789414570.0,0.01992510880248393,0.004118616144975329,0.022651006711409405,1.0,1.0,0.0005471956224352148,1.0,0.0,-0.058444902162718915,0.0,0.0,-0.1696185286103542,0.0,0.0,-0.061103979460847335,0.0,0.0,0.13571428571428568,1.0,1.0,-0.055038759689922556,0.0,0.0,1.0,0.004118616144975329,0.0,-0.0006,0.0,0.0,0.0,0.0,0.0,0.0,1.0,0.004118616144975329,0.0,0.0
2025-12-04,36.44,36.95,35.97,36.95,28584518.0,1043606559.0,1789414570.0,0.015974228934550364,0.01039103089964466,0.034724166900028,1.0,1.0,0.02411308203991136,1.0,1.0,-0.06809583858764179,0.0,0.0,-0.21299254526091582,0.0,0.0,-0.034743991640543315,0.0,0.0,0.15037359900373626,1.0,1.0,-0.014929352172753818,0.0,0.0,1.0,0.01039103089964466,1.0,0.00979103089964466,0.0,0.0,0.0,0.0,0.0,0.0,1.0,0.01039103089964466,0.0,0.0
2025-12-05,36.95,36.95,36.18,36.7,28128675.0,1029369731.0,1789414570.0,0.015719484725107608,-0.006765899864682012,0.023139113465291405,1.0,1.0,0.05429474288997427,1.0,1.0,-0.05606995884773658,0.0,0.0,-0.16056724611161932,0.0,0.0,0.014372581536760798,1.0,0.0,0.14902943018159043,1.0,1.0,-0.017665952890792203,0.0,0.0,1.0,-0.006765899864682012,1.0,-0.006765899864682012,0.0,-0.0,0.0,-0.0,0.0,-0.0,1.0,-0.006765899864682012,0.0,-0.0
2025-12-08,36.69,37.43,36.57,37.24,38282025.0,1421326447.0,1789414570.0,0.02139360304862165,0.014713896457765552,0.004856988667026441,1.0,1.0,0.06369608683233374,1.0,1.0,-0.048786717752234865,0.0,0.0,-0.1450872359963269,0.0,0.0,0.0035030988951765263,1.0,1.0,0.17402269861286257,1.0,1.0,-0.018708827404479544,0.0,0.0,1.0,0.014713896457765552,1.0,0.014713896457765552,0.0,0.0,0.0,0.0,1.0,0.014113896457765552,1.0,0.014713896457765552,0.0,0.0
2025-12-09,37.08,37.35,36.76,36.86,29713283.0,1102144996.0,1789414570.0,0.016605030213876038,-0.010204081632653184,0.012081274025260713,1.0,1.0,0.039188046236255936,1.0,1.0,-0.04209979209979209,0.0,0.0,-0.09546012269938653,0.0,0.0,-0.01863684771033025,0.0,1.0,0.16057934508816119,1.0,1.0,-0.03406708595387831,0.0,0.0,1.0,-0.010204081632653184,1.0,-0.010204081632653184,0.0,-0.0,0.0,-0.0,1.0,-0.010204081632653184,1.0,-0.010204081632653184,0.0,-0.0
2025-12-10,36.66,37.26,36.41,37.15,30528865.0,1129250136.0,1789414570.0,0.01706081168211344,0.007867607162235446,0.01585999453103626,1.0,1.0,0.03887024608501122,1.0,1.0,-0.013280212483399723,0.0,0.0,-0.11272987819441127,0.0,0.0,0.016694033935413133,1.0,0.0,0.17155471460107208,1.0,1.0,-0.04153766769865841,0.0,0.0,1.0,0.007867607162235446,1.0,0.007867607162235446,0.0,0.0,0.0,0.0,0.0,-0.0006,1.0,0.007867607162235446,0.0,0.0
2025-12-11,37.12,37.13,36.33,36.37,26025243.0,956493237.0,1789414570.0,0.014543998599497265,-0.020995962314939498,-0.015696887686062366,0.0,1.0,0.018482217866143902,1.0,1.0,-0.047905759162303774,0.0,0.0,-0.12718982481401497,0.0,0.0,-0.0043799616753353865,0.0,1.0,0.13196389666977892,1.0,1.0,-0.09006755066299732,0.0,0.0,1.0,-0.020995962314939498,1.0,-0.020995962314939498,0.0,-0.0,0.0,-0.0,1.0,-0.021595962314939498,1.0,-0.020995962314939498,0.0,-0.0
2025-12-12,36.38,36.91,35.94,36.78,33601146.0,1228852280.0,1789414570.0,0.018777731311308145,0.011273027220236598,0.0021798365122616126,1.0,0.0,0.025369389461946,1.0,1.0,-0.00621453661172644,0.0,0.0,-0.06791687785098832,0.0,0.0,-0.03159557661927315,0.0,0.0,0.1576959395656281,1.0,1.0,-0.0690964312832194,0.0,0.0,0.0,-0.0006,1.0,0.011273027220236598,0.0,0.0,0.0,0.0,0.0,-0.0006,1.0,0.011273027220236598,0.0,0.0
2025-12-15,36.44,36.53,35.97,36.0,25048397.0,908577094.0,1789414570.0,0.01399809603651545,-0.021207177814029365,-0.03329752953813114,0.0,1.0,-0.028602266594711323,0.0,1.0,-0.028077753779697567,0.0,0.0,-0.08975979772439946,0.0,0.0,-0.0478709336154457,0.0,0.0,0.14358322744599739,1.0,1.0,-0.07881269191402251,0.0,0.0,1.0,-0.021807177814029365,1.0,-0.021207177814029365,0.0,-0.0,0.0,-0.0,0.0,-0.0,1.0,-0.021207177814029365,0.0,-0.0
2025-12-16,35.96,36.11,35.06,35.34,27127806.0,961806334.0,1789414570.0,0.01516015710098974,-0.0183333333333332,-0.04123711340206171,0.0,0.0,-0.029654036243822013,0.0,0.0,-0.04820899542149204,0.0,0.0,-0.12654473554127532,0.0,0.0,-0.06384105960264896,0.0,0.0,0.08939580764488309,1.0,1.0,-0.09593246354566387,0.0,0.0,0.0,-0.0006,0.0,-0.0006,0.0,-0.0,0.0,-0.0,0.0,-0.0,1.0,-0.0183333333333332,0.0,-0.0
2025-12-17,35.26,36.01,35.09,35.89,27849810.0,991389545.0,1789414570.0,0.015563643253446852,0.015563101301641069,-0.03391655450874831,0.0,0.0,-0.01859447634673228,0.0,0.0,-0.018057455540355538,0.0,0.0,-0.10027575833542246,0.0,0.0,-0.07092932953662956,0.0,0.0,0.09287454323995115,1.0,1.0,-0.08769700050838847,0.0,0.0,0.0,0.0,0.0,0.0,0.0,0.0,0.0,0.0,0.0,0.0,1.0,0.015563101301641069,0.0,0.0
2025-12-18,35.56,36.11,35.53,35.63,22518805.0,807786685.0,1789414570.0,0.01258445380826423,-0.007244357759821574,-0.020346439373109537,0.0,0.0,-0.03572395128552097,0.0,0.0,-0.012472283813747098,0.0,0.0,-0.1045488816285498,0.0,0.0,-0.07932816537467702,0.0,0.0,0.07448733413751518,1.0,1.0,-0.07261842790213424,0.0,0.0,0.0,-0.0,0.0,-0.0,0.0,-0.0,0.0,-0.0,0.0,-0.0,1.0,-0.007244357759821574,0.0,-0.0
2025-12-19,35.93,36.31,35.7,35.72,24064359.0,865662234.0,1789414570.0,0.013448174281938478,0.002525961268593724,-0.02882001087547581,0.0,0.0,-0.02670299727520442,0.0,0.0,0.026141913243320714,1.0,0.0,-0.1268638474700562,0.0,0.0,-0.08550947260624686,0.0,0.0,0.08571428571428563,1.0,1.0,-0.06833594157537826,0.0,0.0,0.0,0.0,0.0,0.0,0.0,0.0,0.0,0.0,0.0,0.0,1.0,0.002525961268593724,0.0,0.0
2025-12-22,36.01,36.85,35.99,36.75,41516939.0,1519928286.0,1789414570.0,0.02320140882724566,0.02883538633818583,0.02083333333333326,1.0,0.0,-0.013157894736842146,0.0,0.0,0.049700085689802886,1.0,1.0,-0.12583254043767833,0.0,0.0,-0.04940506983962745,0.0,0.0,0.09570661896243293,1.0,1.0,-0.039215686274509776,0.0,0.0,0.0,0.0,0.0,0.0,1.0,0.02823538633818583,0.0,0.0,0.0,0.0,1.0,0.02883538633818583,0.0,0.0
2025-12-23,36.76,36.95,36.43,36.59,28296372.0,1039494738.0,1789414570.0,0.015813200850376446,-0.004353741496598507,0.03537068477645722,1.0,1.0,-0.007325013564839833,0.0,0.0,0.03157597970115611,1.0,1.0,-0.12547801147227533,0.0,0.0,-0.07577671129072994,0.0,0.0,0.0880166517989891,1.0,1.0,-0.046390409173833524,0.0,0.0,1.0,-0.0049537414965985065,0.0,-0.0,1.0,-0.004353741496598507,0.0,-0.0,0.0,-0.0,1.0,-0.004353741496598507,0.0,-0.0
2025-12-24,36.8,37.16,36.66,37.08,32623248.0,1207065016.0,1789414570.0,0.0182312408465524,0.013391637059305683,0.03315686820841446,1.0,1.0,-0.0018842530282637826,0.0,0.0,0.03691275167785246,1.0,1.0,-0.11185628742514975,0.0,0.0,-0.05238947099412228,0.0,0.0,0.09348274845178417,1.0,1.0,-0.018788039163800008,0.0,0.0,1.0,0.013391637059305683,0.0,0.0,1.0,0.013391637059305683,0.0,0.0,0.0,0.0,1.0,0.013391637059305683,0.0,0.0
2025-12-25,37.12,37.36,36.9,37.09,27905801.0,1037102395.0,1789414570.0,0.015594933375332918,0.00026968716289110795,0.04097670502385631,1.0,1.0,0.01979653560626904,1.0,0.0,0.038644637356482825,1.0,1.0,-0.10734055354993965,0.0,0.0,-0.09822513980063208,0.0,0.0,0.11548872180451131,1.0,1.0,-0.01435025245814503,0.0,0.0,1.0,0.00026968716289110795,0.0,0.0,1.0,0.00026968716289110795,0.0,0.0,0.0,0.0,1.0,0.00026968716289110795,0.0,0.0
2025-12-26,36.92,37.22,36.62,36.76,30489723.0,1126125501.0,1789414570.0,0.0170389374889241,-0.008897276894041628,0.02911534154535267,1.0,1.0,-0.0005437737901033968,0.0,1.0,0.024811820462782297,1.0,1.0,-0.08054027013506748,0.0,0.0,-0.13991576977070663,0.0,0.0,0.09829698237227369,1.0,1.0,-0.02051691979749537,0.0,0.0,1.0,-0.008897276894041628,1.0,-0.009497276894041628,1.0,-0.008897276894041628,0.0,-0.0,0.0,-0.0,1.0,-0.008897276894041628,0.0,-0.0
2025-12-29,36.77,37.07,36.51,36.58,28355191.0,1043647681.0,1789414570.0,0.01584607137741144,-0.004896626768226331,-0.004625850340136073,0.0,1.0,0.016111111111110965,1.0,0.0,-0.012951969778737249,0.0,1.0,-0.07180918548591719,0.0,0.0,-0.11385658914728691,0.0,0.0,0.10280373831775691,1.0,1.0,-0.03686150605581884,0.0,0.0,1.0,-0.004896626768226331,0.0,-0.0006,1.0,-0.004896626768226331,0.0,-0.0,0.0,-0.0,1.0,-0.004896626768226331,0.0,-0.0
2025-12-30,36.49,37.2,36.47,37.06,33480259.0,1240081330.0,1789414570.0,0.01871017457961125,0.013121924548934016,0.012845039628313737,1.0,0.0,0.04867006225240522,1.0,1.0,0.0175727622185613,1.0,0.0,-0.06837606837606836,0.0,0.0,-0.09277845777233784,0.0,0.0,0.12678625722103987,1.0,1.0,-0.04113842173350568,0.0,0.0,0.0,-0.0006,1.0,0.012521924548934017,0.0,-0.0006,0.0,0.0,0.0,0.0,1.0,0.013121924548934016,0.0,0.0
2025-12-31,37.22,37.31,36.66,36.74,28095490.0,1036329986.0,1789414570.0,0.01570093955365525,-0.008634646519158129,-0.00916936353829545,0.0,1.0,0.02368347729172471,1.0,1.0,0.004648619086683015,1.0,1.0,-0.05406797116374873,0.0,0.0,-0.1657584014532243,0.0,0.0,0.09704389369961186,1.0,1.0,-0.07595573440643855,0.0,0.0,1.0,-0.009234646519158129,1.0,-0.008634646519158129,1.0,-0.009234646519158129,0.0,-0.0,0.0,-0.0,1.0,-0.008634646519158129,0.0,-0.0
2026-01-05,37.16,38.56,37.16,38.32,79525985.0,3038786138.0,1789414570.0,0.044442459748162216,0.04300489929232443,0.033162577514154634,1.0,0.0,0.07549817569463935,1.0,1.0,0.03707713125845724,1.0,1.0,-0.03354350567465314,0.0,0.0,-0.18381256656017042,0.0,0.0,0.15700483091787443,1.0,1.0,-0.01262561195568157,0.0,0.0,0.0,-0.0006,1.0,0.04300489929232443,1.0,0.04300489929232443,0.0,0.0,0.0,0.0,1.0,0.04300489929232443,0.0,0.0
2026-01-06,38.56,38.65,38.02,38.4,58452059.0,2243132117.0,1789414570.0,0.032665464996185875,0.0020876826722338038,0.044613710554951114,1.0,1.0,0.0750279955207167,1.0,1.0,0.04632152588555849,1.0,1.0,-0.012345679012345734,0.0,0.0,-0.1216834400731931,0.0,0.0,0.16293155663234393,1.0,1.0,-0.015889287544848862,0.0,0.0,1.0,0.001487682672233804,1.0,0.0020876826722338038,1.0,0.0020876826722338038,0.0,0.0,0.0,0.0,1.0,0.0020876826722338038,0.0,0.0
2026-01-07,39.02,39.55,38.46,39.04,97859100.0,3822377234.0,1789414570.0,0.054687774225511084,0.016666666666666607,0.06724986331328608,1.0,1.0,0.062312925170068034,1.0,1.0,0.048335123523093326,1.0,1.0,-0.0028097062579821586,0.0,0.0,-0.10376492194674014,0.0,0.0,0.16711509715994,1.0,1.0,0.008524928958925315,1.0,0.0,1.0,0.016666666666666607,1.0,0.016666666666666607,1.0,0.016666666666666607,0.0,0.0,0.0,0.0,1.0,0.016666666666666607,0.0,0.0
2026-01-08,38.76,39.56,38.64,38.94,64056495.0,2512526433.0,1789414570.0,0.035797459165653266,-0.0025614754098360892,0.05072854830005391,1.0,1.0,0.06422519814156846,1.0,1.0,0.05642973412913732,1.0,1.0,0.01195426195426208,1.0,0.0,-0.044417177914110484,0.0,0.0,0.16796640671865615,1.0,1.0,-0.01939058171745156,0.0,1.0,1.0,-0.0025614754098360892,1.0,-0.0025614754098360892,1.0,-0.0025614754098360892,0.0,-0.0,0.0,-0.0,1.0,-0.0025614754098360892,1.0,-0.003161475409836089
2026-01-09,39.21,41.44,39.21,41.13,134851185.0,5514654632.0,1789414570.0,0.0753605046369998,0.05624036979969205,0.11948829613500278,1.0,1.0,0.10922330097087385,1.0,1.0,0.10713324360699872,1.0,1.0,0.0924302788844622,1.0,1.0,-0.017673752089801598,0.0,0.0,0.22483621203097104,1.0,1.0,0.022371364653243964,1.0,0.0,1.0,0.05624036979969205,1.0,0.05624036979969205,1.0,0.05624036979969205,1.0,0.055640369799692044,0.0,0.0,1.0,0.05624036979969205,0.0,-0.0006
2026-01-12,41.93,45.23,41.93,43.63,167549851.0,7357955587.0,1789414570.0,0.0936338922287863,0.06078288353999506,0.13856993736951995,1.0,1.0,0.1763278511728228,1.0,1.0,0.19961506736321155,1.0,1.0,0.14214659685863862,1.0,1.0,0.047036237101032,1.0,0.0,0.30122278556516546,1.0,1.0,0.021062485373274153,1.0,1.0,1.0,0.06078288353999506,1.0,0.06078288353999506,1.0,0.06078288353999506,1.0,0.06078288353999506,0.0,0.0,1.0,0.06078288353999506,1.0,0.060182883539995055
2026-01-13,43.45,43.75,41.93,42.15,101869675.0,4363252495.0,1789414570.0,0.05692905194127262,-0.03392161356864554,0.09765625,1.0,1.0,0.14662676822633292,1.0,1.0,0.14600326264274055,1.0,1.0,0.1388813834098892,1.0,1.0,0.06817029903699945,1.0,1.0,0.24336283185840712,1.0,1.0,0.037410780211666106,1.0,1.0,1.0,-0.03392161356864554,1.0,-0.03392161356864554,1.0,-0.03392161356864554,1.0,-0.03392161356864554,1.0,-0.03452161356864554,1.0,-0.03392161356864554,1.0,-0.03392161356864554
2026-01-14,42.15,43.26,41.48,41.93,86562008.0,3668781163.0,1789414570.0,0.048374484846180725,-0.005219454329774553,0.07402663934426235,1.0,1.0,0.14625478403499192,1.0,1.0,0.16472222222222221,1.0,1.0,0.13201943844492448,1.0,1.0,0.060176991150442616,1.0,1.0,0.23796870386772961,1.0,1.0,0.10284061020515511,1.0,1.0,1.0,-0.005219454329774553,1.0,-0.005219454329774553,1.0,-0.005219454329774553,1.0,-0.005219454329774553,1.0,-0.005219454329774553,1.0,-0.005219454329774553,1.0,-0.005219454329774553
2026-01-15,41.66,44.11,41.42,43.94,125270549.0,5392901852.0,1789414570.0,0.07000644294519184,0.04793703792034343,0.12840267077555212,1.0,1.0,0.18564490016189938,1.0,1.0,0.2433503112620259,1.0,1.0,0.18340964179908426,1.0,1.0,0.08601087493821047,1.0,1.0,0.29197294913260796,1.0,1.0,0.21515486725663724,1.0,1.0,1.0,0.04793703792034343,1.0,0.04793703792034343,1.0,0.04793703792034343,1.0,0.04793703792034343,1.0,0.04793703792034343,1.0,0.04793703792034343,1.0,0.04793703792034343
2026-01-16,44.95,48.34,44.75,48.34,197080479.0,9286881238.0,1789414570.0,0.1101368471589007,0.10013654984069209,0.17529783612934602,1.0,1.0,0.31573217201959713,1.0,1.0,0.34689328503761496,1.0,1.0,0.3225718194254448,1.0,1.0,0.21183253948357983,1.0,1.0,0.41386370283708707,1.0,1.0,0.36322617033276927,1.0,1.0,1.0,0.10013654984069209,1.0,0.10013654984069209,1.0,0.10013654984069209,1.0,0.10013654984069209,1.0,0.10013654984069209,1.0,0.10013654984069209,1.0,0.10013654984069209
2026-01-19,49.11,50.7,47.91,48.78,239101352.0,11749034774.0,1789414570.0,0.1336198754657508,0.009102192800992892,0.11803804721521893,1.0,1.0,0.27296450939457206,1.0,1.0,0.3690710075778838,1.0,1.0,0.3519955654101996,1.0,1.0,0.22593616486554424,1.0,1.0,0.4363957597173145,1.0,1.0,0.31270182992465023,1.0,1.0,1.0,0.009102192800992892,1.0,0.009102192800992892,1.0,0.009102192800992892,1.0,0.009102192800992892,1.0,0.009102192800992892,1.0,0.009102192800992892,1.0,0.009102192800992892
2026-01-20,48.78,50.22,48.35,49.44,178916455.0,8842379886.0,1789414570.0,0.09998602783255531,0.013530135301353052,0.17295373665480418,1.0,1.0,0.2875000000000001,1.0,1.0,0.3840985442329228,1.0,1.0,0.4202815282964665,1.0,1.0,0.20850647763383034,1.0,1.0,0.4272517321016165,1.0,1.0,0.3449401523394995,1.0,1.0,1.0,0.013530135301353052,1.0,0.013530135301353052,1.0,0.013530135301353052,1.0,0.013530135301353052,1.0,0.013530135301353052,1.0,0.013530135301353052,1.0,0.013530135301353052
2026-01-21,48.96,53.51,48.53,52.55,231403760.0,11973641605.0,1789414570.0,0.12931813783096668,0.06290453074433655,0.2532792749821129,1.0,1.0,0.3460553278688525,1.0,1.0,0.42993197278911555,1.0,1.0,0.5009997143673237,1.0,1.0,0.25,1.0,1.0,0.5117951668584579,1.0,1.0,0.40208110992529345,1.0,1.0,1.0,0.06290453074433655,1.0,0.06290453074433655,1.0,0.06290453074433655,1.0,0.06290453074433655,1.0,0.06290453074433655,1.0,0.06290453074433655,1.0,0.06290453074433655
2026-01-22,54.53,54.57,48.86,49.35,251036977.0,12607133409.0,1789414570.0,0.14029000389775523,-0.06089438629876298,0.12312243969048708,1.0,1.0,0.2673343605546996,1.0,1.0,0.34872916097294326,1.0,1.0,0.3913166055821822,1.0,1.0,0.1794933078393881,1.0,1.0,0.41201716738197414,1.0,1.0,0.23808329152032126,1.0,1.0,1.0,-0.06089438629876298,1.0,-0.06089438629876298,1.0,-0.06089438629876298,1.0,-0.06089438629876298,1.0,-0.06089438629876298,1.0,-0.06089438629876298,1.0,-0.06089438629876298
2026-01-23,49.35,50.29,48.4,48.97,165477934.0,8143964115.0,1789414570.0,0.09247601800850432,-0.007700101317122621,0.013032685146876277,1.0,1.0,0.19061512278142456,1.0,1.0,0.3206580366774541,1.0,1.0,0.3694071588366892,1.0,1.0,0.17293413173652694,1.0,1.0,0.3701734750979293,1.0,1.0,0.266028955532575,1.0,1.0,1.0,-0.007700101317122621,1.0,-0.007700101317122621,1.0,-0.007700101317122621,1.0,-0.007700101317122621,1.0,-0.007700101317122621,1.0,-0.007700101317122621,1.0,-0.007700101317122621
2026-01-26,48.78,49.27,47.0,47.26,125961710.0,6011665036.0,1789414570.0,0.07039269273413819,-0.03491933837043093,-0.031160311603116053,0.0,1.0,0.08319963327985325,1.0,1.0,0.27419789700727937,1.0,1.0,0.3234388126575187,1.0,1.0,0.13742478941034908,1.0,1.0,0.3320180383314544,1.0,1.0,0.17067129056229868,1.0,1.0,1.0,-0.03491933837043093,1.0,-0.03491933837043093,1.0,-0.03491933837043093,1.0,-0.03491933837043093,1.0,-0.03491933837043093,1.0,-0.03491933837043093,1.0,-0.03491933837043093
2026-01-27,47.13,48.61,46.1,48.15,129552119.0,6158076884.0,1789414570.0,0.07239916404614946,0.018831993228946242,-0.026092233009708754,0.0,0.0,0.14234875444839856,1.0,1.0,0.309847660500544,1.0,1.0,0.34234736548647904,1.0,1.0,0.204352176088044,1.0,1.0,0.3753213367609254,1.0,1.0,0.21071159165199882,1.0,1.0,0.0,-0.0006,1.0,0.018831993228946242,1.0,0.018831993228946242,1.0,0.018831993228946242,1.0,0.018831993228946242,1.0,0.018831993228946242,1.0,0.018831993228946242
2026-01-28,49.21,51.34,49.14,50.0,151152671.0,7597088075.0,1789414570.0,0.08447045952017704,0.03842159916926269,-0.04852521408182675,0.0,0.0,0.19246362985928922,1.0,1.0,0.3668671405139421,1.0,1.0,0.3491635186184565,1.0,1.0,0.26871352448617114,1.0,1.0,0.4501160092807426,1.0,1.0,0.2540757461750691,1.0,1.0,0.0,0.0,1.0,0.03842159916926269,1.0,0.03842159916926269,1.0,0.03842159916926269,1.0,0.03842159916926269,1.0,0.03842159916926269,1.0,0.03842159916926269
2026-01-29,49.35,50.94,48.75,48.93,90323132.0,4469149402.0,1789414570.0,0.05047635886858795,-0.021399999999999975,-0.008510638297872353,0.0,0.0,0.11356395084205739,1.0,1.0,0.3202914193200215,1.0,1.0,0.34349258649093906,1.0,1.0,0.23001508295625928,1.0,1.0,0.4117137911136759,1.0,1.0,0.21807318894697536,1.0,1.0,0.0,-0.0,1.0,-0.021399999999999975,1.0,-0.021399999999999975,1.0,-0.021399999999999975,1.0,-0.021399999999999975,1.0,-0.021399999999999975,1.0,-0.021399999999999975
2026-01-30,48.9,50.09,47.85,49.43,92342017.0,4542014269.0,1789414570.0,0.051604596580433565,0.010218679746576642,0.009393506228303039,1.0,0.0,0.022548613984277877,1.0,1.0,0.34540010887316264,1.0,1.0,0.35165436149849594,1.0,1.0,0.2726570545829041,1.0,1.0,0.42531718569780863,1.0,1.0,0.1942498187968107,1.0,1.0,0.0,0.0,1.0,0.010218679746576642,1.0,0.010218679746576642,1.0,0.010218679746576642,1.0,0.010218679746576642,1.0,0.010218679746576642,1.0,0.010218679746576642
2026-02-02,48.39,48.7,46.16,46.29,95664825.0,4515763531.0,1789414570.0,0.05346152121696427,-0.06352417560186119,-0.020524756665255994,0.0,1.0,-0.05104551045510464,0.0,1.0,0.20798538622129437,1.0,1.0,0.25277401894451956,1.0,1.0,0.16746532156368232,1.0,1.0,0.3263610315186247,1.0,1.0,0.12737457379444717,1.0,1.0,1.0,-0.06412417560186119,1.0,-0.06352417560186119,1.0,-0.06352417560186119,1.0,-0.06352417560186119,1.0,-0.06352417560186119,1.0,-0.06352417560186119,1.0,-0.06352417560186119
2026-02-03,47.4,47.77,46.79,47.64,64265594.0,3042598536.0,1789414570.0,0.03591431246700981,0.029163966299416755,-0.010591900311526459,0.0,0.0,-0.036407766990291246,0.0,0.0,0.2406250000000001,1.0,1.0,0.29809264305177097,1.0,1.0,0.22530864197530853,1.0,1.0,0.35649202733485197,1.0,1.0,0.17397732873336635,1.0,1.0,0.0,-0.0006,0.0,-0.0006,1.0,0.029163966299416755,1.0,0.029163966299416755,1.0,0.029163966299416755,1.0,0.029163966299416755,1.0,0.029163966299416755
2026-02-04,46.94,47.08,45.35,45.82,69844609.0,3218140234.0,1789414570.0,0.03903210031423853,-0.03820319059613775,-0.08360000000000001,0.0,0.0,-0.1280685061845861,0.0,0.0,0.17366803278688536,1.0,1.0,0.2303974221267453,1.0,1.0,0.1703703703703705,1.0,1.0,0.3265778807180082,1.0,1.0,0.16947422154160297,1.0,1.0,0.0,-0.0,0.0,-0.0,1.0,-0.03820319059613775,1.0,-0.03820319059613775,1.0,-0.03820319059613775,1.0,-0.03820319059613775,1.0,-0.03820319059613775
2026-02-05,44.83,45.04,43.82,44.61,64707601.0,2871804624.0,1789414570.0,0.036161324538673004,-0.02640768223483192,-0.08828939301042305,0.0,0.0,-0.09604863221884508,0.0,0.0,0.1456086286594762,1.0,1.0,0.21025501899077592,1.0,1.0,0.15930353430353428,1.0,1.0,0.2852203975799481,1.0,1.0,0.10420792079207919,1.0,1.0,0.0,-0.0,0.0,-0.0,1.0,-0.02640768223483192,1.0,-0.02640768223483192,1.0,-0.02640768223483192,1.0,-0.02640768223483192,1.0,-0.02640768223483192
2026-02-06,43.94,44.63,43.45,44.01,48646811.0,2145297213.0,1789414570.0,0.027185880687223867,-0.01344989912575656,-0.10965001011531461,0.0,0.0,-0.10128650193996325,0.0,0.0,0.07002188183807423,1.0,1.0,0.18465679676985203,1.0,1.0,0.16892430278884452,1.0,1.0,0.25599315068493156,1.0,1.0,0.1398601398601398,1.0,1.0,0.0,-0.0,0.0,-0.0,1.0,-0.01344989912575656,1.0,-0.01344989912575656,1.0,-0.01344989912575656,1.0,-0.01344989912575656,1.0,-0.01344989912575656
2026-02-09,45.15,46.91,44.45,46.71,77345433.0,3552201435.0,1789414570.0,0.04322387572825005,0.06134969325153383,0.009073233959818516,1.0,0.0,-0.011637748624629629,0.0,0.0,0.0705936282374513,1.0,1.0,0.28430024745669513,1.0,1.0,0.2227748691099476,1.0,1.0,0.3154041115178823,1.0,1.0,0.18643637287274584,1.0,1.0,0.0,0.0,0.0,0.0,1.0,0.06134969325153383,1.0,0.06134969325153383,1.0,0.06134969325153383,1.0,0.06134969325153383,1.0,0.06134969325153383
2026-02-10,46.72,47.44,46.05,46.19,44473388.0,2071172715.0,1789414570.0,0.024853596671005087,-0.011132519803040086,-0.030436607892527334,0.0,1.0,-0.04070612668743512,0.0,0.0,0.09584816132858842,1.0,1.0,0.2558455682436105,1.0,1.0,0.24804106998108622,1.0,1.0,0.3114707552526974,1.0,1.0,0.09845422116527947,1.0,1.0,1.0,-0.011732519803040086,0.0,-0.0,1.0,-0.011132519803040086,1.0,-0.011132519803040086,1.0,-0.011132519803040086,1.0,-0.011132519803040086,1.0,-0.011132519803040086
2026-02-11,45.81,46.81,45.75,46.14,33914795.0,1568992442.0,1789414570.0,0.018953011542763954,-0.001082485386447174,0.0069838498472283295,1.0,0.0,-0.07719999999999994,0.0,0.0,0.1004054376341521,1.0,1.0,0.28166666666666673,1.0,1.0,0.2456803455723542,1.0,1.0,0.28882681564245827,1.0,1.0,0.10674022547373485,1.0,1.0,0.0,-0.0006,0.0,-0.0,1.0,-0.001082485386447174,1.0,-0.001082485386447174,1.0,-0.001082485386447174,1.0,-0.001082485386447174,1.0,-0.001082485386447174
2026-02-12,46.45,46.92,46.14,46.58,48274790.0,2250077974.0,1789414570.0,0.02697797973110278,0.009536194191590797,0.044160502129567236,1.0,1.0,-0.04802779480891073,0.0,0.0,0.06008192990441508,1.0,1.0,0.3180531975099037,1.0,1.0,0.25451117694586567,1.0,1.0,0.26472983980450726,1.0,1.0,0.12784503631961264,1.0,1.0,1.0,0.008936194191590797,0.0,0.0,1.0,0.009536194191590797,1.0,0.009536194191590797,1.0,0.009536194191590797,1.0,0.009536194191590797,1.0,0.009536194191590797
2026-02-13,45.95,46.92,45.75,46.08,43143897.0,2005592207.0,1789414570.0,0.024110621274308724,-0.010734220695577501,0.04703476482617597,1.0,1.0,-0.06777260772810034,0.0,0.0,-0.04675217211419125,0.0,1.0,0.2839230983560881,1.0,1.0,0.26073871409028726,1.0,1.0,0.2708218422504136,1.0,1.0,0.14144166460242769,1.0,1.0,1.0,-0.010734220695577501,0.0,-0.0,1.0,-0.010734220695577501,1.0,-0.010734220695577501,1.0,-0.010734220695577501,1.0,-0.010734220695577501,1.0,-0.010734220695577501
2026-02-24,46.85,47.37,46.0,46.69,55100734.0,2579475255.0,1789414570.0,0.030792603862614128,0.013237847222222321,-0.0004281738385785161,0.0,1.0,0.008641175199827211,1.0,0.0,-0.04284542845428463,0.0,0.0,0.3104125736738701,1.0,1.0,0.29406873614190676,1.0,1.0,0.2407653467977675,1.0,1.0,0.13242784380305617,1.0,1.0,1.0,0.013237847222222321,0.0,0.0,0.0,-0.0006,1.0,0.013237847222222321,1.0,0.013237847222222321,1.0,0.013237847222222321,1.0,0.013237847222222321
2026-02-25,47.4,47.58,45.35,46.87,83846812.0,3906195440.0,1789414570.0,0.04685711930913807,0.0038552152495181513,0.01472180125568312,1.0,0.0,-0.01616288832913526,0.0,1.0,-0.05198220064724923,0.0,0.0,0.3121500559910415,1.0,1.0,0.3464521689169777,1.0,1.0,0.2837578745549165,1.0,1.0,0.174981198295312,1.0,1.0,0.0,-0.0006,1.0,0.0032552152495181515,0.0,0.0,1.0,0.0038552152495181513,1.0,0.0038552152495181513,1.0,0.0038552152495181513,1.0,0.0038552152495181513
2026-02-26,46.85,49.93,46.55,48.67,100939758.0,4866860807.0,1789414570.0,0.056409375274059606,0.03840409643695342,0.054833116601647136,1.0,1.0,0.06219991270187686,1.0,0.0,-0.0738344433872502,0.0,0.0,0.3243537414965987,1.0,1.0,0.3901742359325908,1.0,1.0,0.2553520763476915,1.0,1.0,0.21553446553446554,1.0,1.0,1.0,0.03780409643695341,0.0,-0.0006,0.0,0.0,1.0,0.03840409643695342,1.0,0.03840409643695342,1.0,0.03840409643695342,1.0,0.03840409643695342
2026-02-27,47.71,48.19,46.26,48.11,81754727.0,3875995663.0,1789414570.0,0.04568797436359311,-0.011506061228683029,0.03284671532846728,1.0,1.0,0.0784577449002466,1.0,1.0,-0.025126646403242137,0.0,0.0,0.3148401202514346,1.0,1.0,0.35635748519875965,1.0,1.0,0.23580786026200862,1.0,1.0,0.19409282700421948,1.0,1.0,1.0,-0.011506061228683029,1.0,-0.012106061228683029,0.0,-0.0,1.0,-0.011506061228683029,1.0,-0.011506061228683029,1.0,-0.011506061228683029,1.0,-0.011506061228683029
2026-03-02,46.73,47.63,46.65,46.72,63626436.0,2994724032.0,1789414570.0,0.035557124138091714,-0.028892122219912664,0.01388888888888884,1.0,1.0,0.06157691433765056,1.0,1.0,-0.04594649785583005,0.0,0.0,0.2599784250269688,1.0,1.0,0.3064876957494407,1.0,1.0,0.20041109969167525,1.0,1.0,0.20164609053497928,1.0,1.0,1.0,-0.028892122219912664,1.0,-0.028892122219912664,0.0,-0.0,1.0,-0.028892122219912664,1.0,-0.028892122219912664,1.0,-0.028892122219912664,1.0,-0.028892122219912664
2026-03-03,47.25,49.84,46.89,47.52,155758016.0,7512231166.0,1789414570.0,0.08704411968658554,0.017123287671233056,0.017776825872777957,1.0,1.0,0.017341040462427904,1.0,1.0,0.005501481168006972,1.0,0.0,0.2812078727419789,1.0,1.0,0.3307196863623636,1.0,1.0,0.23332468206592272,1.0,1.0,0.19247176913425346,1.0,1.0,1.0,0.017123287671233056,1.0,0.017123287671233056,0.0,0.0,1.0,0.017123287671233056,1.0,0.017123287671233056,1.0,0.017123287671233056,1.0,0.017123287671233056
2026-03-04,45.86,49.4,45.86,47.81,99526481.0,4787131058.0,1789414570.0,0.055619576742353224,0.006102693602693554,0.020055472583742295,1.0,1.0,0.03507252652089199,1.0,1.0,-0.0070612668743509355,0.0,1.0,0.3005984766050056,1.0,1.0,0.33286869250069717,1.0,1.0,0.19197207678883088,1.0,1.0,0.2221370143149286,1.0,1.0,1.0,0.006102693602693554,1.0,0.006102693602693554,1.0,0.005502693602693554,1.0,0.006102693602693554,1.0,0.006102693602693554,1.0,0.006102693602693554,1.0,0.006102693602693554
2026-03-05,49.25,50.27,48.17,48.65,114724045.0,5646963726.0,1789414570.0,0.064112613657773,0.017569546120058455,-0.00041093075816733826,0.0,1.0,0.05439965322930207,1.0,1.0,-0.027000000000000024,0.0,0.0,0.3299617277200657,1.0,1.0,0.3127361036157581,1.0,1.0,0.2214411247803163,1.0,1.0,0.2033143705169429,1.0,1.0,1.0,0.017569546120058455,1.0,0.017569546120058455,0.0,-0.0006,1.0,0.017569546120058455,1.0,0.017569546120058455,1.0,0.017569546120058455,1.0,0.017569546120058455
2026-03-06,48.05,49.04,46.81,46.99,92025304.0,4373547863.0,1789414570.0,0.05142760405711908,-0.03412127440904411,-0.023279983371440438,0.0,0.0,0.008802060970373615,1.0,1.0,-0.03964847741671773,0.0,0.0,0.2679438747976255,1.0,1.0,0.2902251510159253,1.0,1.0,0.14386562804284342,1.0,1.0,0.15738916256157642,1.0,1.0,0.0,-0.0006,1.0,-0.03412127440904411,0.0,-0.0,1.0,-0.03412127440904411,1.0,-0.03412127440904411,1.0,-0.03412127440904411,1.0,-0.03412127440904411
2026-03-09,45.58,45.58,42.65,44.95,107581854.0,4728604659.0,1789414570.0,0.06012125742331471,-0.04341349223238988,-0.03788527397260266,0.0,0.0,-0.02452256944444431,0.0,1.0,-0.09063321869310126,0.0,0.0,0.2234621665759391,1.0,1.0,0.2291495761553186,1.0,1.0,0.15404364569961482,1.0,1.0,0.12487487487487492,1.0,1.0,0.0,-0.0,1.0,-0.04341349223238988,0.0,-0.0,1.0,-0.04341349223238988,1.0,-0.04341349223238988,1.0,-0.04341349223238988,1.0,-0.04341349223238988
2026-03-10,45.95,46.55,45.3,45.95,71321624.0,3275463114.0,1789414570.0,0.03985751831673082,0.022246941045606317,-0.03303872053872059,0.0,0.0,-0.01584921824801877,0.0,0.0,-0.007344998919853074,0.0,0.0,0.1991127348643007,1.0,1.0,0.243572395128552,1.0,1.0,0.20036572622779514,1.0,1.0,0.152784746613146,1.0,1.0,0.0,0.0,0.0,-0.0006,0.0,0.0,1.0,0.022246941045606317,1.0,0.022246941045606317,1.0,0.022246941045606317,1.0,0.022246941045606317
2026-03-11,46.41,48.21,46.28,46.76,91787914.0,4348980117.0,1789414570.0,0.05129494055701134,0.017627856365614702,-0.02196193265007329,0.0,0.0,-0.00234691700448042,0.0,0.0,-0.018471872376154552,0.0,0.0,0.2177083333333334,1.0,1.0,0.2741144414168937,1.0,1.0,0.29242675511332217,1.0,1.0,0.2026748971193415,1.0,1.0,0.0,0.0,0.0,0.0,0.0,0.0,1.0,0.017627856365614702,1.0,0.017627856365614702,1.0,0.017627856365614702,1.0,0.017627856365614702
2026-03-12,46.55,47.63,45.39,45.68,65357402.0,3022709735.0,1789414570.0,0.03652446062289523,-0.02309666381522668,-0.06104830421377183,0.0,0.0,-0.06143414834600369,0.0,0.0,-0.0030554343081623525,0.0,0.0,0.17008196721311486,1.0,1.0,0.22663802363050478,1.0,1.0,0.23093505793586644,1.0,1.0,0.2319309600863,1.0,1.0,0.0,-0.0,0.0,-0.0,0.0,-0.0,1.0,-0.02309666381522668,1.0,-0.02309666381522668,1.0,-0.02309666381522668,1.0,-0.02309666381522668
2026-03-13,45.22,46.75,44.74,45.43,54306364.0,2487147609.0,1789414570.0,0.03034867655067769,-0.005472854640980684,-0.0331985528835923,0.0,0.0,-0.055705674495946766,0.0,0.0,0.01838152880520072,1.0,0.0,0.16666666666666674,1.0,1.0,0.2325013564839935,1.0,1.0,0.20953141640042583,1.0,1.0,0.2258499730167296,1.0,1.0,0.0,-0.0,0.0,-0.0,0.0,-0.0,1.0,-0.005472854640980684,1.0,-0.005472854640980684,1.0,-0.005472854640980684,1.0,-0.005472854640980684
2026-03-16,45.26,46.41,44.1,45.7,70527085.0,3203099087.0,1789414570.0,0.039413496560497994,0.005943209333039823,0.016685205784204626,1.0,0.0,-0.021832191780821852,0.0,0.0,0.03840036355373799,1.0,1.0,0.11111111111111116,1.0,1.0,0.23014804845222092,1.0,1.0,0.2506841817186647,1.0,1.0,0.21574886938015436,1.0,1.0,0.0,0.0,0.0,0.0,1.0,0.005343209333039823,1.0,0.005943209333039823,1.0,0.005943209333039823,1.0,0.005943209333039823,1.0,0.005943209333039823
2026-03-17,45.98,45.99,43.64,43.7,62111435.0,2774511544.0,1789414570.0,0.03471047796375101,-0.043763676148796504,-0.04896626768226331,0.0,1.0,-0.08038720538720534,0.0,0.0,-0.06444016270605857,0.0,1.0,0.001604400641760373,1.0,1.0,0.20153973054715446,1.0,1.0,0.19627703257596507,1.0,1.0,0.16502266062383386,1.0,1.0,1.0,-0.04436367614879651,0.0,-0.0,1.0,-0.043763676148796504,1.0,-0.043763676148796504,1.0,-0.043763676148796504,1.0,-0.043763676148796504,1.0,-0.043763676148796504
2026-03-18,44.2,46.12,43.88,45.72,79123287.0,3565691666.0,1789414570.0,0.04421741519630076,0.04622425629290605,-0.022241231822070162,0.0,0.0,-0.043714704036812435,0.0,0.0,-0.010175362632604434,0.0,0.0,0.08469750889679717,1.0,1.0,0.24306688417618272,1.0,1.0,0.2037914691943128,1.0,1.0,0.1977993188367828,1.0,1.0,0.0,-0.0006,0.0,0.0,0.0,-0.0006,1.0,0.04622425629290605,1.0,0.04622425629290605,1.0,0.04622425629290605,1.0,0.04622425629290605
2026-03-19,44.74,45.12,43.95,44.14,53194153.0,2367791367.0,1789414570.0,0.029727126341661563,-0.03455818022747148,-0.03371278458844129,0.0,0.0,-0.0927029804727646,0.0,0.0,-0.04334633723450365,0.0,0.0,0.05270689243978066,1.0,1.0,0.22611111111111115,1.0,1.0,0.16741602750595086,1.0,1.0,0.17738063483595612,1.0,1.0,0.0,-0.0,0.0,-0.0,0.0,-0.0,1.0,-0.03455818022747148,1.0,-0.03455818022747148,1.0,-0.03455818022747148,1.0,-0.03455818022747148
2026-03-20,44.61,44.7,41.95,41.98,77282375.0,3317503374.0,1789414570.0,0.04318863627001763,-0.04893520616221125,-0.07594100814439808,0.0,0.0,-0.1066184294530752,0.0,0.0,-0.0987548303993131,0.0,0.0,-0.04460628129267186,0.0,1.0,0.1878890775325408,1.0,1.0,0.11205298013245035,1.0,1.0,0.12879806399569782,1.0,1.0,0.0,-0.0,0.0,-0.0,0.0,-0.0,1.0,-0.04893520616221125,1.0,-0.04893520616221125,1.0,-0.04893520616221125,1.0,-0.04893520616221125
2026-03-23,40.44,41.13,38.63,39.04,75710390.0,3021893232.0,1789414570.0,0.042310145043694375,-0.07003334921391136,-0.14573304157549238,0.0,0.0,-0.13147942157953285,0.0,0.0,-0.1527777777777778,0.0,0.0,-0.19238725693007863,0.0,0.0,0.08776818055168567,1.0,1.0,0.010613512813875126,1.0,1.0,0.048335123523093326,1.0,1.0,0.0,-0.0,0.0,-0.0,0.0,-0.0,0.0,-0.0006,1.0,-0.07003334921391136,1.0,-0.07003334921391136,1.0,-0.07003334921391136
2026-03-24,39.86,39.93,38.35,39.41,46118069.0,1804238392.0,1789414570.0,0.025772713474664508,0.009477459016393297,-0.09816933638443948,0.0,0.0,-0.14232861806311226,0.0,0.0,-0.15592203898050983,0.0,0.0,-0.19208692086920875,0.0,0.0,0.10609037328094284,1.0,1.0,0.018346253229974074,1.0,1.0,0.05883933369156358,1.0,1.0,0.0,0.0,0.0,0.0,0.0,0.0,0.0,0.0,1.0,0.009477459016393297,1.0,0.009477459016393297,1.0,0.009477459016393297
2026-03-25,39.86,41.21,39.83,40.6,53328858.0,2170329915.0,1789414570.0,0.02980240515198219,0.030195381882770933,-0.11198600174978124,0.0,0.0,-0.1317365269461077,0.0,0.0,-0.13377426925538716,0.0,0.0,-0.1788025889967637,0.0,0.0,0.13661814109742454,1.0,1.0,0.03942652329749108,1.0,1.0,0.11141527511634264,1.0,1.0,0.0,0.0,0.0,0.0,0.0,0.0,0.0,0.0,1.0,0.030195381882770933,1.0,0.030195381882770933,1.0,0.030195381882770933
2026-03-26,40.36,40.72,39.2,39.39,37774932.0,1507017755.0,1789414570.0,0.02111021818716945,-0.029802955665024666,-0.10761214318078838,0.0,0.0,-0.1376970227670753,0.0,0.0,-0.19067187178960343,0.0,0.0,-0.25042816365366316,0.0,0.0,0.07183673469387752,1.0,1.0,0.018882565959648323,1.0,1.0,0.05915568701263796,1.0,1.0,0.0,-0.0,0.0,-0.0,0.0,-0.0,0.0,-0.0,1.0,-0.029802955665024666,1.0,-0.029802955665024666,1.0,-0.029802955665024666
2026-03-27,38.81,39.9,38.56,39.49,36794000.0,1445288091.0,1789414570.0,0.020562032195814747,0.002538715410002501,-0.05931395902810854,0.0,0.0,-0.13075060532687643,0.0,0.0,-0.17917272916233629,0.0,0.0,-0.19979736575481255,0.0,0.0,0.07925662749385065,1.0,1.0,-0.0025258903763577534,0.0,1.0,0.06413365669630844,1.0,1.0,0.0,0.0,0.0,0.0,0.0,0.0,0.0,0.0,1.0,0.002538715410002501,1.0,0.002538715410002501,1.0,0.002538715410002501
2026-03-30,38.62,39.93,38.41,39.8,33889063.0,1330224805.0,1789414570.0,0.018938631420666256,0.007850088630032781,0.019467213114753967,1.0,0.0,-0.12910284463894983,0.0,0.0,-0.1481164383561644,0.0,0.0,-0.18725750459464985,0.0,0.0,0.07335490830636449,1.0,1.0,0.01712241247124946,1.0,0.0,0.06702412868632712,1.0,1.0,0.0,0.0,0.0,0.0,0.0,0.0,0.0,0.0,1.0,0.007850088630032781,0.0,-0.0006,1.0,0.007850088630032781
2026-03-31,39.46,39.56,38.51,38.71,40400504.0,1576961626.0,1789414570.0,0.02257749806966197,-0.027386934673366725,-0.01776198934280626,0.0,1.0,-0.11418764302059503,0.0,0.0,-0.18539562289562295,0.0,0.0,-0.18091409225560717,0.0,0.0,0.04367754111620381,1.0,1.0,-0.05883783126671538,0.0,1.0,0.04734848484848486,1.0,1.0,1.0,-0.027986934673366725,0.0,-0.0,0.0,-0.0,0.0,-0.0,1.0,-0.027386934673366725,1.0,-0.027986934673366725,1.0,-0.027386934673366725
2026-04-01,39.84,39.85,39.2,39.45,36706954.0,1450867469.0,1789414570.0,0.020513387235915934,0.01911650736243864,-0.028325123152709297,0.0,0.0,-0.13713910761154846,0.0,0.0,-0.17485881614724952,0.0,0.0,-0.18068535825545162,0.0,0.0,0.07317736670293806,1.0,1.0,-0.07697707065980341,0.0,0.0,0.07201086956521752,1.0,1.0,0.0,-0.0006,0.0,0.0,0.0,0.0,0.0,0.0,1.0,0.01911650736243864,0.0,-0.0006,1.0,0.01911650736243864
2026-04-02,39.49,39.49,38.24,38.44,32891527.0,1276608568.0,1789414570.0,0.018381166416902486,-0.025602027883396827,-0.024117796395024205,0.0,0.0,-0.1291345718169461,0.0,0.0,-0.20986639260020556,0.0,0.0,-0.23120000000000007,0.0,0.0,0.05084745762711873,1.0,1.0,-0.06879844961240322,0.0,0.0,0.06600110926234048,1.0,1.0,0.0,-0.0,0.0,-0.0,0.0,-0.0,0.0,-0.0,1.0,-0.025602027883396827,0.0,-0.0,1.0,-0.025602027883396827
2026-04-03,38.84,38.94,37.98,38.25,26170612.0,1005827844.0,1789414570.0,0.01462523690080382,-0.004942767950051996,-0.03140035452013168,0.0,0.0,-0.08885183420676501,0.0,0.0,-0.18599702064268997,0.0,0.0,-0.21827099938687922,0.0,0.0,0.032110091743119185,1.0,1.0,-0.06364749082007348,0.0,0.0,0.050824175824175866,1.0,1.0,0.0,-0.0,0.0,-0.0,0.0,-0.0,0.0,-0.0,1.0,-0.004942767950051996,0.0,-0.0,1.0,-0.004942767950051996
2026-04-07,38.66,39.02,38.5,38.78,27382119.0,1063155065.0,1789414570.0,0.015302277884101503,0.013856209150326926,-0.025628140703517488,0.0,0.0,-0.006659836065573743,0.0,0.0,-0.13726362625139044,0.0,0.0,-0.21545620068784133,0.0,0.0,0.055525313010343025,1.0,1.0,-0.11943687556766569,0.0,0.0,0.08293772689192958,1.0,1.0,0.0,0.0,0.0,0.0,0.0,0.0,0.0,0.0,1.0,0.013856209150326926,0.0,0.0,1.0,0.013856209150326926
2026-04-08,40.01,41.93,39.99,41.93,71371225.0,2924657171.0,1789414570.0,0.03988523743829805,0.08122743682310474,0.08318264014466537,1.0,0.0,0.06394316163410307,1.0,0.0,-0.0874863982589772,0.0,0.0,-0.09418880967811616,0.0,0.0,0.09420668058455117,1.0,1.0,-0.10692225772097985,0.0,0.0,0.17385218365061594,1.0,1.0,0.0,0.0,0.0,0.0,0.0,0.0,0.0,0.0,1.0,0.08122743682310474,0.0,0.0,1.0,0.08122743682310474
2026-04-09,41.12,42.42,41.01,41.86,49753341.0,2083840381.0,1789414570.0,0.02780425611489237,-0.0016694490818029983,0.06108998732572868,1.0,1.0,0.03103448275862064,1.0,1.0,-0.10479041916167664,0.0,0.0,-0.1213266162888329,0.0,0.0,0.09010416666666665,1.0,1.0,-0.04254345837145468,0.0,0.0,0.16764295676429564,1.0,1.0,1.0,-0.002269449081802998,1.0,-0.002269449081802998,0.0,-0.0,0.0,-0.0,1.0,-0.0016694490818029983,0.0,-0.0,1.0,-0.0016694490818029983
2026-04-10,42.69,43.74,42.69,42.97,66766919.0,2885803177.0,1789414570.0,0.0373121579087176,0.02651696129956993,0.11784599375650373,1.0,1.0,0.09088601167809074,1.0,1.0,-0.05932574430823123,0.0,0.0,-0.06219991270187697,0.0,0.0,0.10066598360655732,1.0,1.0,-0.013544536271809071,0.0,0.0,0.203641456582633,1.0,1.0,1.0,0.02651696129956993,1.0,0.02651696129956993,0.0,0.0,0.0,0.0,1.0,0.02651696129956993,0.0,0.0,1.0,0.02651696129956993
2026-04-13,42.45,43.45,42.45,42.8,44321080.0,1903992520.0,1789414570.0,0.02476848056512695,-0.003956248545496921,0.1189542483660131,1.0,1.0,0.08381868827551275,1.0,1.0,-0.0578912612810919,0.0,0.0,-0.040573862362699,0.0,0.0,0.09912686183872621,1.0,1.0,0.0503067484662576,1.0,0.0,0.22917863296955754,1.0,1.0,1.0,-0.003956248545496921,1.0,-0.003956248545496921,0.0,-0.0,0.0,-0.0,1.0,-0.003956248545496921,0.0,-0.0,1.0,-0.003956248545496921
2026-04-14,43.55,45.03,43.25,44.29,82549995.0,3644259975.0,1789414570.0,0.04613240351563696,0.03481308411214967,0.14208354822073233,1.0,1.0,0.11281407035175883,1.0,1.0,-0.030853391684901643,0.0,0.0,0.006362190411270285,1.0,0.0,0.07682956479455383,1.0,1.0,0.05779794602340593,1.0,1.0,0.27233553576558456,1.0,1.0,1.0,0.03481308411214967,1.0,0.03481308411214967,0.0,0.0,0.0,0.0,1.0,0.03481308411214967,1.0,0.03421308411214967,1.0,0.03481308411214967
2026-04-15,44.45,44.65,43.31,43.54,68066554.0,3000554903.0,1789414570.0,0.038038448518947734,-0.016933845111763324,0.038397328881469184,1.0,1.0,0.12477396021699816,1.0,1.0,-0.0036613272311213363,0.0,0.0,-0.06786555341468636,0.0,1.0,-0.0020628008251204477,0.0,1.0,0.04487640988720898,1.0,1.0,0.2429346274621753,1.0,1.0,1.0,-0.016933845111763324,1.0,-0.016933845111763324,0.0,-0.0,1.0,-0.017533845111763324,1.0,-0.016933845111763324,1.0,-0.016933845111763324,1.0,-0.016933845111763324
2026-04-16,43.55,43.97,43.15,43.68,44243272.0,1930963725.0,1789414570.0,0.024724998187535714,0.003215434083601254,0.04347826086956519,1.0,1.0,0.10722433460076042,1.0,1.0,-0.044619422572178435,0.0,0.0,-0.05434076639965357,0.0,0.0,0.036298932384341676,1.0,0.0,0.10694374049670552,1.0,1.0,0.27794031597425395,1.0,1.0,1.0,0.003215434083601254,1.0,0.003215434083601254,0.0,0.0,0.0,-0.0006,0.0,-0.0006,1.0,0.003215434083601254,1.0,0.003215434083601254
2026-04-17,43.63,44.55,43.2,43.93,61394169.0,2700991703.0,1789414570.0,0.03430963960464455,0.005723443223443203,0.02234116825692345,1.0,1.0,0.14281997918834555,1.0,1.0,-0.004757589487992764,0.0,0.0,-0.04789770264412663,0.0,0.0,0.047698545194371667,1.0,1.0,0.11074589127686485,1.0,1.0,0.4281534460338101,1.0,1.0,1.0,0.005723443223443203,1.0,0.005723443223443203,0.0,0.0,0.0,0.0,1.0,0.005123443223443203,1.0,0.005723443223443203,1.0,0.005723443223443203
2026-04-20,43.95,44.95,43.44,44.44,61180808.0,2719345386.0,1789414570.0,0.0341904045187248,0.01160937855679478,0.03831775700934581,1.0,1.0,0.16183006535947708,1.0,1.0,0.05859933301572173,1.0,0.0,-0.04594246457707174,0.0,0.0,0.011379153390987717,1.0,1.0,0.09836875926841326,1.0,1.0,0.4897753938987597,1.0,1.0,1.0,0.01160937855679478,1.0,0.01160937855679478,0.0,0.0,0.0,0.0,1.0,0.01160937855679478,1.0,0.01160937855679478,1.0,0.01160937855679478
2026-04-21,44.45,44.55,43.08,43.98,46511624.0,2038879602.0,1789414570.0,0.025992648534207477,-0.01035103510351032,-0.006999322646195627,0.0,1.0,0.13408973697782356,1.0,1.0,0.12653688524590168,1.0,1.0,-0.04557291666666674,0.0,0.0,-0.09019445593711228,0.0,1.0,0.10253196289796929,1.0,1.0,0.4228405046910384,1.0,1.0,1.0,-0.01035103510351032,1.0,-0.01035103510351032,1.0,-0.01095103510351032,0.0,-0.0,1.0,-0.01035103510351032,1.0,-0.01035103510351032,1.0,-0.01035103510351032
2026-04-22,43.79,45.63,43.72,45.46,76861446.0,3444471386.0,1789414570.0,0.042953403469828684,0.03365165984538443,0.044097381717960626,1.0,0.0,0.08418793226806587,1.0,1.0,0.15351433646282686,1.0,1.0,-0.026343970871706923,0.0,0.0,-0.06806068060680603,0.0,0.0,0.14249811510429766,1.0,1.0,0.4304594084329767,1.0,1.0,0.0,-0.0006,1.0,0.03365165984538443,1.0,0.03365165984538443,0.0,0.0,0.0,-0.0006,1.0,0.03365165984538443,1.0,0.03365165984538443
2026-04-23,45.51,45.73,43.99,44.36,66315595.0,2974691696.0,1789414570.0,0.03705993910622959,-0.024197096348438252,0.015567765567765512,1.0,1.0,0.05972288580984242,1.0,1.0,0.09261083743842358,1.0,1.0,-0.05355237892041809,0.0,0.0,-0.10275080906148859,0.0,0.0,0.08433145930090458,1.0,1.0,0.3373530298462466,1.0,1.0,1.0,-0.02479709634843825,1.0,-0.024197096348438252,1.0,-0.024197096348438252,0.0,-0.0,0.0,-0.0,1.0,-0.024197096348438252,1.0,-0.024197096348438252
2026-04-24,44.77,45.82,44.46,44.84,70028949.0,3159344706.0,1789414570.0,0.03913511724675406,0.010820559062218349,0.020714773503300865,1.0,1.0,0.043518734000465464,1.0,1.0,0.13835998984513842,1.0,1.0,-0.07869324018902812,0.0,0.0,-0.14671741198858224,0.0,0.0,0.06660323501427223,1.0,1.0,0.35182393729273453,1.0,1.0,1.0,0.010820559062218349,1.0,0.010820559062218349,1.0,0.010820559062218349,0.0,0.0,0.0,0.0,1.0,0.010820559062218349,1.0,0.010820559062218349
2026-04-27,45.95,46.9,45.5,46.27,102131277.0,4735395335.0,1789414570.0,0.05707524612365261,0.031891168599464725,0.041179117911791296,1.0,1.0,0.08107476635514033,1.0,1.0,0.17168903519878453,1.0,1.0,-0.03824568696736641,0.0,0.0,-0.062411347517730476,0.0,0.0,0.10587954110898656,1.0,1.0,0.416284052647689,1.0,1.0,1.0,0.031891168599464725,1.0,0.031891168599464725,1.0,0.031891168599464725,0.0,0.0,0.0,0.0,1.0,0.031891168599464725,1.0,0.031891168599464725
2026-04-28,46.05,46.44,44.71,45.05,80439998.0,3648812811.0,1789414570.0,0.044953248592359454,-0.02636697644261954,0.02432924056389263,1.0,1.0,0.017159629713253466,1.0,1.0,0.13190954773869357,1.0,1.0,-0.03574486301369861,0.0,0.0,-0.08004900959771288,0.0,0.0,0.07904191616766454,1.0,1.0,0.3789409243954698,1.0,1.0,1.0,-0.02636697644261954,1.0,-0.02636697644261954,1.0,-0.02636697644261954,0.0,-0.0,0.0,-0.0,1.0,-0.02636697644261954,1.0,-0.02636697644261954
2026-04-29,44.15,44.58,43.04,44.31,86287559.0,3795548157.0,1789414570.0,0.0482211112207497,-0.016426193118756816,-0.02529696436427631,0.0,1.0,0.01768488745980723,1.0,1.0,0.1446654611211573,1.0,1.0,-0.06755050505050508,0.0,0.0,-0.06242065171392286,0.0,0.0,0.06642599277978345,1.0,1.0,0.3583690987124466,1.0,1.0,1.0,-0.016426193118756816,1.0,-0.016426193118756816,1.0,-0.016426193118756816,0.0,-0.0,0.0,-0.0,1.0,-0.016426193118756816,1.0,-0.016426193118756816
2026-04-30,44.6,45.81,44.06,45.51,101403022.0,4566035740.0,1789414570.0,0.056668266649913326,0.027081922816519777,0.025924256086564457,1.0,0.0,0.04189560439560425,1.0,1.0,0.15361216730038008,1.0,1.0,-0.04810709056682716,0.0,0.0,-0.0548286604361371,0.0,0.0,0.1383191595797899,1.0,1.0,0.3951563458001226,1.0,1.0,0.0,-0.0006,1.0,0.027081922816519777,1.0,0.027081922816519777,0.0,0.0,0.0,0.0,1.0,0.027081922816519777,1.0,0.027081922816519777
2026-05-06,47.81,49.13,47.8,48.15,149998286.0,7269788006.0,1789414570.0,0.08382534070905659,0.05800922874093617,0.07381801962533441,1.0,1.0,0.09606191668563624,1.0,1.0,0.2526014568158168,1.0,1.0,-0.010277492291880796,0.0,0.0,-0.03700000000000003,0.0,0.0,0.22177112408018274,1.0,1.0,0.4604185623293904,1.0,1.0,1.0,0.057409228740936166,1.0,0.05800922874093617,1.0,0.05800922874093617,0.0,0.0,0.0,0.0,1.0,0.05800922874093617,1.0,0.05800922874093617
2026-05-07,48.85,49.45,47.42,48.71,132166219.0,6397744066.0,1789414570.0,0.07386003289332779,0.011630321910695685,0.052733952885238855,1.0,1.0,0.09608460846084621,1.0,1.0,0.27346405228758175,1.0,1.0,0.03660353266652483,1.0,0.0,-0.004496219088493736,0.0,0.0,0.22448466566113634,1.0,1.0,0.4946302546793493,1.0,1.0,1.0,0.011630321910695685,1.0,0.011630321910695685,1.0,0.011630321910695685,0.0,0.0,0.0,0.0,1.0,0.011630321910695685,1.0,0.011630321910695685
2026-05-08,47.95,51.53,47.05,50.69,168654906.0,8239048098.0,1789414570.0,0.09425144336451893,0.04064873742557995,0.1251942286348502,1.0,1.0,0.15256934970441116,1.0,1.0,0.3071170706549766,1.0,1.0,0.12769744160177954,1.0,1.0,0.025490592757434705,1.0,0.0,0.30509783728115325,1.0,1.0,0.5393258426966292,1.0,1.0,1.0,0.04064873742557995,1.0,0.04064873742557995,1.0,0.04064873742557995,1.0,0.04004873742557995,0.0,0.0,1.0,0.04064873742557995,1.0,0.04064873742557995
2026-05-11,53.74,55.77,53.13,55.77,162994255.0,8971881203.0,1789414570.0,0.09108803389255962,0.10021700532649458,0.2586323628977658,1.0,1.0,0.22679278486581622,1.0,1.0,0.33007393274505126,1.0,1.0,0.21371055495103364,1.0,1.0,0.20479585223590413,1.0,1.0,0.4065573770491804,1.0,1.0,0.7091633466135459,1.0,1.0,1.0,0.10021700532649458,1.0,0.10021700532649458,1.0,0.10021700532649458,1.0,0.10021700532649458,1.0,0.09961700532649458,1.0,0.10021700532649458,1.0,0.10021700532649458
2026-05-12,56.7,56.93,54.54,55.18,224398600.0,12497854056.0,1789414570.0,0.12540336027329876,-0.010579164425318366,0.21248077345638317,1.0,1.0,0.24391343552750233,1.0,1.0,0.31820353559484005,1.0,1.0,0.18006843455945254,1.0,1.0,0.15827036104114178,1.0,1.0,0.41923868312757184,1.0,1.0,0.6812918951858622,1.0,1.0,1.0,-0.010579164425318366,1.0,-0.010579164425318366,1.0,-0.010579164425318366,1.0,-0.010579164425318366,1.0,-0.010579164425318366,1.0,-0.010579164425318366,1.0,-0.010579164425318366
2026-05-13,53.45,57.91,53.14,57.43,218212309.0,12169573851.0,1789414570.0,0.12194620109749078,0.0407756433490396,0.19273104880581515,1.0,1.0,0.2807760927743086,1.0,1.0,0.33651384686990937,1.0,1.0,0.2572241681260945,1.0,1.0,0.2533828022697513,1.0,1.0,0.46692209450830147,1.0,1.0,0.7649047326367548,1.0,1.0,1.0,0.0407756433490396,1.0,0.0407756433490396,1.0,0.0407756433490396,1.0,0.0407756433490396,1.0,0.0407756433490396,1.0,0.0407756433490396,1.0,0.0407756433490396
2026-05-14,57.73,57.73,54.22,54.25,174451474.0,9730726350.0,1789414570.0,0.09749080896329128,-0.05537175692146956,0.11373434613015809,1.0,1.0,0.172465960665658,1.0,1.0,0.26752336448598135,1.0,1.0,0.19414483821263473,1.0,1.0,0.216095045953822,1.0,1.0,0.409823284823285,1.0,1.0,0.651948842874543,1.0,1.0,1.0,-0.05537175692146956,1.0,-0.05537175692146956,1.0,-0.05537175692146956,1.0,-0.05537175692146956,1.0,-0.05537175692146956,1.0,-0.05537175692146956,1.0,-0.05537175692146956
2026-05-15,55.11,59.66,54.57,57.99,251079832.0,14351403395.0,1789414570.0,0.14031395307125502,0.06894009216589869,0.14401262576445073,1.0,1.0,0.2872364039955606,1.0,1.0,0.30932490404154445,1.0,1.0,0.2689277899343545,1.0,1.0,0.3176550783912748,1.0,1.0,0.5402390438247013,1.0,1.0,0.7445848375451263,1.0,1.0,1.0,0.06894009216589869,1.0,0.06894009216589869,1.0,0.06894009216589869,1.0,0.06894009216589869,1.0,0.06894009216589869,1.0,0.06894009216589869,1.0,0.06894009216589869
2026-05-18,57.41,61.89,56.95,58.27,240294280.0,14294155806.0,1789414570.0,0.1342865337237083,0.0048284186928782,0.04482696790389107,1.0,1.0,0.3150530354321823,1.0,1.0,0.33830960036747837,1.0,1.0,0.3334096109839817,1.0,1.0,0.24748447869835166,1.0,1.0,0.5253926701570679,1.0,1.0,0.7072956343392909,1.0,1.0,1.0,0.0048284186928782,1.0,0.0048284186928782,1.0,0.0048284186928782,1.0,0.0048284186928782,1.0,0.0048284186928782,1.0,0.0048284186928782,1.0,0.0048284186928782
2026-05-19,56.85,60.93,56.02,60.74,231949700.0,13664043254.0,1789414570.0,0.12962323202722106,0.042388879354728015,0.10076114534251546,1.0,1.0,0.33465172489562733,1.0,1.0,0.3905677655677655,1.0,1.0,0.32852143482064755,1.0,1.0,0.3150032474561595,1.0,1.0,0.6411780599837884,1.0,1.0,0.7843713278495887,1.0,1.0,1.0,0.042388879354728015,1.0,0.042388879354728015,1.0,0.042388879354728015,1.0,0.042388879354728015,1.0,0.042388879354728015,1.0,0.042388879354728015,1.0,0.042388879354728015
2026-05-20,59.71,66.82,59.7,66.15,285968244.0,18682988445.0,1789414570.0,0.1598110626762137,0.08906815936779733,0.15183701897962742,1.0,1.0,0.37383177570093484,1.0,1.0,0.5058046892783976,1.0,1.0,0.4986406887177164,1.0,1.0,0.4336801040312095,1.0,1.0,0.7859071274298057,1.0,1.0,0.9410211267605637,1.0,1.0,1.0,0.08906815936779733,1.0,0.08906815936779733,1.0,0.08906815936779733,1.0,0.08906815936779733,1.0,0.08906815936779733,1.0,0.08906815936779733,1.0,0.08906815936779733
2026-05-21,66.81,71.2,65.6,66.77,312505756.0,21324471319.0,1789414570.0,0.17464133870330564,0.009372637944066398,0.23078341013824888,1.0,1.0,0.37076575651816857,1.0,1.0,0.5024752475247525,1.0,1.0,0.5905192949023346,1.0,1.0,0.4334478316874195,1.0,1.0,0.7982763264206838,1.0,1.0,0.9931343283582088,1.0,1.0,1.0,0.009372637944066398,1.0,0.009372637944066398,1.0,0.009372637944066398,1.0,0.009372637944066398,1.0,0.009372637944066398,1.0,0.009372637944066398,1.0,0.009372637944066398
2026-05-22,66.98,73.06,63.88,72.8,286927908.0,19820620387.0,1789414570.0,0.16034736321611598,0.09031001946982187,0.2553888601483014,1.0,1.0,0.43618070625369887,1.0,1.0,0.6552978626648478,1.0,1.0,0.8647540983606556,1.0,1.0,0.5798611111111112,1.0,1.0,0.9917920656634747,1.0,1.0,1.1436984687868077,1.0,1.0,1.0,0.09031001946982187,1.0,0.09031001946982187,1.0,0.09031001946982187,1.0,0.09031001946982187,1.0,0.09031001946982187,1.0,0.09031001946982187,1.0,0.09031001946982187
2026-05-25,73.92,80.08,70.92,80.08,275139063.0,21048787141.0,1789414570.0,0.15375926161146658,0.10000000000000009,0.37429208855328633,1.0,1.0,0.4358974358974357,1.0,1.0,0.7615486141662999,1.0,1.0,1.0319715808170518,1.0,1.0,0.7151424287856072,1.0,1.0,1.2195121951219514,1.0,1.0,1.3636363636363633,1.0,1.0,1.0,0.10000000000000009,1.0,0.10000000000000009,1.0,0.10000000000000009,1.0,0.10000000000000009,1.0,0.10000000000000009,1.0,0.10000000000000009,1.0,0.10000000000000009
2026-05-26,82.91,88.09,81.06,88.09,339836664.0,28784651037.0,1789414570.0,0.18991499773023532,0.1000249750249751,0.45027988146196907,1.0,1.0,0.5964117433852847,1.0,1.0,0.9857980162308386,1.0,1.0,1.1697044334975368,1.0,1.0,0.8794538084062302,1.0,1.0,1.5305946567078426,1.0,1.0,1.5878378378378382,1.0,1.0,1.0,0.1000249750249751,1.0,0.1000249750249751,1.0,0.1000249750249751,1.0,0.1000249750249751,1.0,0.1000249750249751,1.0,0.1000249750249751,1.0,0.1000249750249751
2026-05-27,86.41,94.8,83.41,86.07,351341166.0,31523590759.0,1789414570.0,0.19634419652680038,-0.02293109320013631,0.30113378684807235,1.0,1.0,0.4986940623367577,1.0,1.0,0.9194915254237286,1.0,1.0,1.185072353389185,1.0,1.0,0.7684405177727551,1.0,1.0,1.4584404455869753,1.0,1.0,1.5862379807692304,1.0,1.0,1.0,-0.02293109320013631,1.0,-0.02293109320013631,1.0,-0.02293109320013631,1.0,-0.02293109320013631,1.0,-0.02293109320013631,1.0,-0.02293109320013631,1.0,-0.02293109320013631
2026-05-28,82.92,87.4,80.91,84.65,272264649.0,22950139180.0,1789414570.0,0.15215291837039194,-0.016498199140234537,0.26778493335330245,1.0,1.0,0.5603686635944702,1.0,1.0,0.8294791441538794,1.0,1.0,1.1435806533299568,1.0,1.0,0.7595094574932448,1.0,1.0,1.3865238229489711,1.0,1.0,1.5276201851298894,1.0,1.0,1.0,-0.016498199140234537,1.0,-0.016498199140234537,1.0,-0.016498199140234537,1.0,-0.016498199140234537,1.0,-0.016498199140234537,1.0,-0.016498199140234537,1.0,-0.016498199140234537
2026-05-29,85.91,89.67,80.24,81.96,310358553.0,26508349088.0,1789414570.0,0.17344139150493226,-0.031777909037212226,0.12582417582417582,1.0,1.0,0.41334712881531277,1.0,1.0,0.8193118756936737,1.0,1.0,1.0592964824120603,1.0,1.0,0.7542808219178081,1.0,1.0,1.2919463087248322,1.0,1.0,1.463480613165013,1.0,1.0,1.0,-0.031777909037212226,1.0,-0.031777909037212226,1.0,-0.031777909037212226,1.0,-0.031777909037212226,1.0,-0.031777909037212226,1.0,-0.031777909037212226,1.0,-0.031777909037212226
2026-06-01,80.01,83.42,74.92,75.57,295336496.0,23173514634.0,1789414570.0,0.16504643527072657,-0.07796486090775989,-0.05631868131868134,0.0,1.0,0.2968937703792687,1.0,1.0,0.7054840893703451,1.0,1.0,0.9522087315939032,1.0,1.0,0.5902777777777775,1.0,1.0,1.1162139456734805,1.0,1.0,1.278950542822678,1.0,1.0,1.0,-0.07796486090775989,1.0,-0.07796486090775989,1.0,-0.07796486090775989,1.0,-0.07796486090775989,1.0,-0.07796486090775989,1.0,-0.07796486090775989,1.0,-0.07796486090775989
2026-06-02,76.78,77.46,72.57,75.27,253251201.0,19021217125.0,1789414570.0,0.1415274052451691,-0.003969829297340133,-0.1455329776365082,0.0,0.0,0.2392163319064866,1.0,1.0,0.6539222148978245,1.0,1.0,0.9079847908745244,1.0,1.0,0.5743568291152477,1.0,1.0,1.0984109283523837,1.0,1.0,1.2885375494071143,1.0,1.0,0.0,-0.0006,1.0,-0.003969829297340133,1.0,-0.003969829297340133,1.0,-0.003969829297340133,1.0,-0.003969829297340133,1.0,-0.003969829297340133,1.0,-0.003969829297340133
2026-06-03,76.15,82.8,76.15,80.04,325350062.0,26269142977.0,1789414570.0,0.18181927623401434,0.0633718612993226,-0.07005925409550351,0.0,0.0,0.2099773242630385,1.0,1.0,0.6623052959501559,1.0,1.0,1.082206035379813,1.0,1.0,0.6452209660842756,1.0,1.0,1.159740960604425,1.0,1.0,1.446958116783858,1.0,1.0,0.0,0.0,1.0,0.0633718612993226,1.0,0.0633718612993226,1.0,0.0633718612993226,1.0,0.0633718612993226,1.0,0.0633718612993226,1.0,0.0633718612993226
2026-06-04,78.91,81.77,77.71,79.99,227052025.0,18217342178.0,1789414570.0,0.12688620558175068,-0.0006246876561720738,-0.05505020673360905,0.0,0.0,0.1979931106784485,1.0,1.0,0.6421679326626974,1.0,1.0,1.0912418300653592,1.0,1.0,0.7022770802298359,1.0,1.0,1.1963207029104885,1.0,1.0,1.4650231124807394,1.0,1.0,0.0,-0.0,1.0,-0.0006246876561720738,1.0,-0.0006246876561720738,1.0,-0.0006246876561720738,1.0,-0.0006246876561720738,1.0,-0.0006246876561720738,1.0,-0.0006246876561720738
2026-06-05,79.57,80.33,75.0,75.57,205371194.0,15961191020.0,1789414570.0,0.11477004683157352,-0.05525690711338915,-0.07796486090775989,0.0,0.0,0.038049450549450414,1.0,1.0,0.490826593016374,1.0,1.0,0.9486848891181019,1.0,1.0,0.6812013348164625,1.0,1.0,1.0664479081214107,1.0,1.0,1.3173873045078195,1.0,1.0,0.0,-0.0,1.0,-0.05525690711338915,1.0,-0.05525690711338915,1.0,-0.05525690711338915,1.0,-0.05525690711338915,1.0,-0.05525690711338915,1.0,-0.05525690711338915
2026-06-08,70.84,72.92,69.62,70.22,168129755.0,11980759199.0,1789414570.0,0.09395796693440359,-0.07079528913590039,-0.07079528913590039,0.0,0.0,-0.1231268731268731,0.0,1.0,0.2590998744844897,1.0,1.0,0.674695921774386,1.0,1.0,0.5281828073993471,1.0,1.0,0.9004059539918807,1.0,1.0,1.1827789866335094,1.0,1.0,0.0,-0.0,1.0,-0.07079528913590039,1.0,-0.07079528913590039,1.0,-0.07079528913590039,1.0,-0.07079528913590039,1.0,-0.07079528913590039,1.0,-0.07079528913590039
2026-06-09,72.9,75.57,71.32,75.21,166474326.0,12258528311.0,1789414570.0,0.09303284369703103,0.07106237539162619,-0.0007971303308090816,0.0,0.0,-0.14621409921671025,0.0,0.0,0.3629938383472271,1.0,1.0,0.7967032967032965,1.0,1.0,0.6084260051325918,1.0,1.0,1.049318801089918,1.0,1.0,1.3591593475533248,1.0,1.0,0.0,0.0,0.0,-0.0006,1.0,0.07106237539162619,1.0,0.07106237539162619,1.0,0.07106237539162619,1.0,0.07106237539162619,1.0,0.07106237539162619
2026-06-10,73.42,76.36,72.39,73.97,150274848.0,11181386124.0,1789414570.0,0.0839798951676134,-0.016487169259406964,-0.07583708145927048,0.0,0.0,-0.14058324619495755,0.0,0.0,0.28800278600034823,1.0,1.0,0.7214335582964859,1.0,1.0,0.61930823117338,1.0,1.0,0.9863050483351234,1.0,1.0,1.2752999077207012,1.0,1.0,0.0,-0.0,0.0,-0.0,1.0,-0.016487169259406964,1.0,-0.016487169259406964,1.0,-0.016487169259406964,1.0,-0.016487169259406964,1.0,-0.016487169259406964
2026-06-11,72.52,74.18,70.92,71.87,127999146.0,9250455315.0,1789414570.0,0.07153129752374823,-0.02838988779234819,-0.10151268908613564,0.0,0.0,-0.15097460129946838,0.0,0.0,0.3247926267281107,1.0,1.0,0.6792056074766357,1.0,1.0,0.5819942769095312,1.0,1.0,0.9498100922409116,1.0,1.0,1.2473420888055036,1.0,1.0,0.0,-0.0,0.0,-0.0,1.0,-0.02838988779234819,1.0,-0.02838988779234819,1.0,-0.02838988779234819,1.0,-0.02838988779234819,1.0,-0.02838988779234819
2026-06-12,74.92,75.8,68.77,68.84,186316644.0,13358663368.0,1789414570.0,0.1041215641828601,-0.042159454570752763,-0.08905650390366537,0.0,0.0,-0.1600780868716446,0.0,0.0,0.18710122434902576,1.0,1.0,0.554301196658388,1.0,1.0,0.5063457330415755,1.0,1.0,0.8530282637954241,1.0,1.0,1.16138147566719,1.0,1.0,0.0,-0.0,0.0,-0.0,1.0,-0.042159454570752763,1.0,-0.042159454570752763,1.0,-0.042159454570752763,1.0,-0.042159454570752763,1.0,-0.042159454570752763
2026-06-15,70.22,74.39,67.88,74.24,178153124.0,12871558147.0,1789414570.0,0.09955944641715977,0.07844276583381737,0.057248647109085615,1.0,0.0,-0.01759957655154165,0.0,0.0,0.2740689891882613,1.0,1.0,0.7050987597611391,1.0,1.0,0.6988558352402743,1.0,1.0,1.0412427825130601,1.0,1.0,1.3020155038759689,1.0,1.0,0.0,0.0,0.0,0.0,1.0,0.07844276583381737,1.0,0.07844276583381737,1.0,0.07844276583381737,1.0,0.07844276583381737,1.0,0.07844276583381737
2026-06-16,74.98,78.29,74.88,76.85,191709382.0,14701154142.0,1789414570.0,0.10713525262063782,0.03515625,0.021805610955989874,1.0,1.0,0.020991098711306,1.0,0.0,0.2652288442541981,1.0,1.0,0.7593864468864469,1.0,1.0,0.6808836395450568,1.0,1.0,1.0894507884719955,1.0,1.0,1.3401339829476244,1.0,1.0,1.0,0.03455625,0.0,0.0,1.0,0.03515625,1.0,0.03515625,1.0,0.03515625,1.0,0.03515625,1.0,0.03515625
2026-06-17,75.92,82.74,75.92,81.67,222806726.0,18015771097.0,1789414570.0,0.12451375423862789,0.06271958360442431,0.10409625523861021,1.0,1.0,0.020364817591204343,1.0,1.0,0.2346182917611488,1.0,1.0,0.8590940132028226,1.0,1.0,0.8502492070684187,1.0,1.0,1.2686111111111114,1.0,1.0,1.492979242979243,1.0,1.0,1.0,0.06271958360442431,1.0,0.06211958360442431,1.0,0.06271958360442431,1.0,0.06271958360442431,1.0,0.06271958360442431,1.0,0.06271958360442431,1.0,0.06271958360442431
2026-06-18,81.8,85.46,80.94,82.94,234078050.0,19547621790.0,1789414570.0,0.1308126433775489,0.015550385698542835,0.15402810630304709,1.0,1.0,0.03687960995124384,1.0,1.0,0.24217462932454703,1.0,1.0,0.8663366336633664,1.0,1.0,0.9757027155788471,1.0,1.0,1.3469156762874928,1.0,1.0,1.5302013422818792,1.0,1.0,1.0,0.015550385698542835,1.0,0.015550385698542835,1.0,0.015550385698542835,1.0,0.015550385698542835,1.0,0.015550385698542835,1.0,0.015550385698542835,1.0,0.015550385698542835
2026-06-22,85.79,91.23,85.51,91.23,237219439.0,20917975491.0,1789414570.0,0.1325681834590181,0.09995177236556563,0.32524694944799526,1.0,1.0,0.20722508932115935,1.0,1.0,0.25315934065934087,1.0,1.0,1.0743519781718964,1.0,1.0,1.3368340163934427,1.0,1.0,1.541933686263583,1.0,1.0,1.8332298136645964,1.0,1.0,1.0,0.09995177236556563,1.0,0.09995177236556563,1.0,0.09995177236556563,1.0,0.09995177236556563,1.0,0.09995177236556563,1.0,0.09995177236556563,1.0,0.09995177236556563
2026-06-23,91.96,91.96,84.38,86.09,222117468.0,19525842488.0,1789414570.0,0.12412856792598934,-0.05634111586101065,0.15961745689655182,1.0,1.0,0.22600398746795802,1.0,1.0,0.07504995004995019,1.0,1.0,0.8937527496700397,1.0,1.0,1.1844709464602894,1.0,1.0,1.4162222845916363,1.0,1.0,1.6802615193026154,1.0,1.0,1.0,-0.05634111586101065,1.0,-0.05634111586101065,1.0,-0.05634111586101065,1.0,-0.05634111586101065,1.0,-0.05634111586101065,1.0,-0.05634111586101065,1.0,-0.05634111586101065
2026-06-24,84.0,94.7,84.0,94.7,257325263.0,23788606704.0,1789414570.0,0.14380416216237693,0.1000116157509583,0.2322706571242681,1.0,1.0,0.2591410716660021,1.0,1.0,0.07503689408559433,1.0,1.0,1.1348061316501354,1.0,1.0,1.332512315270936,1.0,1.0,1.6511758118701008,1.0,1.0,1.9649342517219788,1.0,1.0,1.0,0.1000116157509583,1.0,0.1000116157509583,1.0,0.1000116157509583,1.0,0.1000116157509583,1.0,0.1000116157509583,1.0,0.1000116157509583,1.0,0.1000116157509583
2026-06-25,100.0,104.17,99.99,104.17,119722972.0,12320788002.0,1789414570.0,0.06690622397245821,0.10000000000000009,0.2754989592261541,1.0,1.0,0.4082736244423415,1.0,1.0,0.2102939467874987,1.0,1.0,1.3231489741302407,1.0,1.0,1.6445798425996445,1.0,1.0,1.8345578231292516,1.0,1.0,2.2840479192938212,1.0,1.0,1.0,0.10000000000000009,1.0,0.10000000000000009,1.0,0.10000000000000009,1.0,0.10000000000000009,1.0,0.10000000000000009,1.0,0.10000000000000009,1.0,0.10000000000000009
2026-06-26,106.92,109.33,100.68,100.89,335828451.0,35228700903.0,1789414570.0,0.18767503999925517,-0.03148699241624264,0.21642150952495776,1.0,1.0,0.40378461110338093,1.0,1.0,0.19184878913171888,1.0,1.0,1.1804625027015345,1.0,1.0,1.5548240060774878,1.0,1.0,1.7573107406395185,1.0,1.0,2.176637279596977,1.0,1.0,1.0,-0.03148699241624264,1.0,-0.03148699241624264,1.0,-0.03148699241624264,1.0,-0.03148699241624264,1.0,-0.03148699241624264,1.0,-0.03148699241624264,1.0,-0.03148699241624264
2026-06-29,103.0,105.8,92.4,103.25,326160484.0,32439880816.0,1789414570.0,0.18227217407758114,0.023391812865497075,0.131754905184698,1.0,1.0,0.4998547356188261,1.0,1.0,0.2597608589555882,1.0,1.0,1.2918978912319647,1.0,1.0,1.5942211055276383,1.0,1.0,1.7845199568500543,1.0,1.0,2.2560706401766004,1.0,1.0,1.0,0.023391812865497075,1.0,0.023391812865497075,1.0,0.023391812865497075,1.0,0.023391812865497075,1.0,0.023391812865497075,1.0,0.023391812865497075,1.0,0.023391812865497075
2026-06-30,101.29,105.07,96.45,103.55,228510859.0,23180238107.0,1789414570.0,0.127701463278015,0.0029055690072639084,0.2028110117319084,1.0,1.0,0.3948006465517242,1.0,1.0,0.37025274579859735,1.0,1.0,1.3369442563755358,1.0,1.0,1.6750193748385427,1.0,1.0,1.7918576435696951,1.0,1.0,2.2228446934329282,1.0,1.0,1.0,0.0029055690072639084,1.0,0.0029055690072639084,1.0,0.0029055690072639084,1.0,0.0029055690072639084,1.0,0.0029055690072639084,1.0,0.0029055690072639084,1.0,0.0029055690072639084
2026-07-01,105.5,111.11,101.68,106.64,245979037.0,26327311096.0,1789414570.0,0.13746341464068887,0.029840656687590617,0.1260823653643084,1.0,1.0,0.38763825634352655,1.0,1.0,0.41676630795801795,1.0,1.0,1.3432212700505386,1.0,1.0,1.7031685678073507,1.0,1.0,1.9009793253536453,1.0,1.0,2.356625747560592,1.0,1.0,1.0,0.029840656687590617,1.0,0.029840656687590617,1.0,0.029840656687590617,1.0,0.029840656687590617,1.0,0.029840656687590617,1.0,0.029840656687590617,1.0,0.029840656687590617
2026-07-02,99.0,101.0,95.98,95.98,190804372.0,18686955465.0,1789414570.0,0.1066294950308804,-0.09996249062265561,-0.07862148411250836,0.0,1.0,0.1752173380678339,1.0,1.0,0.19915042478760614,1.0,1.0,0.9933541017653169,1.0,1.0,1.4968782518210202,1.0,1.0,1.6238381629305634,1.0,1.0,2.048919949174079,1.0,1.0,1.0,-0.09996249062265561,1.0,-0.09996249062265561,1.0,-0.09996249062265561,1.0,-0.09996249062265561,1.0,-0.09996249062265561,1.0,-0.09996249062265561,1.0,-0.09996249062265561
2026-07-03,93.4,94.98,88.35,90.88,178226527.0,16408449724.0,1789414570.0,0.09960046709578317,-0.05313607001458642,-0.09921696897611265,0.0,0.0,0.09573185435254405,1.0,1.0,0.136142017752219,1.0,1.0,0.8657359885033873,1.0,1.0,1.3759477124183004,1.0,1.0,1.4522396114409064,1.0,1.0,1.8014796547472258,1.0,1.0,0.0,-0.0006,1.0,-0.05313607001458642,1.0,-0.05313607001458642,1.0,-0.05313607001458642,1.0,-0.05313607001458642,1.0,-0.05313607001458642,1.0,-0.05313607001458642
2026-07-06,94.85,97.9,90.88,95.09,208421379.0,19748583547.0,1789414570.0,0.11647461828814773,0.046324823943662,-0.07903147699757862,0.0,0.0,0.042310643428696615,1.0,1.0,0.2583035596136034,1.0,1.0,0.8759124087591241,1.0,1.0,1.4520371325425478,1.0,1.0,1.5881872618399564,1.0,1.0,1.8955542021924479,1.0,1.0,0.0,0.0,1.0,0.046324823943662,1.0,0.046324823943662,1.0,0.046324823943662,1.0,0.046324823943662,1.0,0.046324823943662,1.0,0.046324823943662
2026-07-07,92.0,102.88,91.8,100.99,227205544.0,22578698079.0,1789414570.0,0.12697199844527923,0.06204648227994514,-0.024722356349589636,0.0,0.0,0.17307468927866165,1.0,1.0,0.43819424665337503,1.0,1.0,0.8108301954455799,1.0,1.0,1.4085380395897924,1.0,1.0,1.635438413361169,1.0,1.0,2.0455367913148375,1.0,1.0,0.0,0.0,1.0,0.06204648227994514,1.0,0.06204648227994514,1.0,0.06204648227994514,1.0,0.06204648227994514,1.0,0.06204648227994514,1.0,0.06204648227994514
2026-07-08,100.9,102.68,91.0,94.11,207165389.0,19914071465.0,1789414570.0,0.11577271833658982,-0.06812555698584011,-0.11749812453113284,0.0,0.0,-0.006230200633579708,0.0,1.0,0.2512963701635422,1.0,1.0,0.7055092424791591,1.0,1.0,1.248208313425705,1.0,1.0,1.45078125,1.0,1.0,1.86048632218845,1.0,1.0,0.0,-0.0,1.0,-0.06812555698584011,1.0,-0.06812555698584011,1.0,-0.06812555698584011,1.0,-0.06812555698584011,1.0,-0.06812555698584011,1.0,-0.06812555698584011
2026-07-09,97.7,103.52,94.6,103.52,206375823.0,20497139426.0,1789414570.0,0.1153314757015754,0.09998937413664866,0.07855803292352559,1.0,0.0,-0.0062398003263896,0.0,0.0,0.3994862782209003,1.0,1.0,0.8025422253177781,1.0,1.0,1.4091226437049102,1.0,1.0,1.651639344262295,1.0,1.0,2.086463923673226,1.0,1.0,0.0,0.0,0.0,-0.0006,1.0,0.09998937413664866,1.0,0.09998937413664866,1.0,0.09998937413664866,1.0,0.09998937413664866,1.0,0.09998937413664866
2026-07-10,108.88,113.87,101.11,101.11,305852847.0,33213191229.0,1789414570.0,0.17092341379560802,-0.023280525502318405,0.11256602112676051,1.0,1.0,0.002180592724749797,1.0,0.0,0.40684569361346856,1.0,1.0,0.8637788018433179,1.0,1.0,1.3623831775700936,1.0,1.0,1.5965588084232154,1.0,1.0,2.006541778174249,1.0,1.0,1.0,-0.023880525502318405,0.0,-0.0,1.0,-0.023280525502318405,1.0,-0.023280525502318405,1.0,-0.023280525502318405,1.0,-0.023280525502318405,1.0,-0.023280525502318405
2026-07-13,98.12,106.66,98.12,99.05,243121889.0,25012153841.0,1789414570.0,0.13586672036542097,-0.02037385026209082,0.04164475759806496,1.0,1.0,-0.04067796610169494,0.0,1.0,0.438843695525857,1.0,1.0,0.7080531126056215,1.0,1.0,1.2363964777602168,1.0,1.0,1.4082178458546073,1.0,1.0,1.920967266293129,1.0,1.0,1.0,-0.02037385026209082,1.0,-0.02097385026209082,1.0,-0.02037385026209082,1.0,-0.02037385026209082,1.0,-0.02037385026209082,1.0,-0.02037385026209082,1.0,-0.02037385026209082
2026-07-14,98.0,103.28,91.65,102.7,278263194.0,27424670381.0,1789414570.0,0.155505157197865,0.03685007571933374,0.016932369541538872,1.0,1.0,-0.00820859488169956,0.0,0.0,0.3833512931034484,1.0,1.0,0.7624849836965848,1.0,1.0,1.3587505741846577,1.0,1.0,1.3538849415539764,1.0,1.0,2.088721804511278,1.0,1.0,1.0,0.03685007571933374,0.0,-0.0006,1.0,0.03685007571933374,1.0,0.03685007571933374,1.0,0.03685007571933374,1.0,0.03685007571933374,1.0,0.03685007571933374
2026-07-15,105.0,105.05,92.43,92.46,238580981.0,22966900490.0,1789414570.0,0.13332907030034968,-0.09970788704965927,-0.01753267452980556,0.0,1.0,-0.13297074268567144,0.0,0.0,0.20312296681847752,1.0,1.0,0.5222258808034244,1.0,1.0,1.1167582417582418,1.0,1.0,1.193594306049822,1.0,1.0,1.7624738571855394,1.0,1.0,1.0,-0.09970788704965927,0.0,-0.0,1.0,-0.09970788704965927,1.0,-0.09970788704965927,1.0,-0.09970788704965927,1.0,-0.09970788704965927,1.0,-0.09970788704965927
2026-07-16,87.46,90.41,83.21,83.21,185426440.0,15886100924.0,1789414570.0,0.10362408080761296,-0.10004326195111402,-0.19619397217928902,0.0,0.0,-0.13304855178162123,0.0,0.0,0.018856373209256594,1.0,1.0,0.2578987150415719,1.0,1.0,0.8941497837468699,1.0,1.0,0.984497972811829,1.0,1.0,1.508592101296352,1.0,1.0,0.0,-0.0006,0.0,-0.0,1.0,-0.10004326195111402,1.0,-0.10004326195111402,1.0,-0.10004326195111402,1.0,-0.10004326195111402,1.0,-0.10004326195111402
2026-07-17,82.0,90.15,77.71,85.49,252546378.0,20781603333.0,1789414570.0,0.14113352055694953,0.027400552818170887,-0.15448521412323213,0.0,0.0,-0.05930897887323949,0.0,0.0,0.03074511695201343,1.0,1.0,0.2803654335779542,1.0,1.0,0.9237173717371736,1.0,1.0,0.9456076467910788,1.0,1.0,1.5992702949224684,1.0,1.0,0.0,0.0,0.0,0.0,1.0,0.027400552818170887,1.0,0.027400552818170887,1.0,0.027400552818170887,1.0,0.027400552818170887,1.0,0.027400552818170887
2026-07-20,86.0,86.99,76.94,76.99,201899735.0,16284351133.0,1789414570.0,0.11283004977432368,-0.09942683354778337,-0.22271580010095915,0.0,0.0,-0.19034598801135771,0.0,0.0,-0.1560890058094926,0.0,1.0,0.05755494505494507,1.0,1.0,0.750568440200091,1.0,1.0,0.5926768721555646,1.0,1.0,1.298895192594804,1.0,1.0,0.0,-0.0,0.0,-0.0,1.0,-0.09942683354778337,1.0,-0.09942683354778337,1.0,-0.09942683354778337,1.0,-0.09942683354778337,1.0,-0.09942683354778337
2026-07-21,76.7,84.69,69.29,84.69,268854169.0,20904684925.0,1789414570.0,0.1502469989388764,0.1000129886998311,-0.175365141187926,0.0,0.0,-0.16140211902168533,0.0,0.0,-0.016262051341619288,0.0,0.0,0.057567432567432464,1.0,1.0,0.8629564452265728,1.0,1.0,0.7361623616236161,1.0,1.0,1.5570652173913047,1.0,1.0,0.0,0.0,0.0,0.0,0.0,-0.0006,1.0,0.1000129886998311,1.0,0.1000129886998311,1.0,0.1000129886998311,1.0,0.1000129886998311
2026-07-22,84.0,89.88,82.66,85.78,257780881.0,22454664476.0,1789414570.0,0.14405878063237185,0.012870468768449772,-0.07224745836037194,0.0,0.0,-0.08851344171713948,0.0,0.0,-0.09419218585005285,0.0,0.0,-0.026223180837779525,0.0,1.0,0.9337240757439136,1.0,1.0,0.735032362459547,1.0,1.0,1.5978195033313143,1.0,1.0,0.0,0.0,0.0,0.0,0.0,0.0,1.0,0.012870468768449772,1.0,0.012870468768449772,1.0,0.012870468768449772,1.0,0.012870468768449772
2026-07-23,85.78,86.88,80.3,80.81,168530327.0,13953017825.0,1789414570.0,0.09418182338819338,-0.0579389134996503,-0.028842687177021875,0.0,0.0,-0.21937789799072638,0.0,0.0,-0.2242488240376308,0.0,0.0,-0.061113047519460784,0.0,0.0,0.802185548617306,1.0,1.0,0.5377735490009516,1.0,1.0,1.4158445440956648,1.0,1.0,0.0,-0.0,0.0,-0.0,0.0,-0.0,0.0,-0.0006,1.0,-0.0579389134996503,1.0,-0.0579389134996503,1.0,-0.0579389134996503
2026-07-24,78.02,84.8,78.02,82.9,172161393.0,14208029489.0,1789414570.0,0.0962110155390095,0.0258631357505259,-0.030295941045736186,0.0,0.0,-0.18010088022945303,0.0,0.0,-0.1783130141738527,0.0,0.0,-0.020673360897814574,0.0,0.0,0.7916576615517614,1.0,1.0,0.6798378926038502,1.0,1.0,1.4865026994601078,1.0,1.0,0.0,0.0,0.0,0.0,0.0,0.0,0.0,0.0,1.0,0.0258631357505259,1.0,0.0258631357505259,1.0,0.0258631357505259
2026-07-27,81.76,84.2,77.1,82.35,142857990.0,11593743613.0,1789414570.0,0.07983504348017016,-0.00663449939686378,0.06961943109494739,1.0,0.0,-0.1686017163048965,0.0,0.0,-0.20242130750605336,0.0,0.0,0.004758418740849146,1.0,0.0,0.827968923418424,1.0,1.0,0.6816418215233815,1.0,1.0,1.4523525908278736,1.0,1.0,0.0,-0.0,0.0,-0.0,0.0,-0.0,0.0,-0.0,1.0,-0.00663449939686378,1.0,-0.00663449939686378,1.0,-0.00663449939686378
2026-07-28,79.3,82.87,75.56,76.83,137595027.0,10874183348.0,1789414570.0,0.07689387876170026,-0.06703096539162112,-0.09280906836698544,0.0,1.0,-0.2518987341772152,0.0,0.0,-0.25803959439884117,0.0,0.0,0.01667328304882898,1.0,1.0,0.7339201083276912,1.0,1.0,0.6256876851460009,1.0,1.0,1.2913808529674915,1.0,1.0,1.0,-0.06763096539162113,0.0,-0.0,0.0,-0.0,1.0,-0.06763096539162113,1.0,-0.06703096539162112,1.0,-0.06703096539162112,1.0,-0.06703096539162112
2026-07-29,76.7,77.45,69.7,71.68,167062769.0,12070990499.0,1789414570.0,0.09336169035440457,-0.06703110764024456,-0.16437397994870595,0.0,0.0,-0.2247458360372051,0.0,0.0,-0.32783195798949727,0.0,0.0,-0.04769496479341029,0.0,1.0,0.5750384530872339,1.0,1.0,0.48868120456905517,1.0,1.0,1.114454277286136,1.0,1.0,0.0,-0.0006,0.0,-0.0,0.0,-0.0,1.0,-0.06703110764024456,1.0,-0.06703110764024456,1.0,-0.06703110764024456,1.0,-0.06703110764024456
2026-07-30,70.0,71.33,64.51,64.51,159793915.0,10647381356.0,1789414570.0,0.08929954951691267,-0.1000279017857143,-0.20170770944190075,0.0,0.0,-0.2247326042542962,0.0,0.0,-0.32788080850177115,0.0,0.0,-0.19402798600699656,0.0,0.0,0.3397715472481828,1.0,1.0,0.2902,1.0,1.0,0.9046353705343966,1.0,1.0,0.0,-0.0,0.0,-0.0,0.0,-0.0,0.0,-0.0006,1.0,-0.1000279017857143,1.0,-0.1000279017857143,1.0,-0.1000279017857143
2026-07-31,70.27,70.27,65.56,65.71,160360275.0,10900609125.0,1789414570.0,0.08961605526661158,0.018601767167880867,-0.20735826296743076,0.0,0.0,-0.23137209030295947,0.0,0.0,-0.2769586267605634,0.0,0.0,-0.1785223152894112,0.0,0.0,0.34900431122972675,1.0,1.0,0.3429388922951153,1.0,1.0,0.9320788003528373,1.0,1.0,0.0,0.0,0.0,0.0,0.0,0.0,0.0,0.0,1.0,0.018601767167880867,1.0,0.018601767167880867,1.0,0.018601767167880867
2026-08-03,64.1,65.42,60.84,61.0,135091372.0,8459420419.0,1789414570.0,0.07549473121815477,-0.07167858773398261,-0.2592592592592592,0.0,0.0,-0.2076893103000389,0.0,0.0,-0.35850247134293833,0.0,0.0,-0.19280137620748972,0.0,0.0,0.20339317419609393,1.0,1.0,0.2340683795266032,1.0,1.0,0.7841474115238376,1.0,1.0,0.0,-0.0,0.0,-0.0,0.0,-0.0,0.0,-0.0,1.0,-0.07167858773398261,1.0,-0.07167858773398261,1.0,-0.07167858773398261
2026-08-04,61.99,66.1,61.15,65.41,143599301.0,9186950735.0,1789414570.0,0.08024931919493647,0.07229508196721302,-0.1486398542236106,0.0,0.0,-0.22765379619789827,0.0,0.0,-0.3523121101099119,0.0,0.0,-0.0684990031330106,0.0,0.0,0.17285278823740358,1.0,1.0,0.4130481745517389,1.0,1.0,0.9260895170789163,1.0,1.0,0.0,0.0,0.0,0.0,0.0,0.0,0.0,0.0,1.0,0.07229508196721302,1.0,0.07229508196721302,1.0,0.07229508196721302
2026-08-05,65.71,70.59,65.7,68.97,176105264.0,12008296116.0,1789414570.0,0.0984150162586415,0.05442592875707075,-0.037806919642857206,0.0,0.0,-0.1959664257402658,0.0,0.0,-0.2671342046541282,0.0,0.0,-0.08296769046669317,0.0,0.0,0.24990938745922442,1.0,1.0,0.4477329974811082,1.0,1.0,0.9910508083140877,1.0,1.0,0.0,0.0,0.0,0.0,0.0,0.0,0.0,0.0,1.0,0.05442592875707075,1.0,0.05442592875707075,1.0,0.05442592875707075
2026-08-06,67.01,75.87,67.01,75.87,235907084.0,17259959743.0,1789414570.0,0.13183478437866972,0.10004349717268379,0.176096729189273,1.0,0.0,-0.061131048137606725,0.0,0.0,-0.267098145285935,0.0,0.0,0.025686088954981923,1.0,0.0,0.3210865401358176,1.0,1.0,0.6558271497162811,1.0,1.0,1.1826812428078255,1.0,1.0,0.0,0.0,0.0,0.0,0.0,0.0,0.0,0.0,1.0,0.10004349717268379,1.0,0.10004349717268379,1.0,0.10004349717268379
2026-08-07,75.15,78.74,73.97,77.75,228341425.0,17483054960.0,1789414570.0,0.12760677644420879,0.02477922762620266,0.18322934104398114,1.0,1.0,-0.062123039806996405,0.0,0.0,-0.23103550588468003,0.0,0.0,0.08181438708779742,1.0,1.0,0.43317972350230405,1.0,1.0,0.7428827617126206,1.0,1.0,1.2246065808297568,1.0,1.0,1.0,0.02417922762620266,0.0,0.0,0.0,0.0,1.0,0.02417922762620266,1.0,0.02477922762620266,1.0,0.02477922762620266,1.0,0.02477922762620266
2026-08-10,78.42,79.49,76.0,78.52,143099767.0,11127773471.0,1789414570.0,0.07997015862008992,0.0099035369774918,0.2872131147540984,1.0,1.0,-0.0465088038858531,0.0,0.0,-0.20726905603230694,0.0,0.0,0.1406159209761766,1.0,1.0,0.35402655630281066,1.0,1.0,0.784139968189048,1.0,1.0,1.196978175713486,1.0,1.0,1.0,0.0099035369774918,0.0,0.0,0.0,0.0,1.0,0.0099035369774918,1.0,0.0099035369774918,1.0,0.0099035369774918,1.0,0.0099035369774918
2026-08-11,77.1,80.64,76.6,77.67,130786817.0,10283784796.0,1789414570.0,0.07308916513404716,-0.010825267447783893,0.18743311420272146,1.0,1.0,0.010933229207340966,1.0,0.0,-0.24371957156767288,0.0,0.0,0.046201508620689724,1.0,1.0,0.3329328985755964,1.0,1.0,0.6628131021194605,1.0,1.0,1.1891206313416012,1.0,1.0,1.0,-0.010825267447783893,0.0,-0.0,0.0,-0.0,1.0,-0.010825267447783893,1.0,-0.010825267447783893,1.0,-0.010825267447783893,1.0,-0.010825267447783893
2026-08-12,78.0,79.08,76.7,78.18,104098338.0,8129643139.0,1789414570.0,0.05817452240818627,0.006566241792197891,0.13353632013919103,1.0,1.0,0.0906808035714286,1.0,1.0,-0.15444516547696285,0.0,0.0,0.01730644111906332,1.0,1.0,0.2871254527494238,1.0,1.0,0.692574150248972,1.0,1.0,1.2330762639245934,1.0,1.0,1.0,0.006566241792197891,1.0,0.005966241792197891,0.0,0.0,1.0,0.006566241792197891,1.0,0.006566241792197891,1.0,0.006566241792197891,1.0,0.006566241792197891
2026-08-13,79.3,81.88,77.77,77.82,150048941.0,11980625234.0,1789414570.0,0.08385364885008173,-0.00460475825019202,0.025701858442071845,1.0,1.0,0.20632460083707937,1.0,1.0,-0.06477586828506188,0.0,0.0,-0.04714093302314204,0.0,1.0,0.17641723356009043,1.0,1.0,0.6866059817945382,1.0,1.0,1.2569605568445477,1.0,1.0,1.0,-0.00460475825019202,1.0,-0.00460475825019202,0.0,-0.0,1.0,-0.00460475825019202,1.0,-0.00460475825019202,1.0,-0.00460475825019202,1.0,-0.00460475825019202
2026-08-14,78.99,79.28,76.4,78.71,114479283.0,8901809161.0,1789414570.0,0.06397583037451182,0.011436648676432792,0.01234726688102894,1.0,1.0,0.1978389894993151,1.0,1.0,-0.07930752134752606,0.0,0.0,-0.05100072341451656,0.0,0.0,0.17882282462183618,1.0,1.0,0.6897810218978102,1.0,1.0,1.270917484131564,1.0,1.0,1.0,0.011436648676432792,1.0,0.011436648676432792,0.0,0.0,0.0,-0.0006,1.0,0.011436648676432792,1.0,0.011436648676432792,1.0,0.011436648676432792
2026-08-17,78.93,86.48,78.93,85.85,191158336.0,15827066973.0,1789414570.0,0.10682730497718033,0.09071274298056164,0.09335201222618439,1.0,1.0,0.4073770491803277,1.0,1.0,0.11507988050396145,1.0,0.0,-0.05897182944206958,0.0,0.0,0.1792582417582418,1.0,1.0,0.8630642361111112,1.0,1.0,1.475490196078431,1.0,1.0,1.0,0.09071274298056164,1.0,0.09071274298056164,0.0,0.0,0.0,0.0,1.0,0.09071274298056164,1.0,0.09071274298056164,1.0,0.09071274298056164
