date,open,high,low,close,volume,amount,outstanding_share,turnover,stock_return,BuyHold,ma_short,ma_long,ma_position,ma_return,MA20_MA60,momentum_20,momentum_20_position,momentum_20_return,Momentum_20,breakout_upper,breakout_lower,breakout_position,breakout_return,Breakout,z_mean,z_std,zscore,zscore_position,zscore_return,ZScoreMeanReversion,bb_mid,bb_std,bb_upper,bb_lower,bb_position,bb_return,BollingerBands
2020-01-02,21.58,22.88,21.28,22.52,59706353.0,1364459563.0,1035914811.0,0.057636354231062344,0.0,1.0,,,0.0,0.0,1.0,,0.0,0.0,1.0,,,0.0,0.0,1.0,,,,0.0,0.0,1.0,,,,,0.0,0.0,1.0
2020-01-03,22.65,23.04,21.87,22.56,54787378.0,1261416122.0,1035914811.0,0.052887918406255896,0.001776198934280604,1.0017761989342806,,,0.0,0.0,1.0,,0.0,0.0,1.0,,,0.0,0.0,1.0,,,,0.0,0.0,1.0,,,,,0.0,0.0,1.0
2020-01-06,22.36,23.37,22.09,22.96,65388993.0,1534784505.0,1035914811.0,0.06312197905238755,0.0177304964539009,1.019538188277087,,,0.0,0.0,1.0,,0.0,0.0,1.0,,,0.0,0.0,1.0,,,,0.0,0.0,1.0,,,,,0.0,0.0,1.0
2020-01-07,22.99,23.0,21.99,22.39,68532475.0,1568869490.0,1035914811.0,0.0661564776102038,-0.024825783972125426,0.994227353463588,,,0.0,-0.0,1.0,,0.0,-0.0,1.0,,,0.0,-0.0,1.0,,,,0.0,-0.0,1.0,,,,,0.0,-0.0,1.0
2020-01-08,22.01,22.01,21.01,21.1,71653575.0,1566318506.0,1035914811.0,0.06916937014427917,-0.057615006699419324,0.9369449378330375,,,0.0,-0.0,1.0,,0.0,-0.0,1.0,,,0.0,-0.0,1.0,,,,0.0,-0.0,1.0,,,,,0.0,-0.0,1.0
2020-01-09,21.38,21.74,21.23,21.58,37094575.0,815925409.0,1035914811.0,0.035808518814584266,0.022748815165876568,0.9582593250444049,,,0.0,0.0,1.0,,0.0,0.0,1.0,,,0.0,0.0,1.0,,,,0.0,0.0,1.0,,,,,0.0,0.0,1.0
2020-01-10,21.6,22.26,21.53,22.11,48336250.0,1089235201.0,1035914811.0,0.04666044880016683,0.024559777571825814,0.9817939609236235,,,0.0,0.0,1.0,,0.0,0.0,1.0,,,0.0,0.0,1.0,,,,0.0,0.0,1.0,,,,,0.0,0.0,1.0
2020-01-13,21.78,22.86,21.54,22.74,65676363.0,1510585056.0,1035914811.0,0.06339938603310499,0.028493894165535938,1.0097690941385435,,,0.0,0.0,1.0,,0.0,0.0,1.0,,,0.0,0.0,1.0,,,,0.0,0.0,1.0,,,,,0.0,0.0,1.0
2020-01-14,22.97,23.31,22.5,22.59,60335727.0,1410443808.0,1035914811.0,0.05824390805046613,-0.00659630606860151,1.0031083481349912,,,0.0,-0.0,1.0,,0.0,-0.0,1.0,,,0.0,-0.0,1.0,,,,0.0,-0.0,1.0,,,,,0.0,-0.0,1.0
2020-01-15,22.7,24.01,22.56,23.55,83078861.0,1969641329.0,1035914811.0,0.08019854539950197,0.04249667994687911,1.0457371225577266,,,0.0,0.0,1.0,,0.0,0.0,1.0,,,0.0,0.0,1.0,,,,0.0,0.0,1.0,,,,,0.0,0.0,1.0
2020-01-16,23.33,23.92,22.99,23.53,70940479.0,1703871140.0,1035914811.0,0.0684809969378843,-0.000849256900212314,1.0448490230905862,,,0.0,-0.0,1.0,,0.0,-0.0,1.0,,21.01,0.0,-0.0,1.0,,,,0.0,-0.0,1.0,,,,,0.0,-0.0,1.0
2020-01-17,23.44,23.82,22.85,23.14,46348058.0,1105087592.0,1035914811.0,0.044741186734514216,-0.016574585635359185,1.02753108348135,,,0.0,-0.0,1.0,,0.0,-0.0,1.0,,21.01,0.0,-0.0,1.0,,,,0.0,-0.0,1.0,,,,,0.0,-0.0,1.0
2020-01-20,23.03,24.5,22.83,24.23,74608216.0,1826608977.0,1035914811.0,0.07202157475476041,0.04710458081244595,1.0759325044404975,,,0.0,0.0,1.0,,0.0,0.0,1.0,,21.01,0.0,0.0,1.0,,,,0.0,0.0,1.0,,,,,0.0,0.0,1.0
2020-01-21,24.04,24.68,23.85,23.92,58679672.0,1454888755.0,1035914811.0,0.05664526790900377,-0.012794056954189004,1.0621669626998225,,,0.0,-0.0,1.0,,0.0,-0.0,1.0,,21.01,0.0,-0.0,1.0,,,,0.0,-0.0,1.0,,,,,0.0,-0.0,1.0
2020-01-22,23.62,25.46,23.14,25.38,81527929.0,2047259453.0,1035914811.0,0.07870138367970492,0.061036789297658656,1.1269982238010656,,,0.0,0.0,1.0,,0.0,0.0,1.0,,21.01,0.0,0.0,1.0,,,,0.0,0.0,1.0,,,,,0.0,0.0,1.0
2020-01-23,24.98,26.97,24.89,25.62,115494978.0,3049205535.0,1035914811.0,0.11149080674742858,0.009456264775413725,1.1376554174067495,,,0.0,0.0,1.0,,0.0,0.0,1.0,,21.23,0.0,0.0,1.0,,,,0.0,0.0,1.0,,,,,0.0,0.0,1.0
2020-02-03,23.06,23.06,23.06,23.06,10968400.0,259073608.0,1035914811.0,0.010588129336052132,-0.09992193598750987,1.0239786856127884,,,0.0,-0.0,1.0,,0.0,-0.0,1.0,,21.53,0.0,-0.0,1.0,,,,0.0,-0.0,1.0,,,,,0.0,-0.0,1.0
2020-02-04,21.48,24.3,21.48,23.72,85696079.0,2064188239.0,1035914811.0,0.08272502534959894,0.028620988725065022,1.0532859680284188,,,0.0,0.0,1.0,,0.0,0.0,1.0,,21.54,0.0,0.0,1.0,,,,0.0,0.0,1.0,,,,,0.0,0.0,1.0
2020-02-05,23.53,24.52,22.95,23.43,91313271.0,2229738582.0,1035914811.0,0.08814747123062419,-0.012225969645868418,1.0404085257548843,,,0.0,-0.0,1.0,,0.0,-0.0,1.0,,21.48,0.0,-0.0,1.0,,,,0.0,-0.0,1.0,,,,,0.0,-0.0,1.0
2020-02-06,23.19,24.16,22.8,24.01,70277864.0,1692568117.0,1035914811.0,0.06784135457254313,0.02475458813486986,1.0661634103019535,23.207,,0.0,0.0,1.0,,0.0,0.0,1.0,,21.48,0.0,0.0,1.0,23.207,1.1195163429379966,0.7172740309379068,0.0,0.0,1.0,23.207,1.1195163429379966,25.446032685875995,20.967967314124007,0.0,0.0,1.0
2020-02-07,23.67,26.0,23.67,25.88,98672571.0,2506051558.0,1035914811.0,0.09525162682513283,0.07788421491045394,1.1492007104795734,23.375,,0.0,0.0,1.0,0.14920071047957362,0.0,0.0,1.0,26.97,21.48,0.0,0.0,1.0,23.375,1.2549166464246488,1.996148514833181,0.0,0.0,1.0,23.375,1.2549166464246488,25.884833292849297,20.865166707150703,0.0,0.0,1.0
2020-02-10,25.47,26.07,24.82,25.48,74286832.0,1934071489.0,1035914811.0,0.07171133302775029,-0.015455950540958163,1.1314387211367671,23.521,,0.0,-0.0,1.0,0.12943262411347534,1.0,-0.016055950540958163,0.9839440494590418,26.97,21.48,0.0,-0.0,1.0,23.521,1.3231139506164207,1.480598098967461,0.0,-0.0,1.0,23.521,1.3231139506164207,26.16722790123284,20.87477209876716,0.0,-0.0,1.0
2020-02-11,25.53,26.58,25.1,25.86,70867134.0,1883921005.0,1035914811.0,0.06841019478386433,0.01491365777080067,1.1483126110124333,23.666,,0.0,0.0,1.0,0.12630662020905925,1.0,0.01491365777080067,0.9986182542782898,26.97,21.48,0.0,0.0,1.0,23.666,1.414170390984355,1.5514396383824949,0.0,0.0,1.0,23.666,1.414170390984355,26.49434078196871,20.83765921803129,0.0,0.0,1.0
2020-02-12,25.51,26.88,25.39,26.52,70879421.0,1905047219.0,1035914811.0,0.06842205579779088,0.025522041763341052,1.177619893428064,23.8725,,0.0,0.0,1.0,0.184457347029924,1.0,0.025522041763341052,1.024105031069615,26.97,21.48,0.0,0.0,1.0,23.8725,1.5159151309392378,1.7464698029365604,0.0,0.0,1.0,23.8725,1.5159151309392378,26.904330261878474,20.840669738121523,0.0,0.0,1.0
2020-02-13,26.46,27.74,26.11,27.17,85234787.0,2352896901.0,1035914811.0,0.08227972618493626,0.024509803921568762,1.2064831261101245,24.176000000000002,,0.0,0.0,1.0,0.28767772511848344,1.0,0.024509803921568762,1.0492056445762232,26.97,21.48,0.0,0.0,1.0,24.176000000000002,1.5390783298010398,1.945320093219064,0.0,0.0,1.0,24.176000000000002,1.5390783298010398,27.25415665960208,21.097843340397922,0.0,0.0,1.0
2020-02-14,27.69,29.88,27.38,29.63,132876007.0,3963446117.0,1035914811.0,0.12826924143668797,0.09054103790945889,1.315719360568384,24.5785,,0.0,0.0,1.0,0.3730305838739574,1.0,0.09054103790945889,1.1442018126166174,27.74,21.48,1.0,0.08994103790945888,1.089941037909459,24.5785,1.8463798862126188,2.735894188254983,0.0,0.0,1.0,24.5785,1.8463798862126188,28.271259772425235,20.88574022757476,0.0,0.0,1.0
2020-02-17,29.29,30.04,28.86,30.02,89868373.0,2709860172.0,1035914811.0,0.08675266734843508,0.013162335470806585,1.3330373001776201,24.974,,0.0,0.0,1.0,0.35775667118950705,1.0,0.013162335470806585,1.1592621807205823,29.88,21.48,1.0,0.013162335470806585,1.1042872074938224,24.974,2.1171142226103297,2.383433045845988,0.0,0.0,1.0,24.974,2.1171142226103297,29.20822844522066,20.73977155477934,0.0,0.0,1.0
2020-02-18,29.89,30.85,29.29,30.85,96170376.0,2968312517.0,1035914811.0,0.09283618206709857,0.027648234510326608,1.3698934280639437,25.3795,,0.0,0.0,1.0,0.35664028144239235,1.0,0.027648234510326608,1.1913137333520976,30.04,21.48,1.0,0.027648234510326608,1.1348187991733654,25.3795,2.4214968728584285,2.259139816085086,0.0,0.0,1.0,25.3795,2.4214968728584285,30.222493745716857,20.536506254283143,0.0,0.0,1.0
2020-02-19,30.46,32.1,29.78,29.78,102314392.0,3240084496.0,1035914811.0,0.09876718714083527,-0.03468395461912477,1.3223801065719365,25.738999999999997,,0.0,-0.0,1.0,0.31828242585214706,1.0,-0.03468395461912477,1.1499942618873733,30.85,22.8,1.0,-0.03468395461912477,1.0954587954419066,25.738999999999997,2.5173877437994268,1.6052354310349624,0.0,-0.0,1.0,25.738999999999997,2.5173877437994268,30.77377548759885,20.704224512401144,0.0,-0.0,1.0
2020-02-20,29.51,30.15,28.21,29.58,98850877.0,2966230530.0,1035914811.0,0.09542375101730252,-0.00671591672263272,1.3134991119005333,26.040499999999998,,0.0,-0.0,1.0,0.2560509554140127,1.0,-0.00671591672263272,1.1422709961930322,32.1,22.8,1.0,-0.00671591672263272,1.0881017853986432,26.040499999999998,2.601124200276324,1.3607577829709132,0.0,-0.0,1.0,26.040499999999998,2.601124200276324,31.242748400552646,20.83825159944735,0.0,-0.0,1.0
2020-02-21,29.37,30.7,29.29,30.11,94601550.0,2910167647.0,1035914811.0,0.09132174672614078,0.017917511832319155,1.3370337477797518,26.3695,,0.0,0.0,1.0,0.2796430089247768,1.0,0.017917511832319155,1.1627376502830358,32.1,23.67,1.0,0.017917511832319155,1.107597862013291,26.3695,2.681756052722875,1.3947950247757055,0.0,0.0,1.0,26.3695,2.681756052722875,31.73301210544575,21.00598789455425,0.0,0.0,1.0
2020-02-24,30.0,33.08,29.48,33.08,106885615.0,3429484689.0,1035914811.0,0.10317992740814283,0.0986383261374959,1.4689165186500894,26.866500000000002,,0.0,0.0,1.0,0.42955920484010357,1.0,0.0986383261374959,1.2774281458439996,32.1,24.82,1.0,0.0986383261374959,1.216849461155751,26.866500000000002,2.9585331980916676,2.1001961390894204,0.0,0.0,1.0,26.866500000000002,2.9585331980916676,32.78356639618334,20.949433603816665,0.0,0.0,1.0
2020-02-25,31.99,34.34,30.95,34.25,137086293.0,4636245976.0,1035914811.0,0.1323335582659219,0.035368802902055574,1.520870337477798,27.3675,,0.0,0.0,1.0,0.4135369376805613,1.0,0.035368802902055574,1.3226092501558944,33.08,25.1,1.0,0.035368802902055574,1.2598879699088412,27.3675,3.3154373768780467,2.0758950381626113,0.0,0.0,1.0,27.3675,3.3154373768780467,33.998374753756096,20.736625246243907,0.0,0.0,1.0
2020-02-26,33.51,34.07,30.82,30.82,114122521.0,3776799804.0,1035914811.0,0.11016593236062922,-0.1001459854014598,1.3685612788632333,27.7125,,0.0,-0.0,1.0,0.2884615384615383,1.0,-0.1001459854014598,1.1901552434979465,34.34,25.39,1.0,-0.1001459854014598,1.1337152476668755,27.7125,3.2967637640251772,0.9425910445599857,0.0,-0.0,1.0,27.7125,3.2967637640251772,34.30602752805035,21.118972471949643,0.0,-0.0,1.0
2020-02-27,31.04,31.33,28.33,28.52,110707373.0,3331203827.0,1035914811.0,0.10686918636980469,-0.07462686567164178,1.2664298401420966,27.8695,,0.0,-0.0,1.0,0.12371946414499613,1.0,-0.07462686567164178,1.1013376880130252,34.34,26.11,1.0,-0.07462686567164178,1.0491096321693474,27.8695,3.254332294682045,0.1998873935101812,0.0,-0.0,1.0,27.8695,3.254332294682045,34.37816458936409,21.360835410635907,0.0,-0.0,1.0
2020-02-28,26.06,27.33,25.68,25.98,112214889.0,3043287758.0,1035914811.0,0.10832443730742257,-0.0890603085553997,1.153641207815276,27.8875,,0.0,-0.0,1.0,0.014051522248243575,1.0,-0.0890603085553997,1.0032522136948947,34.34,27.38,1.0,-0.0890603085553997,0.9556756046199034,27.8875,3.242208271176328,-0.5883335802199794,0.0,-0.0,1.0,27.8875,3.242208271176328,34.37191654235266,21.403083457647345,0.0,-0.0,1.0
2020-03-02,26.7,26.98,25.4,26.31,100768628.0,2712237919.0,1035914811.0,0.09727501424825173,0.01270207852193983,1.168294849023091,28.05,,0.0,0.0,1.0,0.1409366869037294,1.0,0.01270207852193983,1.0159956020905572,34.34,25.68,0.0,-0.0006,0.9551021992571315,28.05,3.064070220440363,-0.5678721030583732,0.0,0.0,1.0,28.05,3.064070220440363,34.178140440880725,21.921859559119277,0.0,0.0,1.0
2020-03-03,26.84,27.75,26.15,26.49,88342913.0,2435547627.0,1035914811.0,0.08528009452313931,0.0068415051311288,1.1762877442273538,28.188499999999998,,0.0,0.0,1.0,0.11677908937605386,1.0,0.0068415051311288,1.022946541215464,34.34,25.4,0.0,0.0,0.9551021992571315,28.188499999999998,2.9171277780865528,-0.5822508060014105,0.0,0.0,1.0,28.188499999999998,2.9171277780865528,34.0227555561731,22.354244443826893,0.0,0.0,1.0
2020-03-04,26.08,26.14,24.24,25.49,93734343.0,2427813109.0,1035914811.0,0.09048460549522928,-0.03775009437523591,1.1318827708703378,28.291500000000003,,0.0,-0.0,1.0,0.08792146820315838,1.0,-0.03775009437523591,0.984330212743759,34.34,25.4,0.0,-0.0,0.9551021992571315,28.291500000000003,2.773079752872148,-1.0102486223479223,0.0,-0.0,1.0,28.291500000000003,2.773079752872148,33.8376595057443,22.745340494255707,0.0,-0.0,1.0
2020-03-05,25.89,26.13,24.93,25.89,75277800.0,1974798556.0,1035914811.0,0.07266794450726316,0.015692428403295544,1.1496447602131443,28.3855,,0.0,0.0,1.0,0.07830070803831735,1.0,0.015692428403295544,0.9997767441324411,34.34,24.24,0.0,0.0,0.9551021992571315,28.3855,2.64941597337979,-0.9419056973588622,0.0,0.0,1.0,28.3855,2.64941597337979,33.68433194675958,23.08666805324042,0.0,0.0,1.0
2020-03-06,25.42,26.21,25.22,25.72,51651147.0,1364732774.0,1035914811.0,0.049860419458757986,-0.00656624179219778,1.1420959147424516,28.377499999999998,,0.0,-0.0,1.0,-0.0061823802163832875,1.0,-0.00656624179219778,0.9932119682922512,34.34,24.24,0.0,-0.0,0.9551021992571315,28.377499999999998,2.6576084916211458,-0.9999591769737759,0.0,-0.0,1.0,28.377499999999998,2.6576084916211458,33.69271698324229,23.062283016757707,0.0,-0.0,1.0
2020-03-09,24.95,25.19,23.16,23.25,83226325.0,2058919194.0,1035914811.0,0.08034089687322754,-0.09603421461897355,1.032415630550622,28.266,,0.0,-0.0,1.0,-0.08751962323390894,0.0,-0.0006,0.9926160411112759,34.34,24.24,0.0,-0.0,0.9551021992571315,28.266,2.826955587683829,-1.7743469412300492,0.0,-0.0,1.0,28.266,2.826955587683829,33.91991117536766,22.61208882463234,0.0,-0.0,1.0
2020-03-10,23.06,24.92,23.06,24.87,91541114.0,2267301070.0,1035914811.0,0.08836741499200362,0.06967741935483884,1.104351687388988,28.216499999999996,,0.0,0.0,1.0,-0.03828306264501158,0.0,0.0,0.9926160411112759,34.34,23.16,0.0,0.0,0.9551021992571315,28.216499999999996,2.879481450027524,-1.1621884211020035,1.0,0.06907741935483884,1.069077419354839,28.216499999999996,2.879481450027524,33.97546290005504,22.45753709994495,0.0,0.0,1.0
2020-03-11,25.15,25.37,23.88,23.92,68154329.0,1724919372.0,1035914811.0,0.06579144180225453,-0.03819863289103331,1.062166962699823,28.0865,,0.0,-0.0,1.0,-0.09803921568627438,0.0,-0.0,0.9926160411112759,34.34,23.06,0.0,-0.0,0.9551021992571315,28.0865,3.0155793281242835,-1.3816582310211014,1.0,-0.03819863289103331,1.02824012348081,28.0865,3.0155793281242835,34.117658656248565,22.055341343751433,0.0,-0.0,1.0
2020-03-12,23.23,24.39,23.23,24.22,54270164.0,1330857790.0,1035914811.0,0.05238863603814233,0.012541806020066826,1.0754884547069277,27.939000000000004,,0.0,0.0,1.0,-0.10857563489142441,0.0,0.0,0.9926160411112759,34.34,23.06,0.0,0.0,0.9551021992571315,27.939000000000004,3.1326412262867835,-1.1871771235061763,1.0,0.012541806020066826,1.0411361116515558,27.939000000000004,3.1326412262867835,34.20428245257357,21.673717547426435,0.0,0.0,1.0
2020-03-13,23.23,25.09,23.19,24.72,93189527.0,2328594937.0,1035914811.0,0.08995867807898346,0.02064409578860449,1.0976909413854357,27.6935,,0.0,0.0,1.0,-0.16571042861964225,0.0,0.0,0.9926160411112759,34.34,23.06,0.0,0.0,0.9551021992571315,27.6935,3.18510063461605,-0.9335654791197653,1.0,0.02064409578860449,1.0626294252694657,27.6935,3.18510063461605,34.0637012692321,21.3232987307679,0.0,0.0,1.0
2020-03-16,24.83,24.88,22.45,22.65,74861447.0,1819932485.0,1035914811.0,0.0722660263228923,-0.08373786407766992,1.0057726465364125,27.325,,0.0,-0.0,1.0,-0.24550299800133246,0.0,-0.0,0.9926160411112759,34.34,23.06,0.0,-0.0,0.9551021992571315,27.325,3.3250318558030774,-1.4060015671250983,1.0,-0.08373786407766992,0.9736471068913186,27.325,3.3250318558030774,33.975063711606154,20.674936288393845,0.0,-0.0,1.0
2020-03-17,23.09,23.41,21.68,23.06,59435173.0,1385775905.0,1035914811.0,0.057374575948600855,0.018101545253863094,1.023978685612789,26.9355,,0.0,0.0,1.0,-0.25251215559157225,0.0,0.0,0.9926160411112759,34.34,22.45,0.0,0.0,0.9551021992571315,26.9355,3.3465716550083404,-1.1580508052771228,1.0,0.018101545253863094,0.9912716240580047,26.9355,3.3465716550083404,33.628643310016685,20.24235668998332,0.0,0.0,1.0
2020-03-18,23.27,23.91,22.5,22.52,58595734.0,1397377774.0,1035914811.0,0.05656424001065856,-0.02341717259323506,1.0000000000000004,26.5725,,0.0,-0.0,1.0,-0.24378777703156485,0.0,-0.0,0.9926160411112759,34.34,21.68,0.0,-0.0,0.9551021992571315,26.5725,3.414838942029331,-1.186732396108769,1.0,-0.02341717259323506,0.968058845350662,26.5725,3.414838942029331,33.402177884058666,19.74282211594134,0.0,-0.0,1.0
2020-03-19,22.84,23.4,22.44,23.33,56344667.0,1326253727.0,1035914811.0,0.0543912167310445,0.035968028419182785,1.0359680284191832,26.259999999999998,,0.0,0.0,1.0,-0.21129141311697097,0.0,0.0,0.9926160411112759,34.34,21.68,0.0,0.0,0.9551021992571315,26.259999999999998,3.411104158325772,-0.8589594055193241,1.0,0.035968028419182785,1.002878013411676,26.259999999999998,3.411104158325772,33.082208316651545,19.437791683348454,0.0,0.0,1.0
2020-03-20,23.43,23.64,22.84,23.37,50240788.0,1196638828.0,1035914811.0,0.0484989571212917,0.0017145306472354793,1.037744227353464,25.923000000000002,,0.0,0.0,1.0,-0.22384589837263358,0.0,0.0,0.9926160411112759,34.34,21.68,0.0,0.0,0.9551021992571315,25.923000000000002,3.342983382360261,-0.7636891087976319,1.0,0.0017145306472354793,1.004597478501109,25.923000000000002,3.342983382360261,32.60896676472052,19.23703323527948,0.0,0.0,1.0
2020-03-23,22.48,23.14,21.04,21.04,63428604.0,1425456172.0,1035914811.0,0.06122955606626615,-0.09970047068891752,0.9342806394316167,25.320999999999998,,0.0,-0.0,1.0,-0.3639661426844014,0.0,-0.0,0.9926160411112759,34.34,21.68,0.0,-0.0,0.9551021992571315,25.320999999999998,3.058277637047228,-1.399807508690843,1.0,-0.09970047068891752,0.9044386370416486,25.320999999999998,3.058277637047228,31.437555274094453,19.204444725905542,0.0,-0.0,1.0
2020-03-24,21.5,21.58,19.58,20.85,75270016.0,1596790532.0,1035914811.0,0.0726604303758719,-0.009030418250950412,0.9258436944937838,24.651,,0.0,-0.0,1.0,-0.39124087591240875,0.0,-0.0,0.9926160411112759,34.34,21.04,0.0,-0.0,0.9551021992571315,24.651,2.3950934494459664,-1.5869944451976379,1.0,-0.009030418250950412,0.896271177866843,24.651,2.3950934494459664,29.44118689889193,19.860813101108068,0.0,-0.0,1.0
2020-03-25,21.44,22.08,21.44,21.62,58214869.0,1296391073.0,1035914811.0,0.0561965794695062,0.03693045563549169,0.9600355239786862,24.191,,0.0,0.0,1.0,-0.29850746268656714,0.0,0.0,0.9926160411112759,34.07,19.58,0.0,0.0,0.9551021992571315,24.191,1.9985702784477644,-1.2864196109214754,1.0,0.03693045563549169,0.9293708808384242,24.191,1.9985702784477644,28.188140556895526,20.193859443104472,0.0,0.0,1.0
2020-03-26,21.46,22.14,21.28,21.38,45843030.0,1020753031.0,1035914811.0,0.04425366788196255,-0.01110083256244232,0.9493783303730022,23.834,,0.0,-0.0,1.0,-0.25035063113604494,0.0,-0.0,0.9926160411112759,31.33,19.58,0.0,-0.0,0.9551021992571315,23.834,1.8137469213583484,-1.3530002290298335,1.0,-0.01110083256244232,0.9190540903018274,23.834,1.8137469213583484,27.461493842716695,20.206506157283304,0.0,-0.0,1.0
2020-03-27,21.79,21.88,20.57,20.63,46044993.0,993853455.0,1035914811.0,0.04444862889406067,-0.03507951356407857,0.9160746003552402,23.566499999999998,,0.0,-0.0,1.0,-0.20592763664357205,0.0,-0.0,0.9926160411112759,27.75,19.58,0.0,-0.0,0.9551021992571315,23.566499999999998,1.8741040666493496,-1.5668820383331608,1.0,-0.03507951356407857,0.8868141198749625,23.566499999999998,1.8741040666493496,27.314708133298698,19.818291866701298,0.0,-0.0,1.0
2020-03-30,20.12,20.21,19.07,19.65,57364596.0,1147755904.0,1035914811.0,0.05537578514262598,-0.047503635482307294,0.8725577264653646,23.2335,,0.0,-0.0,1.0,-0.2531356898517674,0.0,-0.0,0.9926160411112759,27.75,19.58,0.0,-0.0,0.9551021992571315,23.2335,1.9510787164783467,-1.8366762805286185,1.0,-0.047503635482307294,0.8446872251838591,23.2335,1.9510787164783467,27.13565743295669,19.331342567043308,0.0,-0.0,1.0
2020-03-31,20.0,20.23,19.16,19.2,41650822.0,838176271.0,1035914811.0,0.040206802294672474,-0.022900763358778553,0.8525754884547074,22.869,,0.0,-0.0,1.0,-0.27519818799547,0.0,-0.0,0.9926160411112759,27.75,19.07,0.0,-0.0,0.9551021992571315,22.869,1.9912252245130146,-1.842584131032848,1.0,-0.022900763358778553,0.8253432429277402,22.869,1.9912252245130146,26.85145044902603,18.88654955097397,0.0,-0.0,1.0
2020-04-01,19.23,20.56,19.23,19.83,65515297.0,1347445924.0,1035914811.0,0.06324390413605159,0.03281249999999991,0.8805506216696275,22.586000000000002,,0.0,0.0,1.0,-0.22204786190663006,0.0,0.0,0.9926160411112759,26.21,19.07,0.0,0.0,0.9551021992571315,22.586000000000002,2.0012979998517446,-1.3771062581405504,1.0,0.03281249999999991,0.8524248180863065,22.586000000000002,2.0012979998517446,26.588595999703493,18.58340400029651,0.0,0.0,1.0
2020-04-02,19.73,21.3,19.73,21.09,78404323.0,1646189048.0,1035914811.0,0.07568607202778956,0.06354009077155842,0.9365008880994679,22.346,24.646166666666666,0.0,0.0,1.0,-0.1853997682502897,0.0,0.0,0.9926160411112759,26.21,19.07,0.0,0.0,0.9551021992571315,22.346,1.8675663871804895,-0.6725329865762973,1.0,0.06354009077155842,0.9065879684034397,22.346,1.8675663871804895,26.08113277436098,18.61086722563902,0.0,0.0,1.0
2020-04-03,20.97,21.09,20.45,20.69,59309546.0,1262230324.0,1035914811.0,0.05725330439357913,-0.018966334755808334,0.9187388987566616,22.0945,24.615666666666666,0.0,-0.0,1.0,-0.1955676516329704,0.0,-0.0,0.9926160411112759,26.21,19.07,0.0,-0.0,0.9551021992571315,22.0945,1.722325462855402,-0.8154672448908188,1.0,-0.018966334755808334,0.8893933175091119,22.0945,1.722325462855402,25.539150925710803,18.649849074289197,0.0,-0.0,1.0
2020-04-07,21.47,21.62,20.94,21.16,59624696.0,1293373226.0,1035914811.0,0.057557528251229916,0.022716288061865653,0.9396092362344591,21.990000000000002,24.592333333333332,0.0,0.0,1.0,-0.08989247311827953,0.0,0.0,0.9926160411112759,25.37,19.07,0.0,0.0,0.9551021992571315,21.990000000000002,1.7118995297622102,-0.48484153746761777,1.0,0.022716288061865653,0.9095970323099472,21.990000000000002,1.7118995297622102,25.413799059524422,18.566200940475582,0.0,0.0,1.0
2020-04-08,21.02,21.71,20.9,21.48,62167386.0,1360699549.0,1035914811.0,0.06001206406151094,0.01512287334593565,0.9538188277087042,21.8205,24.567666666666664,0.0,0.0,1.0,-0.13630880579010862,0.0,0.0,0.9926160411112759,25.37,19.07,0.0,0.0,0.9551021992571315,21.8205,1.574007540274882,-0.2163267908745433,1.0,0.01512287334593565,0.9233527530254094,21.8205,1.574007540274882,24.968515080549764,18.672484919450234,0.0,0.0,1.0
2020-04-09,21.65,21.65,21.0,21.2,41740878.0,907808551.0,1035914811.0,0.0402937360840572,-0.013035381750465591,0.9413854351687396,21.684499999999996,24.547833333333333,0.0,-0.0,1.0,-0.11371237458193995,0.0,-0.0,0.9926160411112759,25.37,19.07,0.0,-0.0,0.9551021992571315,21.684499999999996,1.4987660714208162,-0.323265924708781,1.0,-0.013035381750465591,0.9113164973993798,21.684499999999996,1.4987660714208162,24.682032142841628,18.686967857158365,0.0,-0.0,1.0
2020-04-10,21.09,21.13,20.01,20.22,45874628.0,961069269.0,1035914811.0,0.04428417039014611,-0.04622641509433967,0.8978685612788638,21.4845,24.533166666666666,0.0,-0.0,1.0,-0.16515276630883569,0.0,-0.0,0.9926160411112759,25.09,19.07,0.0,-0.0,0.9551021992571315,21.4845,1.4066701068387608,-0.898931450844391,1.0,-0.04622641509433967,0.8691896027082764,21.4845,1.4066701068387608,24.29784021367752,18.67115978632248,0.0,-0.0,1.0
2020-04-13,19.81,19.81,19.11,19.43,40124672.0,797206932.0,1035914811.0,0.038733563391439914,-0.0390702274975272,0.8627886323268211,21.22,24.497333333333337,0.0,-0.0,1.0,-0.2139967637540453,0.0,-0.0,0.9926160411112759,25.09,19.07,0.0,-0.0,0.9551021992571315,21.22,1.2554931930898032,-1.4257345319370152,1.0,-0.0390702274975272,0.8352301671919787,21.22,1.2554931930898032,23.730986386179605,18.709013613820392,0.0,-0.0,1.0
2020-04-14,19.52,20.27,19.31,20.09,59709775.0,1201527731.0,1035914811.0,0.05763965759149668,0.033968090581574906,0.8920959147424518,21.092,24.463666666666665,0.0,0.0,1.0,-0.1130242825607064,0.0,0.0,0.9926160411112759,24.88,19.07,0.0,0.0,0.9551021992571315,21.092,1.2323131864399488,-0.8131049890772445,1.0,0.033968090581574906,0.8636013411676198,21.092,1.2323131864399488,23.556626372879897,18.6273736271201,0.0,0.0,1.0
2020-04-15,19.92,21.19,19.83,20.56,73890175.0,1559143342.0,1035914811.0,0.07132842798981856,0.023394723743155765,0.9129662522202493,20.967,24.42733333333333,0.0,0.0,1.0,-0.10841283607979191,0.0,0.0,0.9926160411112759,23.91,19.11,0.0,0.0,0.9551021992571315,20.967,1.1459498473457195,-0.3551638851758693,1.0,0.023394723743155765,0.883805055968455,20.967,1.1459498473457195,23.258899694691436,18.67510030530856,0.0,0.0,1.0
2020-04-16,20.31,21.22,20.07,21.01,60078503.0,1276930703.0,1035914811.0,0.05799560191827395,0.021887159533074074,0.9329484902309066,20.8915,24.401,0.0,0.0,1.0,-0.06705150976909402,0.0,0.0,0.9926160411112759,23.91,19.11,0.0,0.0,0.9551021992571315,20.8915,1.086444103244058,0.10907141899538773,1.0,0.021887159533074074,0.903149038224574,20.8915,1.086444103244058,23.06438820648812,18.718611793511883,0.0,0.0,1.0
2020-04-17,21.72,23.11,21.62,21.96,109290628.0,2497727913.0,1035914811.0,0.10550155943276691,0.04521656354117076,0.9751332149200718,20.823,24.3745,0.0,0.0,1.0,-0.05872267466780956,0.0,0.0,0.9926160411112759,23.64,19.11,0.0,0.0,0.9551021992571315,20.823,0.9604938422773645,1.1837660482071741,0.0,-0.0006,0.9026071488016393,20.823,0.9604938422773645,22.743987684554728,18.902012315445273,0.0,0.0,1.0
2020-04-20,21.97,22.61,21.63,22.31,71371081.0,1625421020.0,1035914811.0,0.06889667011431502,0.015938069216757667,0.9906749555950273,20.770000000000003,24.354166666666664,0.0,0.0,1.0,-0.04535729567822,0.0,0.0,0.9926160411112759,23.64,19.11,0.0,0.0,0.9551021992571315,20.770000000000003,0.8333887700859468,1.8478770716350983,0.0,0.0,0.9026071488016393,20.770000000000003,0.8333887700859468,22.436777540171896,19.10322245982811,0.0,0.0,1.0
2020-04-21,22.01,22.21,21.56,21.94,49398519.0,1108211444.0,1035914811.0,0.04768588929847823,-0.01658449125952477,0.9742451154529315,20.815,24.334166666666665,0.0,-0.0,1.0,0.042775665399239715,0.0,-0.0,0.9926160411112759,23.14,19.11,0.0,-0.0,0.9551021992571315,20.815,0.8721328966813415,1.2899410219255274,0.0,-0.0,0.9026071488016393,20.815,0.8721328966813415,22.559265793362684,19.07073420663732,0.0,-0.0,1.0
2020-04-22,21.52,22.12,21.49,22.1,38410918.0,862663683.0,1035914811.0,0.037079224654506845,0.007292616226071136,0.9813499111900541,20.877499999999998,24.29866666666667,0.0,0.0,1.0,0.05995203836930463,1.0,0.006692616226071136,0.9992592393342757,23.11,19.11,0.0,0.0,0.9551021992571315,20.877499999999998,0.9183387461234995,1.3312081246276852,0.0,0.0,0.9026071488016393,20.877499999999998,0.9183387461234995,22.714177492246996,19.040822507753,0.0,0.0,1.0
2020-04-23,22.09,22.43,21.56,22.04,47843861.0,1080561736.0,1035914811.0,0.04618513075782252,-0.002714932126696934,0.9786856127886331,20.8985,24.267333333333333,0.0,-0.0,1.0,0.0194264569842737,1.0,-0.002714932126696934,0.9965463183225084,23.11,19.11,0.0,-0.0,0.9551021992571315,20.8985,0.9407403299642014,1.2134060416474743,0.0,-0.0,0.9026071488016393,20.8985,0.9407403299642014,22.779980659928402,19.017019340071595,0.0,-0.0,1.0
2020-04-24,21.98,22.39,21.27,21.38,41309736.0,921852233.0,1035914811.0,0.03987754162924117,-0.029945553539019953,0.9493783303730026,20.8985,24.200666666666667,0.0,-0.0,1.0,0.0,1.0,-0.029945553539019953,0.9667041871930685,23.11,19.11,0.0,-0.0,0.9551021992571315,20.8985,0.9407403299642014,0.5118309321535341,0.0,-0.0,0.9026071488016393,20.8985,0.9407403299642014,22.779980659928402,19.017019340071595,0.0,-0.0,1.0
2020-04-27,21.52,21.73,20.89,21.27,34457086.0,754732674.0,1035914811.0,0.03326247065310084,-0.005144995322731494,0.9444937833037308,20.9305,24.128166666666665,0.0,-0.0,1.0,0.031022782355792478,0.0,-0.0006,0.9661241646807526,23.11,19.11,0.0,-0.0,0.9551021992571315,20.9305,0.9420105877157232,0.36039934627831827,0.0,-0.0,0.9026071488016393,20.9305,0.9420105877157232,22.814521175431445,19.046478824568553,0.0,-0.0,1.0
2020-04-28,21.3,22.45,20.5,22.06,66862288.0,1491799619.0,1035914811.0,0.06454419542033173,0.037141513869299425,0.9795737122557734,21.051,24.1115,0.0,0.0,1.0,0.1226463104325699,1.0,0.03654151386929942,1.0014278042438998,23.11,19.31,0.0,0.0,0.9551021992571315,21.051,0.923550927556013,1.0925223178218344,0.0,0.0,0.9026071488016393,21.051,0.923550927556013,22.898101855112024,19.203898144887972,0.0,0.0,1.0
2020-04-29,22.15,22.52,21.9,22.36,45217796.0,1030245490.0,1035914811.0,0.043650110530179496,0.013599274705349051,0.9928952042628783,21.209,24.088833333333334,0.0,0.0,1.0,0.1645833333333333,1.0,0.013599274705349051,1.015046496051387,23.11,19.83,0.0,0.0,0.9551021992571315,21.209,0.8582105004939,1.3411628025264193,0.0,0.0,0.9026071488016393,21.209,0.8582105004939,22.9254210009878,19.4925789990122,0.0,0.0,1.0
2020-04-30,23.92,24.59,23.53,24.59,78498091.0,1943299677.0,1035914811.0,0.07577658912340814,0.09973166368515218,1.091918294849024,21.447,24.108166666666662,0.0,0.0,1.0,0.24004034291477572,1.0,0.09973166368515218,1.1162787718203762,23.11,20.07,0.0,0.0,0.9551021992571315,21.447,1.085566066257885,2.8952636764286583,0.0,0.0,0.9026071488016393,21.447,1.085566066257885,23.61813213251577,19.27586786748423,0.0,0.0,1.0
2020-05-06,26.07,27.05,25.48,26.58,203756642.0,5516953689.0,1035914811.0,0.19669246914551547,0.08092720618137439,1.1802841918294857,21.7215,24.151,0.0,0.0,1.0,0.26031294452347087,1.0,0.08092720618137439,1.206616094143375,24.59,20.5,1.0,0.08032720618137439,1.0318228905411433,21.7215,1.5745317599711928,3.0856792625693936,0.0,0.0,0.9026071488016393,21.7215,1.5745317599711928,24.870563519942383,18.572436480057615,0.0,0.0,1.0
2020-05-07,26.33,27.08,26.17,26.38,125087868.0,3412922821.0,1035914811.0,0.12075111454314365,-0.007524454477050413,1.1714031971580825,22.006,24.159333333333333,0.0,-0.0,1.0,0.2750120831319476,1.0,-0.007524454477050413,1.1975369662717168,27.05,20.5,1.0,-0.007524454477050413,1.024058986172888,22.006,1.8655136163082977,2.344662596811164,0.0,-0.0,0.9026071488016393,22.006,1.8655136163082977,25.737027232616597,18.274972767383403,0.0,-0.0,1.0
2020-05-08,26.84,26.91,25.62,26.09,105910833.0,2839218714.0,1035914811.0,0.10223894076556456,-0.010993176648976477,1.1585257548845478,22.252499999999998,24.169500000000003,0.0,-0.0,1.0,0.23298676748582237,1.0,-0.010993176648976477,1.1843722308578124,27.08,20.5,1.0,-0.010993176648976477,1.0128013248389176,22.252499999999998,2.0630939336218908,1.8600704201882996,0.0,-0.0,0.9026071488016393,22.252499999999998,2.0630939336218908,26.37868786724378,18.126312132756215,0.0,-0.0,1.0
2020-05-11,26.26,26.57,25.48,25.88,71654065.0,1911294830.0,1035914811.0,0.06916984315614733,-0.00804906094289004,1.1492007104795743,22.4725,24.169833333333333,0.0,-0.0,1.0,0.20484171322160138,1.0,-0.00804906094289004,1.1748391465925712,27.08,20.5,1.0,-0.00804906094289004,1.0046492252522494,22.4725,2.2060297154080297,1.5446301453694353,0.0,-0.0,0.9026071488016393,22.4725,2.2060297154080297,26.88455943081606,18.06044056918394,0.0,-0.0,1.0
2020-05-12,25.85,27.98,25.63,27.48,120731854.0,3320930544.0,1035914811.0,0.11654612205365987,0.0618238021638331,1.2202486678508,22.7865,24.18583333333333,0.0,0.0,1.0,0.29622641509433967,1.0,0.0618238021638331,1.2474721695658368,27.08,20.5,1.0,0.0618238021638331,1.0667604601982927,22.7865,2.4489380620136183,1.9165450007914084,0.0,0.0,0.9026071488016393,22.7865,2.4489380620136183,27.68437612402724,17.888623875972762,0.0,0.0,1.0
2020-05-13,26.94,27.24,26.55,26.85,76506724.0,2107022729.0,1035914811.0,0.07385426213391595,-0.022925764192139653,1.19227353463588,23.118000000000002,24.1805,0.0,-0.0,1.0,0.32789317507418403,1.0,-0.022925764192139653,1.2188729167701136,27.98,20.5,1.0,-0.022925764192139653,1.0423041614382882,23.118000000000002,2.53061174214334,1.4747422284696763,0.0,-0.0,0.9026071488016393,23.118000000000002,2.53061174214334,28.17922348428668,18.056776515713324,0.0,-0.0,1.0
2020-05-14,26.85,29.18,26.68,28.24,133132077.0,3820961504.0,1035914811.0,0.12851643357766415,0.051769087523277246,1.253996447602132,23.5585,24.15733333333333,0.0,0.0,1.0,0.45342254246011326,1.0,0.051769087523277246,1.2819728554781378,27.98,20.5,1.0,0.051769087523277246,1.096263296797663,23.5585,2.620050772911021,1.7867974347682565,0.0,0.0,0.9026071488016393,23.5585,2.620050772911021,28.79860154582204,18.318398454177956,0.0,0.0,1.0
2020-05-15,28.6,31.01,28.41,30.47,133658812.0,4081046389.0,1035914811.0,0.12902490685597506,0.07896600566572243,1.3530195381882777,24.0775,24.16483333333333,0.0,0.0,1.0,0.5166749626679941,1.0,0.07896600566572243,1.3832051312471267,29.18,20.5,1.0,0.07896600566572243,1.182830830503711,24.0775,2.9089677586822247,2.1975149022950426,0.0,0.0,0.9026071488016393,24.0775,2.9089677586822247,29.89543551736445,18.25956448263555,0.0,0.0,1.0
2020-05-18,31.25,32.65,28.6,29.58,211639001.0,6652226670.0,1035914811.0,0.2043015494639935,-0.029209058089924578,1.3134991119005333,24.5285,24.143666666666668,0.0,-0.0,1.0,0.438715953307393,1.0,-0.029209058089924578,1.3428030122182477,31.01,21.9,1.0,-0.029209058089924578,1.1482814560649743,24.5285,3.0315573121486836,1.6663052945615051,0.0,-0.0,0.9026071488016393,24.5285,3.0315573121486836,30.591614624297367,18.465385375702635,0.0,-0.0,1.0
2020-05-19,29.68,32.54,28.63,32.11,165575286.0,5166961474.0,1035914811.0,0.15983484765524797,0.0855307640297498,1.4258436944937838,25.0835,24.1825,1.0,0.08493076402974979,1.0849307640297499,0.5283198476915754,1.0,0.0855307640297498,1.4576539797947239,32.65,23.53,1.0,0.0855307640297498,1.2464948463234051,25.0835,3.35257367751373,2.0958525228328027,0.0,0.0,0.9026071488016393,25.0835,3.35257367751373,31.78864735502746,18.37835264497254,0.0,0.0,1.0
2020-05-20,31.24,32.47,30.61,31.16,120454309.0,3866185936.0,1035914811.0,0.11627819944356409,-0.029585798816567976,1.3836589698046187,25.5435,24.208833333333335,1.0,-0.029585798816567976,1.0528322207152603,0.41894353369763193,1.0,-0.029585798816567976,1.4145281224043476,32.65,25.48,1.0,-0.029585798816567976,1.209616300574192,25.5435,3.5280146123936613,1.591971864365198,0.0,-0.0,0.9026071488016393,25.5435,3.5280146123936613,32.599529224787325,18.487470775212678,0.0,-0.0,1.0
2020-05-21,31.08,31.3,28.71,28.9,115749652.0,3530049365.0,1035914811.0,0.11173665128724566,-0.07252888318356876,1.2833037300177623,25.872999999999998,24.188666666666666,1.0,-0.07252888318356876,0.9764714755671059,0.29538323621694307,1.0,-0.07252888318356876,1.3119339774546097,32.65,25.48,1.0,-0.07252888318356876,1.121884181212906,25.872999999999998,3.517849372916121,0.8604689056060321,0.0,-0.0,0.9026071488016393,25.872999999999998,3.517849372916121,32.90869874583224,18.837301254167755,0.0,-0.0,1.0
2020-05-22,28.45,29.56,27.62,28.87,102736440.0,3005804985.0,1035914811.0,0.09917460288151049,-0.001038062283736929,1.281971580817052,26.2195,24.1185,1.0,-0.001038062283736929,0.9754578373571747,0.3158614402917046,1.0,-0.001038062283736929,1.310572108273861,32.65,25.48,1.0,-0.001038062283736929,1.1207195955576676,26.2195,3.45072299823187,0.768099902935733,0.0,-0.0,0.9026071488016393,26.2195,3.45072299823187,33.12094599646374,19.31805400353626,0.0,-0.0,1.0
2020-05-25,28.21,28.7,27.29,27.7,73422995.0,2107367271.0,1035914811.0,0.07087744496009528,-0.04052649809490827,1.230017761989343,26.4995,24.009333333333338,1.0,-0.04052649809490827,0.9359259471698559,0.25339366515837103,1.0,-0.04052649809490827,1.2574592102246605,32.65,25.48,1.0,-0.04052649809490827,1.0753007550033735,26.4995,3.3237256758675318,0.36119105999524265,0.0,-0.0,0.9026071488016393,26.4995,3.3237256758675318,33.14695135173506,19.852048648264937,0.0,-0.0,1.0
2020-05-26,28.16,28.48,27.92,28.1,70256065.0,2028525905.0,1035914811.0,0.06782031133639231,0.014440433212996373,1.2477797513321496,26.8025,23.964,1.0,0.014440433212996373,0.9494411233022726,0.27495462794918346,1.0,0.014440433212996373,1.2756174659679769,32.65,25.63,1.0,0.014440433212996373,1.0908285637398842,26.8025,3.168381414772172,0.40951508992906466,0.0,0.0,0.9026071488016393,26.8025,3.168381414772172,33.13926282954434,20.465737170455654,0.0,0.0,1.0
2020-05-27,28.02,29.63,27.43,28.77,95474784.0,2802317705.0,1035914811.0,0.09216470600303059,0.023843416370106674,1.2775310834813502,27.172000000000004,23.968166666666665,1.0,0.023843416370106674,0.9720790433240705,0.3456501403180543,1.0,0.023843416370106674,1.3060325443380316,32.65,26.55,1.0,0.023843416370106674,1.1168376433735396,27.172000000000004,2.924228373254625,0.5464689470273637,0.0,0.0,0.9026071488016393,27.172000000000004,2.924228373254625,33.020456746509254,21.323543253490755,0.0,0.0,1.0
2020-05-28,28.21,28.66,27.46,28.4,67767791.0,1947660555.0,1035914811.0,0.06541830494206535,-0.012860618700034743,1.2611012433392543,27.5285,24.0085,1.0,-0.012860618700034743,0.959577505401585,0.3352139163140573,1.0,-0.012860618700034743,1.289236157775464,32.65,26.68,1.0,-0.012860618700034743,1.1024744202922672,27.5285,2.581346598804181,0.33761448400758093,0.0,-0.0,0.9026071488016393,27.5285,2.581346598804181,32.691193197608364,22.36580680239164,0.0,-0.0,1.0
2020-05-29,27.99,29.53,27.93,28.34,77993345.0,2300436547.0,1035914811.0,0.07528934249401324,-0.0021126760563380254,1.2584369449378334,27.842499999999994,24.042333333333332,1.0,-0.0021126760563380254,0.9575502289817225,0.2846781504986402,1.0,-0.0021126760563380254,1.2865124194139665,32.65,27.29,1.0,-0.0021126760563380254,1.1001452489817904,27.842499999999994,2.2406034783888993,0.22203839492284108,0.0,-0.0,0.9026071488016393,27.842499999999994,2.2406034783888993,32.32370695677779,23.361293043222197,0.0,-0.0,1.0
2020-06-01,28.9,29.94,28.57,29.78,88046657.0,2656057554.0,1035914811.0,0.08499410961699243,0.05081157374735357,1.3223801065719365,28.2135,24.097166666666666,1.0,0.05081157374735357,1.0062048630584226,0.33184257602862255,1.0,0.05081157374735357,1.3518821400899055,32.65,27.29,1.0,0.05081157374735357,1.1560453604332293,28.2135,1.868422568568698,0.8384077704649094,0.0,0.0,0.9026071488016393,28.2135,1.868422568568698,31.950345137137397,24.476654862862603,0.0,0.0,1.0
2020-06-02,30.59,31.17,29.69,30.46,91086228.0,2838828097.0,1035914811.0,0.0879282997335193,0.022834116856951026,1.3525754884547074,28.506999999999998,24.18,1.0,0.022834116856951026,1.0291806624835311,0.23871492476616507,1.0,0.022834116856951026,1.3827511748535435,32.65,27.29,1.0,0.022834116856951026,1.1824426352852977,28.506999999999998,1.724791673156349,1.1323106612788982,0.0,0.0,0.9026071488016393,28.506999999999998,1.724791673156349,31.956583346312698,25.057416653687298,0.0,0.0,1.0
2020-06-03,30.56,31.03,29.43,29.72,89787449.0,2768644633.0,1035914811.0,0.0866745489557442,-0.024294156270518785,1.3197158081705156,28.663999999999998,24.243833333333335,1.0,-0.024294156270518785,1.0041775866385603,0.11813393528969152,1.0,-0.024294156270518785,1.349158401728408,32.65,27.29,1.0,-0.024294156270518785,1.1537161891227525,28.663999999999998,1.6825463159340246,0.6276201671237729,0.0,-0.0,0.9026071488016393,28.663999999999998,1.6825463159340246,32.029092631868046,25.29890736813195,0.0,-0.0,1.0
2020-06-04,29.49,29.71,28.81,28.87,64333722.0,1918704456.0,1035914811.0,0.06210329393581766,-0.028600269179003934,1.2819715808170522,28.7885,24.296333333333333,1.0,-0.028600269179003934,0.975457837357175,0.09438968915845347,1.0,-0.028600269179003934,1.3105721082738608,32.65,27.29,1.0,-0.028600269179003934,1.1207195955576672,28.7885,1.5944650150475315,0.05111432313086679,0.0,-0.0,0.9026071488016393,28.7885,1.5944650150475315,31.97743003009506,25.599569969904937,0.0,-0.0,1.0
2020-06-05,28.95,29.61,28.95,29.13,47691369.0,1428237890.0,1035914811.0,0.04603792560313147,0.009005888465535072,1.2935168738898764,28.940499999999997,24.394333333333336,1.0,0.009005888465535072,0.9842427018432457,0.11651973936374094,1.0,0.009005888465535072,1.3223749745070164,32.65,27.29,1.0,0.009005888465535072,1.130812671236399,28.940499999999997,1.4631741810907277,0.12951294688561213,0.0,0.0,0.9026071488016393,28.940499999999997,1.4631741810907277,31.86684836218145,26.014151637818543,0.0,0.0,1.0
2020-06-08,29.31,29.45,27.63,27.67,81520784.0,2368322017.0,1035914811.0,0.07869448639440295,-0.05012015104703049,1.228685612788633,29.029999999999994,24.440999999999995,1.0,-0.05012015104703049,0.9349123089599248,0.06916537867078842,1.0,-0.05012015104703049,1.2560973410439116,32.65,27.29,1.0,-0.05012015104703049,1.0741361693481346,29.029999999999994,1.3131721336639655,-1.035660112741937,0.0,-0.0,0.9026071488016393,29.029999999999994,1.3131721336639655,31.656344267327924,26.403655732672064,0.0,-0.0,1.0
2020-06-09,27.49,28.35,27.25,28.05,53373857.0,1520979181.0,1035914811.0,0.051523403694244505,0.013733285146367846,1.245559502664299,29.0585,24.509833333333336,1.0,0.013733285146367846,0.9477517262857207,0.020742358078602585,1.0,0.013733285146367846,1.2733476840000622,32.65,27.43,1.0,0.013733285146367846,1.08888758764782,29.0585,1.2836144485909975,-0.7856720537128667,0.0,0.0,0.9026071488016393,29.0585,1.2836144485909975,31.625728897181993,26.491271102818004,0.0,0.0,1.0
2020-06-10,27.82,28.26,27.46,27.97,39843075.0,1136957900.0,1035914811.0,0.0384617292627936,-0.002852049910873511,1.2420071047957375,29.114500000000003,24.572333333333336,1.0,-0.002852049910873511,0.9450486910592373,0.041713221601489714,1.0,-0.002852049910873511,1.2697160328513988,32.65,27.25,1.0,-0.002852049910873511,1.0857820259005178,29.114500000000003,1.2041659048136935,-0.9504504283212365,0.0,-0.0,0.9026071488016393,29.114500000000003,1.2041659048136935,31.52283180962739,26.706168190372615,0.0,-0.0,1.0
2020-06-11,28.18,28.72,27.58,27.68,60705063.0,1750887648.0,1035914811.0,0.05860043929809205,-0.010368251698248065,1.229129662522203,29.0865,24.621666666666666,1.0,-0.010368251698248065,0.9352501883632353,-0.019830028328611804,1.0,-0.010368251698248065,1.2565512974374944,32.65,27.25,1.0,-0.010368251698248065,1.0745243645665474,29.0865,1.2317649938198405,-1.1418574217134454,0.0,-0.0,0.9026071488016393,29.0865,1.2317649938198405,31.550029987639682,26.62297001236032,0.0,-0.0,1.0
2020-06-12,26.76,27.42,26.65,27.09,56134759.0,1558182959.0,1035914811.0,0.05418858616936987,-0.02131502890173409,1.2029307282415636,28.9175,24.695666666666668,1.0,-0.02131502890173409,0.9153153035679207,-0.11092878240892678,0.0,-0.0006,1.2557973666590319,32.65,27.25,1.0,-0.02131502890173409,1.051620846680194,28.9175,1.2634200659946357,-1.4464706151087519,0.0,-0.0,0.9026071488016393,28.9175,1.2634200659946357,31.44434013198927,26.39065986801073,0.0,-0.0,1.0
2020-06-15,26.65,27.06,25.88,25.9,67194661.0,1819159271.0,1035914811.0,0.06486504516248295,-0.043927648578811374,1.1500888099467146,28.7335,24.743,1.0,-0.043927648578811374,0.875107654573981,-0.12440838404327248,0.0,-0.0,1.2557973666590319,32.65,26.65,0.0,-0.0006,1.0509898741721857,28.7335,1.4201122083168374,-1.9952648694981336,0.0,-0.0,0.9026071488016393,28.7335,1.4201122083168374,31.573724416633674,25.893275583366325,0.0,-0.0,1.0
2020-06-16,26.35,26.79,26.15,26.48,47926273.0,1299748521.0,1035914811.0,0.04626468556206404,0.022393822393822482,1.175843694493784,28.451999999999998,24.809,1.0,0.022393822393822482,0.8947046599659852,-0.17533478667081903,0.0,0.0,1.2557973666590319,32.54,25.88,0.0,0.0,1.0509898741721857,28.451999999999998,1.2651257478585831,-1.5587383335908753,1.0,0.021793822393822482,0.9222784086940168,28.451999999999998,1.2651257478585831,30.982251495717165,25.92174850428283,0.0,0.0,1.0
2020-06-17,26.46,26.7,25.97,26.3,46152314.0,1243574355.0,1035914811.0,0.044552229111820274,-0.006797583081570968,1.167850799289521,28.208999999999996,24.8585,1.0,-0.006797583081570968,0.8886228307063978,-0.15596919127086006,0.0,-0.0,1.2557973666590319,32.47,25.88,0.0,-0.0,1.0509898741721857,28.208999999999996,1.1815952642174294,-1.615612433301623,1.0,-0.006797583081570968,0.9160091445865801,28.208999999999996,1.1815952642174294,30.572190528434856,25.845809471565136,0.0,-0.0,1.0
2020-06-18,26.26,28.2,26.22,27.59,94392219.0,2654449232.0,1035914811.0,0.09111967316007416,0.049049429657794574,1.2251332149200715,28.1435,24.928833333333333,1.0,0.049049429657794574,0.9322092737334415,-0.04532871972318331,0.0,0.0,1.2557973666590319,31.3,25.88,0.0,0.0,1.0509898741721857,28.1435,1.1775767937859352,-0.4700330398160149,1.0,0.049049429657794574,0.9609388706898762,28.1435,1.1775767937859352,30.49865358757187,25.78834641242813,0.0,0.0,1.0
2020-06-19,27.63,28.2,27.04,27.84,70905083.0,2011599058.0,1208991732.0,0.05864811240909297,0.009061254077564307,1.2362344582593254,28.092000000000002,25.042166666666667,1.0,0.009061254077564307,0.940656258816202,-0.035677173536543205,0.0,0.0,1.2557973666590319,31.17,25.88,0.0,0.0,1.0509898741721857,28.092000000000002,1.1666037075743934,-0.21601165705530095,1.0,0.009061254077564307,0.9696461819502048,28.092000000000002,1.1666037075743934,30.42520741514879,25.758792584851214,0.0,0.0,1.0
2020-06-22,28.34,30.35,28.34,30.04,130788945.0,3958767218.0,1208991732.0,0.10818018150019905,0.07902298850574718,1.3339253996447606,28.208999999999996,25.195333333333334,1.0,0.07902298850574718,1.014989727544494,0.08447653429602897,0.0,0.0,1.2557973666590319,31.17,25.88,0.0,0.0,1.0509898741721857,28.208999999999996,1.2402372438580593,1.476330443282152,1.0,0.07902298850574718,1.0462705210410974,28.208999999999996,1.2402372438580593,30.689474487716115,25.728525512283877,0.0,0.0,1.0
2020-06-23,29.97,30.14,29.22,29.91,80623866.0,2452710675.0,1208991732.0,0.06668686299998618,-0.004327563249001298,1.3281527531083486,28.299500000000002,25.3335,1.0,-0.004327563249001298,1.0105972953014586,0.06441281138790034,1.0,-0.004927563249001298,1.2496093457068902,31.17,25.88,0.0,-0.0,1.0509898741721857,28.299500000000002,1.2966210134929874,1.2420745794188908,0.0,-0.0006,1.0456427587284727,28.299500000000002,1.2966210134929874,30.892742026985978,25.706257973014026,0.0,-0.0,1.0
2020-06-24,29.94,31.03,29.59,30.3,88688456.0,2756967440.0,1208991732.0,0.07335737181038059,0.013039117352056095,1.3454706927175848,28.376000000000005,25.482166666666668,1.0,0.013039117352056095,1.0237745920305648,0.05318039624608972,1.0,0.013039117352056095,1.2659031486097885,31.17,25.88,0.0,0.0,1.0509898741721857,28.376000000000005,1.3689581132341033,1.4054484073691857,0.0,0.0,1.0456427587284727,28.376000000000005,1.3689581132341033,31.113916226468213,25.638083773531797,0.0,0.0,1.0
2020-06-29,29.87,30.67,29.57,30.02,71931813.0,2212797363.0,1208991732.0,0.05949735725736129,-0.009240924092409286,1.3330373001776203,28.457,25.638666666666666,1.0,-0.009240924092409286,1.014313968737873,0.057042253521126796,1.0,-0.009240924092409286,1.2542050337051436,31.17,25.88,0.0,-0.0,1.0509898741721857,28.457,1.417518588015135,1.102631043581991,0.0,-0.0,1.0456427587284727,28.457,1.417518588015135,31.29203717603027,25.62196282396973,0.0,-0.0,1.0
2020-06-30,30.56,30.75,29.79,30.53,79776111.0,2478060189.0,1208991732.0,0.06598565473068099,0.016988674217188526,1.3556838365896984,28.5665,25.819999999999997,1.0,0.016988674217188526,1.0315458183067043,0.07727593507410035,1.0,0.016988674217188526,1.2755123144243181,31.17,25.88,0.0,0.0,1.0509898741721857,28.5665,1.4907019716969094,1.3171646897098355,0.0,0.0,1.0456427587284727,28.5665,1.4907019716969094,31.54790394339382,25.585096056606183,0.0,0.0,1.0
2020-07-01,30.65,31.55,29.61,30.17,106203507.0,3334114011.0,1208991732.0,0.08784469255576348,-0.011791680314444775,1.3396980461811727,28.585999999999995,26.002833333333335,1.0,-0.011791680314444775,1.0193821597875294,0.013096037609133582,1.0,-0.011791680314444775,1.260471880975489,31.17,25.88,0.0,-0.0,1.0509898741721857,28.585999999999995,1.5098393082848605,1.0491182679562046,0.0,-0.0,1.0456427587284727,28.585999999999995,1.5098393082848605,31.605678616569715,25.566321383430274,0.0,-0.0,1.0
2020-07-02,30.18,33.18,29.82,33.18,158390892.0,5219797334.0,1208991732.0,0.1310107321726498,0.09976798143851506,1.473357015985791,28.722,26.22533333333333,1.0,0.09976798143851506,1.121083860183965,0.08929743926460931,1.0,0.09976798143851506,1.3862266162004215,31.55,25.97,0.0,0.0,1.0509898741721857,28.722,1.7849623319038945,2.497531695946189,0.0,0.0,1.0456427587284727,28.722,1.7849623319038945,32.29192466380779,25.152075336192212,0.0,0.0,1.0
2020-07-03,34.17,34.27,32.1,33.29,139052699.0,4706100320.0,1208991732.0,0.11501542592848765,0.0033152501506932275,1.4782415630550627,28.9005,26.42866666666667,1.0,0.0033152501506932275,1.1248005336203797,0.12012113055181706,1.0,0.0033152501506932275,1.390822304198675,33.18,25.97,1.0,0.0027152501506932276,1.0538435745864088,28.9005,2.0489932701335625,2.1422715554911855,0.0,0.0,1.0456427587284727,28.9005,2.0489932701335625,32.99848654026712,24.802513459732875,0.0,0.0,1.0
2020-07-06,35.05,36.62,34.25,36.62,124096675.0,4570543821.0,1208991732.0,0.10264476730102237,0.10003003905076602,1.626110124333926,29.288,26.694166666666664,1.0,0.10003003905076602,1.2373143749227486,0.2684447523380671,1.0,0.10003003905076602,1.5299463136003448,34.27,26.22,1.0,0.10003003905076602,1.159259588505686,29.288,2.678920835356143,2.7369229815353093,0.0,0.0,1.0456427587284727,29.288,2.678920835356143,34.64584167071229,23.930158329287714,0.0,0.0,1.0
2020-07-07,39.05,40.28,37.1,37.43,203064943.0,8191464267.0,1208991732.0,0.16796222639510988,0.02211906062261071,1.6620781527531092,29.703000000000003,26.965333333333334,1.0,0.02211906062261071,1.2646826065908927,0.28492962581531067,1.0,0.02211906062261071,1.5637872888602107,36.62,27.04,1.0,0.02211906062261071,1.184901321621186,29.703000000000003,3.2377576711116127,2.386528204053981,0.0,0.0,1.0456427587284727,29.703000000000003,3.2377576711116127,36.17851534222323,23.227484657776778,0.0,0.0,1.0
2020-07-08,38.01,41.0,36.81,40.63,167692620.0,6658842647.0,1208991732.0,0.13870452176094783,0.08549292011755294,1.8041740674955606,30.351000000000006,27.2845,1.0,0.08549292011755294,1.3728040156502266,0.46837730393928445,1.0,0.08549292011755294,1.6974800306275815,40.28,28.34,1.0,0.08549292011755294,1.286201995657729,30.351000000000006,4.013441757001352,2.561143433081726,0.0,0.0,1.0456427587284727,30.351000000000006,4.013441757001352,38.37788351400271,22.3241164859973,0.0,0.0,1.0
2020-07-09,39.94,43.34,39.33,42.3,141780711.0,6072379825.0,1208991732.0,0.11727186154156428,0.04110263352202792,1.878330373001777,31.063499999999998,27.636166666666668,1.0,0.04110263352202792,1.4292298760030662,0.5080213903743314,1.0,0.04110263352202792,1.7672509302374277,41.0,29.22,1.0,0.04110263352202792,1.3390682849205497,31.063499999999998,4.775912450709507,2.352744133391874,0.0,0.0,1.0456427587284727,31.063499999999998,4.775912450709507,40.615324901419015,21.511675098580984,0.0,0.0,1.0
2020-07-10,41.43,46.53,40.86,46.53,142426809.0,6362965314.0,1208991732.0,0.11780627214413407,0.10000000000000009,2.066163410301955,31.991499999999995,28.074666666666666,1.0,0.10000000000000009,1.5721528636033728,0.66356810868788,1.0,0.10000000000000009,1.9439760232611707,43.34,29.57,1.0,0.10000000000000009,1.4729751134126048,31.991499999999995,5.830034102093995,2.4937246927557695,0.0,0.0,1.0456427587284727,31.991499999999995,5.830034102093995,43.65156820418798,20.331431795812005,0.0,0.0,1.0
2020-07-13,46.55,51.17,45.57,49.78,165937137.0,8187846776.0,1208991732.0,0.13725249942404072,0.06984741027294228,2.210479573712257,33.096500000000006,28.580499999999997,1.0,0.06984741027294228,1.6819636696792586,0.7984104046242775,1.0,0.06984741027294228,2.0797577141186565,46.53,29.57,1.0,0.06984741027294228,1.5758586104809686,33.096500000000006,6.955565189491301,2.398582939774036,0.0,0.0,1.0456427587284727,33.096500000000006,6.955565189491301,47.00763037898261,19.185369621017404,0.0,0.0,1.0
2020-07-14,49.74,52.16,46.83,49.93,143866362.0,7175721820.0,1208991732.0,0.11899697755749417,0.0030132583366813126,2.2171403197158095,34.2385,29.077833333333334,1.0,0.0030132583366813126,1.6870318607289148,0.8431155407899593,1.0,0.0030132583366813126,2.0860245613890016,51.17,29.61,1.0,0.0030132583366813126,1.5806070795764315,34.2385,7.747404505958583,2.025387984831766,0.0,0.0,1.0456427587284727,34.2385,7.747404505958583,49.73330901191717,18.743690988082836,0.0,0.0,1.0
2020-07-15,48.81,49.8,44.95,44.96,160108270.0,7706579888.0,1208991732.0,0.13243123651072247,-0.09953935509713596,1.99644760213144,35.191500000000005,29.484500000000004,1.0,-0.09953935509713596,1.5191057972836373,0.735907335907336,1.0,-0.09953935509713596,1.8783830218315545,52.16,29.61,1.0,-0.09953935509713596,1.4232744702134261,35.191500000000005,7.839438268678505,1.246071423131019,0.0,-0.0,1.0456427587284727,35.191500000000005,7.839438268678505,50.87037653735702,19.512623462642996,0.0,-0.0,1.0
2020-07-16,43.39,44.91,40.47,40.47,140171508.0,5987334572.0,1208991732.0,0.11594083258792708,-0.09986654804270467,1.797069271758438,35.891,29.808833333333332,1.0,-0.09986654804270467,1.3673979451972598,0.5283232628398791,1.0,-0.09986654804270467,1.6907953935392128,52.16,29.82,1.0,-0.09986654804270467,1.2811369619559019,35.891,7.642903072028392,0.5991178949734809,0.0,-0.0,1.0456427587284727,35.891,7.642903072028392,51.17680614405678,20.605193855943213,0.0,-0.0,1.0
2020-07-17,40.02,40.68,37.65,38.24,124277294.0,4964015175.0,1208991732.0,0.1027941636907737,-0.05510254509513213,1.6980461811722924,36.488,30.080166666666667,1.0,-0.05510254509513213,1.2920508382590368,0.45399239543726244,1.0,-0.05510254509513213,1.5976282641200767,52.16,32.1,1.0,-0.05510254509513213,1.2105430547366862,36.488,7.313533669632079,0.2395558808014813,0.0,-0.0,1.0456427587284727,36.488,7.313533669632079,51.11506733926416,21.86093266073584,0.0,-0.0,1.0
2020-07-20,39.15,41.12,37.59,40.98,118025777.0,4756462354.0,1208991732.0,0.09762331195164865,0.07165271966527187,1.8197158081705163,37.1575,30.391333333333332,1.0,0.07165271966527187,1.384629794766091,0.4853207683943457,1.0,0.07165271966527187,1.7121026742583876,52.16,34.25,1.0,0.07165271966527187,1.2972817568804758,37.1575,7.064763470544276,0.5410655312010764,0.0,0.0,1.0456427587284727,37.1575,7.064763470544276,51.28702694108855,23.02797305891145,0.0,0.0,1.0
2020-07-21,40.16,41.8,39.71,40.02,95963199.0,3983057805.0,1208991732.0,0.07937457011492614,-0.02342606149341131,1.777087033747781,37.76649999999999,30.692666666666664,1.0,-0.02342606149341131,1.352193372048291,0.4375000000000002,1.0,-0.02342606149341131,1.6719948517281766,52.16,36.81,1.0,-0.02342606149341131,1.266891554669513,37.76649999999999,6.736652514807567,0.33451332023533664,0.0,-0.0,1.0456427587284727,37.76649999999999,6.736652514807567,51.23980502961513,24.29319497038486,0.0,-0.0,1.0
2020-07-22,40.16,41.87,39.54,40.46,93757881.0,3922221111.0,1208991732.0,0.07755047327321177,0.010994502748625568,1.796625222024868,38.2875,30.998666666666665,1.0,0.010994502748625568,1.3670600657939493,0.3468708388814914,1.0,0.010994502748625568,1.69037760372119,52.16,36.81,1.0,0.010994502748625568,1.2808203973495376,38.2875,6.506654791745702,0.3338889290324758,0.0,0.0,1.0456427587284727,38.2875,6.506654791745702,51.30080958349141,25.274190416508596,0.0,0.0,1.0
2020-07-23,39.71,41.49,38.94,41.47,99285471.0,4070965020.0,1208991732.0,0.0821225392796979,0.02496292634700925,1.841474245115454,38.865500000000004,31.322499999999998,1.0,0.02496292634700925,1.4011858855283013,0.38649281176863926,1.0,0.02496292634700925,1.732574375341516,52.16,37.59,1.0,0.02496292634700925,1.3127934225923212,38.865500000000004,6.230902169197106,0.41799725453490827,0.0,0.0,1.0456427587284727,38.865500000000004,6.230902169197106,51.327304338394214,26.403695661605795,0.0,0.0,1.0
2020-07-24,40.81,41.84,37.74,38.42,102211261.0,4162106222.0,1208991732.0,0.08454256410084367,-0.0735471425126597,1.7060390763765552,39.271499999999996,31.6065,1.0,-0.0735471425126597,1.298132667518624,0.2679867986798681,1.0,-0.0735471425126597,1.6051484808444911,52.16,37.59,1.0,-0.0735471425126597,1.2162412176512416,39.271499999999996,5.899119715775613,-0.1443435700623071,0.0,-0.0,1.0456427587284727,39.271499999999996,5.899119715775613,51.06973943155122,27.473260568448772,0.0,-0.0,1.0
2020-07-27,38.45,39.54,37.74,38.61,65856214.0,2611896467.0,1208991732.0,0.054472013543927195,0.004945340968245615,1.7144760213143881,39.701,31.895500000000002,1.0,0.004945340968245615,1.3045523761815219,0.28614257161892076,1.0,0.004945340968245615,1.6130864873869286,52.16,37.59,1.0,0.004945340968245615,1.2222559451721613,39.701,5.488507514510845,-0.19877899358168863,0.0,0.0,1.0456427587284727,39.701,5.488507514510845,50.678015029021694,28.72398497097831,0.0,0.0,1.0
2020-07-28,39.2,39.46,37.84,38.27,55579997.0,2195628122.0,1208991732.0,0.04597218949384842,-0.00880600880600868,1.699378330373003,40.088,32.16566666666667,1.0,-0.00880600880600868,1.2930644764689678,0.2535211267605635,1.0,-0.00880600880600868,1.5988816335741458,52.16,37.59,1.0,-0.00880600880600868,1.2114927485557787,40.088,5.064300855784008,-0.3589834118807604,0.0,-0.0,1.0456427587284727,40.088,5.064300855784008,50.21660171156802,29.959398288431984,0.0,-0.0,1.0
2020-07-29,37.98,41.23,37.79,41.0,97487776.0,3980663789.0,1208991732.0,0.08063560189839247,0.07133524954272263,1.8206039076376566,40.6295,32.47633333333333,1.0,0.07133524954272263,1.3853055535727117,0.3589658601259529,1.0,0.07133524954272263,1.7129382538944335,52.16,37.59,1.0,0.07133524954272263,1.2979148860932042,40.6295,4.495004800653124,0.08242482854438024,0.0,0.0,1.0456427587284727,40.6295,4.495004800653124,49.61950960130625,31.639490398693752,0.0,0.0,1.0
2020-07-30,41.49,41.49,39.95,40.89,85305530.0,3561580390.0,1208991732.0,0.07055923356802575,-0.002682926829268295,1.8157193605683848,41.015,32.748000000000005,1.0,-0.002682926829268295,1.381588880136297,0.23236889692585905,1.0,-0.002682926829268295,1.7083425658961802,52.16,37.59,1.0,-0.002682926829268295,1.294432675423198,41.015,4.139011450754102,-0.030200447978278918,0.0,-0.0,1.0456427587284727,41.015,4.139011450754102,49.2930229015082,32.7369770984918,0.0,-0.0,1.0
2020-07-31,40.62,44.03,40.62,43.47,125304275.0,5432354913.0,1208991732.0,0.10364361615005652,0.06309611151870875,1.9302841918294862,41.524,33.0295,1.0,0.06309611151870875,1.4687617661903847,0.30579753679783717,1.0,0.06309611151870875,1.8161323389461226,52.16,37.59,1.0,0.06309611151870875,1.3761063438651606,41.524,3.746343339985341,0.5194398439753288,0.0,0.0,1.0456427587284727,41.524,3.746343339985341,49.01668667997068,34.03131332002932,0.0,0.0,1.0
2020-08-03,44.52,46.86,44.52,46.52,128805062.0,6034660491.0,1208991732.0,0.10653924141145409,0.0701633310328964,2.0657193605683855,42.019,33.36516666666667,1.0,0.0701633310328964,1.5718149842000622,0.2703440742763519,1.0,0.0701633310328964,1.9435582334431478,52.16,37.59,1.0,0.0701633310328964,1.4726585488062407,42.019,3.7182125020668475,1.2105279075625797,0.0,0.0,1.0456427587284727,42.019,3.7182125020668475,49.455425004133694,34.5825749958663,0.0,0.0,1.0
2020-08-04,45.88,46.15,44.64,45.02,94774066.0,4402254210.0,1208991732.0,0.07839099597746463,-0.03224419604471196,1.9991119005328615,42.3985,33.68066666666667,1.0,-0.03224419604471196,1.5211330737034996,0.20277851990382056,1.0,-0.03224419604471196,1.8808897607396928,52.16,37.74,1.0,-0.03224419604471196,1.4251738578516113,42.3985,3.6109749011647807,0.7259812299316718,0.0,-0.0,1.0456427587284727,42.3985,3.6109749011647807,49.62044980232956,35.17655019767044,0.0,-0.0,1.0
2020-08-05,48.81,48.81,46.19,47.04,128095318.0,6240379663.0,1208991732.0,0.10595218694183758,0.04486894713460665,2.0888099467140333,42.719,34.03333333333333,1.0,0.04486894713460665,1.5893847131722036,0.157765198129461,1.0,0.04486894713460665,1.965283303980345,52.16,37.74,1.0,0.04486894713460665,1.4891199083371787,42.719,3.7283069390245815,1.1589711015398534,0.0,0.0,1.0456427587284727,42.719,3.7283069390245815,50.17561387804916,35.26238612195084,0.0,0.0,1.0
2020-08-06,46.45,49.4,45.62,47.69,114837241.0,5618851065.0,1208991732.0,0.09498596058223498,0.01381802721088432,2.1176731793960935,42.9885,34.37016666666667,1.0,0.01381802721088432,1.6113468743873807,0.1274231678486999,1.0,0.01381802721088432,1.992439642151842,52.16,37.74,1.0,0.01381802721088432,1.5096966077508513,42.9885,3.8878207601634354,1.209289288275305,0.0,0.0,1.0456427587284727,42.9885,3.8878207601634354,50.76414152032687,35.21285847967313,0.0,0.0,1.0
2020-08-07,46.81,47.29,43.53,44.88,126406408.0,5855602082.0,1208991732.0,0.10455522949763232,-0.058922205913189196,1.9928952042628787,42.906,34.67066666666667,1.0,-0.058922205913189196,1.5164027620571536,-0.03546099290780136,1.0,-0.058922205913189196,1.8750407032873702,52.16,37.74,1.0,-0.058922205913189196,1.4207419533625125,42.906,3.825725111868186,0.5159806160343956,0.0,-0.0,1.0456427587284727,42.906,3.825725111868186,50.55745022373637,35.25454977626363,0.0,-0.0,1.0
2020-08-10,43.64,45.46,43.36,44.21,76962919.0,3489125780.0,1208991732.0,0.06365876371435765,-0.014928698752228242,1.9631438721136778,42.6275,34.93683333333333,1.0,-0.014928698752228242,1.4937648420353555,-0.11189232623543588,0.0,-0.0006,1.8739156788653977,52.16,37.74,1.0,-0.014928698752228242,1.3995321247361112,42.6275,3.4867008610915753,0.45386744175827365,0.0,-0.0,1.0456427587284727,42.6275,3.4867008610915753,49.600901722183146,35.65409827781685,0.0,-0.0,1.0
2020-08-11,43.93,44.81,41.99,42.48,71995117.0,3220594972.0,1208991732.0,0.05954971824406157,-0.0391314182311695,1.88632326820604,42.255,35.13700000000001,1.0,-0.0391314182311695,1.4353117052626532,-0.14920889244942925,0.0,-0.0,1.8739156788653977,52.16,37.79,1.0,-0.0391314182311695,1.3447664478351051,42.255,3.034058425000361,0.07415809733458496,0.0,-0.0,1.0456427587284727,42.255,3.034058425000361,48.32311685000072,36.18688314999928,0.0,-0.0,1.0
2020-08-12,42.37,44.07,40.51,43.81,90042662.0,3869957208.0,1208991732.0,0.07447748368886281,0.03130885122410554,1.9453818827708715,42.1975,35.374166666666675,1.0,0.03130885122410554,1.4802496659029387,-0.02557829181494664,0.0,0.0,1.8739156788653977,49.8,37.79,1.0,0.03130885122410554,1.3868695404815432,42.1975,2.9906835603076796,0.5391743952456513,0.0,0.0,1.0456427587284727,42.1975,2.9906835603076796,48.17886712061536,36.21613287938464,0.0,0.0,1.0
2020-08-13,43.9,44.4,43.1,43.12,54525718.0,2439797980.0,1208991732.0,0.0451001578892518,-0.015749828806208788,1.9147424511545301,42.33,35.55766666666667,1.0,-0.015749828806208788,1.4569359870745198,0.06548060291573998,0.0,-0.0,1.8739156788653977,49.4,39.95,1.0,-0.015749828806208788,1.3650265826424135,42.33,2.968742423813028,0.26610594225460954,0.0,-0.0,1.0456427587284727,42.33,2.968742423813028,48.26748484762605,36.392515152373946,0.0,-0.0,1.0
2020-08-14,42.95,44.56,42.67,44.4,64867668.0,2933504496.0,1208991732.0,0.05365435203819905,0.029684601113172615,1.9715808170515108,42.638,35.778333333333336,1.0,0.029684601113172615,1.5001845506982534,0.16108786610878645,1.0,0.029084601113172615,1.928417768904918,49.4,40.51,1.0,0.029684601113172615,1.4055468522570307,42.638,2.8387795746912263,0.6206892622833011,0.0,0.0,1.0456427587284727,42.638,2.8387795746912263,48.31555914938245,36.960440850617545,0.0,0.0,1.0
2020-08-17,44.55,46.43,44.01,46.01,77286925.0,3573569781.0,1208991732.0,0.06392676058433128,0.03626126126126117,2.0430728241563063,42.8895,36.0635,1.0,0.03626126126126117,1.5545831346312304,0.12274280136652038,1.0,0.03626126126126117,1.9983446294440377,49.4,40.51,1.0,0.03626126126126117,1.4565137538816662,42.8895,2.906173963351652,1.0737485227488475,0.0,0.0,1.0456427587284727,42.8895,2.906173963351652,48.7018479267033,37.077152073296695,0.0,0.0,1.0
2020-08-18,45.98,46.59,45.35,45.8,64627019.0,3037432817.0,1208991732.0,0.05345530270342659,-0.004564225168441682,2.033747779751333,43.1785,36.34566666666667,1.0,-0.004564225168441682,1.5474876671617117,0.1444277861069463,1.0,-0.004564225168441682,1.989223734591109,49.4,40.51,1.0,-0.004564225168441682,1.449865897148018,43.1785,2.8931648578566587,0.9061011483258792,0.0,-0.0,1.0456427587284727,43.1785,2.8931648578566587,48.964829715713314,37.392170284286685,0.0,-0.0,1.0
2020-08-19,45.59,45.76,42.95,43.03,75078766.0,3396275858.0,1208991732.0,0.062100313850616144,-0.060480349344978035,1.9107460035523987,43.307,36.601166666666664,1.0,-0.060480349344978035,1.4538950724447264,0.06351952545724182,1.0,-0.060480349344978035,1.8689147881977168,49.4,40.51,1.0,-0.060480349344978035,1.362177501185136,43.307,2.8222725072648562,-0.0981478575463464,0.0,-0.0,1.0456427587284727,43.307,2.8222725072648562,48.951545014529714,37.66245498547029,0.0,-0.0,1.0
2020-08-20,41.98,44.15,41.49,43.61,54354114.0,2418809718.0,1208991732.0,0.04495821812617656,0.01347896816174754,1.9365008880994679,43.414,36.85966666666666,1.0,0.01347896816174754,1.4734920778367304,0.0516035688449481,1.0,0.01347896816174754,1.894105831124853,49.4,40.51,1.0,0.01347896816174754,1.3805382483542592,43.414,2.789335706617335,0.07026762663777383,0.0,0.0,1.0456427587284727,43.414,2.789335706617335,48.992671413234675,37.83532858676533,0.0,0.0,1.0
2020-08-21,43.05,43.86,39.81,42.17,116034943.0,4978016330.0,1208991732.0,0.09597662244393247,-0.03301994955285481,1.8725577264653648,43.6015,37.083,1.0,-0.03301994955285481,1.4248374437600304,0.09760541384695465,1.0,-0.03301994955285481,1.8315625521333423,49.4,40.51,1.0,-0.03301994955285481,1.334952945037815,43.6015,2.5519018191805003,-0.5609541829707624,0.0,-0.0,1.0456427587284727,43.6015,2.5519018191805003,48.705303638361,38.497696361639,0.0,-0.0,1.0
2020-08-24,41.56,42.45,40.52,41.38,57090811.0,2420263586.0,1208991732.0,0.04722183741120903,-0.01873369694095328,1.837477797513322,43.739999999999995,37.29933333333334,1.0,-0.01873369694095328,1.3981449708985074,0.07174307174307182,1.0,-0.01873369694095328,1.7972506143532774,49.4,39.81,1.0,-0.01873369694095328,1.3099443411350435,43.739999999999995,2.332473275076753,-1.0118015178211777,0.0,-0.0,1.0456427587284727,43.739999999999995,2.332473275076753,48.404946550153504,39.075053449846486,0.0,-0.0,1.0
2020-08-25,41.54,42.15,40.86,41.1,40229103.0,1706589131.0,1208991732.0,0.03327491986520881,-0.006766553890768523,1.8250444049733576,43.8815,37.51200000000001,1.0,-0.006766553890768523,1.3886843476058157,0.07394826234648555,1.0,-0.006766553890768523,1.785089421216039,49.4,39.81,1.0,-0.006766553890768523,1.301080532156846,43.8815,2.052167724242091,-1.3553960366603408,0.0,-0.0,1.0456427587284727,43.8815,2.052167724242091,47.98583544848418,39.777164551515824,0.0,-0.0,1.0
2020-08-26,41.2,41.58,39.71,39.71,49588630.0,2057241989.0,1208991732.0,0.04101651705919193,-0.03381995133819948,1.7633214920071054,43.817,37.6775,1.0,-0.03381995133819948,1.3417191105456678,-0.03146341463414637,1.0,-0.03381995133819948,1.724717783856178,49.4,39.81,1.0,-0.03381995133819948,1.2570780518722227,43.817,2.164688138472148,-1.8972709865259154,0.0,-0.0,1.0456427587284727,43.817,2.164688138472148,48.146376276944295,39.487623723055705,0.0,-0.0,1.0
2020-08-27,39.54,41.29,38.95,40.7,51593625.0,2133637297.0,1208991732.0,0.04267491963294915,0.024930747922437657,1.8072824156305511,43.807500000000005,37.848166666666664,1.0,0.024930747922437657,1.3751691714733991,-0.004646612863780875,0.0,-0.0006,1.7236829531858642,49.4,39.71,0.0,-0.0006,1.2563238050410992,43.807500000000005,2.1785820473055435,-1.4263864901683818,1.0,0.024330747922437657,1.0710840291080175,43.807500000000005,2.1785820473055435,48.16466409461109,39.45033590538892,0.0,0.0,1.0
2020-08-28,40.71,41.26,40.39,41.08,36755877.0,1537008199.0,1208991732.0,0.030402091285765716,0.00933660933660918,1.8241563055062169,43.688,38.0375,1.0,0.00933660933660918,1.3880085887991949,-0.05498044628479415,0.0,0.0,1.7236829531858642,49.4,38.95,0.0,0.0,1.2563238050410992,43.688,2.262019591334004,-1.1529519947534856,1.0,0.00933660933660918,1.0810843222544804,43.688,2.262019591334004,48.21203918266801,39.163960817332,0.0,0.0,1.0
2020-08-31,41.44,41.79,40.81,40.84,40009176.0,1690219919.0,1208991732.0,0.0330930104325974,-0.0058422590068158975,1.8134991119005333,43.404,38.236999999999995,1.0,-0.0058422590068158975,1.3798994831197449,-0.12209802235597589,0.0,-0.0,1.7236829531858642,49.4,38.95,0.0,-0.0,1.2563238050410992,43.404,2.244240347387509,-1.1424801282913923,1.0,-0.0058422590068158975,1.0747683476356618,43.404,2.244240347387509,47.892480694775024,38.91551930522498,0.0,-0.0,1.0
2020-09-01,40.42,40.81,39.83,40.41,31836056.0,1312905373.0,1208991732.0,0.02633273260465937,-0.010528893241919857,1.794404973357016,43.173500000000004,38.425,1.0,-0.010528893241919857,1.3653706687773968,-0.10239893380719689,0.0,-0.0,1.7236829531858642,49.4,38.95,0.0,-0.0,1.2563238050410992,43.173500000000004,2.3054358533006534,-1.1986887408051503,1.0,-0.010528893241919857,1.0634522264436113,43.173500000000004,2.3054358533006534,47.78437170660131,38.562628293398696,0.0,-0.0,1.0
2020-09-02,38.51,38.51,36.66,37.0,114348873.0,4390665185.0,1208991732.0,0.09458201406459246,-0.08438505320465228,1.6429840142095915,42.671499999999995,38.5805,1.0,-0.08438505320465228,1.2501537922485444,-0.21343537414965985,0.0,-0.0,1.7236829531858642,49.4,38.95,0.0,-0.0,1.2563238050410992,42.671499999999995,2.503764061105621,-2.265189475359573,1.0,-0.08438505320465228,0.9737127537345612,42.671499999999995,2.503764061105621,47.679028122211236,37.663971877788754,0.0,-0.0,1.0
2020-09-03,37.0,37.39,36.17,36.91,44710580.0,1692081028.0,1208991732.0,0.036981708655721396,-0.0024324324324325186,1.63898756660746,42.1325,38.72816666666667,1.0,-0.0024324324324325186,1.2471128776187506,-0.22604319563849862,0.0,-0.0,1.7236829531858642,49.4,36.66,0.0,-0.0,1.2563238050410992,42.1325,2.5267721764296147,-2.066866197402693,1.0,-0.0024324324324325186,0.9713442632525041,42.1325,2.5267721764296147,47.18604435285923,37.07895564714077,1.0,-0.0030324324324325184,0.9969675675675674
2020-09-04,36.34,38.14,36.22,37.3,53277075.0,2046668522.0,1208991732.0,0.04406736091723744,0.010566242210783061,1.6563055062166965,41.7535,38.88366666666666,1.0,0.010566242210783061,1.260290174347857,-0.1688948306595367,0.0,0.0,1.7236829531858642,47.29,36.17,0.0,0.0,1.2563238050410992,41.7535,2.6580409782592085,-1.6754820698500557,1.0,0.010566242210783061,0.9816077220080847,41.7535,2.6580409782592085,47.06958195651842,36.437418043481586,1.0,0.010566242210783061,1.0075017683627816
2020-09-07,36.22,37.3,35.41,35.44,59092226.0,2189505405.0,1208991732.0,0.04887727883981923,-0.04986595174262731,1.5737122557726468,41.315,39.013,1.0,-0.04986595174262731,1.1974446053321193,-0.19837140918344276,0.0,-0.0,1.7236829531858642,46.59,36.17,0.0,-0.0,1.2563238050410992,41.315,2.9399131745145333,-1.9983583362015909,1.0,-0.04986595174262731,0.9326589187122392,41.315,2.9399131745145333,47.194826349029064,35.43517365097093,1.0,-0.04986595174262731,0.9572617338009914
2020-09-08,35.43,35.78,34.24,34.53,44531102.0,1589136198.0,1208991732.0,0.03683325602759374,-0.02567720090293446,1.5333037300177623,40.917500000000004,39.13700000000001,1.0,-0.02567720090293446,1.1666975796308714,-0.1871468926553671,0.0,-0.0,1.7236829531858642,46.59,35.41,0.0,-0.0,1.2563238050410992,40.917500000000004,3.2906372363195167,-1.941113389680182,1.0,-0.02567720090293446,0.9087108482825513,40.917500000000004,3.2906372363195167,47.498774472639035,34.33622552736097,1.0,-0.02567720090293446,0.932681931945492
2020-09-09,33.88,34.22,32.8,33.18,50403261.0,1728254837.0,1208991732.0,0.04169032729166753,-0.03909643788010431,1.4733570159857907,40.386,39.25833333333333,1.0,-0.03909643788010431,1.121083860183965,-0.24263866697101122,0.0,-0.0,1.7236829531858642,46.59,34.24,0.0,-0.0,1.2563238050410992,40.386,3.6388986187986414,-1.9802695141803695,1.0,-0.03909643788010431,0.8731834910516957,40.386,3.6388986187986414,47.66379723759729,33.10820276240272,1.0,-0.03909643788010431,0.8962173907312894
2020-09-10,33.9,34.49,33.39,33.49,44665581.0,1552644468.0,1208991732.0,0.03694448838464017,0.009342977697408106,1.4871225577264657,39.9045,39.37516666666667,1.0,0.009342977697408106,1.131558121686588,-0.22333024118738398,0.0,0.0,1.7236829531858642,46.59,32.8,0.0,0.0,1.2563238050410992,39.9045,3.886774437282889,-1.6503401737107632,1.0,0.009342977697408106,0.8813416249343367,39.9045,3.886774437282889,47.678048874565775,32.13095112543422,1.0,0.009342977697408106,0.9045907298249211
2020-09-11,33.53,35.37,33.52,35.29,59763510.0,2132250845.0,1208991732.0,0.04943252167749316,0.0537473872797849,1.5670515097690945,39.449,39.525,1.0,0.0537473872797849,1.1923764142824629,-0.20518018018018014,0.0,0.0,1.7236829531858642,46.59,32.8,0.0,0.0,1.2563238050410992,39.449,3.8659633510392832,-1.0757991275012835,1.0,0.0537473872797849,0.9287114345754773,39.449,3.8659633510392832,47.180926702078565,31.71707329792143,1.0,0.0537473872797849,0.9532101181105244
2020-09-14,35.39,35.61,34.75,35.14,44119052.0,1586920457.0,1208991732.0,0.03649243483825578,-0.004250495891187311,1.560390763765542,38.9055,39.65083333333334,0.0,-0.0006,1.1916609884338933,-0.23625298848076504,0.0,-0.0,1.7236829531858642,46.59,32.8,0.0,-0.0,1.2563238050410992,38.9055,3.6532659865414954,-1.0307215554169813,1.0,-0.004250495891187311,0.9247639504387156,38.9055,3.6532659865414954,46.21203197308299,31.598968026917014,1.0,-0.004250495891187311,0.9491585024200574
2020-09-15,34.9,35.93,34.33,35.38,45538556.0,1640019226.0,1208991732.0,0.03766655701165705,0.006829823562891413,1.5710479573712262,38.384499999999996,39.776500000000006,0.0,0.0,1.1916609884338933,-0.22751091703056758,0.0,0.0,1.7236829531858642,46.59,32.8,0.0,0.0,1.2563238050410992,38.384499999999996,3.3485809641823185,-0.8972457384597401,1.0,0.006829823562891413,0.9310799250575345,38.384499999999996,3.3485809641823185,45.08166192836463,31.68733807163536,1.0,0.006829823562891413,0.9556410875248046
2020-09-16,35.16,35.72,34.97,35.04,30535089.0,1103104658.0,1208991732.0,0.02525665659390961,-0.009609949123798867,1.5559502664298406,37.985,39.859833333333334,0.0,-0.0,1.1916609884338933,-0.18568440622821292,0.0,-0.0,1.7236829531858642,45.76,32.8,0.0,-0.0,1.2563238050410992,37.985,3.2400446715568902,-0.9089380852841401,1.0,-0.009609949123798867,0.9221322943475411,37.985,3.2400446715568902,44.46508934311378,31.504910656886217,1.0,-0.009609949123798867,0.9464574252930794
2020-09-17,34.67,36.02,34.02,35.29,41972402.0,1506473995.0,1208991732.0,0.03471686438298984,0.007134703196347125,1.5670515097690947,37.569,39.94950000000001,0.0,0.0,1.1916609884338933,-0.19078193074982808,0.0,0.0,1.7236829531858642,44.15,32.8,0.0,0.0,1.2563238050410992,37.569,3.0054440078315423,-0.758290619975424,1.0,0.007134703196347125,0.9287114345754773,37.569,3.0054440078315423,43.57988801566309,31.558111984336918,1.0,0.007134703196347125,0.9532101181105244
2020-09-18,35.24,36.12,35.02,36.11,41479245.0,1512249143.0,1208991732.0,0.034308956713361545,0.023236044205157347,1.603463587921848,37.266000000000005,40.04633333333334,0.0,0.0,1.1916609884338933,-0.14370405501541383,0.0,0.0,1.7236829531858642,43.86,32.8,0.0,0.0,1.2563238050410992,37.266000000000005,2.816721498480105,-0.41040621184017667,1.0,0.023236044205157347,0.9502910145231083,37.266000000000005,2.816721498480105,42.89944299696022,31.632557003039796,1.0,0.023236044205157347,0.9753589505517437
2020-09-21,36.42,37.42,35.94,36.64,48015330.0,1815071828.0,1208991732.0,0.03971518475198307,0.014677374688452094,1.6269982238010667,37.029,40.156666666666666,0.0,0.0,1.1916609884338933,-0.11454809086515227,0.0,0.0,1.7236829531858642,42.45,32.8,0.0,0.0,1.2563238050410992,37.029,2.6466262536134195,-0.1469795742670141,1.0,0.014677374688452094,0.9642387918063332,37.029,2.6466262536134195,42.32225250722684,31.735747492773164,1.0,0.014677374688452094,0.9896746593247271
2020-09-22,36.07,36.39,35.64,35.68,27860644.0,1027435182.0,1208991732.0,0.02304452814901467,-0.026200873362445476,1.5843694493783314,36.758,40.24249999999999,0.0,-0.0,1.1916609884338933,-0.13187347931873483,0.0,-0.0,1.7236829531858642,42.15,32.8,0.0,-0.0,1.2563238050410992,36.758,2.4800882836578353,-0.4346619461505947,1.0,-0.026200873362445476,0.938974893331058,36.758,2.4800882836578353,41.71817656731567,31.797823432684332,1.0,-0.026200873362445476,0.9637443189057385
2020-09-23,35.9,36.22,35.37,35.83,23701333.0,870008103.0,1208991732.0,0.019604214299126406,0.004204035874439516,1.591030195381884,36.564,40.33683333333333,0.0,0.0,1.1916609884338933,-0.09770838579702856,0.0,0.0,1.7236829531858642,41.79,32.8,0.0,0.0,1.2563238050410992,36.564,2.3870272196538638,-0.30749544620041536,1.0,0.004204035874439516,0.9429223774678198,36.564,2.3870272196538638,41.338054439307726,31.789945560692274,1.0,0.004204035874439516,0.9677959345962055
2020-09-24,35.39,35.88,35.05,35.45,24144145.0,876018888.0,1208991732.0,0.01997047983120533,-0.010605637733742568,1.574156305506218,36.3015,40.37466666666667,0.0,-0.0,1.1916609884338933,-0.12899262899262898,0.0,-0.0,1.7236829531858642,41.79,33.39,0.0,-0.0,1.2563238050410992,36.3015,2.1886844763104043,-0.3890464839570748,1.0,-0.010605637733742568,0.9329220843213568,36.3015,2.1886844763104043,40.6788689526208,31.924131047379188,1.0,-0.010605637733742568,0.9575318415136893
2020-09-25,35.64,35.93,35.14,35.75,21380165.0,778637062.0,1208991732.0,0.017684293807891813,0.008462623413258097,1.5874777975133227,36.035000000000004,40.41566666666667,0.0,0.0,1.1916609884338933,-0.1297468354430379,0.0,0.0,1.7236829531858642,41.79,33.52,0.0,0.0,1.2563238050410992,36.035000000000004,1.8787747967338075,-0.1516946046409966,1.0,0.008462623413258097,0.9408170525948802,36.035000000000004,1.8787747967338075,39.79254959346762,32.27745040653239,1.0,0.008462623413258097,0.9656350728946232
2020-09-28,35.14,35.35,34.0,34.12,30432283.0,1076335329.0,1208991732.0,0.02517162210005916,-0.04559440559440564,1.5150976909413865,35.699,40.374,0.0,-0.0,1.1916609884338933,-0.1645445641527915,0.0,-0.0,1.7236829531858642,41.79,34.02,0.0,-0.0,1.2563238050410992,35.699,1.5455773916838578,-1.0216246746982562,1.0,-0.04559440559440564,0.897921058308736,35.699,1.5455773916838578,38.79015478336771,32.607845216632285,1.0,-0.04559440559440564,0.9216075157248823
2020-09-29,34.51,35.33,34.2,35.05,29900091.0,1070217471.0,1208991732.0,0.02473142719556663,0.027256740914419764,1.5563943161634115,35.431,40.33433333333333,0.0,0.0,1.1916609884338933,-0.13264043553575844,0.0,0.0,1.7236829531858642,40.81,34.0,0.0,0.0,1.2563238050410992,35.431,1.0804136634690462,-0.3526427079574932,1.0,0.027256740914419764,0.9223954599566588,35.431,1.0804136634690462,37.59182732693809,33.27017267306191,1.0,0.027256740914419764,0.9467275330057775
2020-09-30,35.35,35.4,34.85,34.94,16692212.0,600355753.0,1208991732.0,0.013806721384592562,-0.0031383737517831634,1.5515097690941397,35.328,40.23950000000001,0.0,-0.0,1.1916609884338933,-0.05567567567567577,0.0,-0.0,1.7236829531858642,38.51,34.0,0.0,-0.0,1.2563238050410992,35.328,1.0194353442238087,-0.3806028525481681,1.0,-0.0031383737517831634,0.9195006382563669,35.328,1.0194353442238087,37.36687068844762,33.28912931155239,1.0,-0.0031383737517831634,0.9437563481661018
2020-10-09,35.81,36.27,35.44,35.91,26543772.0,973927226.0,1208991732.0,0.021955296547884084,0.027761877504293153,1.5945825932504454,35.278000000000006,40.133,0.0,0.0,1.1916609884338933,-0.027092928745597433,0.0,0.0,1.7236829531858642,38.14,34.0,0.0,0.0,1.2563238050410992,35.278000000000006,0.9605842520379166,0.6579329180747845,1.0,0.027761877504293153,0.9450277023407595,35.278000000000006,0.9605842520379166,37.19916850407584,33.35683149592417,1.0,0.027761877504293153,0.9699567962977881
2020-10-12,36.51,38.31,36.31,38.22,56544051.0,2176361748.0,1208991732.0,0.046769592796520466,0.06432748538011701,1.6971580817051524,35.324,39.9945,0.0,0.0,1.1916609884338933,0.02466487935656847,0.0,0.0,1.7236829531858642,38.14,34.0,0.0,0.0,1.2563238050410992,35.324,1.0774306669597566,2.6878759708704023,0.0,-0.0006,0.944460685719355,35.324,1.0774306669597566,37.47886133391951,33.169138666080485,0.0,-0.0006,0.9693748222200094
2020-10-13,38.38,38.83,37.59,38.42,42900734.0,1677538928.0,1208991732.0,0.03548472075076192,0.005232862375719627,1.7060390763765558,35.473,39.805166666666665,0.0,0.0,1.1916609884338933,0.08408577878103851,1.0,0.004632862375719627,1.7316685390873483,38.31,34.0,1.0,0.004632862375719627,1.262144180329195,35.473,1.2811183436850753,2.3003339344303657,0.0,0.0,0.944460685719355,35.473,1.2811183436850753,38.03523668737015,32.91076331262985,0.0,0.0,0.9693748222200094
2020-10-14,38.14,38.17,37.19,37.39,30525489.0,1175762344.0,1208991732.0,0.025248716092956706,-0.02680895366996361,1.6603019538188293,35.616,39.59616666666667,0.0,-0.0,1.1916609884338933,0.08282652765710985,1.0,-0.02680895366996361,1.685244317451222,38.83,34.0,1.0,-0.02680895366996361,1.2283074154739355,35.616,1.3290416016616768,1.3347964411211812,0.0,-0.0,0.944460685719355,35.616,1.3290416016616768,38.27408320332335,32.95791679667665,0.0,-0.0,0.9693748222200094
2020-10-15,37.39,38.37,36.8,36.92,32193574.0,1240894351.0,1208991732.0,0.026628448440042765,-0.012570205937416423,1.6394316163410318,35.803,39.46216666666667,0.0,-0.0,1.1916609884338933,0.1127185051235684,1.0,-0.012570205937416423,1.6640604493259994,38.83,34.0,1.0,-0.012570205937416423,1.2128673383069724,35.803,1.2274839477994486,0.909991533496212,0.0,-0.0,0.944460685719355,35.803,1.2274839477994486,38.257967895598895,33.3480321044011,0.0,-0.0,0.9693748222200094
2020-10-16,37.66,37.88,36.82,37.27,25969665.0,990709166.0,1208991732.0,0.02148043225824145,0.009479956663055233,1.6549733570159875,35.992000000000004,39.40883333333333,0.0,0.0,1.1916609884338933,0.11286951328754857,1.0,0.009479956663055233,1.679835670270314,38.83,34.0,1.0,0.009479956663055233,1.2243652681121575,35.992000000000004,1.140528963152414,1.1205327013069581,0.0,0.0,0.944460685719355,35.992000000000004,1.140528963152414,38.27305792630483,33.71094207369518,0.0,0.0,0.9693748222200094
2020-10-19,37.59,37.74,36.85,36.95,25255433.0,965610591.0,1208991732.0,0.02088966560442946,-0.008585994097129013,1.6407637655417424,36.075,39.38733333333334,0.0,-0.0,1.1916609884338933,0.04703882119580638,1.0,-0.008585994097129013,1.6654126111212264,38.83,34.0,1.0,-0.008585994097129013,1.2138528751474167,36.075,1.1471360218525184,0.7627691776141386,0.0,-0.0,0.944460685719355,36.075,1.1471360218525184,38.36927204370504,33.78072795629497,0.0,-0.0,0.9693748222200094
2020-10-20,36.96,36.96,35.99,36.87,26820514.0,999496721.0,1208991732.0,0.022184199684832914,-0.0021650879566983416,1.637211367673181,36.161500000000004,39.31883333333334,0.0,-0.0,1.1916609884338933,0.04923164484917475,1.0,-0.0021650879566983416,1.6618068463339544,38.83,34.0,1.0,-0.0021650879566983416,1.2112247769062314,36.161500000000004,1.1381114319692012,0.622522522925652,0.0,-0.0,0.944460685719355,36.161500000000004,1.1381114319692012,38.437722863938404,33.8852771360616,0.0,-0.0,0.9693748222200094
2020-10-21,36.98,36.99,35.36,35.7,27223291.0,1002650461.0,1208991732.0,0.02251735084653168,-0.03173311635475984,1.5852575488454725,36.1775,39.246833333333335,0.0,-0.0,1.1916609884338933,0.009044657998869443,1.0,-0.03173311635475984,1.6090725363201024,38.83,34.2,1.0,-0.03173311635475984,1.172788840128898,36.1775,1.128757467772714,-0.42303153124843673,0.0,-0.0,0.944460685719355,36.1775,1.128757467772714,38.43501493554543,33.91998506445457,0.0,-0.0,0.9693748222200094
2020-10-22,35.14,35.52,34.41,35.17,19623679.0,705498415.0,1208991732.0,0.01623144185406224,-0.014845938375350198,1.561722912966254,36.184,39.15866666666667,0.0,-0.0,1.1916609884338933,0.003710045662100425,1.0,-0.014845938375350198,1.5851843446044258,38.83,34.85,1.0,-0.014845938375350198,1.155377689281046,36.184,1.1222177291323572,-0.9035679740899923,0.0,-0.0,0.944460685719355,36.184,1.1222177291323572,38.428435458264715,33.93956454173528,0.0,-0.0,0.9693748222200094
2020-10-23,35.14,35.66,34.28,34.47,18655936.0,667725867.0,1208991732.0,0.015430987248471936,-0.019903326698891166,1.5306394316163427,36.143,39.042,0.0,-0.0,1.1916609884338933,-0.023236044205157236,1.0,-0.019903326698891166,1.5536339027157962,38.83,34.41,1.0,-0.019903326698891166,1.1323818296706754,36.143,1.1705378880533774,-1.429257452556471,0.0,-0.0,0.944460685719355,36.143,1.1705378880533774,38.48407577610676,33.801924223893245,0.0,-0.0,0.9693748222200094
2020-10-26,33.95,34.71,33.7,34.14,16014643.0,560919174.0,1208991732.0,0.013246280000201028,-0.009573542210617902,1.5159857904085274,36.0445,38.97066666666667,0.0,-0.0,1.1916609884338933,-0.05455552478537795,0.0,-0.0006,1.5527017223741666,38.83,34.28,1.0,-0.009573542210617902,1.1215409244257863,36.0445,1.253414179456737,-1.5194498604008608,0.0,-0.0,0.944460685719355,36.0445,1.253414179456737,38.55132835891347,33.537671641086526,0.0,-0.0,0.9693748222200094
2020-10-27,33.76,34.94,33.76,34.91,18039633.0,636177340.0,1208991732.0,0.01492122114859922,0.022554188635032002,1.5501776198934294,35.958,38.909,0.0,0.0,1.1916609884338933,-0.047216157205240306,0.0,0.0,1.5527017223741666,38.83,33.7,0.0,-0.0006,1.1208679998711308,35.958,1.2697434469422104,-0.8253635823234922,1.0,0.021954188635032002,0.9651955537720095,35.958,1.2697434469422104,38.49748689388442,33.418513106115576,0.0,0.0,0.9693748222200094
2020-10-28,34.9,35.31,34.05,34.8,19841093.0,706810487.0,1208991732.0,0.01641127269512212,-0.0031509596104267734,1.5452930728241576,35.914,38.85116666666667,0.0,-0.0,1.1916609884338933,-0.024663677130044914,0.0,-0.0,1.5527017223741666,38.83,33.7,0.0,-0.0,1.1208679998711308,35.914,1.2948822340275035,-0.8603098959316966,1.0,-0.0031509596104267734,0.9621542615659104,35.914,1.2948822340275035,38.50376446805501,33.32423553194499,0.0,-0.0,0.9693748222200094
2020-10-29,34.23,35.47,34.05,35.31,23332155.0,838976967.0,1208991732.0,0.019298854063627295,0.014655172413793327,1.567939609236236,35.888,38.75633333333334,0.0,0.0,1.1916609884338933,-0.014512977951437245,0.0,0.0,1.5527017223741666,38.83,33.7,0.0,0.0,1.1208679998711308,35.888,1.3018593989893463,-0.4439803564414915,1.0,0.014655172413793327,0.9762547981578249,35.888,1.3018593989893463,38.49171879797869,33.284281202021305,0.0,0.0,0.9693748222200094
2020-10-30,35.46,37.21,35.42,36.14,53596010.0,1996404851.0,1208991732.0,0.044331163383009804,0.023506088926649626,1.6047957371225594,35.9225,38.67716666666667,0.0,0.0,1.1916609884338933,0.019464033850493667,0.0,0.0,1.5527017223741666,38.83,33.7,0.0,0.0,1.1208679998711308,35.9225,1.2987802982637024,0.16746481317184275,1.0,0.023506088926649626,0.9992027302583911,35.9225,1.2987802982637024,38.5200605965274,33.3249394034726,0.0,0.0,0.9693748222200094
2020-11-02,37.43,37.76,36.31,37.6,63551696.0,2423566789.0,1208991732.0,0.0525658648590328,0.04039845047039292,1.6696269982238028,36.015,38.57933333333333,0.0,0.0,1.1916609884338933,0.051748251748251706,1.0,0.03979845047039292,1.6144968449673687,38.83,33.7,0.0,0.0,1.1208679998711308,36.015,1.3506898822064182,1.173474400660221,0.0,-0.0006,0.998603208620236,36.015,1.3506898822064182,38.716379764412835,33.313620235587166,0.0,0.0,0.9693748222200094
2020-11-03,37.67,38.41,37.04,37.32,59092828.0,2289061270.0,1208991732.0,0.04887777677539982,-0.007446808510638281,1.6571936056838383,36.175,38.426,0.0,-0.0,1.1916609884338933,0.09378663540445498,1.0,-0.007446808510638281,1.602473996121867,38.83,33.7,0.0,-0.0,1.1208679998711308,36.175,1.3030914658691808,0.8786796859545631,0.0,-0.0,0.998603208620236,36.175,1.3030914658691808,38.78118293173836,33.56881706826164,0.0,-0.0,0.9693748222200094
2020-11-04,37.37,38.18,37.0,37.46,38287150.0,1476752814.0,1208991732.0,0.03166866156864669,0.0037513397642015,1.6634103019538207,36.2955,38.3,0.0,0.0,1.1916609884338933,0.06875891583452232,1.0,0.0037513397642015,1.608485420544618,38.83,33.7,0.0,0.0,1.1208679998711308,36.2955,1.3050125024607904,0.8923286158593655,0.0,0.0,0.998603208620236,36.2955,1.3050125024607904,38.90552500492158,33.685474995078415,0.0,0.0,0.9693748222200094
2020-11-05,38.43,38.66,37.29,37.84,41336834.0,1602663081.0,1208991732.0,0.034191163517402784,0.010144153764015007,1.6802841918294869,36.4405,38.14666666666667,0.0,0.0,1.1916609884338933,0.08299942759015466,1.0,0.010144153764015007,1.6248021439777989,38.83,33.7,0.0,0.0,1.1208679998711308,36.4405,1.3075830455663786,1.0702953091547702,0.0,0.0,0.998603208620236,36.4405,1.3075830455663786,39.05566609113276,33.82533390886724,0.0,0.0,0.9693748222200094
2020-11-06,38.08,40.17,37.19,40.17,82894128.0,3283387065.0,1208991732.0,0.06856467733064696,0.06157505285412257,1.7837477797513341,36.653499999999994,38.02133333333333,0.0,0.0,1.1916609884338933,0.11862990810359242,1.0,0.06157505285412257,1.7248494218707235,38.83,33.7,0.0,0.0,1.1208679998711308,36.653499999999994,1.5424869700038228,2.2797599385823615,0.0,0.0,0.998603208620236,36.653499999999994,1.5424869700038228,39.73847394000764,33.56852605999235,0.0,0.0,0.9693748222200094
2020-11-09,41.49,44.19,41.2,44.19,106249162.0,4705204075.0,1208991732.0,0.08788245542774316,0.10007468259895425,1.9622557726465382,36.952,38.009833333333326,0.0,0.0,1.1916609884338933,0.1562009419152277,1.0,0.10007468259895425,1.8974631802954258,40.17,33.7,1.0,0.09947468259895424,1.2323659883936364,36.952,2.2684207351324654,3.1907661078478604,0.0,0.0,0.998603208620236,36.952,2.2684207351324654,41.48884147026493,32.415158529735066,0.0,0.0,0.9693748222200094
2020-11-10,44.13,45.1,42.27,43.67,115786986.0,5227768577.0,1208991732.0,0.09577152840280963,-0.011767368182846738,1.9391651865008899,37.2145,38.000833333333325,0.0,-0.0,1.1916609884338933,0.13664757938573668,1.0,-0.011767368182846738,1.8751350324394942,44.19,33.76,1.0,-0.011767368182846738,1.2178642840721907,37.2145,2.708342812399056,2.383560888394961,0.0,-0.0,0.998603208620236,37.2145,2.708342812399056,42.631185624798114,31.797814375201888,0.0,-0.0,0.9693748222200094
2020-11-11,42.95,43.83,40.48,40.73,93169680.0,3984076245.0,1208991732.0,0.07706395133560764,-0.06732310510648054,1.8086145648312626,37.3815,37.971666666666664,0.0,-0.0,1.1916609884338933,0.08932869751270389,1.0,-0.06732310510648054,1.7488951195617264,45.1,34.05,1.0,-0.06732310510648054,1.1358738788701699,37.3815,2.8203905571279964,1.1872469192386503,0.0,-0.0,0.998603208620236,37.3815,2.8203905571279964,43.022281114255996,31.74071888574401,0.0,-0.0,0.9693748222200094
2020-11-12,41.48,41.59,39.98,40.67,51402403.0,2147682279.0,1208991732.0,0.04251675312532245,-0.001473115639577638,1.8059502664298417,37.569,37.919333333333334,0.0,-0.0,1.1916609884338933,0.10157096424702061,1.0,-0.001473115639577638,1.746318794809119,45.1,34.05,1.0,-0.001473115639577638,1.1342006052946185,37.569,2.911280962412452,1.0651668595498027,0.0,-0.0,0.998603208620236,37.569,2.911280962412452,43.391561924824906,31.7464380751751,0.0,-0.0,0.9693748222200094
2020-11-13,40.28,42.62,40.04,42.07,65636582.0,2793181884.0,1208991732.0,0.05429034811629299,0.03442340791738374,1.868117229129664,37.809,37.901833333333336,0.0,0.0,1.1916609884338933,0.12878991145693575,1.0,0.03442340791738374,1.8064330390366272,45.1,35.42,1.0,0.03442340791738374,1.1732436553908188,37.809,3.0783897020836437,1.3841652332438272,0.0,0.0,0.998603208620236,37.809,3.0783897020836437,43.965779404167286,31.65222059583271,0.0,0.0,0.9693748222200094
2020-11-16,41.97,42.12,40.67,41.46,42905718.0,1818360706.0,1208991732.0,0.03548884319417331,-0.014499643451390543,1.8410301953818842,38.0345,37.852833333333336,0.0,-0.0,1.1916609884338933,0.12205683355886321,1.0,-0.014499643451390543,1.7802404040517843,45.1,36.31,1.0,-0.014499643451390543,1.1562320407060458,38.0345,3.175797413331994,1.078626736585827,0.0,-0.0,0.998603208620236,38.0345,3.175797413331994,44.38609482666399,31.682905173336014,0.0,-0.0,0.9693748222200094
2020-11-17,41.1,43.04,39.44,43.04,83591388.0,3524638552.0,1208991732.0,0.06914140584048262,0.03810902074288469,1.9111900532859694,38.343,37.803333333333335,1.0,0.03750902074288469,1.2363590251675467,0.1673447247084352,1.0,0.03810902074288469,1.8480836225371151,45.1,37.0,1.0,0.03810902074288469,1.2002949115289003,38.343,3.351540258636766,1.4014451975911795,0.0,0.0,0.998603208620236,38.343,3.351540258636766,45.04608051727354,31.63991948272647,0.0,0.0,0.9693748222200094
2020-11-18,42.47,44.13,42.22,42.47,72917682.0,3215584904.0,1208991732.0,0.0603128045213133,-0.013243494423791802,1.8858792184724702,38.6815,37.74783333333333,1.0,-0.013243494423791802,1.2199853113119357,0.18963585434173647,1.0,-0.013243494423791802,1.8236085373873439,45.1,37.0,1.0,-0.013243494423791802,1.1843988125611618,38.6815,3.411888310320999,1.1103821858821539,0.0,-0.0,0.998603208620236,38.6815,3.411888310320999,45.505276620642,31.857723379358003,0.0,-0.0,0.9693748222200094
2020-11-19,41.77,43.13,41.11,41.76,51595313.0,2231513129.0,1208991732.0,0.04267631583770004,-0.016717683070402667,1.8543516873889887,39.011,37.726666666666674,1.0,-0.016717683070402667,1.1995899835268762,0.18737560420813182,1.0,-0.016717683070402667,1.7931220278148217,45.1,37.19,1.0,-0.016717683070402667,1.164598408583803,39.011,3.3729089428625105,0.81502348464438,0.0,-0.0,0.998603208620236,39.011,3.3729089428625105,45.75681788572503,32.26518211427498,0.0,-0.0,0.9693748222200094
2020-11-20,41.59,42.07,40.61,40.97,44909211.0,1894510001.0,1208991732.0,0.037146003410385604,-0.018917624521072818,1.819271758436946,39.336,37.68266666666667,1.0,-0.018917624521072818,1.1768965906392748,0.18856977081520165,1.0,-0.018917624521072818,1.7592004185721561,45.1,37.19,1.0,-0.018917624521072818,1.1425669731723758,39.336,3.222113396024707,0.5071205755874244,0.0,-0.0,0.998603208620236,39.336,3.222113396024707,45.78022679204941,32.891773207950585,0.0,-0.0,0.9693748222200094
2020-11-23,41.0,42.61,40.42,41.83,50867632.0,2162737652.0,1208991732.0,0.04207442503833434,0.020990969001708493,1.8574600355239796,39.7205,37.677,1.0,0.020990969001708493,1.2016007904916002,0.22524897480960737,1.0,0.020990969001708493,1.7961277400261968,45.1,39.44,1.0,0.020990969001708493,1.166550561088613,39.7205,3.022051368472075,0.6980357852310576,0.0,0.0,0.998603208620236,39.7205,3.022051368472075,45.76460273694415,33.676397263055854,0.0,0.0,0.9693748222200094
2020-11-24,42.27,43.78,42.23,42.65,80300532.0,3539808848.0,1208991732.0,0.06641942196507925,0.019603155629930757,1.893872113676733,40.1075,37.698166666666665,1.0,0.019603155629930757,1.2251559577926547,0.22171297622457753,1.0,0.019603155629930757,1.8313375116451662,45.1,39.44,1.0,0.019603155629930757,1.1894186332878163,40.1075,2.8651148135347966,0.8873989928742932,0.0,0.0,0.998603208620236,40.1075,2.8651148135347966,45.83772962706959,34.37727037293041,0.0,0.0,0.9693748222200094
2020-11-25,42.71,44.71,42.17,43.81,96354290.0,4320899366.0,1208991732.0,0.07969805537098577,0.027198124267292068,1.9453818827708718,40.558,37.74333333333333,1.0,0.027198124267292068,1.2584779017795127,0.25890804597701167,1.0,0.027198124267292068,1.881146456862245,45.1,39.44,1.0,0.027198124267292068,1.221768589081811,40.558,2.689636250107881,1.2090854292544446,0.0,0.0,0.998603208620236,40.558,2.689636250107881,45.93727250021576,35.17872749978424,0.0,0.0,0.9693748222200094
2020-11-26,43.76,44.7,42.71,42.71,78470595.0,3526217213.0,1208991732.0,0.06490581608046928,-0.025108422734535507,1.896536412078154,40.928000000000004,37.79333333333333,1.0,-0.025108422734535507,1.2268795066195615,0.20957235910506933,1.0,-0.025108422734535507,1.833913836397774,45.1,39.44,1.0,-0.025108422734535507,1.1910919068633679,40.928000000000004,2.425742642660319,0.7346203874478918,0.0,-0.0,0.998603208620236,40.928000000000004,2.425742642660319,45.77948528532064,36.07651471467937,0.0,-0.0,0.9693748222200094
2020-11-27,42.17,42.48,41.16,41.9,68064746.0,2909753866.0,1208991732.0,0.05629876879918977,-0.018965113556544178,1.860568383658971,41.216,37.81333333333334,1.0,-0.018965113556544178,1.2036115974563246,0.1593801881571666,1.0,-0.018965113556544178,1.7991334522375726,45.1,39.44,1.0,-0.018965113556544178,1.1685027135934234,41.216,2.1540815602991077,0.3175367231243648,0.0,-0.0,0.998603208620236,41.216,2.1540815602991077,45.52416312059822,36.907836879401785,0.0,-0.0,0.9693748222200094
2020-11-30,42.57,43.44,41.85,43.01,72498351.0,3167224586.0,1208991732.0,0.059965960958283875,0.026491646778042943,1.9098579040852588,41.4865,37.8455,1.0,0.026491646778042943,1.2354972507540936,0.14388297872340416,1.0,0.026491646778042943,1.8467954601608114,45.1,39.44,1.0,0.026491646778042943,1.199458274741125,41.4865,2.0110334473387934,0.7575706918331222,0.0,0.0,0.998603208620236,41.4865,2.0110334473387934,45.508566894677585,37.464433105322414,0.0,0.0,0.9693748222200094
2020-12-01,42.52,43.92,42.52,43.92,61017526.0,2705582768.0,1208991732.0,0.0504697628486346,0.02115787026272975,1.9502664298401438,41.8165,37.89683333333333,1.0,0.02115787026272975,1.261637741295508,0.17684887459807075,1.0,0.02115787026272975,1.8858697189086921,45.1,39.44,1.0,0.02115787026272975,1.2248362573036555,41.8165,1.8241804937241666,1.15312054220336,0.0,0.0,0.998603208620236,41.8165,1.8241804937241666,45.46486098744833,38.16813901255166,0.0,0.0,0.9693748222200094
2020-12-02,44.36,45.35,43.72,45.01,92759121.0,4244800737.0,1208991732.0,0.07672436340532393,0.02481785063752273,1.9986678507992912,42.194,37.97350000000001,1.0,0.02481785063752273,1.2929488783176415,0.20154831820608643,1.0,0.02481785063752273,1.932672951914395,45.1,40.42,1.0,0.02481785063752273,1.25523406059284,42.194,1.6478739093304844,1.7088686118855474,0.0,0.0,0.998603208620236,42.194,1.6478739093304844,45.48974781866097,38.89825218133903,0.0,0.0,0.9693748222200094
2020-12-03,45.15,46.75,43.75,43.78,105628538.0,4905605721.0,1208991732.0,0.08736911527530612,-0.027327260608753567,1.9440497335701616,42.491,38.0865,1.0,-0.027327260608753567,1.2576161273660598,0.15697674418604635,1.0,-0.027327260608753567,1.8798582944859412,45.35,40.42,1.0,-0.027327260608753567,1.2209319522940356,42.491,1.3256216019582767,0.9723740154021511,0.0,-0.0,0.998603208620236,42.491,1.3256216019582767,45.14224320391655,39.83975679608345,0.0,-0.0,0.9693748222200094
2020-12-04,42.95,44.24,42.76,43.38,64426834.0,2869488249.0,1208991732.0,0.05328972258017063,-0.009136592051164905,1.9262877442273552,42.651500000000006,38.19433333333333,1.0,-0.009136592051164905,1.2461258018533503,0.07991038088125468,1.0,-0.009136592051164905,1.8626827961352246,46.75,40.42,1.0,-0.009136592051164905,1.2097767951236926,42.651500000000006,1.2199278451481834,0.5971664659490633,0.0,-0.0,0.998603208620236,42.651500000000006,1.2199278451481834,45.091355690296375,40.21164430970364,0.0,-0.0,0.9693748222200094
2020-12-07,44.32,44.87,43.25,43.36,56344327.0,2540087578.0,1208991732.0,0.046604393982737344,-0.0004610419548179978,1.9253996447602146,42.61,38.29533333333334,1.0,-0.0004610419548179978,1.2455512855777147,-0.018782529984159302,1.0,-0.0004610419548179978,1.8618240212176886,46.75,40.42,1.0,-0.0004610419548179978,1.2092190372651754,42.61,1.178241329939847,0.6365419213721605,0.0,-0.0,0.998603208620236,42.61,1.178241329939847,44.966482659879695,40.253517340120304,0.0,-0.0,0.9693748222200094
2020-12-08,42.95,43.89,42.76,43.04,40663813.0,1802750426.0,1208991732.0,0.03363448394533768,-0.0073800738007380184,1.9111900532859696,42.578500000000005,38.422000000000004,1.0,-0.0073800738007380184,1.236359025167547,-0.014426379665674394,0.0,-0.0006,1.8607069268049579,46.75,41.16,1.0,-0.0073800738007380184,1.200294911528901,42.578500000000005,1.1566342960228686,0.3990025210102098,0.0,-0.0,0.998603208620236,42.578500000000005,1.1566342960228686,44.89176859204574,40.26523140795427,0.0,-0.0,0.9693748222200094
2020-12-09,42.91,42.94,40.76,40.79,69159007.0,2957175996.0,1208991732.0,0.057203870935984204,-0.052276951672862504,1.8112788632326835,42.5815,38.52633333333333,1.0,-0.052276951672862504,1.1717259441585557,0.001473115639577749,0.0,-0.0,1.8607069268049579,46.75,41.16,1.0,-0.052276951672862504,1.137547152445722,42.5815,1.1516545306185406,-1.5555880278070933,0.0,-0.0,0.998603208620236,42.5815,1.1516545306185406,44.88480906123708,40.27819093876292,0.0,-0.0,0.9693748222200094
2020-12-10,40.51,41.28,40.35,40.82,40089496.0,1679497039.0,1208991732.0,0.0331594459572367,0.0007354743809757647,1.812611012433394,42.589,38.65366666666667,1.0,0.0007354743809757647,1.172587718572009,0.003688222276862607,1.0,0.00013547438097576473,1.8609590049240443,46.75,40.76,0.0,-0.0006,1.1368646241542544,42.589,1.1389695250299028,-1.5531583252445271,1.0,0.00013547438097576473,0.9987384937717643,42.589,1.1389695250299028,44.866939050059806,40.31106094994019,0.0,0.0,0.9693748222200094
2020-12-11,40.56,40.83,39.12,39.12,64653542.0,2629094402.0,1208991732.0,0.05347724081871554,-0.041646251837334725,1.7371225577264666,42.441500000000005,38.747499999999995,1.0,-0.041646251837334725,1.1237538351429934,-0.07012122652721664,1.0,-0.041646251837334725,1.7834570375460217,46.75,40.35,0.0,-0.0,1.1368646241542544,42.441500000000005,1.3760594961125736,-2.4137764459918962,1.0,-0.041646251837334725,0.957144778940505,42.441500000000005,1.3760594961125736,45.193618992225154,39.689381007774855,0.0,-0.0,0.9693748222200094
2020-12-14,39.69,39.73,38.96,39.64,36803170.0,1485063612.0,1208991732.0,0.03044120900572048,0.013292433537832382,1.7602131438721151,42.3505,38.82,1.0,0.013292433537832382,1.138691258309516,-0.04389773275446218,0.0,-0.0006,1.7823869633234941,46.75,39.12,0.0,0.0,1.1368646241542544,42.3505,1.4990645328616448,-1.808127629319451,1.0,0.013292433537832382,0.969867562300655,42.3505,1.4990645328616448,45.34862906572329,39.352370934276706,1.0,0.012692433537832382,0.981678547724285
2020-12-15,39.64,40.47,39.35,40.06,36324985.0,1487112046.0,1208991732.0,0.030045685209036648,0.010595358224016138,1.778863232682062,42.201499999999996,38.902,1.0,0.010595358224016138,1.150756100097861,-0.06923791821561331,0.0,0.0,1.7823869633234941,46.75,38.96,0.0,0.0,1.1368646241542544,42.201499999999996,1.5731907737225692,-1.3612462237702172,1.0,0.010595358224016138,0.9801436565530837,42.201499999999996,1.5731907737225692,45.347881547445134,39.05511845255486,1.0,0.010595358224016138,0.9920797835982557
2020-12-16,39.49,39.51,37.2,37.73,70272007.0,2741401129.0,1208991732.0,0.0581244727652116,-0.05816275586620079,1.6753996447602144,41.9645,38.94116666666666,1.0,-0.05816275586620079,1.0838249539863278,-0.11160819401930777,0.0,-0.0,1.7823869633234941,46.75,38.96,0.0,-0.0,1.1368646241542544,41.9645,1.8612742522542947,-2.275054304797566,1.0,-0.05816275586620079,0.9231358003431813,41.9645,1.8612742522542947,45.68704850450859,38.24195149549141,1.0,-0.05816275586620079,0.934377689345037
2020-12-17,37.4,38.38,36.73,38.1,52655875.0,2021539938.0,1208991732.0,0.043553544334743226,0.009806520010601671,1.6918294849023103,41.7815,38.99216666666666,1.0,0.009806520010601671,1.0944535050855841,-0.08764367816091945,0.0,0.0,1.7823869633234941,46.75,37.2,0.0,0.0,1.1368646241542544,41.7815,2.0525370052435767,-1.793633922601611,1.0,0.009806520010601671,0.9321885500417495,41.7815,2.0525370052435767,45.88657401048715,37.67642598951285,1.0,0.009806520010601671,0.9435406828530588
2020-12-18,38.62,39.03,37.1,37.28,53627205.0,2088473485.0,1208991732.0,0.044356965875429165,-0.021522309711286103,1.655417406749557,41.596999999999994,39.025333333333336,1.0,-0.021522309711286103,1.0708983377845296,-0.09006590187942387,0.0,-0.0,1.7823869633234941,46.75,36.73,0.0,-0.0,1.1368646241542544,41.596999999999994,2.2823051597244417,-1.891508671224848,1.0,-0.021522309711286103,0.9121256993584362,41.596999999999994,2.2823051597244417,46.161610319448876,37.03238968055111,1.0,-0.021522309711286103,0.923233508051497
2020-12-21,36.71,38.84,36.27,38.34,52893890.0,2062987875.0,1359844003.0,0.03889702780856401,0.028433476394849944,1.7024866785079944,41.4225,39.0625,1.0,0.028433476394849944,1.10134770039321,-0.08343294286397307,0.0,0.0,1.7823869633234941,46.75,36.73,0.0,0.0,1.1368646241542544,41.4225,2.394227432805739,-1.2874716736445069,1.0,0.028433476394849944,0.9380606039002803,41.4225,2.394227432805739,46.21095486561148,36.63404513438852,1.0,0.028433476394849944,0.9494842462096137
2020-12-22,37.98,38.73,37.35,37.49,38559402.0,1501925717.0,1359844003.0,0.028355753979818817,-0.022170057381325048,1.6647424511545306,41.1645,39.07666666666667,1.0,-0.022170057381325048,1.076930758678702,-0.12098475967174671,0.0,-0.0,1.7823869633234941,46.75,36.27,0.0,-0.0,1.1368646241542544,41.1645,2.529205148699904,-1.452827977156701,1.0,-0.022170057381325048,0.9172637464846507,41.1645,2.529205148699904,46.22291029739981,36.10608970260019,1.0,-0.022170057381325048,0.9284341259884824
2020-12-23,37.35,40.59,37.29,40.23,77357034.0,3099750978.0,1359844003.0,0.05688669717213144,0.0730861563083487,1.7864120781527542,40.9855,39.1525,1.0,0.0730861563083487,1.1556394884407621,-0.08171650308148837,0.0,0.0,1.7823869633234941,46.75,36.27,0.0,0.0,1.1368646241542544,40.9855,2.457796349321162,-0.30738917819967976,1.0,0.0730861563083487,0.9843030280362094,40.9855,2.457796349321162,45.90109269864232,36.06990730135768,1.0,0.0730861563083487,0.9962898076424818
2020-12-24,39.83,41.1,39.66,39.81,49860587.0,2054074916.0,1359844003.0,0.03666640209465262,-0.010439970171513657,1.7677619893428076,40.8405,39.218833333333336,1.0,-0.010439970171513657,1.1435746466524173,-0.06789978927651596,0.0,-0.0,1.7823869633234941,46.75,36.27,0.0,-0.0,1.1368646241542544,40.8405,2.4361520024306706,-0.4230031619422003,1.0,-0.010439970171513657,0.9740269337837808,40.8405,2.4361520024306706,45.71280400486134,35.96819599513866,1.0,-0.010439970171513657,0.9858885717685112
2020-12-25,39.88,40.7,39.18,40.09,40384731.0,1654180924.0,1359844003.0,0.029698061623911136,0.007033408691283549,1.780195381882772,40.75,39.296166666666664,1.0,0.007033408691283549,1.151617874511314,-0.04319809069212399,0.0,0.0,1.7823869633234941,46.75,36.27,0.0,0.0,1.1368646241542544,40.75,2.428328426586491,-0.27179190128238156,1.0,0.007033408691283549,0.9808776632853999,40.75,2.428328426586491,45.60665685317298,35.89334314682702,1.0,0.007033408691283549,0.992822729017825
2020-12-28,40.07,40.08,38.46,38.64,41780116.0,1679123202.0,1359844003.0,0.030724197707845465,-0.0361686206036419,1.7158081705150987,40.5315,39.34433333333333,1.0,-0.0361686206036419,1.1099654445277418,-0.10160427807486627,0.0,-0.0,1.7823869633234941,46.75,36.27,0.0,-0.0,1.1368646241542544,40.5315,2.4108139595099485,-0.7845897824419807,1.0,-0.0361686206036419,0.9454006712234435,40.5315,2.4108139595099485,45.3531279190199,35.709872080980105,1.0,-0.0361686206036419,0.9569137004053069
2020-12-29,38.1,39.7,38.09,38.77,39914900.0,1596206592.0,1359844003.0,0.029352558022789618,0.0033643892339545456,1.721580817051511,40.274,39.42183333333333,1.0,0.0033643892339545456,1.1136998003193725,-0.11725865209471764,0.0,0.0,1.7823869633234941,46.75,36.27,0.0,0.0,1.1368646241542544,40.274,2.302438981418948,-0.65322035117435,1.0,0.0033643892339545456,0.9485813670634811,40.274,2.302438981418948,44.8788779628379,35.669122037162104,1.0,0.0033643892339545456,0.9601331305567741
2020-12-30,38.48,40.22,37.97,40.14,57056073.0,2303271792.0,1359844003.0,0.04195780756772584,0.035336600464276335,1.7824156305506227,40.0305,39.50666666666666,1.0,0.035336600464276335,1.1530541652004025,-0.108198178182626,0.0,0.0,1.7823869633234941,46.75,36.27,0.0,0.0,1.1368646241542544,40.0305,2.014757331606662,0.05434897706150874,1.0,0.035336600464276335,0.9821010078392604,40.0305,2.014757331606662,44.06001466321333,36.00098533678668,1.0,0.035336600464276335,0.9940609713837737
2020-12-31,40.34,41.57,39.93,41.56,72724975.0,3044454780.0,1359844003.0,0.05348038071981702,0.035376183358246216,1.8454706927175855,39.9195,39.617,1.0,0.035376183358246216,1.1938448207705215,-0.05070808588396525,0.0,0.0,1.7823869633234941,46.75,36.27,0.0,0.0,1.1368646241542544,39.9195,1.8518823283066288,0.8858554212243523,0.0,-0.0006,0.9815117472345568,39.9195,1.8518823283066288,43.62326465661326,36.21573534338674,0.0,-0.0006,0.9934645348009434
2021-01-04,41.49,42.01,40.67,41.52,67647177.0,2874817273.0,1359844003.0,0.049746277404438426,-0.0009624639076034613,1.8436944937833049,39.826499999999996,39.7105,1.0,-0.0009624639076034613,1.1926957882192506,-0.04287690179806358,0.0,-0.0,1.7823869633234941,44.87,36.27,0.0,-0.0,1.1368646241542544,39.826499999999996,1.7102393645949603,0.9902122679775194,0.0,-0.0,0.9815117472345568,39.826499999999996,1.7102393645949603,43.24697872918992,36.40602127081007,0.0,-0.0,0.9934645348009434
2021-01-05,41.25,43.38,41.09,43.24,90405338.0,3923012239.0,1359844003.0,0.06648213898105487,0.041425818882466325,1.9200710479573724,39.820499999999996,39.79416666666667,1.0,0.041425818882466325,1.2421041879239016,-0.0027675276752766598,0.0,0.0,1.7823869633234941,44.87,36.27,0.0,0.0,1.1368646241542544,39.820499999999996,1.6973523499850138,2.014608222052538,0.0,0.0,0.9815117472345568,39.820499999999996,1.6973523499850138,43.21520469997002,36.42579530002997,0.0,0.0,0.9934645348009434
2021-01-06,43.57,43.57,41.32,41.38,72288714.0,3128182100.0,1359844003.0,0.053159563773875027,-0.043015726179463476,1.8374777975133225,39.7375,39.8435,1.0,-0.043015726179463476,1.1886741742898022,-0.038568773234200715,0.0,-0.0,1.7823869633234941,43.89,37.29,0.0,-0.0,1.1368646241542544,39.7375,1.5672331469318013,1.0480253070294967,0.0,-0.0,0.9815117472345568,39.7375,1.5672331469318013,42.8719662938636,36.603033706136394,0.0,-0.0,0.9934645348009434
2021-01-07,41.66,41.8,40.42,41.15,56662246.0,2383044566.0,1359844003.0,0.04166819567170603,-0.005558240695988537,1.8272646536412085,39.7555,39.90616666666667,0.0,-0.0006,1.1879609697852282,0.008825692571708732,0.0,-0.0,1.7823869633234941,43.57,37.29,0.0,-0.0,1.1368646241542544,39.7555,1.581955734958495,0.8815038051849078,0.0,-0.0,0.9815117472345568,39.7555,1.581955734958495,42.91941146991699,36.59158853008301,0.0,-0.0,0.9934645348009434
2021-01-08,41.49,41.88,40.52,41.03,47617412.0,2013355037.0,1359844003.0,0.035016819499111326,-0.002916160388821365,1.8219360568383667,39.766,39.974666666666664,0.0,-0.0,1.1879609697852282,0.005144536991670723,1.0,-0.003516160388821365,1.7761198048855045,43.57,37.97,0.0,-0.0,1.1368646241542544,39.766,1.5900691808847975,0.7949339658898661,0.0,-0.0,0.9815117472345568,39.766,1.5900691808847975,42.94613836176959,36.585861638230405,0.0,-0.0,0.9934645348009434
2021-01-11,41.04,42.76,41.04,42.49,78671769.0,3393344807.0,1359844003.0,0.057853524982600525,0.035583719229831834,1.88676731793961,39.9345,40.061666666666675,0.0,0.0,1.1879609697852282,0.08614519427402878,1.0,0.035583719229831834,1.839320753341094,43.57,37.97,0.0,0.0,1.1368646241542544,39.9345,1.6932232575769932,1.5092516527660558,0.0,0.0,0.9815117472345568,39.9345,1.6932232575769932,43.320946515153985,36.548053484846015,0.0,0.0,0.9934645348009434
2021-01-12,42.61,43.23,41.46,43.17,70922685.0,3086844226.0,1359844003.0,0.052155015460254965,0.016003765591903862,1.9169626998223808,40.111000000000004,40.165333333333336,0.0,0.0,1.1879609697852282,0.08905146316851664,1.0,0.016003765591903862,1.868756811525889,43.57,37.97,0.0,0.0,1.1368646241542544,40.111000000000004,1.8386462411240612,1.6637240658811399,0.0,0.0,0.9815117472345568,40.111000000000004,1.8386462411240612,43.788292482248124,36.433707517751884,0.0,0.0,0.9934645348009434
2021-01-13,43.56,46.2,43.56,45.27,126230244.0,5811517580.0,1359844003.0,0.09282700348092796,0.04864489228630986,2.010213143872114,40.371500000000005,40.30533333333334,0.0,0.0,1.1879609697852282,0.13005491762356458,1.0,0.04864489228630986,1.9596622853318737,43.57,37.97,0.0,0.0,1.1368646241542544,40.371500000000005,2.1702201561858696,2.2571442745279082,0.0,0.0,0.9815117472345568,40.371500000000005,2.1702201561858696,44.711940312371745,36.031059687628264,0.0,0.0,0.9934645348009434
2021-01-14,45.86,46.85,43.57,44.87,125982298.0,5890113456.0,1359844003.0,0.09264466933123652,-0.008835873647006998,1.9924511545293073,40.728500000000004,40.45816666666667,1.0,-0.009435873647006997,1.1767515201767589,0.18923933209647492,1.0,-0.008835873647006998,1.9423469569878762,46.2,37.97,1.0,-0.009435873647006997,1.1261373132069827,40.728500000000004,2.2964188940264623,1.8034601660755496,0.0,-0.0,0.9815117472345568,40.728500000000004,2.2964188940264623,45.32133778805293,36.13566221194708,0.0,-0.0,0.9934645348009434
2021-01-15,45.08,45.96,43.23,43.93,84015866.0,3852646364.0,1359844003.0,0.06178345884869854,-0.020949409404947605,1.9507104795737122,41.019999999999996,40.604166666666664,1.0,-0.020949409404947605,1.1520992708126816,0.153018372703412,1.0,-0.020949409404947605,1.901655935379483,46.85,39.93,1.0,-0.020949409404947605,1.102545401586422,41.019999999999996,2.3151491937828306,1.2569384330887197,0.0,-0.0,0.9815117472345568,41.019999999999996,2.3151491937828306,45.650298387565655,36.38970161243434,0.0,-0.0,0.9934645348009434
2021-01-18,43.45,47.82,43.25,47.06,108226077.0,5123091544.0,1359844003.0,0.07958712673015332,0.07124971545640801,2.0896980461811725,41.509,40.81399999999999,1.0,0.07124971545640801,1.2341860160356204,0.2623390557939915,1.0,0.07124971545640801,2.037148379671261,46.85,40.42,1.0,0.07124971545640801,1.1811014477272257,41.509,2.5084067075587853,2.2129585219465104,0.0,0.0,0.9815117472345568,41.509,2.5084067075587853,46.52581341511757,36.49218658488243,0.0,0.0,0.9934645348009434
2021-01-19,47.15,47.73,45.88,46.05,91078183.0,4369445101.0,1359844003.0,0.06697693470653192,-0.02146196345091389,2.044849023090586,41.8945,41.0125,1.0,-0.02146196345091389,1.2076979608678349,0.20109546165884185,1.0,-0.02146196345091389,1.9934271756026678,47.82,40.42,1.0,-0.02146196345091389,1.1557526916242824,41.8945,2.586970337347409,1.606319152565508,0.0,-0.0,0.9815117472345568,41.8945,2.586970337347409,47.06844067469482,36.72055932530518,0.0,-0.0,0.9934645348009434
2021-01-20,45.98,46.81,44.76,46.45,70588655.0,3320268143.0,1359844003.0,0.05190937699050176,0.00868621064060826,2.062611012433393,42.3425,41.20483333333333,1.0,0.00868621064060826,1.218188279746166,0.23899706588423575,1.0,0.00868621064060826,2.0107425039466653,47.82,40.42,1.0,0.00868621064060826,1.165791802952181,42.3425,2.559757132805168,1.6046444201128973,0.0,0.0,0.9815117472345568,42.3425,2.559757132805168,47.462014265610335,37.22298573438967,0.0,0.0,0.9934645348009434
2021-01-21,46.23,46.85,45.3,46.25,61993011.0,2927643681.0,1359844003.0,0.0455883254720652,-0.0043057050592034685,2.0537300177619895,42.6435,41.39566666666666,1.0,-0.0043057050592034685,1.2129431203070007,0.14963957245836457,1.0,-0.0043057050592034685,2.0020848397746667,47.82,40.42,1.0,-0.0043057050592034685,1.1607722472882318,42.6435,2.6506072293363423,1.3606316168174757,0.0,-0.0,0.9815117472345568,42.6435,2.6506072293363423,47.944714458672685,37.34228554132732,0.0,-0.0,0.9934645348009434
2021-01-22,46.27,46.74,42.96,43.1,109929247.0,4970493241.0,1359844003.0,0.08083960127594135,-0.06810810810810808,1.9138543516873892,42.80800000000001,41.5255,1.0,-0.06810810810810808,1.1303318591401454,0.0826425521225822,1.0,-0.06810810810810808,1.8657266290656895,47.82,40.52,1.0,-0.06810810810810808,1.0817142455810334,42.80800000000001,2.5662497724766373,0.11378471539743812,0.0,-0.0,0.9815117472345568,42.80800000000001,2.5662497724766373,47.94049954495328,37.67550045504673,0.0,-0.0,0.9934645348009434
2021-01-25,44.42,47.05,43.73,44.86,124089122.0,5768742712.0,1359844003.0,0.09125246846420809,0.04083526682134564,1.992007104795737,43.0465,41.670833333333334,1.0,0.04083526682134564,1.1764892622048009,0.11898228984784232,1.0,0.04083526682134564,1.9419140737792768,47.82,41.04,1.0,0.04083526682134564,1.1258863354237854,43.0465,2.5216186843916804,0.7191809020234514,0.0,0.0,0.9815117472345568,43.0465,2.5216186843916804,48.08973736878336,38.00326263121664,0.0,0.0,0.9934645348009434
2021-01-26,44.61,47.02,44.2,45.85,99215665.0,4661023449.0,1359844003.0,0.0729610637551931,0.022068658047258216,2.035968028419183,43.407,41.80833333333333,1.0,0.022068658047258216,1.2024528014286697,0.18659420289855078,1.0,0.022068658047258216,1.9847695114306698,47.82,41.46,1.0,0.022068658047258216,1.1507331359603334,43.407,2.3692750390205557,1.0311170969031636,0.0,0.0,0.9815117472345568,43.407,2.3692750390205557,48.14555007804111,38.66844992195888,0.0,0.0,0.9934645348009434
2021-01-27,45.49,45.84,42.11,43.03,103942257.0,4608332934.0,1359844003.0,0.07643689774024763,-0.06150490730643399,1.910746003552398,43.620000000000005,41.9035,1.0,-0.06150490730643399,1.1284960533364374,0.10987877224658238,1.0,-0.06150490730643399,1.8626964466054903,47.82,42.96,1.0,-0.06150490730643399,1.079957401098651,43.620000000000005,2.1074904008021544,-0.2799538255431376,0.0,-0.0,0.9815117472345568,43.620000000000005,2.1074904008021544,47.83498080160432,39.40501919839569,0.0,-0.0,0.9934645348009434
2021-01-28,41.78,42.91,40.66,40.78,68831481.0,2941654521.0,1359844003.0,0.05061718906591376,-0.052289100627469165,1.8108348134991121,43.652,41.95883333333334,1.0,-0.052289100627469165,1.0694880096458266,0.015944195316392573,1.0,-0.052289100627469165,1.7652977246705066,47.82,42.11,1.0,-0.052289100627469165,1.0234873998792235,43.652,2.056101574390251,-1.3968181512879336,0.0,-0.0,0.9815117472345568,43.652,2.056101574390251,47.7642031487805,39.5397968512195,0.0,-0.0,0.9934645348009434
2021-01-29,41.3,41.47,39.15,39.79,63432077.0,2592613975.0,1359844003.0,0.04664658362287163,-0.024276606179499782,1.7668738898756662,43.5635,41.99133333333334,1.0,-0.024276606179499782,1.0435244704219577,-0.04258902791145336,1.0,-0.024276606179499782,1.7224422870191136,47.82,40.66,0.0,-0.0006,1.022873307439296,43.5635,2.184941947921962,-1.7270481733342482,0.0,-0.0,0.9815117472345568,43.5635,2.184941947921962,47.933383895843924,39.19361610415607,0.0,-0.0,0.9934645348009434
2021-02-01,39.9,40.59,39.06,40.56,48056632.0,1963198661.0,1359844003.0,0.03533981242994091,0.01935159587836144,1.8010657193605686,43.5155,41.99783333333334,1.0,0.01935159587836144,1.0637183342627445,-0.023121387283236983,0.0,-0.0006,1.7214088216469021,47.82,39.15,0.0,0.0,1.022873307439296,43.5155,2.2419974059798995,-1.3182441657234005,1.0,0.01875159587836144,0.9999166588685637,43.5155,2.2419974059798995,47.9994948119598,39.03150518804021,0.0,0.0,0.9934645348009434
2021-02-02,40.6,40.6,39.4,40.23,43926404.0,1797436054.0,1359844003.0,0.03230253168973236,-0.008136094674556338,1.786412078152753,43.364999999999995,41.93183333333334,1.0,-0.008136094674556338,1.0550638211881216,-0.0696114708603146,0.0,-0.0,1.7214088216469021,47.82,39.06,0.0,-0.0,1.022873307439296,43.364999999999995,2.359416743269531,-1.3287182134919127,1.0,-0.008136094674556338,0.991781242265343,43.364999999999995,2.359416743269531,48.083833486539056,38.64616651346093,0.0,-0.0,0.9934645348009434
2021-02-03,40.03,40.11,38.01,38.05,61885582.0,2469454605.0,1359844003.0,0.04550932449859839,-0.054188416604524,1.6896092362344581,43.1985,41.838166666666666,1.0,-0.054188416604524,0.9978915833012186,-0.0804736587723539,0.0,-0.0,1.7214088216469021,47.82,39.06,0.0,-0.0,1.022873307439296,43.1985,2.6109552093559003,-1.97188369281528,1.0,-0.054188416604524,0.9380381871289163,43.1985,2.6109552093559003,48.4204104187118,37.9765895812882,0.0,-0.0,0.9934645348009434
2021-02-04,37.84,40.58,37.05,40.41,81045679.0,3224154405.0,1359844003.0,0.05959924728218991,0.06202365308804203,1.7944049733570158,43.161500000000004,41.83283333333334,1.0,0.06202365308804203,1.0597844646833705,-0.017982989064398547,0.0,0.0,1.7214088216469021,47.82,38.01,0.0,0.0,1.022873307439296,43.161500000000004,2.6465136450968405,-1.0396696820731204,1.0,0.06202365308804203,0.996218742230736,43.161500000000004,2.6465136450968405,48.45452729019368,37.868472709806326,0.0,0.0,0.9934645348009434
2021-02-05,39.83,40.11,38.95,39.11,47228727.0,1911667680.0,1359844003.0,0.03473098891917531,-0.03217025488740399,1.7366785079928952,43.0655,41.80683333333333,1.0,-0.03217025488740399,1.0256909283287954,-0.04679502802827207,0.0,-0.0,1.7214088216469021,47.82,37.05,0.0,-0.0,1.022873307439296,43.0655,2.7602793050893997,-1.433007157176759,1.0,-0.03217025488740399,0.9641701313695642,43.0655,2.7602793050893997,48.586058610178796,37.544941389821204,0.0,-0.0,0.9934645348009434
2021-02-08,39.34,40.56,38.72,39.82,44814073.0,1837254851.0,1359844003.0,0.0329553043592751,0.01815392482740985,1.7682060390763765,42.932,41.76933333333333,1.0,0.01815392482740985,1.0443112443378326,-0.06283831489762304,0.0,0.0,1.7214088216469021,47.82,37.05,0.0,0.0,1.022873307439296,42.932,2.8526010291624213,-1.0909341924039566,1.0,0.01815392482740985,0.9816736034552811,42.932,2.8526010291624213,48.637202058324846,37.22679794167516,0.0,0.0,0.9934645348009434
2021-02-09,39.82,40.89,39.34,40.78,45512767.0,1882628961.0,1359844003.0,0.03346910888277822,0.024108488196886046,1.810834813499112,42.8125,41.758,1.0,0.024108488196886046,1.0694880096458266,-0.05536252026870514,0.0,0.0,1.7214088216469021,47.82,37.05,0.0,0.0,1.022873307439296,42.8125,2.8918958906061647,-0.7028261309828724,1.0,0.024108488196886046,1.0053402699373772,42.8125,2.8918958906061647,48.59629178121233,37.02870821878767,0.0,0.0,0.9934645348009434
2021-02-10,41.13,41.2,40.38,40.89,39174452.0,1640405984.0,1359844003.0,0.028808048506722722,0.0026974006866111733,1.815719360568384,42.5935,41.722166666666666,1.0,0.0026974006866111733,1.0723728473373677,-0.096752816434725,0.0,0.0,1.7214088216469021,47.82,37.05,0.0,0.0,1.022873307439296,42.5935,2.861685692035302,-0.5952785118020514,1.0,0.0026974006866111733,1.008052075471784,42.5935,2.861685692035302,48.3168713840706,36.870128615929396,0.0,0.0,0.9934645348009434
2021-02-18,41.51,42.95,41.25,41.91,55877648.0,2412443027.0,1359844003.0,0.04109121919626541,0.0249449743213499,1.8610124333925402,42.445499999999996,41.712833333333336,1.0,0.0249449743213499,1.0991231604771112,-0.06596835301983506,0.0,0.0,1.7214088216469021,47.82,37.05,0.0,0.0,1.022873307439296,42.445499999999996,2.813896857796205,-0.1903054827743023,1.0,0.0249449743213499,1.0331979086090113,42.445499999999996,2.813896857796205,48.073293715592406,36.817706284407585,0.0,0.0,0.9934645348009434
2021-02-19,41.3,42.27,40.61,42.08,42853537.0,1822816744.0,1359844003.0,0.03151356839862462,0.004056311142925262,1.8685612788632329,42.353,41.71816666666666,1.0,0.004056311142925262,1.1035815460004017,-0.042112451627589365,0.0,0.0,1.7214088216469021,47.82,37.05,0.0,0.0,1.022873307439296,42.353,2.7928576197525885,-0.09774934392258333,1.0,0.004056311142925262,1.0373888807985492,42.353,2.7928576197525885,47.93871523950518,36.767284760494825,0.0,0.0,0.9934645348009434
2021-02-22,42.17,43.25,40.82,40.82,56210023.0,2421311593.0,1359844003.0,0.04133564061465365,-0.029942965779467645,1.8126110124333927,42.041,41.71566666666667,1.0,-0.029942965779467645,1.0705370415336597,-0.13259668508287292,0.0,-0.0,1.7214088216469021,47.82,37.05,0.0,-0.0,1.022873307439296,42.041,2.5797631470226894,-0.4732992644728472,1.0,-0.029942965779467645,1.006326381040798,42.041,2.5797631470226894,47.200526294045375,36.88147370595462,0.0,-0.0,0.9934645348009434
2021-02-23,40.03,40.63,39.35,39.71,37797185.0,1547952834.0,1359844003.0,0.027795236009876347,-0.027192552670259662,1.763321492007105,41.724000000000004,41.68033333333334,1.0,-0.027192552670259662,1.0414264066462917,-0.13767643865363732,0.0,-0.0,1.7214088216469021,47.73,37.05,0.0,-0.0,1.022873307439296,41.724000000000004,2.4473409845659866,-0.8229339567723405,1.0,-0.027192552670259662,0.9789617979208743,41.724000000000004,2.4473409845659866,46.61868196913198,36.82931803086803,0.0,-0.0,0.9934645348009434
2021-02-24,40.02,41.19,39.71,39.98,42785982.0,1774645895.0,1359844003.0,0.03146388990620125,0.0067992948879374016,1.775310834813499,41.4005,41.63583333333334,1.0,0.0067992948879374016,1.0485073718891649,-0.13928955866523152,0.0,0.0,1.7214088216469021,47.05,37.05,0.0,0.0,1.022873307439296,41.4005,2.2054179100329963,-0.6440956126899102,1.0,0.0067992948879374016,0.9856180478689638,41.4005,2.2054179100329963,45.81133582006599,36.98966417993401,0.0,0.0,0.9934645348009434
2021-02-25,40.04,40.31,38.66,38.66,43293051.0,1735114966.0,1359844003.0,0.03183677753072387,-0.03301650825412705,1.716696269982238,41.021,41.55,0.0,-0.0006,1.0478782674660314,-0.16410810810810816,0.0,-0.0,1.7214088216469021,47.05,37.05,0.0,-0.0,1.022873307439296,41.021,1.9671751052553543,-1.2001981896235558,1.0,-0.03301650825412705,0.9530763814560815,41.021,1.9671751052553543,44.95535021051071,37.08664978948929,0.0,-0.0,0.9934645348009434
2021-02-26,37.71,38.62,37.6,38.62,39827391.0,1553532594.0,1359844003.0,0.02928820578841057,-0.0010346611484738366,1.7149200710479573,40.797,41.481833333333334,0.0,-0.0,1.0478782674660314,-0.10394431554524375,0.0,-0.0,1.7214088216469021,47.05,38.66,0.0,-0.0,1.022873307439296,40.797,1.9730395999972903,-1.1033736981269862,1.0,-0.0010346611484738366,0.9520902703526609,40.797,1.9730395999972903,44.743079199994575,36.85092080000542,0.0,-0.0,0.9934645348009434
2021-03-01,38.77,39.63,38.22,39.51,38259086.0,1530225468.0,1359844003.0,0.028134908059744557,0.02304505437597104,1.7544404973357015,40.5295,41.442,0.0,0.0,1.0478782674660314,-0.11925991975033445,0.0,0.0,1.7214088216469021,47.05,37.6,0.0,0.0,1.022873307439296,40.5295,1.7423833495650936,-0.5851180799302704,1.0,0.02304505437597104,0.9740312424037709,40.5295,1.7423833495650936,44.01426669913019,37.04473330086981,0.0,0.0,0.9934645348009434
2021-03-02,40.19,40.28,38.95,39.34,33498478.0,1358568564.0,1359844003.0,0.024634059440713656,-0.004302708175145442,1.746891651865009,40.204,41.38083333333334,0.0,-0.0,1.0478782674660314,-0.14198473282442747,0.0,-0.0,1.7214088216469021,47.02,37.6,0.0,-0.0,1.022873307439296,40.204,1.2283981867711786,-0.7033549945811992,1.0,-0.004302708175145442,0.9698402702142331,40.204,1.2283981867711786,42.66079637354236,37.74720362645764,0.0,-0.0,0.9934645348009434
2021-03-03,39.25,39.95,38.44,39.83,32577458.0,1306172631.0,1359844003.0,0.02395676116387594,0.01245551601423478,1.7686500888099468,40.044,41.31266666666667,0.0,0.0,1.0478782674660314,-0.0743667208924007,0.0,0.0,1.7214088216469021,45.84,37.6,0.0,0.0,1.022873307439296,40.044,1.033946959852888,-0.2069738664645302,1.0,0.01245551601423478,0.9819201312311363,40.044,1.033946959852888,42.11189391970577,37.97610608029422,0.0,0.0,0.9934645348009434
2021-03-04,39.64,40.75,39.21,39.57,40872082.0,1674001562.0,1359844003.0,0.030056449055796585,-0.006527742907356249,1.7571047957371226,39.9835,41.221999999999994,0.0,-0.0,1.0478782674660314,-0.029671407552721907,0.0,-0.0,1.7214088216469021,43.25,37.6,0.0,-0.0,1.022873307439296,39.9835,1.0239668734359968,-0.4038216574452933,1.0,-0.006527742907356249,0.975510409058902,39.9835,1.0239668734359968,42.03143374687199,37.93556625312801,0.0,-0.0,0.9934645348009434
2021-03-05,38.63,39.63,38.27,39.15,26556529.0,1060817735.0,1359844003.0,0.019529099618347916,-0.010614101592115288,1.7384547069271759,39.951499999999996,41.14483333333333,0.0,-0.0,1.0478782674660314,-0.016084443327469278,0.0,-0.0,1.7214088216469021,43.25,37.6,0.0,-0.0,1.022873307439296,39.951499999999996,1.0402038008813337,-0.7705220835771895,1.0,-0.010614101592115288,0.9651562424729848,39.951499999999996,1.0402038008813337,42.03190760176266,37.87109239823733,0.0,-0.0,0.9934645348009434
2021-03-08,39.32,39.49,37.4,37.44,33420789.0,1318261953.0,1359844003.0,0.02457692862289293,-0.04367816091954024,1.6625222024866786,39.7955,41.045833333333334,0.0,-0.0,1.0478782674660314,-0.07692307692307698,0.0,-0.0,1.7214088216469021,43.25,37.6,0.0,-0.0,1.022873307439296,39.7955,1.1699998875391613,-2.013248056762021,1.0,-0.04367816091954024,0.9229999928017509,39.7955,1.1699998875391613,42.13549977507832,37.45550022492167,0.0,-0.0,0.9934645348009434
2021-03-09,37.11,37.51,34.51,34.99,47866038.0,1749513345.0,1359844003.0,0.035199653706161176,-0.06543803418803407,1.5537300177619897,39.533500000000004,40.906333333333336,0.0,-0.0,1.0478782674660314,-0.1302510564255529,0.0,-0.0,1.7214088216469021,43.25,37.4,0.0,-0.0,1.022873307439296,39.533500000000004,1.581808674969908,-2.8723448492191612,1.0,-0.06543803418803407,0.8626006877172347,39.533500000000004,1.581808674969908,42.697117349939816,36.36988265006019,1.0,-0.06603803418803407,0.9278580898871593
2021-03-10,35.5,35.65,34.43,34.47,29764179.0,1067392562.0,1359844003.0,0.0218879363620652,-0.014861388968276712,1.5306394316163412,39.354499999999994,40.7635,0.0,-0.0,1.0478782674660314,-0.09408672798948747,0.0,-0.0,1.7214088216469021,43.25,34.51,0.0,-0.0,1.022873307439296,39.354499999999994,1.9240540396173753,-2.5386501103531094,1.0,-0.014861388968276712,0.849781243372766,39.354499999999994,1.9240540396173753,43.20260807923474,35.506391920765246,1.0,-0.014861388968276712,0.914068829905984
2021-03-11,34.48,36.34,33.97,36.07,41249718.0,1496237944.0,1359844003.0,0.030334154439036785,0.046417174354511204,1.601687388987567,39.1375,40.68483333333334,0.0,0.0,1.0478782674660314,-0.10739915862410288,0.0,0.0,1.7214088216469021,43.25,34.43,0.0,0.0,1.022873307439296,39.1375,2.039991937548447,-1.5036824134150057,1.0,0.046417174354511204,0.889225687509593,39.1375,2.039991937548447,43.217483875096896,35.05751612490311,1.0,0.046417174354511204,0.9564973221557541
2021-03-12,35.93,35.93,35.1,35.25,25710292.0,932648592.0,1359844003.0,0.01890679514950216,-0.022733573606875557,1.5652753108348136,38.9445,40.592,0.0,-0.0,1.0478782674660314,-0.09869598568141136,0.0,-0.0,1.7214088216469021,43.25,33.97,0.0,-0.0,1.022873307439296,38.9445,2.2175934680353797,-1.6659951669469182,1.0,-0.022733573606875557,0.8690104098894691,38.9445,2.2175934680353797,43.379686936070755,34.50931306392924,1.0,-0.022733573606875557,0.9347527198777469
2021-03-15,34.58,34.65,33.15,33.25,37376958.0,1295688729.0,1359844003.0,0.027486210122294446,-0.05673758865248224,1.4764653641207817,38.616,40.494166666666665,0.0,-0.0,1.0478782674660314,-0.16499246609743845,0.0,-0.0,1.7214088216469021,43.25,33.97,0.0,-0.0,1.022873307439296,38.616,2.5437154756481934,-2.1095126602681957,1.0,-0.05673758865248224,0.8197048547184355,38.616,2.5437154756481934,43.70343095129638,33.528569048703616,1.0,-0.05673758865248224,0.8817171045655343
2021-03-16,33.87,33.97,32.36,32.81,32341422.0,1091970306.0,1359844003.0,0.023783185371741497,-0.013233082706766819,1.4569271758436948,38.217499999999994,40.38033333333333,0.0,-0.0,1.0478782674660314,-0.1954389406571848,0.0,-0.0,1.7214088216469021,43.25,33.15,0.0,-0.0,1.022873307439296,38.217499999999994,2.79840156442726,-1.9323531221319652,1.0,-0.013233082706766819,0.8088576325808081,38.217499999999994,2.79840156442726,43.81430312885451,32.620696871145476,1.0,-0.013233082706766819,0.8700492691968477
2021-03-17,33.04,33.57,32.63,33.18,26176203.0,889492306.0,1359844003.0,0.019249416067028093,0.011277049679975448,1.4733570159857905,37.832,40.26566666666667,0.0,0.0,1.0478782674660314,-0.18855465884079237,0.0,0.0,1.7214088216469021,43.25,32.36,0.0,0.0,1.022873307439296,37.832,2.9384199119504375,-1.5831637884975192,1.0,0.011277049679975448,0.8179791602874492,37.832,2.9384199119504375,43.708839823900874,31.955160176099128,1.0,0.011277049679975448,0.8798608580296069
2021-03-18,33.39,33.47,32.74,33.03,23080674.0,782875066.0,1359844003.0,0.016973030692550694,-0.004520795660036159,1.4666962699822381,37.388,40.187333333333335,0.0,-0.0,1.0478782674660314,-0.2118826055833929,0.0,-0.0,1.7214088216469021,43.25,32.36,0.0,-0.0,1.022873307439296,37.388,2.9606037791034345,-1.471997040184735,1.0,-0.004520795660036159,0.8142812436496217,37.388,2.9606037791034345,43.309207558206865,31.466792441793128,1.0,-0.004520795660036159,0.8758831868811909
2021-03-19,32.39,33.34,32.03,33.11,28386925.0,954328191.0,1359844003.0,0.020875133425138914,0.0024220405691794955,1.4702486678507993,36.939499999999995,40.104166666666664,0.0,0.0,1.0478782674660314,-0.2131653992395437,0.0,0.0,1.7214088216469021,43.25,32.36,0.0,0.0,1.022873307439296,36.939499999999995,2.891017804747634,-1.3246199984348712,1.0,0.0024220405691794955,0.8162534658564631,36.939499999999995,2.891017804747634,42.72153560949526,31.157464390504728,1.0,0.0024220405691794955,0.8780046114936794
2021-03-22,33.11,33.63,32.73,33.27,24768172.0,841518254.0,1359844003.0,0.018213980386984137,0.0048323769254003945,1.4773534635879222,36.562,40.03733333333333,0.0,0.0,1.0478782674660314,-0.1849583537481626,0.0,0.0,1.7214088216469021,43.25,32.03,0.0,0.0,1.022873307439296,36.562,2.85028641220112,-1.1549716498342226,1.0,0.0048323769254003945,0.820197910270146,36.562,2.85028641220112,42.26257282440224,30.861427175597758,1.0,0.0048323769254003945,0.8822474607186566
2021-03-23,33.39,34.31,33.14,33.22,28259259.0,972434727.0,1359844003.0,0.020781250597609907,-0.0015028554253082582,1.475133214920071,36.2375,39.952,0.0,-0.0,1.0478782674660314,-0.1634349030470914,0.0,-0.0,1.7214088216469021,41.19,32.03,0.0,-0.0,1.022873307439296,36.2375,2.8424560821491567,-1.0615819252055048,1.0,-0.0015028554253082582,0.81896527139087,36.2375,2.8424560821491567,41.92241216429831,30.552587835701683,1.0,-0.0015028554253082582,0.8809215703358511
2021-03-24,33.03,33.04,32.31,32.38,20347840.0,678039589.0,1359844003.0,0.014963363411619208,-0.025285972305839732,1.4378330373001778,35.8575,39.86683333333334,0.0,-0.0,1.0478782674660314,-0.19009504752376172,0.0,-0.0,1.7214088216469021,41.19,32.03,0.0,-0.0,1.022873307439296,35.8575,2.8237486748906515,-1.231518948879069,1.0,-0.025285972305839732,0.798256938219036,35.8575,2.8237486748906515,41.504997349781306,30.210002650218698,1.0,-0.025285972305839732,0.8586466119047219
2021-03-25,31.97,32.73,31.9,32.17,15272506.0,506778736.0,1359844003.0,0.011231072068786407,-0.006485484867202018,1.4285079928952042,35.533,39.732499999999995,0.0,-0.0,1.0478782674660314,-0.16787377133988612,0.0,-0.0,1.7214088216469021,40.75,32.03,0.0,-0.0,1.022873307439296,35.533,2.8574484385456014,-1.1769241238563577,1.0,-0.006485484867202018,0.7930798549260774,35.533,2.8574484385456014,41.24789687709121,29.8181031229088,1.0,-0.006485484867202018,0.8530778722969395
2021-03-26,32.4,33.27,32.1,33.1,23650222.0,792307582.0,1359844003.0,0.017391864028391792,0.028908921355299988,1.469804618117229,35.257,39.62066666666667,0.0,0.0,1.0478782674660314,-0.14293112377006723,0.0,0.0,1.7214088216469021,40.75,31.9,0.0,0.0,1.022873307439296,35.257,2.809772607394141,-0.7676777808722595,1.0,0.028908921355299988,0.8160069380806081,35.257,2.809772607394141,40.87654521478828,29.637454785211716,1.0,0.028908921355299988,0.8777394334171185
2021-03-29,33.5,33.75,33.08,33.14,22358584.0,763817021.0,1359844003.0,0.016442021254404134,0.0012084592145014117,1.4715808170515097,34.9385,39.50483333333333,0.0,0.0,1.0478782674660314,-0.1612250063275119,0.0,0.0,1.7214088216469021,40.75,31.9,0.0,0.0,1.022873307439296,34.9385,2.659307933318333,-0.6763037771845384,1.0,0.0012084592145014117,0.8169930491840287,34.9385,2.659307933318333,40.25711586663667,29.619884133363332,1.0,0.0012084592145014117,0.8788001457233626
2021-03-30,33.18,33.68,32.86,33.56,21405621.0,730699383.0,1359844003.0,0.01574123278315476,0.012673506336753126,1.4902309058614562,34.6495,39.42016666666667,0.0,0.0,1.0478782674660314,-0.1469242501270971,0.0,0.0,1.7214088216469021,40.75,31.9,0.0,0.0,1.022873307439296,34.6495,2.4625948552394714,-0.4424195062707764,1.0,0.012673506336753126,0.8273472157699457,34.6495,2.4625948552394714,39.57468971047895,29.72431028952106,1.0,0.012673506336753126,0.8899376249389273
2021-03-31,33.52,33.75,32.96,33.38,17266737.0,589804466.0,1359844003.0,0.012697586606924941,-0.005363528009535101,1.4822380106571935,34.327000000000005,39.330333333333336,0.0,-0.0,1.0478782674660314,-0.16193823750941494,0.0,-0.0,1.7214088216469021,40.75,31.9,0.0,-0.0,1.022873307439296,34.327000000000005,2.151095436968484,-0.44024081113509306,1.0,-0.005363528009535101,0.8229097158045527,34.327000000000005,2.151095436968484,38.62919087393697,30.024809126063037,1.0,-0.005363528009535101,0.8851644195608281
2021-04-01,33.9,35.24,33.79,34.4,44569318.0,1579650242.0,1359844003.0,0.03277531680227588,0.030557219892150878,1.5275310834813496,34.0685,39.234666666666676,0.0,0.0,1.0478782674660314,-0.13065453626484713,0.0,0.0,1.7214088216469021,40.75,31.9,0.0,0.0,1.022873307439296,34.0685,1.7636214983586842,0.18796550184294594,1.0,0.030557219892150878,0.8480555489417798,34.0685,1.7636214983586842,37.59574299671737,30.54125700328263,1.0,0.030557219892150878,0.9122125833700565
2021-04-02,34.96,37.74,34.96,37.27,81981069.0,3066088868.0,1359844003.0,0.06028711294761654,0.08343023255813975,1.6549733570159857,33.9745,39.16316666666667,0.0,0.0,1.0478782674660314,-0.04802043422733071,0.0,0.0,1.7214088216469021,39.63,31.9,0.0,0.0,1.022873307439296,33.9745,1.510456448961627,2.1817908104967323,0.0,-0.0006,0.8475467156124147,33.9745,1.510456448961627,36.99541289792325,30.953587102076746,0.0,-0.0006,0.9116652558200344
2021-04-06,37.66,38.25,36.72,37.68,49883566.0,1916246869.0,1359844003.0,0.03668330035647479,0.011000804936946551,1.6731793960923622,33.9865,39.09916666666666,0.0,0.0,1.0478782674660314,0.0064102564102563875,0.0,0.0,1.7214088216469021,39.49,31.9,0.0,0.0,1.022873307439296,33.9865,1.5401000480144074,2.398220819979773,0.0,0.0,0.8475467156124147,33.9865,1.5401000480144074,37.06670009602881,30.906299903971185,0.0,0.0,0.9116652558200344
2021-04-07,37.53,37.85,36.78,37.74,37363105.0,1426709846.0,1359844003.0,0.02747602292437363,0.0015923566878981443,1.6758436944937833,34.124,39.00750000000001,0.0,0.0,1.0478782674660314,0.07859388396684763,1.0,0.0009923566878981445,1.7231170732036705,38.25,31.9,0.0,0.0,1.022873307439296,34.124,1.7437086912667645,2.0737408823563634,0.0,0.0,0.8475467156124147,34.124,1.7437086912667645,37.61141738253353,30.636582617466473,0.0,0.0,0.9116652558200344
2021-04-08,37.1,37.93,36.94,36.95,29124557.0,1112076424.0,1359844003.0,0.021417572115439185,-0.020932697403285627,1.6407637655417406,34.248000000000005,38.93366666666667,0.0,-0.0,1.0478782674660314,0.0719466202494925,1.0,-0.020932697403285627,1.687047584919863,38.25,31.9,0.0,-0.0,1.022873307439296,34.248000000000005,1.8542826673745234,1.45716726340637,0.0,-0.0,0.8475467156124147,34.248000000000005,1.8542826673745234,37.95656533474905,30.53943466525096,0.0,-0.0,0.9116652558200344
2021-04-09,36.9,37.49,36.01,36.37,36552934.0,1370570323.0,1359844003.0,0.026880240615364173,-0.015696887686062366,1.6150088809946712,34.263,38.854,0.0,-0.0,1.0478782674660314,0.00831716107568603,1.0,-0.015696887686062366,1.6605661884583331,38.25,31.9,0.0,-0.0,1.022873307439296,34.263,1.8709358761408261,1.126174353097607,0.0,-0.0,0.8475467156124147,34.263,1.8709358761408261,38.00487175228165,30.521128247718345,0.0,-0.0,0.9116652558200344
2021-04-12,36.47,36.7,34.88,35.1,36197147.0,1327178706.0,1359844003.0,0.02661860251627701,-0.0349188891943909,1.558614564831261,34.2555,38.75516666666667,0.0,-0.0,1.0478782674660314,-0.004255319148936176,1.0,-0.0349188891943909,1.6025810617236045,38.25,32.1,0.0,-0.0,1.022873307439296,34.2555,1.8670677122441288,0.45231353660170887,0.0,-0.0,0.8475467156124147,34.2555,1.8670677122441288,37.989635424488256,30.52136457551174,0.0,-0.0,0.9116652558200344
2021-04-13,35.24,35.57,34.58,35.03,23903108.0,858877484.0,1359844003.0,0.017577830947716436,-0.00199430199430195,1.55550621669627,34.3445,38.630833333333335,0.0,-0.0,1.0478782674660314,0.05353383458646621,0.0,-0.0006,1.6016195130865702,38.25,32.86,0.0,-0.0,1.022873307439296,34.3445,1.859022026425752,0.36874226892189166,0.0,-0.0,0.8475467156124147,34.3445,1.859022026425752,38.0625440528515,30.626455947148493,0.0,-0.0,0.9116652558200344
2021-04-14,35.39,35.69,34.81,35.29,27582779.0,995036240.0,1359844003.0,0.02028378177140073,0.007422209534684532,1.5670515097690942,34.4685,38.4995,0.0,0.0,1.0478782674660314,0.07558671136848516,1.0,0.006822209534684532,1.6125460969996863,38.25,32.86,0.0,0.0,1.022873307439296,34.4685,1.833820501460877,0.447971870390569,0.0,0.0,0.8475467156124147,34.4685,1.833820501460877,38.136141002921754,30.800858997078244,0.0,0.0,0.9116652558200344
2021-04-15,35.14,35.14,33.68,34.8,34405556.0,1207274784.0,1359844003.0,0.025301105070946878,-0.013884953244545306,1.5452930728241563,34.5495,38.325,0.0,-0.0,1.0478782674660314,0.0488245931283906,1.0,-0.013884953244545306,1.5901559698381718,38.25,32.96,0.0,-0.0,1.022873307439296,34.5495,1.809528798799149,0.13843382883225383,0.0,-0.0,0.8475467156124147,34.5495,1.809528798799149,38.1685575975983,30.930442402401702,0.0,-0.0,0.9116652558200344
2021-04-16,34.75,34.84,34.04,34.59,20130391.0,709192417.0,1359844003.0,0.014803456099074328,-0.006034482758620507,1.5359680284191832,34.627500000000005,38.153666666666666,0.0,-0.0,1.0478782674660314,0.04722979109900094,1.0,-0.006034482758620507,1.5805602010546658,38.25,33.68,0.0,-0.0,1.022873307439296,34.627500000000005,1.7738535956912154,-0.021140414344842727,0.0,-0.0,0.8475467156124147,34.627500000000005,1.7738535956912154,38.175207191382434,31.079792808617576,0.0,-0.0,0.9116652558200344
2021-04-19,34.22,35.34,33.9,35.23,33945366.0,1214961347.0,1359844003.0,0.024962691253637863,0.018502457357617574,1.5643872113676731,34.73350000000001,38.00866666666666,0.0,0.0,1.0478782674660314,0.0640289942615524,1.0,0.018502457357617574,1.6098044487758272,38.25,33.68,0.0,0.0,1.022873307439296,34.73350000000001,1.741446086929912,0.28510787886364986,0.0,0.0,0.8475467156124147,34.73350000000001,1.741446086929912,38.21639217385983,31.250607826140183,0.0,0.0,0.9116652558200344
2021-04-20,34.95,34.95,34.24,34.46,29979922.0,1061872335.0,1359844003.0,0.022046589118943225,-0.02185637240987781,1.530195381882771,34.793,37.79866666666667,0.0,-0.0,1.0478782674660314,0.03576795912233233,1.0,-0.02185637240987781,1.5746199632363047,38.25,33.68,0.0,-0.0,1.022873307439296,34.793,1.7088349370564024,-0.19486961132338276,0.0,-0.0,0.8475467156124147,34.793,1.7088349370564024,38.2106698741128,31.375330125887196,0.0,-0.0,0.9116652558200344
2021-04-21,34.07,34.52,33.68,34.23,24120645.0,841046062.0,1359844003.0,0.01773780297356652,-0.00667440510737094,1.5199822380106571,34.8435,37.60166666666667,0.0,-0.0,1.0478782674660314,0.030403371462974116,1.0,-0.00667440510737094,1.564110311711512,38.25,33.68,0.0,-0.0,1.022873307439296,34.8435,1.674481145090161,-0.3663821487622475,0.0,-0.0,0.8475467156124147,34.8435,1.674481145090161,38.19246229018032,31.494537709819678,0.0,-0.0,0.9116652558200344
2021-04-22,34.56,35.57,34.56,35.24,43574731.0,1565079556.0,1359844003.0,0.03204391893766362,0.029506281040023508,1.5648312611012434,34.9865,37.41483333333334,0.0,0.0,1.0478782674660314,0.08832612723903632,1.0,0.029506281040023508,1.6102613901464706,38.25,33.68,0.0,0.0,1.022873307439296,34.9865,1.5720127058544187,0.1612582385981546,0.0,0.0,0.8475467156124147,34.9865,1.5720127058544187,38.13052541170884,31.84247458829116,0.0,0.0,0.9116652558200344
2021-04-23,34.96,36.06,34.75,36.0,43431824.0,1580898392.0,1359844003.0,0.03193882820689985,0.02156640181611791,1.5985790408525753,35.178000000000004,37.24400000000001,0.0,0.0,1.0478782674660314,0.11905502020516012,1.0,0.02156640181611791,1.64498893431535,38.25,33.68,0.0,0.0,1.022873307439296,35.178000000000004,1.4384626296297829,0.5714434167897388,0.0,0.0,0.8475467156124147,35.178000000000004,1.4384626296297829,38.05492525925957,32.30107474074044,0.0,0.0,0.9116652558200344
2021-04-26,36.37,36.71,35.32,35.4,45522406.0,1680591668.0,1359844003.0,0.03347619719583379,-0.01666666666666672,1.5719360568383656,35.293,37.11566666666666,0.0,-0.0,1.0478782674660314,0.06948640483383683,1.0,-0.01666666666666672,1.617572452076761,38.25,33.68,0.0,-0.0,1.022873307439296,35.293,1.3529892830319583,0.07908414452494368,0.0,-0.0,0.8475467156124147,35.293,1.3529892830319583,37.99897856606392,32.58702143393608,0.0,-0.0,0.9116652558200344
2021-04-27,35.2,35.58,34.05,34.6,33717687.0,1200160764.0,1359844003.0,0.024795261019362674,-0.022598870056497078,1.536412078152753,35.366,36.94466666666667,0.0,-0.0,1.0478782674660314,0.044055522027760974,1.0,-0.022598870056497078,1.5810171424253088,38.25,33.68,0.0,-0.0,1.022873307439296,35.366,1.2673901904055354,-0.6043916118325771,0.0,-0.0,0.8475467156124147,35.366,1.2673901904055354,37.90078038081107,32.83121961918893,0.0,-0.0,0.9116652558200344
2021-04-28,34.6,36.41,34.42,36.4,46501843.0,1698961960.0,1359844003.0,0.03419645407665191,0.052023121387283044,1.6163410301953816,35.507999999999996,36.787166666666664,0.0,0.0,1.0478782674660314,0.08462455303933236,1.0,0.052023121387283044,1.663266589141076,38.25,33.68,0.0,0.0,1.022873307439296,35.507999999999996,1.2122949094043773,0.7357945604492053,0.0,0.0,0.8475467156124147,35.507999999999996,1.2122949094043773,37.93258981880875,33.08341018119124,0.0,0.0,0.9116652558200344
2021-04-29,35.22,35.97,35.03,35.31,51739666.0,1877228197.0,1359844003.0,0.038048236331413965,-0.02994505494505484,1.5679396092362343,35.6045,36.658500000000004,0.0,-0.0,1.0478782674660314,0.05781905332534443,1.0,-0.02994505494505484,1.6134599797409725,38.25,33.68,0.0,-0.0,1.022873307439296,35.6045,1.1061572887106856,-0.2662370017407402,0.0,-0.0,0.8475467156124147,35.6045,1.1061572887106856,37.816814577421376,33.39218542257863,0.0,-0.0,0.9116652558200344
2021-04-30,35.37,36.22,35.2,35.93,41874550.0,1533353317.0,1359844003.0,0.03079364243811722,0.017558765222316586,1.5954706927175841,35.681,36.577666666666666,0.0,0.0,1.0478782674660314,0.044476744186046524,1.0,0.017558765222316586,1.641790344720848,38.25,33.68,0.0,0.0,1.022873307439296,35.681,1.0708132669288974,0.23253354033811766,0.0,0.0,0.8475467156124147,35.681,1.0708132669288974,37.82262653385779,33.5393734661422,0.0,0.0,0.9116652558200344
2021-05-06,35.63,36.1,35.27,35.35,30314012.0,1104869388.0,1359844003.0,0.02229227171140453,-0.01614249930420253,1.569715808170515,35.585,36.50366666666666,0.0,-0.0,1.0478782674660314,-0.05151596458277441,1.0,-0.01614249930420253,1.6152877452235452,38.25,33.68,0.0,-0.0,1.022873307439296,35.585,1.004895909770279,-0.23385506669414233,0.0,-0.0,0.8475467156124147,35.585,1.004895909770279,37.59479181954056,33.57520818045944,0.0,-0.0,0.9116652558200344
2021-05-07,35.5,35.9,33.74,33.81,42015029.0,1489652792.0,1359844003.0,0.030896947669960054,-0.04356435643564349,1.5013321492007103,35.39149999999999,36.39116666666666,0.0,-0.0,1.0478782674660314,-0.10270700636942665,0.0,-0.0006,1.614318572576411,38.25,33.68,0.0,-0.0,1.022873307439296,35.39149999999999,0.9514325763645907,-1.6622302402581994,0.0,-0.0,0.8475467156124147,35.39149999999999,0.9514325763645907,37.29436515272918,33.48863484727081,0.0,-0.0,0.9116652558200344
2021-05-10,33.39,33.59,32.37,32.69,34469022.0,1159132399.0,1359844003.0,0.025347776600813526,-0.03312629399585931,1.4515985790408523,35.138999999999996,36.265499999999996,0.0,-0.0,1.0478782674660314,-0.13381028086910451,0.0,-0.0,1.614318572576411,37.93,33.68,0.0,-0.0,1.022873307439296,35.138999999999996,0.9653682144513615,-2.5368558476848286,1.0,-0.033726293995859316,0.8189621059064454,35.138999999999996,0.9653682144513615,37.06973642890272,33.20826357109727,0.0,-0.0,0.9116652558200344
2021-05-11,32.23,33.12,32.23,33.06,21088748.0,707681166.0,1359844003.0,0.015508211201781504,0.01131844600795362,1.4680284191829485,34.9445,36.18233333333333,0.0,0.0,1.0478782674660314,-0.105277401894452,0.0,0.0,1.614318572576411,37.93,32.37,0.0,0.0,1.022873307439296,34.9445,0.9731310021614414,-1.9365326927354012,1.0,0.01131844600795362,0.8282314842847075,34.9445,0.9731310021614414,36.89076200432288,32.998237995677115,1.0,0.01071844600795362,0.9214368906418687
2021-05-12,33.02,34.36,32.49,33.93,27058873.0,929131375.0,1359844003.0,0.019898512579608,0.02631578947368407,1.5066607460035522,34.822500000000005,36.074333333333335,0.0,0.0,1.0478782674660314,-0.06708825955457787,0.0,0.0,1.614318572576411,37.49,32.23,0.0,0.0,1.022873307439296,34.822500000000005,0.9373022598474255,-0.9522008408955367,1.0,0.02631578947368407,0.8500270496606207,34.822500000000005,0.9373022598474255,36.697104519694854,32.94789548030516,1.0,0.02631578947368407,0.9456852298692862
2021-05-13,33.29,34.6,33.12,33.56,24231928.0,842853165.0,1359844003.0,0.017819638095650004,-0.010904804008252222,1.4902309058614562,34.7455,35.98183333333334,0.0,-0.0,1.0478782674660314,-0.043874643874643904,0.0,-0.0,1.614318572576411,36.71,32.23,0.0,-0.0,1.022873307439296,34.7455,0.9757721638726782,-1.2149352521954964,1.0,-0.010904804008252222,0.8407576712823588,34.7455,0.9757721638726782,36.69704432774536,32.79395567225464,1.0,-0.010904804008252222,0.9353727177840626
2021-05-14,34.46,34.57,33.7,34.08,23939213.0,834082091.0,1359844003.0,0.017604381787313,0.015494636471990342,1.5133214920071043,34.698,35.88616666666667,0.0,0.0,1.0478782674660314,-0.027119611761347473,0.0,0.0,1.614318572576411,36.71,32.23,0.0,0.0,1.022873307439296,34.698,0.9842795922850199,-0.6278703783396603,1.0,0.015494636471990342,0.8537849057599161,34.698,0.9842795922850199,36.66655918457004,32.72944081542996,1.0,0.015494636471990342,0.9498659780119443
2021-05-17,34.66,35.34,34.17,34.41,39813873.0,1420766960.0,1359844003.0,0.02927826494227662,0.009683098591549255,1.5279751332149196,34.653999999999996,35.779999999999994,0.0,0.0,1.0478782674660314,-0.024936242561632294,0.0,0.0,1.614318572576411,36.71,32.23,0.0,0.0,1.022873307439296,34.653999999999996,0.976057591052864,-0.24998524906383782,1.0,0.009683098591549255,0.8620521891783659,34.653999999999996,0.976057591052864,36.606115182105725,32.70188481789427,1.0,0.009683098591549255,0.9590636239257923
2021-05-18,32.21,33.08,32.17,32.68,56798461.0,1892839788.0,1359844003.0,0.04176836524976019,-0.05027608253414695,1.451154529307282,34.548,35.643166666666666,0.0,-0.0,1.0478782674660314,-0.060919540229884994,0.0,-0.0,1.614318572576411,36.71,32.23,0.0,-0.0,1.022873307439296,34.548,1.0699660594712035,-1.7458497710882543,1.0,-0.05027608253414695,0.8187115821664923,34.548,1.0699660594712035,36.687932118942406,32.4080678810576,1.0,-0.05027608253414695,0.910845662013801
2021-05-19,32.44,32.91,32.37,32.62,26204500.0,876287888.0,1359844003.0,0.019270225071544474,-0.001835985312117594,1.448490230905861,34.4495,35.48833333333334,0.0,-0.0,1.0478782674660314,-0.05695287655391745,0.0,-0.0,1.614318572576411,36.71,32.17,0.0,-0.0,1.022873307439296,34.4495,1.1533268811295951,-1.5862805505826312,1.0,-0.001835985312117594,0.817208439726774,34.4495,1.1533268811295951,36.75615376225919,32.14284623774081,1.0,-0.001835985312117594,0.9091733627567377
2021-05-20,32.41,32.53,31.24,31.3,56105918.0,1815938834.0,1359844003.0,0.04125908403921534,-0.040465971796443845,1.3898756660746,34.253,35.30866666666667,0.0,-0.0,1.0478782674660314,-0.11155265398807823,0.0,-0.0,1.614318572576411,36.71,32.17,0.0,-0.0,1.022873307439296,34.253,1.333989268480193,-2.2136609864668078,1.0,-0.040465971796443845,0.7841393060529745,34.253,1.333989268480193,36.920978536960384,31.585021463039613,1.0,-0.040465971796443845,0.8723827791013455
2021-05-21,31.42,31.73,30.97,31.09,28827993.0,924932260.0,1359844003.0,0.02119948533537784,-0.006709265175718904,1.3805506216696264,34.084500000000006,35.146499999999996,0.0,-0.0,1.0478782674660314,-0.09779454439930357,0.0,-0.0,1.614318572576411,36.71,31.24,0.0,-0.0,1.022873307439296,34.084500000000006,1.5079594961750546,-1.9857960426626624,1.0,-0.006709265175718904,0.7788783075139609,34.084500000000006,1.5079594961750546,37.100418992350114,31.068581007649897,1.0,-0.006709265175718904,0.866529731701624
2021-05-24,30.94,31.66,30.44,31.59,31468194.0,1002673386.0,1359844003.0,0.02314103230265891,0.01608234158893529,1.4027531083481344,33.9525,35.01116666666667,0.0,0.0,1.0478782674660314,-0.07712532865907096,0.0,0.0,1.614318572576411,36.71,30.97,0.0,0.0,1.022873307439296,33.9525,1.6068566077575164,-1.4702618694128775,1.0,0.01608234158893529,0.7914044945116122,33.9525,1.6068566077575164,37.166213215515036,30.73878678448497,1.0,0.01608234158893529,0.8804655588438179
2021-05-25,31.63,32.62,31.44,32.48,42818341.0,1406692928.0,1359844003.0,0.031487686018055704,0.028173472617917028,1.4422735346358786,33.814499999999995,34.88616666666667,0.0,0.0,1.0478782674660314,-0.07832009080590252,0.0,0.0,1.614318572576411,36.71,30.44,0.0,0.0,1.022873307439296,33.814499999999995,1.6089796537915078,-0.8294076291488789,1.0,0.028173472617917028,0.8137011073674316,33.814499999999995,1.6089796537915078,37.03245930758301,30.59654069241698,1.0,0.028173472617917028,0.9052713311569233
2021-05-26,32.53,33.11,32.13,32.19,31283241.0,1041863249.0,1359844003.0,0.02300502184881864,-0.008928571428571397,1.429396092362344,33.624,34.778333333333336,0.0,-0.0,1.0478782674660314,-0.10583333333333345,0.0,-0.0,1.614318572576411,36.71,30.44,0.0,-0.0,1.022873307439296,33.624,1.561448045885371,-0.9183782987713172,1.0,-0.008928571428571397,0.8064359189087938,33.624,1.561448045885371,36.74689609177074,30.50110390822926,1.0,-0.008928571428571397,0.8971885514144508
2021-05-27,32.04,34.41,31.94,34.07,71564934.0,2453805829.0,1359844003.0,0.052627311546117106,0.05840323081702392,1.512877442273534,33.5575,34.7025,0.0,0.0,1.0478782674660314,-0.037570621468926535,0.0,0.0,1.614318572576411,36.71,30.44,0.0,0.0,1.022873307439296,33.5575,1.5092796294919115,0.33956596907925696,1.0,0.05840323081702392,0.8535343820199629,33.5575,1.5092796294919115,36.57605925898382,30.538940741016173,1.0,0.05840323081702392,0.9495872614691002
2021-05-28,33.97,34.05,33.34,33.44,40132509.0,1381666457.0,1359844003.0,0.02951258299588942,-0.01849134135603181,1.4849023090586138,33.4995,34.60133333333333,0.0,-0.0,1.0478782674660314,-0.03352601156069379,0.0,-0.0,1.614318572576411,36.41,30.44,0.0,-0.0,1.022873307439296,33.4995,1.4892650076991447,-0.03995259385831204,0.0,-0.0006,0.8530222613907509,33.4995,1.4892650076991447,36.47803001539829,30.52096998460171,0.0,-0.0006,0.9490175091122187
2021-05-31,33.83,34.32,33.55,33.83,31474790.0,1091174791.0,1359844003.0,0.02314588285903556,0.01166267942583743,1.5022202486678502,33.370999999999995,34.5095,0.0,0.0,1.0478782674660314,-0.07060439560439558,0.0,0.0,1.614318572576411,36.41,30.44,0.0,0.0,1.022873307439296,33.370999999999995,1.3279659951255374,0.3456413806413863,0.0,0.0,0.8530222613907509,33.370999999999995,1.3279659951255374,36.02693199025107,30.71506800974892,0.0,0.0,0.9490175091122187
2021-06-01,33.76,34.93,33.29,34.5,48909290.0,1726420138.0,1359844003.0,0.035966838763931364,0.019804906887378015,1.5319715808170509,33.330499999999994,34.42066666666667,0.0,0.0,1.0478782674660314,-0.022939677145284665,0.0,0.0,1.614318572576411,36.22,30.44,0.0,0.0,1.022873307439296,33.330499999999994,1.2770956976874763,0.9157496984115594,0.0,0.0,0.8530222613907509,33.330499999999994,1.2770956976874763,35.884691395374944,30.77630860462504,0.0,0.0,0.9490175091122187
2021-06-02,34.7,35.11,33.85,34.1,35334570.0,1244206437.0,1359844003.0,0.02598428196325987,-0.011594202898550732,1.5142095914742444,33.239,34.3295,0.0,-0.0,1.0478782674660314,-0.05093236849429439,0.0,-0.0,1.614318572576411,36.22,30.44,0.0,-0.0,1.022873307439296,33.239,1.1391543493215368,0.7558238271335248,0.0,-0.0,0.8530222613907509,33.239,1.1391543493215368,35.51730869864307,30.960691301356924,0.0,-0.0,0.9490175091122187
2021-06-03,34.02,34.41,33.56,33.62,28650099.0,996731301.0,1359844003.0,0.021068665918145026,-0.014076246334310927,1.4928952042628767,33.152499999999996,34.23733333333334,0.0,-0.0,1.0478782674660314,-0.04893917963224903,0.0,-0.0,1.614318572576411,36.1,30.44,0.0,-0.0,1.022873307439296,33.152499999999996,1.030967225983374,0.4534576737432974,0.0,-0.0,0.8530222613907509,33.152499999999996,1.030967225983374,35.214434451966746,31.090565548033247,0.0,-0.0,0.9490175091122187
2021-06-04,33.25,34.36,33.2,33.96,38181377.0,1325595983.0,1359844003.0,0.028077762534354466,0.010113027959548049,1.5079928952042623,33.160000000000004,34.17933333333334,0.0,0.0,1.0478782674660314,0.004436557231588312,0.0,0.0,1.614318572576411,35.9,30.44,0.0,0.0,1.022873307439296,33.160000000000004,1.0365326815876197,0.7718039326793498,0.0,0.0,0.8530222613907509,33.160000000000004,1.0365326815876197,35.23306536317524,31.086934636824765,0.0,0.0,0.9490175091122187
2021-06-07,35.62,36.8,35.05,36.08,87805461.0,3224118458.0,1359844003.0,0.06457024541512796,0.0624263839811543,1.602131438721136,33.329499999999996,34.1975,0.0,0.0,1.0478782674660314,0.10370143774854701,1.0,0.061826383981154295,1.7141260525124293,35.34,30.44,0.0,0.0,1.022873307439296,33.329499999999996,1.2170822529827414,2.25991299541117,0.0,0.0,0.8530222613907509,33.329499999999996,1.2170822529827414,35.76366450596548,30.895335494034512,0.0,0.0,0.9490175091122187
2021-06-08,36.34,36.56,34.95,35.0,62716090.0,2280616490.0,1359844003.0,0.046120062199516865,-0.029933481152993324,1.5541740674955589,33.4265,34.20633333333333,0.0,-0.0,1.0478782674660314,0.05868118572292791,1.0,-0.029933481152993324,1.6628162926256937,36.8,31.44,1.0,-0.030533481152993324,0.9916414245846982,33.4265,1.2706039798786424,1.2383874322117978,0.0,-0.0,0.8530222613907509,33.4265,1.2706039798786424,35.967707959757284,30.885292040242714,0.0,-0.0,0.9490175091122187
2021-06-09,35.14,35.77,34.38,34.57,46798024.0,1673078723.0,1359844003.0,0.03441425920675991,-0.012285714285714233,1.535079928952042,33.4585,34.181333333333335,0.0,-0.0,1.0478782674660314,0.018862363689949868,1.0,-0.012285714285714233,1.6423874067448638,36.8,31.94,1.0,-0.012285714285714233,0.9794584013683719,33.4585,1.2918337639508601,0.8604048222123103,0.0,-0.0,0.8530222613907509,33.4585,1.2918337639508601,36.04216752790172,30.87483247209828,0.0,-0.0,0.9490175091122187
2021-06-10,34.68,34.98,34.36,34.77,44517250.0,1580624095.0,1359844003.0,0.032737027116190476,0.005785363031530322,1.5439609236234453,33.519,34.17333333333333,0.0,0.0,1.0478782674660314,0.03605482717520858,1.0,0.005785363031530322,1.6518892141312964,36.8,31.94,1.0,0.005785363031530322,0.9851249237945703,33.519,1.32475181389583,0.9443278256936777,0.0,0.0,0.8530222613907509,33.519,1.32475181389583,36.16850362779166,30.86949637220834,0.0,0.0,0.9490175091122187
2021-06-11,34.8,34.93,33.04,33.08,63649395.0,2187875241.0,1359844003.0,0.046806394600837166,-0.04860511935576661,1.468916518650088,33.469,34.1705,0.0,-0.0,1.0478782674660314,-0.02934272300469487,1.0,-0.04860511935576661,1.5715989417159413,36.8,33.2,1.0,-0.04860511935576661,0.9372428092931947,33.469,1.3213306690005127,-0.2944001899950239,0.0,-0.0,0.8530222613907509,33.469,1.3213306690005127,36.11166133800103,30.826338661998975,0.0,-0.0,0.9490175091122187
2021-06-15,32.75,33.63,32.7,33.09,35936810.0,1224362974.0,1359844003.0,0.026427156291985353,0.0003022974607014284,1.4693605683836584,33.403000000000006,34.17516666666667,0.0,0.0,1.0478782674660314,-0.038360941586747854,0.0,-0.0006,1.5706559823509116,36.8,33.04,0.0,-0.0006,0.9366804636076187,33.403000000000006,1.3047165451381115,-0.23989885095453403,0.0,0.0,0.8530222613907509,33.403000000000006,1.3047165451381115,36.01243309027623,30.793566909723783,0.0,0.0,0.9490175091122187
2021-06-16,33.0,34.08,32.71,32.74,34067292.0,1162945143.0,1359844003.0,0.02505235300875905,-0.010577213659715978,1.4538188277087027,33.406,34.167833333333334,0.0,-0.0,1.0478782674660314,0.001835985312117483,0.0,-0.0,1.5706559823509116,36.8,32.7,0.0,-0.0,0.9366804636076187,33.406,1.3030345150331422,-0.5111146269084494,0.0,-0.0,0.8530222613907509,33.406,1.3030345150331422,36.012069030066286,30.799930969933715,0.0,-0.0,0.9490175091122187
2021-06-17,32.61,35.34,32.61,34.94,83711094.0,2944257066.0,1359844003.0,0.061559336082169715,0.0671960904092852,1.5515097690941377,33.522,34.199666666666666,0.0,0.0,1.0478782674660314,0.0711220110361741,1.0,0.0665960904092852,1.6752555301534378,36.8,32.7,0.0,0.0,0.9366804636076187,33.522,1.332317332201097,1.0643110058902765,0.0,0.0,0.8530222613907509,33.522,1.332317332201097,36.18663466440219,30.857365335597805,0.0,0.0,0.9490175091122187
2021-06-18,35.05,35.2,34.27,35.0,67826801.0,2420029109.0,1359844003.0,0.049878369026421336,0.0017172295363481194,1.5541740674955589,33.707,34.23116666666667,0.0,0.0,1.0478782674660314,0.11821086261980818,1.0,0.0017172295363481194,1.6781323284307477,36.8,32.61,0.0,0.0,0.9366804636076187,33.707,1.2626000741991366,1.024077240625972,0.0,0.0,0.8530222613907509,33.707,1.2626000741991366,36.23220014839828,31.181799851601728,0.0,0.0,0.9490175091122187
2021-06-21,34.61,34.8,34.02,34.42,55099987.0,1937266281.0,1359844003.0,0.04051934404125912,-0.01657142857142857,1.5284191829484897,33.87349999999999,34.25033333333333,0.0,-0.0,1.0478782674660314,0.10710839498230951,1.0,-0.01657142857142857,1.6503232784167525,36.8,32.61,0.0,-0.0,0.9366804636076187,33.87349999999999,1.1096290276243757,0.4925069427662868,0.0,-0.0,0.8530222613907509,33.87349999999999,1.1096290276243757,36.092758055248744,31.65424194475124,0.0,-0.0,0.9490175091122187
2021-06-22,34.66,34.79,33.59,33.93,46845591.0,1631569504.0,1359844003.0,0.03444923895435968,-0.014235909355026166,1.5066607460035517,33.990500000000004,34.262166666666666,0.0,-0.0,1.0478782674660314,0.07407407407407396,1.0,-0.014235909355026166,1.626829425818722,36.8,32.61,0.0,-0.0,0.9366804636076187,33.990500000000004,0.9708730471505853,-0.06231504744885655,0.0,-0.0,0.8530222613907509,33.990500000000004,0.9708730471505853,35.93224609430118,32.04875390569883,0.0,-0.0,0.9490175091122187
2021-06-23,33.93,36.22,33.83,36.13,116345425.0,4218596640.0,1359844003.0,0.08555792042567106,0.06483937518420291,1.6043516873889871,34.173,34.324666666666666,0.0,0.0,1.0478782674660314,0.11237684729064057,1.0,0.06483937518420291,1.7323120293200833,36.8,32.61,0.0,0.0,0.9366804636076187,34.173,1.0140855356839802,1.9298174869243587,0.0,0.0,0.8530222613907509,34.173,1.0140855356839802,36.20117107136796,32.144828928632045,0.0,0.0,0.9490175091122187
2021-06-24,36.1,36.12,35.1,35.2,70074761.0,2546566497.0,1359844003.0,0.05153147040793325,-0.025740381954054814,1.5630550621669623,34.3235,34.37516666666667,0.0,-0.0,1.0478782674660314,0.09350730040385224,1.0,-0.025740381954054814,1.6877216560217805,36.8,32.61,0.0,-0.0,0.9366804636076187,34.3235,0.9236214478597952,0.9489818605133257,0.0,-0.0,0.8530222613907509,34.3235,0.9236214478597952,36.17074289571959,32.476257104280414,0.0,-0.0,0.9490175091122187
2021-06-25,34.95,36.9,34.73,36.45,122275886.0,4542735815.0,1359844003.0,0.08991905375193246,0.035511363636363535,1.6185612788632322,34.4425,34.431000000000004,0.0,0.0,1.0478782674660314,0.0698561784561198,1.0,0.035511363636363535,1.7476549534657355,36.8,32.61,0.0,0.0,0.9366804636076187,34.4425,1.035754873458964,1.9381999075667744,0.0,0.0,0.8530222613907509,34.4425,1.035754873458964,36.51400974691793,32.37099025308208,0.0,0.0,0.9490175091122187
2021-06-28,36.95,37.28,36.03,36.43,84946769.0,3173349718.0,1359844003.0,0.06246802487093808,-0.0005486968449932572,1.6176731793960917,34.592,34.48583333333333,1.0,-0.001148696844993257,1.046674573006256,0.08941387559808622,1.0,-0.0005486968449932572,1.746696020706632,36.9,32.61,0.0,-0.0,0.9366804636076187,34.592,1.0973921239390545,1.6748798901549957,0.0,-0.0,0.8530222613907509,34.592,1.0973921239390545,36.78678424787811,32.39721575212189,0.0,-0.0,0.9490175091122187
2021-06-29,36.12,36.23,35.05,35.39,65986436.0,2396576467.0,1359844003.0,0.04852500423168024,-0.028547900082349642,1.571492007104795,34.67,34.516333333333336,1.0,-0.028547900082349642,1.0167942118773374,0.04611291752882063,1.0,-0.028547900082349642,1.6968315172332613,37.28,32.61,0.0,-0.0,0.9366804636076187,34.67,1.0958198084679969,0.6570423298029169,0.0,-0.0,0.8530222613907509,34.67,1.0958198084679969,36.861639616935996,32.47836038306401,0.0,-0.0,0.9490175091122187
2021-06-30,36.12,37.09,35.82,36.78,100225381.0,3761559624.0,1359844003.0,0.07370358716065169,0.039276631816897334,1.633214920071047,34.784000000000006,34.573,1.0,0.039276631816897334,1.056730463770796,0.06608695652173924,1.0,0.039276631816897334,1.7634773439909395,37.28,32.61,0.0,0.0,0.9366804636076187,34.784000000000006,1.1916127947579433,1.675040758861145,0.0,0.0,0.8530222613907509,34.784000000000006,1.1916127947579433,37.167225589515894,32.40077441048412,0.0,0.0,0.9490175091122187
2021-07-01,36.41,37.93,36.04,36.7,108436094.0,4114625890.0,1359844003.0,0.07974156870992209,-0.002175095160413254,1.6296625222024859,34.914,34.61133333333334,1.0,-0.002175095160413254,1.054431974453187,0.07624633431085037,1.0,-0.002175095160413254,1.7596416129545263,37.28,32.61,0.0,-0.0,0.9366804636076187,34.914,1.2532920859204508,1.4250468985354805,0.0,-0.0,0.8530222613907509,34.914,1.2532920859204508,37.4205841718409,32.4074158281591,0.0,-0.0,0.9490175091122187
2021-07-02,37.78,39.44,37.39,38.16,145009502.0,5698398578.0,1359844003.0,0.10663686546404544,0.03978201634877365,1.6944937833037288,35.141000000000005,34.62616666666667,1.0,0.03978201634877365,1.0963794044995534,0.13503866745984539,1.0,0.03978201634877365,1.8296437043690656,37.93,33.59,0.0,0.0,0.9366804636076187,35.141000000000005,1.4081637913102099,2.1439267353913407,0.0,0.0,0.8530222613907509,35.141000000000005,1.4081637913102099,37.95732758262042,32.32467241737959,0.0,0.0,0.9490175091122187
2021-07-05,38.61,39.19,37.17,39.19,117843656.0,4611385150.0,1359844003.0,0.08665968724355215,0.02699161425576513,1.7402309058614551,35.402499999999996,34.65133333333333,1.0,0.02699161425576513,1.1259724544637708,0.1540047114252061,1.0,0.02699161425576513,1.8790287414628846,39.44,33.59,1.0,0.02639161425576513,0.9614009730840622,35.402499999999996,1.6432889837791065,2.3048289359853236,0.0,0.0,0.8530222613907509,35.402499999999996,1.6432889837791065,38.68907796755821,32.11592203244178,0.0,0.0,0.9490175091122187
2021-07-06,39.19,40.59,38.51,39.44,113121583.0,4569362365.0,1359844003.0,0.0831871764337957,0.006379178361826998,1.751332149200709,35.5705,34.67966666666667,1.0,0.006379178361826998,1.1331552335812993,0.09312638580931254,1.0,0.006379178361826998,1.8910154009516755,39.44,33.59,1.0,0.006379178361826998,0.9675339213685995,35.5705,1.8720309123626522,2.0670064657833978,0.0,0.0,0.8530222613907509,35.5705,1.8720309123626522,39.31456182472531,31.8264381752747,0.0,0.0,0.9490175091122187
2021-07-07,38.68,39.95,38.28,39.56,77821023.0,3122065689.0,1359844003.0,0.05722790469224138,0.0030425963488844854,1.756660746003551,35.798500000000004,34.723166666666664,1.0,0.0030425963488844854,1.1366029675577132,0.13028571428571434,1.0,0.0030425963488844854,1.8967689975062954,40.59,33.83,1.0,0.0030425963488844854,0.9704777365451774,35.798500000000004,2.0664800354325563,1.8202450231814795,0.0,0.0,0.8530222613907509,35.798500000000004,2.0664800354325563,39.931460070865114,31.66553992913489,0.0,0.0,0.9490175091122187
2021-07-08,39.6,41.98,39.05,41.34,117502124.0,4892091157.0,1359844003.0,0.08640853196453005,0.0449949443882709,1.8357015985790393,36.137,34.806000000000004,1.0,0.0449949443882709,1.1877443548745161,0.19583453861729838,1.0,0.0449949443882709,1.9821140130664874,40.59,34.73,1.0,0.0449949443882709,1.0141443283310827,36.137,2.3846418687309194,2.1818789933303417,0.0,0.0,0.8530222613907509,36.137,2.3846418687309194,40.90628373746184,31.36771626253816,0.0,0.0,0.9490175091122187
2021-07-09,40.81,41.39,40.03,40.93,79275097.0,3299403873.0,1359844003.0,0.05829719940309947,-0.009917755200774203,1.8174955595026625,36.44500000000001,34.90316666666667,1.0,-0.009917755200774203,1.1759645971217692,0.17716422203048587,1.0,-0.009917755200774203,1.9624558915048698,41.98,34.73,1.0,-0.009917755200774203,1.0040862931444414,36.44500000000001,2.587934555423904,1.7330422790638726,0.0,-0.0,0.8530222613907509,36.44500000000001,2.587934555423904,41.62086911084781,31.2691308891522,0.0,-0.0,0.9490175091122187
2021-07-12,40.92,41.1,39.56,40.44,86090521.0,3554683655.0,1359844003.0,0.0633091154647685,-0.01197165892988028,1.7957371225577248,36.813,34.99333333333333,1.0,-0.01197165892988028,1.1618863500514132,0.2224909310761789,1.0,-0.01197165892988028,1.9389620389068394,41.98,35.05,1.0,-0.01197165892988028,0.9920657145067484,36.813,2.6074692307816214,1.3910039501838174,0.0,-0.0,0.8530222613907509,36.813,2.6074692307816214,42.027938461563245,31.59806153843676,0.0,-0.0,0.9490175091122187
2021-07-13,39.98,39.98,37.6,37.64,121920869.0,4794502199.0,1359844003.0,0.08965798189426585,-0.069238377843719,1.6714031971580803,37.040499999999994,35.0325,1.0,-0.069238377843719,1.0814392239350938,0.13750377757630705,1.0,-0.069238377843719,1.8047114526323798,41.98,35.05,1.0,-0.069238377843719,0.9233766937199311,37.040499999999994,2.459857665972021,0.2437132880869803,0.0,-0.0,0.8530222613907509,37.040499999999994,2.459857665972021,41.960215331944035,32.120784668055954,0.0,-0.0,0.9490175091122187
2021-07-14,37.44,38.45,37.3,37.68,61586706.0,2393155344.0,1359844003.0,0.04528953752351842,0.0010626992561104665,1.6731793960923609,37.2875,35.0805,1.0,0.0010626992561104665,1.0825884685938982,0.15088576664630415,1.0,0.0010626992561104665,1.8066293181505861,41.98,35.82,1.0,0.0010626992561104665,0.924357965445457,37.2875,2.243840399146364,0.17492331457679394,0.0,0.0,0.8530222613907509,37.2875,2.243840399146364,41.77518079829273,32.79981920170727,0.0,0.0,0.9490175091122187
2021-07-15,37.66,37.92,36.72,37.25,55117386.0,2101277774.0,1359844003.0,0.04053213889122839,-0.011411889596602998,1.654085257548844,37.403000000000006,35.124833333333335,1.0,-0.011411889596602998,1.0702340885117492,0.06611333714939893,1.0,-0.011411889596602998,1.7860122638298654,41.98,36.04,1.0,-0.011411889596602998,0.9138092943960529,37.403000000000006,2.1750428912889452,-0.07034344040421978,0.0,-0.0,0.8530222613907509,37.403000000000006,2.1750428912889452,41.7530857825779,33.05291421742211,0.0,-0.0,0.9490175091122187
2021-07-16,37.26,37.61,36.56,36.57,51632446.0,1955081235.0,1359844003.0,0.037969389052047026,-0.01825503355704694,1.6238898756660733,37.4815,35.147166666666664,1.0,-0.01825503355704694,1.0506969293120716,0.04485714285714293,1.0,-0.01825503355704694,1.7534085500203538,41.98,36.72,1.0,-0.01825503355704694,0.8971276750621116,37.4815,2.1111440525282785,-0.4317564208412951,0.0,-0.0,0.8530222613907509,37.4815,2.1111440525282785,41.70378810505655,33.25921189494344,0.0,-0.0,0.9490175091122187
2021-07-19,36.17,36.66,35.69,36.32,39863744.0,1476527680.0,1359844003.0,0.02931493900186726,-0.006836204539239832,1.6127886323268192,37.5765,35.17816666666667,1.0,-0.006836204539239832,1.043514150194543,0.055200464846019814,1.0,-0.006836204539239832,1.7414218905315626,41.98,36.56,0.0,-0.0006,0.8965893984570742,37.5765,2.006272466671843,-0.626285821528708,0.0,-0.0,0.8530222613907509,37.5765,2.006272466671843,41.589044933343686,33.56395506665632,0.0,-0.0,0.9490175091122187
2021-07-20,35.94,37.39,35.81,37.37,52371515.0,1972717491.0,1359844003.0,0.03851288448120619,0.028909691629955825,1.6594138543516859,37.7485,35.2305,1.0,0.028909691629955825,1.0736818224881628,0.10138520483348068,1.0,0.028909691629955825,1.7917658603844848,41.98,35.69,0.0,0.0,0.8965893984570742,37.7485,1.8155969730147319,-0.20847137642640878,0.0,0.0,0.8530222613907509,37.7485,1.8155969730147319,41.37969394602946,34.11730605397054,0.0,0.0,0.9490175091122187
2021-07-21,37.43,38.3,36.46,36.61,96439297.0,3691576995.0,1359844003.0,0.07091938250802435,-0.020337168852020304,1.6256660746003537,37.7725,35.25333333333333,1.0,-0.020337168852020304,1.0518461739708762,0.01328535842789913,1.0,-0.020337168852020304,1.7553264155385602,41.98,35.69,0.0,-0.0,0.8965893984570742,37.7725,1.7961446284514493,-0.6472195955635565,0.0,-0.0,0.8530222613907509,37.7725,1.7961446284514493,41.3647892569029,34.1802107430971,0.0,-0.0,0.9490175091122187
2021-07-22,36.46,37.03,35.49,36.14,98088276.0,3624741367.0,1359844003.0,0.07213200615923884,-0.012838022398251825,1.6047957371225563,37.8195,35.25566666666666,1.0,-0.012838022398251825,1.0383425492299225,0.02670454545454537,1.0,-0.012838022398251825,1.732791495699633,41.98,35.69,0.0,-0.0,0.8965893984570742,37.8195,1.7365982324797629,-0.9671206434442625,0.0,-0.0,0.8530222613907509,37.8195,1.7365982324797629,41.292696464959526,34.34630353504047,0.0,-0.0,0.9490175091122187
2021-07-23,36.32,36.6,35.06,35.07,75854712.0,2760726193.0,1359844003.0,0.05578192192093669,-0.029607083563918057,1.5572824156305494,37.7505,35.25016666666667,1.0,-0.029607083563918057,1.0076002546069005,-0.037860082304526865,1.0,-0.029607083563918057,1.6814885930876076,41.98,35.49,0.0,-0.0,0.8965893984570742,37.7505,1.819321663639687,-1.4733513339457875,0.0,-0.0,0.8530222613907509,37.7505,1.819321663639687,41.38914332727938,34.11185667272063,0.0,-0.0,0.9490175091122187
2021-07-26,34.95,36.12,33.73,36.03,82933222.0,2989042368.0,1359844003.0,0.06098730576230662,0.0273738237810095,1.5999111900532847,37.73049999999999,35.273999999999994,1.0,0.0273738237810095,1.0351821264182102,-0.010979961570134478,0.0,-0.0006,1.6804796999317548,41.98,35.06,0.0,0.0,0.8965893984570742,37.73049999999999,1.8367175383789087,-0.9258364252898986,0.0,0.0,0.8530222613907509,37.73049999999999,1.8367175383789087,41.40393507675781,34.05706492324217,0.0,0.0,0.9490175091122187
2021-07-27,35.87,39.25,35.68,37.22,158585491.0,6077552221.0,1359844003.0,0.11662035545999315,0.03302803219539263,1.6527531083481335,37.821999999999996,35.287666666666674,1.0,0.03302803219539263,1.0693721550176458,0.05170952246397276,0.0,0.0,1.6804796999317548,41.98,33.73,0.0,0.0,0.8965893984570742,37.821999999999996,1.7578743144099818,-0.3424590683561207,0.0,0.0,0.8530222613907509,37.821999999999996,1.7578743144099818,41.33774862881996,34.30625137118003,0.0,0.0,0.9490175091122187
2021-07-28,36.54,36.91,33.73,35.38,79936431.0,2898937810.0,1359844003.0,0.05878353018702837,-0.049435787211176696,1.5710479573712244,37.751999999999995,35.28883333333333,1.0,-0.049435787211176696,1.016506900712636,-0.03806416530723211,1.0,-0.0500357872111767,1.5963955752532675,41.98,33.73,0.0,-0.0,0.8965893984570742,37.751999999999995,1.828026258016882,-1.2975743590101576,0.0,-0.0,0.8530222613907509,37.751999999999995,1.828026258016882,41.40805251603376,34.09594748396623,0.0,-0.0,0.9490175091122187
2021-07-29,35.78,37.62,35.64,37.05,94279898.0,3545221002.0,1359844003.0,0.06933140697904008,0.04720180893159953,1.6452042628774406,37.7695,35.3075,1.0,0.04720180893159953,1.064487865217726,0.009536784741144277,0.0,-0.0006,1.5954377379081155,41.98,33.73,0.0,0.0,0.8965893984570742,37.7695,1.8190786418575648,-0.39552990367985474,0.0,0.0,0.8530222613907509,37.7695,1.8190786418575648,41.40765728371513,34.13134271628487,0.0,0.0,0.9490175091122187
2021-07-30,37.34,38.59,36.75,38.3,106541491.0,4131616390.0,1359844003.0,0.07834831845781946,0.03373819163292846,1.7007104795737105,37.7765,35.35666666666667,1.0,0.03373819163292846,1.1004017608053687,0.0036687631027254586,1.0,0.03313819163292846,1.6483076594053205,41.98,33.73,0.0,0.0,0.8965893984570742,37.7765,1.8209288404834683,0.2874906412383506,0.0,0.0,0.8530222613907509,37.7765,1.8209288404834683,41.418357680966935,34.13464231903306,0.0,0.0,0.9490175091122187
2021-08-02,38.61,39.23,37.17,38.29,102468623.0,4003529538.0,1359844003.0,0.07535321902655036,-0.0002610966057440267,1.7002664298401404,37.7315,35.431333333333335,1.0,-0.0002610966057440267,1.1001144496406676,-0.022965042102577105,1.0,-0.0002610966057440267,1.647877291870228,41.98,33.73,0.0,-0.0,0.8965893984570742,37.7315,1.7950964642014868,0.31112534124924585,0.0,-0.0,0.8530222613907509,37.7315,1.7950964642014868,41.32169292840297,34.141307071597026,0.0,-0.0,0.9490175091122187
2021-08-03,37.56,37.9,35.25,35.81,100457920.0,3748744812.0,1359844003.0,0.07387459133428263,-0.06476886915643765,1.590142095914741,37.55,35.483333333333334,1.0,-0.06476886915643765,1.0288612807947848,-0.09203853955375241,0.0,-0.0006,1.6468885654951058,41.98,33.73,0.0,-0.0,0.8965893984570742,37.55,1.7967719592879392,-0.9684033585929052,0.0,-0.0,0.8530222613907509,37.55,1.7967719592879392,41.14354391857587,33.95645608142412,0.0,-0.0,0.9490175091122187
2021-08-04,35.34,36.8,35.32,36.48,65716585.0,2441837570.0,1359844003.0,0.048326561616641554,0.018709857581680867,1.6198934280639412,37.396,35.540333333333336,1.0,0.018709857581680867,1.0481111288297609,-0.07785642062689602,0.0,0.0,1.6468885654951058,41.98,33.73,0.0,0.0,0.8965893984570742,37.396,1.7467244533093038,-0.5244101313544741,0.0,0.0,0.8530222613907509,37.396,1.7467244533093038,40.88944890661861,33.90255109338139,0.0,0.0,0.9490175091122187
2021-08-05,36.27,37.02,35.76,36.09,50053673.0,1859752176.0,1359844003.0,0.03680839338157525,-0.01069078947368407,1.6025754884547052,37.1335,35.57633333333333,1.0,-0.01069078947368407,1.0369059934064166,-0.12699564586357037,0.0,-0.0,1.6468885654951058,41.98,33.73,0.0,-0.0,0.8965893984570742,37.1335,1.4998641166519948,-0.6957296920532382,0.0,-0.0,0.8530222613907509,37.1335,1.4998641166519948,40.13322823330399,34.13377176669601,0.0,-0.0,0.9490175091122187
2021-08-06,36.97,39.39,36.49,37.91,138015409.0,5368040428.0,1359844003.0,0.10149356006683069,0.050429481850928104,1.683392539964474,36.9825,35.64883333333333,1.0,0.050429481850928104,1.0891966253820242,-0.07378451013926224,0.0,0.0,1.6468885654951058,41.39,33.73,0.0,0.0,0.8965893984570742,36.9825,1.2242242441641236,0.7576226368832237,0.0,0.0,0.8530222613907509,36.9825,1.2242242441641236,39.43094848832825,34.534051511671755,0.0,0.0,0.9490175091122187
2021-08-09,37.18,37.43,35.78,36.71,85833437.0,3205430332.0,1359844003.0,0.0631200614266341,-0.03165391717224997,1.630106571936055,36.796,35.69266666666667,1.0,-0.03165391717224997,1.0547192856178875,-0.09223541048466855,0.0,-0.0,1.6468885654951058,41.1,33.73,0.0,-0.0,0.8965893984570742,36.796,0.9147930453324952,-0.09401033429232132,0.0,-0.0,0.8530222613907509,36.796,0.9147930453324952,38.62558609066499,34.96641390933501,0.0,-0.0,0.9490175091122187
2021-08-10,36.39,36.75,35.81,36.21,61130325.0,2258832541.0,1359844003.0,0.044953924762795014,-0.013620266957232396,1.607904085257547,36.7245,35.72266666666667,1.0,-0.013620266957232396,1.0403537273828305,-0.03799149840595106,0.0,-0.0,1.6468885654951058,39.98,33.73,0.0,-0.0,0.8965893984570742,36.7245,0.9011365630482356,-0.5709456491917511,0.0,-0.0,0.8530222613907509,36.7245,0.9011365630482356,38.52677312609647,34.922226873903526,0.0,-0.0,0.9490175091122187
2021-08-11,36.04,36.41,35.81,36.16,46522902.0,1717778771.0,1359844003.0,0.034211940411815016,-0.0013808340237504435,1.6056838365896962,36.6485,35.78066666666666,1.0,-0.0013808340237504435,1.0389171715593246,-0.04033970276008503,0.0,-0.0,1.6468885654951058,39.39,33.73,0.0,-0.0,0.8965893984570742,36.6485,0.8801631128730567,-0.5550107620454856,0.0,-0.0,0.8530222613907509,36.6485,0.8801631128730567,38.40882622574611,34.888173774253886,0.0,-0.0,0.9490175091122187
2021-08-12,36.2,36.95,36.08,36.21,52559965.0,1957791107.0,1359844003.0,0.038651466553549965,0.0013827433628319508,1.607904085257547,36.5965,35.8405,1.0,0.0013827433628319508,1.0403537273828305,-0.027919463087248353,0.0,0.0,1.6468885654951058,39.39,35.25,0.0,0.0,0.8965893984570742,36.5965,0.873452164809132,-0.442497042851175,0.0,0.0,0.8530222613907509,36.5965,0.873452164809132,38.34340432961827,34.84959567038173,0.0,0.0,0.9490175091122187
2021-08-13,35.84,35.85,34.25,34.35,91314451.0,3245442306.0,1359844003.0,0.067150681106471,-0.05136702568351281,1.5253108348134974,36.4855,35.891333333333336,1.0,-0.05136702568351281,0.9869138507484183,-0.06070549630844957,0.0,-0.0,1.6468885654951058,39.39,35.25,0.0,-0.0,0.8965893984570742,36.4855,1.0077357370802673,-2.119107144286881,0.0,-0.0,0.8530222613907509,36.4855,1.0077357370802673,38.500971474160536,34.47002852583947,0.0,-0.0,0.9490175091122187
2021-08-16,34.12,34.7,33.73,34.2,38858487.0,1361659721.0,1359844003.0,0.02857569464899865,-0.004366812227074246,1.518650088809945,36.37949999999999,35.94316666666667,1.0,-0.004366812227074246,0.9826041832779012,-0.05837004405286339,0.0,-0.0,1.6468885654951058,39.39,34.25,0.0,-0.0,0.8965893984570742,36.37949999999999,1.1301256334442022,-1.9285466460553466,1.0,-0.004966812227074246,0.8487854599929088,36.37949999999999,1.1301256334442022,38.639751266888396,34.11924873311159,1.0,-0.004966812227074246,0.9443039173442526
2021-08-17,34.22,34.5,32.87,32.94,53687435.0,1840416184.0,1359844003.0,0.03948058371516016,-0.03684210526315801,1.4626998223801047,36.158,35.96566666666667,1.0,-0.03684210526315801,0.9464029765255574,-0.11854428686111851,0.0,-0.0,1.6468885654951058,39.39,33.73,0.0,-0.0,0.8965893984570742,36.158,1.3403518783864121,-2.4008620809887664,1.0,-0.03684210526315801,0.817514416730012,36.158,1.3403518783864121,38.83870375677282,33.47729624322718,1.0,-0.03684210526315801,0.9095137730210432
2021-08-18,33.09,33.2,32.76,33.14,29626466.0,999944954.0,1359844003.0,0.02178666518706558,0.006071645415907767,1.471580817051508,35.9845,35.97666666666667,1.0,0.006071645415907767,0.9521491998195802,-0.0947828462168806,0.0,0.0,1.6468885654951058,39.39,32.87,0.0,0.0,0.8965893984570742,35.9845,1.494486269768166,-1.9033296307508085,1.0,0.006071645415907767,0.8224780743907893,35.9845,1.494486269768166,38.97347253953633,32.99552746046366,1.0,0.006071645415907767,0.9150360181517114
2021-08-19,33.14,33.82,33.0,33.58,31901244.0,1094907014.0,1359844003.0,0.02345948794833932,0.013277006638503286,1.4911190053285948,35.8565,35.99983333333333,1.0,0.013277006638503286,0.9647908910664303,-0.07083563918096303,0.0,0.0,1.6468885654951058,39.39,32.76,0.0,0.0,0.8965893984570742,35.8565,1.5872195981120047,-1.4342690845727282,1.0,0.013277006638503286,0.8333981212444993,35.8565,1.5872195981120047,39.030939196224004,32.68206080377599,1.0,0.013277006638503286,0.9271849574391813
2021-08-20,34.02,34.55,33.56,34.13,42872153.0,1496056385.0,1359844003.0,0.031527258204189765,0.016378796902918547,1.5155417406749538,35.8095,36.00083333333334,0.0,-0.0006,0.9642120165317905,-0.026803535785571597,0.0,0.0,1.6468885654951058,39.39,32.76,0.0,0.0,0.8965893984570742,35.8095,1.6251978826881337,-1.0334126187895631,1.0,0.016378796902918547,0.8470481798116368,35.8095,1.6251978826881337,39.05989576537627,32.55910423462373,1.0,0.016378796902918547,0.9423711315485188
2021-08-23,35.07,35.11,34.16,34.22,46552177.0,1639491166.0,1359844003.0,0.034233468616473355,0.0026369762672133756,1.5195381882770849,35.71900000000001,36.01383333333333,0.0,0.0,0.9642120165317905,-0.050235914515681435,0.0,0.0,1.6468885654951058,39.39,32.76,0.0,0.0,0.8965893984570742,35.71900000000001,1.6622461024957813,-0.9017918572642969,1.0,0.0026369762672133756,0.8492818257589864,35.71900000000001,1.6622461024957813,39.04349220499157,32.394507795008444,1.0,0.0026369762672133756,0.9448561418573193
2021-08-24,34.24,34.88,33.92,34.32,46670450.0,1644370417.0,1359844003.0,0.034320444034049984,0.0029222676797195923,1.5239786856127866,35.574,36.022000000000006,0.0,0.0,0.9642120165317905,-0.07791509940891994,0.0,0.0,1.6468885654951058,39.39,32.76,0.0,0.0,0.8965893984570742,35.574,1.650867076800073,-0.7596008289357039,1.0,0.0029222676797195923,0.8517636545893751,35.574,1.650867076800073,38.87573415360014,32.272265846399854,1.0,0.0029222676797195923,0.9476172644226535
2021-08-25,34.63,34.7,33.73,33.83,39961762.0,1391873757.0,1359844003.0,0.029387019328569262,-0.014277389277389307,1.5022202486678486,35.496500000000005,36.01083333333334,0.0,-0.0,0.9642120165317905,-0.04381006218202388,0.0,-0.0,1.6468885654951058,39.39,32.76,0.0,-0.0,0.8965893984570742,35.496500000000005,1.6962133523944936,-0.9824825383242375,1.0,-0.014277389277389307,0.8396026933204708,35.496500000000005,1.6962133523944936,38.88892670478899,32.104073295211016,1.0,-0.014277389277389307,0.9340877638525165
2021-08-26,33.71,34.02,32.98,33.0,42627868.0,1455457223.0,1359844003.0,0.031347616275070635,-0.024534436890333966,1.4653641207815256,35.294,35.9925,0.0,-0.0,0.9642120165317905,-0.10931174089068818,0.0,-0.0,1.6468885654951058,39.39,32.76,0.0,-0.0,0.8965893984570742,35.294,1.7421203052298084,-1.3167862133937922,1.0,-0.024534436890333966,0.8190035140282452,35.294,1.7421203052298084,38.77824061045961,31.809759389540382,1.0,-0.024534436890333966,0.9111704465602437
2021-08-27,32.92,33.07,32.3,32.66,35885510.0,1198776070.0,1359844003.0,0.026389431376563566,-0.01030303030303037,1.45026642984014,35.012,35.976499999999994,0.0,-0.0,0.9642120165317905,-0.1472584856396867,0.0,-0.0,1.6468885654951058,39.39,32.76,0.0,-0.0,0.8965893984570742,35.012,1.6854816584738912,-1.3954468078457807,1.0,-0.01030303030303037,0.8105652960049239,35.012,1.6854816584738912,38.38296331694778,31.641036683052217,1.0,-0.01030303030303037,0.9017826298381078
2021-08-30,32.67,33.26,32.31,32.46,36010555.0,1204619273.0,1359844003.0,0.026481386777127257,-0.006123698714023185,1.441385435168737,34.7205,35.951499999999996,0.0,-0.0,0.9642120165317905,-0.15225907547662576,0.0,-0.0,1.6468885654951058,39.39,32.3,0.0,-0.0,0.8965893984570742,34.7205,1.590168726565403,-1.4215472623980239,1.0,-0.006123698714023185,0.8056016383441467,34.7205,1.590168726565403,37.900837453130805,31.540162546869194,1.0,-0.006123698714023185,0.8962603847074397
2021-08-31,32.33,33.41,31.31,33.38,58066587.0,1911254581.0,1602874555.0,0.0362265324000979,0.028342575477510845,1.4822380106571917,34.599000000000004,35.9065,0.0,0.0,0.9642120165317905,-0.06785814018430603,0.0,0.0,1.6468885654951058,39.39,32.3,0.0,0.0,0.8965893984570742,34.599000000000004,1.595367966134361,-0.7640870481771588,1.0,0.028342575477510845,0.8284344635837221,34.599000000000004,1.595367966134361,37.78973593226873,31.40826406773128,1.0,0.028342575477510845,0.9216627123085133
2021-09-01,33.04,33.18,32.31,32.8,38801682.0,1299196710.0,1602874555.0,0.024207560023310745,-0.017375674056321344,1.4564831261101223,34.415,35.86983333333333,0.0,-0.0,0.9642120165317905,-0.10087719298245612,0.0,-0.0,1.6468885654951058,39.39,31.31,0.0,-0.0,0.8965893984570742,34.415,1.57913867262115,-1.0227094225482598,1.0,-0.017375674056321344,0.8140398563674679,34.415,1.57913867262115,37.573277345242296,31.2567226547577,1.0,-0.017375674056321344,0.9056482014295755
2021-09-02,32.54,32.54,32.06,32.17,31831182.0,1049931487.0,1602874555.0,0.019858810473162698,-0.019207317073170582,1.4285079928952025,34.219,35.82983333333333,0.0,-0.0,0.9642120165317905,-0.10861734552507618,0.0,-0.0,1.6468885654951058,39.39,31.31,0.0,-0.0,0.8965893984570742,34.219,1.60338424983871,-1.277921995433169,1.0,-0.019207317073170582,0.7984043347360197,34.219,1.60338424983871,37.425768499677424,31.01223150032258,1.0,-0.019207317073170582,0.888253129267971
2021-09-03,32.04,32.96,31.79,32.57,36795603.0,1219757137.0,1602874555.0,0.022956009180643583,0.012433944668946095,1.4462699822380087,33.952,35.79316666666667,0.0,0.0,0.9642120165317905,-0.14085993141651276,0.0,0.0,1.6468885654951058,39.39,31.31,0.0,0.0,0.8965893984570742,33.952,1.3863226631325953,-0.9968819213249895,1.0,0.012433944668946095,0.808331650057574,33.952,1.3863226631325953,36.72464532626519,31.179354673734807,1.0,0.012433944668946095,0.8992976195293071
2021-09-06,32.36,33.09,32.17,32.94,29076980.0,976622707.0,1602874555.0,0.018140521296128503,0.011360147374884777,1.4626998223801044,33.7635,35.79083333333333,0.0,0.0,0.9642120165317905,-0.10269681285753207,0.0,0.0,1.6468885654951058,37.43,31.31,0.0,0.0,0.8965893984570742,33.7635,1.2401794225027518,-0.6640168229352923,1.0,0.011360147374884777,0.8175144167300118,33.7635,1.2401794225027518,36.243858845005505,31.283141154994496,1.0,0.011360147374884777,0.9095137730210431
2021-09-07,32.94,33.19,32.76,33.08,27826186.0,938113862.0,1602874555.0,0.017360177010233967,0.004250151791135526,1.4689165186500868,33.607,35.79066666666667,0.0,0.0,0.9642120165317905,-0.0864402098867717,0.0,0.0,1.6468885654951058,36.95,31.31,0.0,0.0,0.8965893984570742,33.607,1.1053653837434045,-0.4767654277495783,1.0,0.004250151791135526,0.8209889770925559,33.607,1.1053653837434045,35.81773076748681,31.39626923251319,1.0,0.004250151791135526,0.9133793446125109
2021-09-08,33.08,33.41,32.98,33.13,31178389.0,1058019382.0,1602874555.0,0.019451546537277212,0.0015114873035066978,1.4711367673179376,33.4555,35.79716666666666,0.0,0.0,0.9642120165317905,-0.08379424778761047,0.0,0.0,1.6468885654951058,36.95,31.31,0.0,0.0,0.8965893984570742,33.4555,0.9309162153487576,-0.3496555271389844,1.0,0.0015114873035066978,0.8222298915077503,33.4555,0.9309162153487576,35.31733243069752,31.593667569302486,1.0,0.0015114873035066978,0.914759905895178
2021-09-09,32.94,33.11,32.36,32.56,29516881.0,984797836.0,1602874555.0,0.018414966353995182,-0.017204950196196833,1.4458259325044385,33.273,35.7575,0.0,-0.0,0.9642120165317905,-0.10080088373377516,0.0,-0.0,1.6468885654951058,36.95,31.31,0.0,-0.0,0.8965893984570742,33.273,0.688783061102991,-1.0351590221429514,1.0,-0.017204950196196833,0.808083467174535,33.273,0.688783061102991,34.65056612220599,31.89543387779402,1.0,-0.017204950196196833,0.8990215072727737
2021-09-10,32.46,33.85,32.4,33.56,52589469.0,1792754832.0,1602874555.0,0.03280947272882499,0.03071253071253066,1.4902309058614542,33.2335,35.7335,0.0,0.0,0.9642120165317905,-0.022998544395924303,0.0,0.0,1.6468885654951058,35.85,31.31,0.0,0.0,0.8965893984570742,33.2335,0.6450318229597877,0.506176576687066,1.0,0.03071253071253066,0.8329017554784213,33.2335,0.6450318229597877,34.52356364591957,31.943436354080426,1.0,0.03071253071253066,0.9266327329261144
2021-09-13,33.53,33.53,32.89,33.1,29652774.0,1002949395.0,1602874555.0,0.01849974716206035,-0.013706793802145456,1.4698046181172268,33.1785,35.7115,0.0,-0.0,0.9642120165317905,-0.032163742690058506,0.0,-0.0,1.6468885654951058,35.11,31.31,0.0,-0.0,0.8965893984570742,33.1785,0.6038671429338046,-0.1299954814872306,0.0,-0.0006,0.8324020144251342,33.1785,0.6038671429338046,34.38623428586761,31.97076571413239,0.0,-0.0006,0.9260767532863586
2021-09-14,33.18,33.41,32.27,32.45,35602513.0,1196675240.0,1602874555.0,0.02221166521668316,-0.01963746223564955,1.4409413854351665,33.154,35.68683333333333,0.0,-0.0,0.9642120165317905,-0.014875531268973785,0.0,-0.0,1.6468885654951058,35.11,31.31,0.0,-0.0,0.8965893984570742,33.154,0.6236682653962794,-1.128805230377849,0.0,-0.0,0.8324020144251342,33.154,0.6236682653962794,34.40133653079256,31.906663469207444,0.0,-0.0,0.9260767532863586
2021-09-15,32.26,32.42,31.89,31.95,25839862.0,847589968.0,1602874555.0,0.01612095089999105,-0.015408320493066396,1.4187388987566583,33.0945,35.61716666666666,0.0,-0.0,0.9642120165317905,-0.03590826795413404,0.0,-0.0,1.6468885654951058,35.11,31.79,0.0,-0.0,0.8965893984570742,33.0945,0.6793532140741884,-1.6846906385210871,0.0,-0.0,0.8324020144251342,33.0945,0.6793532140741884,34.45320642814837,31.73579357185162,0.0,-0.0,0.9260767532863586
2021-09-16,31.87,32.06,31.28,31.3,28839379.0,931082790.0,1602874555.0,0.017992286988422496,-0.020344287949921713,1.389875666074598,32.9805,35.55216666666667,0.0,-0.0,0.9642120165317905,-0.06789755807027986,0.0,-0.0,1.6468885654951058,35.11,31.79,0.0,-0.0,0.8965893984570742,32.9805,0.7777665391831468,-2.1606740780658322,1.0,-0.020944287949921713,0.8149679469449193,32.9805,0.7777665391831468,34.536033078366295,31.424966921633704,0.0,-0.0,0.9260767532863586
2021-09-17,31.3,31.61,30.69,31.4,23892996.0,761408595.0,1602874555.0,0.014906341812881295,0.0031948881789136685,1.3943161634102994,32.844,35.468,0.0,0.0,0.9642120165317905,-0.0799882801054792,0.0,0.0,1.6468885654951058,35.11,31.28,0.0,0.0,0.8965893984570742,32.844,0.8045096577872323,-1.794882119838884,1.0,0.0031948881789136685,0.8175716784048072,32.844,0.8045096577872323,34.453019315574466,31.234980684425537,1.0,0.0025948881789136687,0.9284798189062282
2021-09-22,30.97,31.76,30.86,31.46,16373172.0,527258041.0,1602874555.0,0.010214880477655347,0.0019108280254778176,1.3969804618117205,32.706,35.38516666666666,0.0,0.0,0.9642120165317905,-0.08065458796025715,0.0,0.0,1.6468885654951058,35.11,30.69,0.0,0.0,0.8965893984570742,32.706,0.7926863055122213,-1.571870223233965,1.0,0.0019108280254778176,0.81913391728074,32.706,0.7926863055122213,34.29137261102444,31.12062738897556,1.0,0.0019108280254778176,0.9302539841652848
2021-09-23,31.48,32.21,31.39,31.92,24801581.0,808846390.0,1602874555.0,0.015473189041921,0.014621741894469187,1.417406749555948,32.586,35.32733333333333,0.0,0.0,0.9642120165317905,-0.0699300699300699,0.0,0.0,1.6468885654951058,34.88,30.69,0.0,0.0,0.8965893984570742,32.586,0.7131649251930174,-0.9338653325102108,1.0,0.014621741894469187,0.8311110819962245,32.586,0.7131649251930174,34.01232985038603,31.159670149613962,1.0,0.014621741894469187,0.9438559178180512
2021-09-24,31.93,31.99,31.28,31.28,18674227.0,602496131.0,1602874555.0,0.011650460693725342,-0.020050125313283207,1.3889875666074578,32.4585,35.23566666666667,0.0,-0.0,0.9642120165317905,-0.07537688442211044,0.0,-0.0,1.6468885654951058,34.7,30.69,0.0,-0.0,0.8965893984570742,32.4585,0.7069748376370111,-1.6669617322435573,1.0,-0.020050125313283207,0.8144472006529418,32.4585,0.7069748376370111,33.87244967527403,31.04455032472598,1.0,-0.020050125313283207,0.9249314883881153
2021-09-27,31.38,31.87,31.38,31.54,21083659.0,681898419.0,1602874555.0,0.013153655059425408,0.00831202046035795,1.4005328596802817,32.38549999999999,35.14966666666667,0.0,0.0,0.9642120165317905,-0.044242424242424305,0.0,0.0,1.6468885654951058,34.02,30.69,0.0,0.0,0.8965893984570742,32.38549999999999,0.723307279827791,-1.1689361127421467,1.0,0.00831202046035795,0.8212169024486503,32.38549999999999,0.723307279827791,33.83211455965557,30.93888544034441,1.0,0.00831202046035795,0.9326195378440267
2021-09-28,31.38,31.77,30.95,31.26,16861924.0,541260526.0,1602874555.0,0.01051980265542365,-0.00887761572606205,1.3880994671403175,32.3155,35.03466666666667,0.0,-0.0,0.9642120165317905,-0.04286589099816274,0.0,-0.0,1.6468885654951058,33.85,30.69,0.0,-0.0,0.8965893984570742,32.3155,0.7620503851274737,-1.385079019182488,1.0,-0.00887761572606205,0.8139264543609642,32.3155,0.7620503851274737,33.83960077025495,30.791399229745053,1.0,-0.00887761572606205,0.9243400999684299
2021-09-29,30.99,31.76,30.9,31.37,25803944.0,828569819.0,1602874555.0,0.01609854240901591,0.00351887396033268,1.3929840142095893,32.261,34.904333333333334,0.0,0.0,0.9642120165317905,-0.03357979051139859,0.0,0.0,1.6468885654951058,33.85,30.69,0.0,0.0,0.8965893984570742,32.261,0.7896494891967705,-1.1283487321777728,1.0,0.00351887396033268,0.8167905589668409,32.261,0.7896494891967705,33.84029897839354,30.68170102160646,1.0,0.00351887396033268,0.9275927362767001
2021-09-30,31.48,31.69,31.25,31.35,18596580.0,598017083.0,1602874555.0,0.011602018350088538,-0.0006375518010838244,1.392095914742449,32.159499999999994,34.7695,0.0,-0.0,0.9642120165317905,-0.06081485919712404,0.0,-0.0,1.6468885654951058,33.85,30.69,0.0,-0.0,0.8965893984570742,32.159499999999994,0.7684261084904477,-1.0534519728776963,1.0,-0.0006375518010838244,0.8162698126748633,32.159499999999994,0.7684261084904477,33.69635221698089,30.622647783019097,1.0,-0.0006375518010838244,0.9270013478570146
2021-10-08,31.64,31.97,31.49,31.68,19613256.0,635981041.0,1602874555.0,0.012236301299324076,0.010526315789473717,1.4067495559502643,32.103500000000004,34.63816666666666,0.0,0.0,0.9642120165317905,-0.03414634146341455,0.0,0.0,1.6468885654951058,33.85,30.69,0.0,0.0,0.8965893984570742,32.103500000000004,0.760057303933332,-0.5571948296639897,1.0,0.010526315789473717,0.8248621264924935,32.103500000000004,0.760057303933332,33.62361460786667,30.58338539213334,1.0,0.010526315789473717,0.9367592567818254
2021-10-11,31.68,31.94,31.57,31.78,17014494.0,553023355.0,1602874555.0,0.01061498789591803,0.0031565656565657463,1.411190053285966,32.084,34.478833333333334,0.0,0.0,0.9642120165317905,-0.012123096052222615,0.0,0.0,1.6468885654951058,33.85,30.69,0.0,0.0,0.8965893984570742,32.084,0.7632575615494455,-0.3982928113844939,1.0,0.0031565656565657463,0.8274658579523815,32.084,0.7632575615494455,33.61051512309889,30.557484876901114,1.0,0.0031565656565657463,0.9397161988802529
2021-10-12,31.82,32.1,31.03,31.2,21273559.0,686332894.0,1602874555.0,0.013272129708241579,-0.018250471994965434,1.3854351687388968,32.0155,34.31666666666667,0.0,-0.0,0.9642120165317905,-0.04206324838808728,0.0,-0.0,1.6468885654951058,33.85,30.69,0.0,-0.0,0.8965893984570742,32.0155,0.7786660320528513,-1.0473039357451415,1.0,-0.018250471994965434,0.8123642154850315,32.0155,0.7786660320528513,33.572832064105704,30.458167935894302,1.0,-0.018250471994965434,0.9225659347093735
2021-10-13,31.15,32.04,31.11,31.93,23999736.0,778662800.0,1602874555.0,0.014972934672358062,0.023397435897435814,1.4178507992895184,31.965000000000003,34.17483333333334,0.0,0.0,0.9642120165317905,-0.030661809350333913,0.0,0.0,1.6468885654951058,33.85,30.86,0.0,0.0,0.8965893984570742,31.965000000000003,0.747687663469521,-0.04681099035069267,1.0,0.023397435897435814,0.8313714551422132,31.965000000000003,0.747687663469521,33.460375326939044,30.469624673060963,1.0,0.023397435897435814,0.9441516120278941
2021-10-14,31.87,31.87,31.43,31.62,17369567.0,561866000.0,1602874555.0,0.010836510534038642,-0.009708737864077666,1.4040852575488434,31.892000000000003,34.0745,0.0,-0.0,0.9642120165317905,-0.04413542926239411,0.0,-0.0,1.6468885654951058,33.85,30.9,0.0,-0.0,0.8965893984570742,31.892000000000003,0.7030355235460511,-0.38689367875474806,1.0,-0.009708737864077666,0.8232998876165607,31.892000000000003,0.7030355235460511,33.29807104709211,30.4859289529079,1.0,-0.009708737864077666,0.9349850915227689
2021-10-15,31.61,32.74,31.44,32.5,43541362.0,1441632692.0,1602874555.0,0.02716454750883484,0.027830487033523088,1.4431616341030173,31.860500000000002,33.988166666666665,0.0,0.0,0.9642120165317905,-0.019015997585270172,0.0,0.0,1.6468885654951058,33.85,30.9,0.0,0.0,0.8965893984570742,31.860500000000002,0.6572708726234938,0.9729626347923144,1.0,0.027830487033523088,0.8462127244635744,31.860500000000002,0.6572708726234938,33.175041745246986,30.545958254753014,1.0,0.027830487033523088,0.9610061819889307
2021-10-18,31.97,32.14,31.39,31.82,28391139.0,921169875.0,1602874555.0,0.017712639402401642,-0.020923076923076933,1.4129662522202464,31.823500000000003,33.897666666666666,0.0,-0.0,0.9642120165317905,-0.022727272727272818,0.0,-0.0,1.6468885654951058,33.85,30.9,0.0,-0.0,0.8965893984570742,31.823500000000003,0.636315669756919,-0.005500414599784329,0.0,-0.0006,0.8457049968288962,31.823500000000003,0.636315669756919,33.09613133951384,30.550868660486167,0.0,-0.0006,0.9604295782797373
2021-10-19,31.67,31.87,31.28,31.37,26563087.0,854138935.0,1602874555.0,0.016572155891513295,-0.014142049025769987,1.3929840142095893,31.714000000000006,33.811,0.0,-0.0,0.9642120165317905,-0.06525625744934449,0.0,-0.0,1.6468885654951058,33.85,30.9,0.0,-0.0,0.8965893984570742,31.714000000000006,0.4943618959929807,-0.6958465099925281,0.0,-0.0,0.8457049968288962,31.714000000000006,0.4943618959929807,32.70272379198597,30.725276208014044,0.0,-0.0,0.9604295782797373
2021-10-20,31.42,31.52,30.97,31.0,23343055.0,742015662.0,1602874555.0,0.01456324509437359,-0.011794708320051028,1.3765541740674934,31.609,33.72233333333334,0.0,-0.0,0.9642120165317905,-0.06344410876132933,0.0,-0.0,1.6468885654951058,33.53,30.9,0.0,-0.0,0.8965893984570742,31.609,0.39813909232999634,-1.5296161862328104,0.0,-0.0,0.8457049968288962,31.609,0.39813909232999634,32.40527818465999,30.81272181534001,0.0,-0.0,0.9604295782797373
2021-10-21,30.89,30.89,30.21,30.28,31477355.0,981701520.0,1602874555.0,0.019638065188451383,-0.023225806451612874,1.344582593250442,31.5005,33.604166666666664,0.0,-0.0,0.9642120165317905,-0.06687211093990764,0.0,-0.0,1.6468885654951058,33.41,30.97,0.0,-0.0,0.8965893984570742,31.5005,0.4492856903777323,-2.7165343257958536,1.0,-0.023825806451612874,0.8255553932592891,31.5005,0.4492856903777323,32.399071380755466,30.601928619244536,0.0,-0.0,0.9604295782797373
2021-10-22,30.34,30.94,30.33,30.49,24771974.0,777611872.0,1602874555.0,0.015454717852202727,0.006935270805812355,1.3539076376554153,31.427500000000002,33.50216666666667,0.0,0.0,0.9642120165317905,-0.04569640062597813,0.0,0.0,1.6468885654951058,32.74,30.21,0.0,0.0,0.8965893984570742,31.427500000000002,0.48924081897018473,-1.9162342217752206,1.0,0.006935270805812355,0.8312808434767411,31.427500000000002,0.48924081897018473,32.40598163794037,30.449018362059633,1.0,0.006335270805812355,0.9665141597480517
2021-10-25,30.5,30.86,29.83,30.82,22187448.0,690194501.0,1602874555.0,0.01384228599224348,0.010823220728107596,1.3685612788632306,31.403499999999998,33.4135,0.0,0.0,0.9642120165317905,-0.015335463258785986,0.0,0.0,1.6468885654951058,32.74,30.21,0.0,0.0,0.8965893984570742,31.403499999999998,0.5072658910372104,-1.150284318953341,1.0,0.010823220728107596,0.8402779795327374,31.403499999999998,0.5072658910372104,32.418031782074415,30.388968217925576,1.0,0.010823220728107596,0.9769749558358463
2021-10-26,30.78,31.87,30.57,31.56,44555589.0,1430538800.0,1602874555.0,0.027797302578054836,0.0240103828682674,1.4014209591474225,31.4115,33.355,0.0,0.0,0.9642120165317905,0.005095541401273884,0.0,0.0,1.6468885654951058,32.74,29.83,0.0,0.0,0.8965893984570742,31.4115,0.5084680293207764,0.29205376038758685,1.0,0.0240103828682674,0.8604533755370926,31.4115,0.5084680293207764,32.42843605864155,30.39456394135845,1.0,0.0240103828682674,1.0004324985781736
2021-10-27,31.48,31.48,30.02,30.34,71341517.0,2221186821.0,1779553000.0,0.04008957136988896,-0.03865652724968316,1.347246891651863,31.355499999999996,33.26016666666666,0.0,-0.0,0.9642120165317905,-0.03560076287349012,1.0,-0.03925652724968316,1.5822374396465555,32.74,29.83,0.0,-0.0,0.8965893984570742,31.355499999999996,0.5617311119250137,-1.8078044431613332,0.0,-0.0006,0.8599371035117702,31.355499999999996,0.5617311119250137,32.478962223850026,30.23203777614997,0.0,-0.0006,0.9998322390790266
2021-10-28,30.3,30.89,29.41,29.49,46981849.0,1445624161.0,1779553000.0,0.02640092708674594,-0.02801582069874753,1.3095026642983993,31.233999999999998,33.13133333333333,0.0,-0.0,0.9642120165317905,-0.07612781954887227,0.0,-0.0006,1.5812880971827674,32.74,29.83,0.0,-0.0,0.8965893984570742,31.233999999999998,0.6829302191364621,-2.553701609814862,1.0,-0.02861582069874753,0.835329297545477,31.233999999999998,0.6829302191364621,32.59986043827292,29.868139561727073,0.0,-0.0,0.9998322390790266
2021-10-29,29.62,30.59,29.49,30.22,49335478.0,1520730154.0,1779553000.0,0.02772352270485903,0.02475415395049163,1.341918294849021,31.181,33.04533333333333,0.0,0.0,0.9642120165317905,-0.03388746803069065,0.0,0.0,1.5812880971827674,32.74,29.41,0.0,0.0,0.8965893984570742,31.181,0.7193337560762939,-1.3359584363757797,1.0,0.02475415395049163,0.8560071675762738,31.181,0.7193337560762939,32.61966751215259,29.742332487847413,1.0,0.02415415395049163,1.0239823409064062
2021-11-01,30.15,30.89,30.01,30.33,44963841.0,1398428784.0,1779553000.0,0.025266929953758052,0.0036399735274652567,1.3468028419182927,31.120500000000003,32.93333333333333,0.0,0.0,0.9642120165317905,-0.03836398224476856,0.0,0.0,1.5812880971827674,32.74,29.41,0.0,0.0,0.8965893984570742,31.120500000000003,0.7381875029238402,-1.0708661374907644,1.0,0.0036399735274652567,0.859123011005572,31.120500000000003,0.7381875029238402,32.596875005847686,29.644124994152325,1.0,0.0036399735274652567,1.0277096095198974
2021-11-02,30.37,32.41,30.37,31.57,102957735.0,3342017214.0,1779553000.0,0.05785595315228038,0.04088361358391035,1.4018650088809925,31.135999999999996,32.82116666666666,0.0,0.0,0.9642120165317905,0.009916826615482988,0.0,0.0,1.5812880971827674,32.74,29.41,0.0,0.0,0.8965893984570742,31.135999999999996,0.7444984182226934,0.5829428100546845,1.0,0.04088361358391035,0.8942470642085694,31.135999999999996,0.7444984182226934,32.62499683644538,29.647003163554608,1.0,0.04088361358391035,1.0697260920719802
2021-11-03,31.65,31.85,31.15,31.51,43804461.0,1409007416.0,1779553000.0,0.02461542926791166,-0.001900538485904324,1.3992007104795716,31.142999999999994,32.70816666666666,0.0,-0.0,0.9642120165317905,0.004462862607586882,1.0,-0.002500538485904324,1.5773340254384594,32.74,29.41,0.0,-0.0,0.8965893984570742,31.142999999999994,0.7474665984435186,0.4909918393199477,0.0,-0.0006,0.8937105159700441,31.142999999999994,0.7474665984435186,32.63793319688703,29.648066803112958,0.0,-0.0006,1.0690842564167369
2021-11-04,31.67,31.94,31.26,31.69,51507531.0,1663212648.0,1779553000.0,0.028944083710909424,0.0057124722310377685,1.4071936056838346,31.160000000000004,32.639500000000005,0.0,0.0,0.9642120165317905,0.010845295055821325,1.0,0.0057124722310377685,1.5863445022578475,32.74,29.41,0.0,0.0,0.8965893984570742,31.160000000000004,0.7562372225970869,0.7008382874620475,0.0,0.0,0.8937105159700441,31.160000000000004,0.7562372225970869,32.672474445194176,29.64752555480583,0.0,0.0,1.0690842564167369
2021-11-05,32.24,32.5,31.48,31.5,60569738.0,1975258235.0,1779553000.0,0.03403649006239207,-0.005995582202587557,1.3987566607460016,31.151,32.5565,0.0,-0.0,0.9642120165317905,-0.005681818181818121,1.0,-0.005995582202587557,1.5768334433929379,32.74,29.41,0.0,-0.0,0.8965893984570742,31.151,0.7507743371096327,0.4648533956869081,0.0,-0.0,0.8937105159700441,31.151,0.7507743371096327,32.65254867421927,29.649451325780735,0.0,-0.0,1.0690842564167369
2021-11-08,30.92,30.92,29.94,30.39,46238528.0,1434387824.0,1779553000.0,0.025983226124762792,-0.03523809523809518,1.349467140319714,31.0815,32.4615,0.0,-0.0,0.9642120165317905,-0.04373820012586538,0.0,-0.0006,1.575887343326902,32.74,29.41,0.0,-0.0,0.8965893984570742,31.0815,0.7538132883436457,-0.917335911548377,0.0,-0.0,0.8937105159700441,31.0815,0.7538132883436457,32.58912657668729,29.57387342331271,0.0,-0.0,1.0690842564167369
2021-11-09,30.5,31.76,30.23,31.36,59871996.0,1896954898.0,1779553000.0,0.03364440171211534,0.03191839420862119,1.3925399644760195,31.089499999999997,32.352333333333334,0.0,0.0,0.9642120165317905,0.00512820512820511,0.0,0.0,1.575887343326902,32.74,29.41,0.0,0.0,0.8965893984570742,31.089499999999997,0.7559829780869041,0.3578122892191716,0.0,0.0,0.8937105159700441,31.089499999999997,0.7559829780869041,32.601465956173804,29.57753404382619,0.0,0.0,1.0690842564167369
2021-11-10,31.05,32.11,30.99,31.71,62264903.0,2019674872.0,1779553000.0,0.0349890691651218,0.011160714285714413,1.4080817051509753,31.078500000000002,32.269,0.0,0.0,0.9642120165317905,-0.006890072032571193,1.0,0.010560714285714413,1.592529839306251,32.74,29.41,0.0,0.0,0.8965893984570742,31.078500000000002,0.7446247730440001,0.8480781500438793,0.0,0.0,0.8937105159700441,31.078500000000002,0.7446247730440001,32.567749546088,29.589250453912,0.0,0.0,1.0690842564167369
2021-11-11,31.49,32.48,31.44,32.0,67980944.0,2223869555.0,1779553000.0,0.03820113477935189,0.009145380006307047,1.4209591474245098,31.097500000000004,32.19883333333333,0.0,0.0,0.9642120165317905,0.012017710309930374,0.0,-0.0006,1.5915743214026672,32.74,29.41,0.0,0.0,0.8965893984570742,31.097500000000004,0.763770942515378,1.1816369931903046,0.0,0.0,0.8937105159700441,31.097500000000004,0.763770942515378,32.62504188503076,29.569958114969246,0.0,0.0,1.0690842564167369
2021-11-12,31.62,32.29,31.56,31.64,53700989.0,1747368705.0,1779553000.0,0.030176673018449014,-0.011249999999999982,1.4049733570159841,31.0545,32.1235,0.0,-0.0,0.9642120165317905,-0.026461538461538425,1.0,-0.011849999999999982,1.5727141656940455,32.74,29.49,0.0,-0.0,0.8965893984570742,31.0545,0.702397960372958,0.8335730355610828,0.0,-0.0,0.8937105159700441,31.0545,0.702397960372958,32.459295920745916,29.649704079254086,0.0,-0.0,1.0690842564167369
2021-11-15,31.52,31.97,31.34,31.38,37309514.0,1204217376.0,1779553000.0,0.020965666097047968,-0.00821744627054366,1.39342806394316,31.0325,32.043,0.0,-0.0,0.9642120165317905,-0.013827781269641792,0.0,-0.0006,1.5717705371946291,32.5,29.94,0.0,-0.0,0.8965893984570742,31.0325,0.6838041809567896,0.5081864218989897,0.0,-0.0,0.8937105159700441,31.0325,0.6838041809567896,32.40010836191358,29.66489163808642,0.0,-0.0,1.0690842564167369
2021-11-16,31.72,32.16,31.01,31.08,53470303.0,1727528844.0,1779553000.0,0.03004704158853375,-0.009560229445506718,1.3801065719360552,31.017999999999994,31.9885,0.0,-0.0,0.9642120165317905,-0.00924450111571573,0.0,-0.0,1.5717705371946291,32.5,29.94,0.0,-0.0,0.8965893984570742,31.017999999999994,0.6793309402014884,0.09126626851651365,0.0,-0.0,0.8937105159700441,31.017999999999994,0.6793309402014884,32.37666188040297,29.659338119597017,0.0,-0.0,1.0690842564167369
2021-11-17,31.07,31.45,30.33,31.45,46620535.0,1473150426.0,1779553000.0,0.026197890706261627,0.011904761904761862,1.3965364120781512,31.040499999999998,31.94266666666667,0.0,0.0,0.9642120165317905,0.014516129032257963,0.0,0.0,1.5717705371946291,32.5,29.94,0.0,0.0,0.8965893984570742,31.040499999999998,0.6861216326104952,0.5968329528424454,0.0,0.0,0.8937105159700441,31.040499999999998,0.6861216326104952,32.41274326522099,29.668256734779007,0.0,0.0,1.0690842564167369
2021-11-18,31.18,31.6,30.67,30.72,36963926.0,1174966785.0,1779553000.0,0.02077146676721626,-0.02321144674085851,1.3641207815275296,31.0625,31.90566666666667,0.0,-0.0,0.9642120165317905,0.014531043593130732,1.0,-0.02381144674085851,1.5343444067593686,32.5,29.94,0.0,-0.0,0.8965893984570742,31.0625,0.667247882605374,-0.5133024906166148,0.0,-0.0,0.8937105159700441,31.0625,0.667247882605374,32.39699576521075,29.728004234789253,0.0,-0.0,1.0690842564167369
2021-11-19,30.74,31.06,30.43,30.97,31207272.0,981882860.0,1779553000.0,0.017536579129702797,0.00813802083333326,1.3752220248667835,31.086499999999994,31.8695,0.0,0.0,0.9642120165317905,0.01574286651361101,1.0,0.00813802083333326,1.5468309335070847,32.5,29.94,0.0,0.0,0.8965893984570742,31.086499999999994,0.6540744766858602,-0.17811427314866426,0.0,0.0,0.8937105159700441,31.086499999999994,0.6540744766858602,32.394648953371714,29.778351046628273,0.0,0.0,1.0690842564167369
2021-11-22,30.97,32.23,30.95,32.14,86379895.0,2818045435.0,1779553000.0,0.048540220493573386,0.037778495318049776,1.4271758436944921,31.152500000000003,31.8455,0.0,0.0,0.9642120165317905,0.0428293316028554,1.0,0.037778495318049776,1.6052678786863965,32.5,29.94,0.0,0.0,0.8965893984570742,31.152500000000003,0.6913059723217158,1.428455762769601,0.0,0.0,0.8937105159700441,31.152500000000003,0.6913059723217158,32.53511194464343,29.76988805535657,0.0,0.0,1.0690842564167369
2021-11-23,32.26,33.21,32.16,32.62,97641944.0,3271515968.0,1779553000.0,0.0548688035703348,0.014934660858742843,1.4484902309058596,31.2055,31.820333333333334,0.0,0.0,0.9642120165317905,0.033586818757921355,1.0,0.014934660858742843,1.6292420100420115,32.5,30.23,0.0,0.0,0.8965893984570742,31.2055,0.7612833693312269,1.8580466314962436,0.0,0.0,0.8937105159700441,31.2055,0.7612833693312269,32.728066738662456,29.682933261337546,0.0,0.0,1.0690842564167369
2021-11-24,32.67,33.14,32.45,32.53,56593834.0,1896847169.0,1779553000.0,0.031802275065704703,-0.0027590435315756334,1.4444937833037284,31.315000000000005,31.792166666666667,0.0,-0.0,0.9642120165317905,0.07218193803559658,1.0,-0.0027590435315756334,1.624746860412834,33.21,30.33,1.0,-0.0033590435315756333,0.8935777156377076,31.315000000000005,0.7872971752169051,1.543254616232119,0.0,-0.0,0.8937105159700441,31.315000000000005,0.7872971752169051,32.88959435043382,29.740405649566195,0.0,-0.0,1.0690842564167369
2021-11-25,32.48,33.56,32.34,32.9,74247891.0,2514439823.0,1779553000.0,0.041722775888102234,0.011374116200430384,1.4609236234458243,31.485500000000002,31.7685,0.0,0.0,0.9642120165317905,0.11563241776873512,1.0,0.011374116200430384,1.6432269199994538,33.21,30.33,1.0,0.011374116200430384,0.903741372409486,31.485500000000002,0.7390283450153317,1.913999658525482,0.0,0.0,0.8937105159700441,31.485500000000002,0.7390283450153317,32.963556690030664,30.00744330996934,0.0,0.0,1.0690842564167369
2021-11-26,32.84,32.84,32.09,32.39,48995513.0,1621975288.0,1779553000.0,0.027532483157287253,-0.015501519756838888,1.4382770870337462,31.594,31.744500000000002,0.0,-0.0,0.9642120165317905,0.07180675049635998,1.0,-0.015501519756838888,1.6177544054341129,33.56,30.33,1.0,-0.015501519756838888,0.8897320076700077,31.594,0.7018126905598381,1.1342057655939903,0.0,-0.0,0.8937105159700441,31.594,0.7018126905598381,32.997625381119676,30.190374618880327,0.0,-0.0,1.0690842564167369
2021-11-29,31.87,32.24,31.62,31.7,51154826.0,1666188333.0,1779553000.0,0.02874588506214763,-0.021302871256560718,1.4076376554174053,31.6625,31.722833333333334,0.0,-0.0,0.9642120165317905,0.045169798878997636,1.0,-0.021302871256560718,1.583291591610416,33.56,30.33,1.0,-0.021302871256560718,0.8707781612577722,31.6625,0.6356917078015744,0.05899085915354298,0.0,-0.0,0.8937105159700441,31.6625,0.6356917078015744,32.93388341560315,30.39111658439685,0.0,-0.0,1.0690842564167369
2021-11-30,31.99,32.73,31.89,32.45,58937749.0,1947572747.0,1779553000.0,0.03311941200964512,0.023659305993690927,1.4409413854351674,31.7065,31.71933333333333,0.0,0.0,0.9642120165317905,0.027874564459930307,1.0,0.023659305993690927,1.6207511718535648,33.56,30.33,1.0,0.023659305993690927,0.8913801682275934,31.7065,0.6589806721862573,1.128257673375067,0.0,0.0,0.8937105159700441,31.7065,0.6589806721862573,33.02446134437251,30.388538655627485,0.0,0.0,1.0690842564167369
2021-12-01,32.25,32.91,32.17,32.6,40732673.0,1357778379.0,1779553000.0,0.022889272193635145,0.0046224961479197635,1.4476021314387195,31.761000000000003,31.721666666666668,0.0,0.0,0.9642120165317905,0.03459219295461757,1.0,0.0046224961479197635,1.6282430879021943,33.56,30.33,1.0,0.0046224961479197635,0.8955005696215574,31.761000000000003,0.6863779839427898,1.2223585540732174,0.0,0.0,0.8937105159700441,31.761000000000003,0.6863779839427898,33.133755967885584,30.38824403211442,0.0,0.0,1.0690842564167369
2021-12-02,32.59,32.82,32.05,32.14,35196647.0,1164521543.0,1779553000.0,0.019778364004893363,-0.01411042944785279,1.4271758436944921,31.783499999999997,31.701,1.0,-0.01471042944785279,0.9500280436898276,0.014200063111391659,1.0,-0.01411042944785279,1.6052678786863963,33.56,30.43,1.0,-0.01411042944785279,0.8828646720134005,31.783499999999997,0.6912861773148892,0.5157053788992717,0.0,-0.0,0.8937105159700441,31.783499999999997,0.6912861773148892,33.166072354629776,30.400927645370217,0.0,-0.0,1.0690842564167369
2021-12-03,32.26,33.07,32.22,32.89,58689765.0,1968913394.0,1779553000.0,0.03298006016117531,0.023335407591785984,1.4604795737122542,31.852999999999998,31.7025,1.0,0.023335407591785984,0.9721973353129568,0.04412698412698424,1.0,0.023335407591785984,1.642727458929545,33.56,30.43,1.0,0.023335407591785984,0.9034666789832216,31.852999999999998,0.7300692108497964,1.4204132766987125,0.0,0.0,0.8937105159700441,31.852999999999998,0.7300692108497964,33.31313842169959,30.392861578300405,0.0,0.0,1.0690842564167369
2021-12-06,32.92,32.99,32.15,32.26,41379097.0,1377630421.0,1779553000.0,0.023252522965036725,-0.019154758285193196,1.432504440497334,31.946500000000004,31.704,1.0,-0.019154758285193196,0.9535751303495282,0.061533399144455325,1.0,-0.019154758285193196,1.6112614115253001,33.56,30.95,1.0,-0.019154758285193196,0.8861609931285718,31.946500000000004,0.6479707189610086,0.4838181584851196,0.0,-0.0,0.8937105159700441,31.946500000000004,0.6479707189610086,33.24244143792202,30.650558562077986,0.0,-0.0,1.0690842564167369
2021-12-07,32.46,32.52,31.51,31.82,38392672.0,1249806880.0,1779553000.0,0.021574334678427672,-0.01363918164910094,1.412966252220247,31.9695,31.6915,1.0,-0.01363918164910094,0.9405691459306259,0.014668367346938771,1.0,-0.01363918164910094,1.5892851244493198,33.56,31.62,1.0,-0.01363918164910094,0.8740744823729435,31.9695,0.6340718455052438,-0.2357776978425442,0.0,-0.0,0.8937105159700441,31.9695,0.6340718455052438,33.23764369101049,30.701356308989514,0.0,-0.0,1.0690842564167369
2021-12-08,31.97,32.39,31.82,31.98,33612758.0,1102035507.0,1779553000.0,0.018888315211741377,0.005028284098051561,1.4200710479573697,31.982999999999997,31.6755,1.0,0.005028284098051561,0.9452985948102268,0.008514664143803197,1.0,0.005028284098051561,1.5972765015678583,33.56,31.51,1.0,0.005028284098051561,0.878469577193172,31.982999999999997,0.6311234761158321,-0.004753427995516303,0.0,0.0,0.8937105159700441,31.982999999999997,0.6311234761158321,33.24524695223166,30.720753047768333,0.0,0.0,1.0690842564167369
2021-12-09,31.97,32.22,31.59,32.03,41475165.0,1356183073.0,1779553000.0,0.02330650730829596,0.0015634771732333519,1.4222912966252206,31.984499999999997,31.658,1.0,0.0015634771732333519,0.9467765475851022,0.0009375000000000355,1.0,0.0015634771732333519,1.5997738069174017,33.56,31.51,1.0,0.0015634771732333519,0.8798430443244935,31.984499999999997,0.6312016526555184,0.07208472887956134,0.0,0.0,0.8937105159700441,31.984499999999997,0.6312016526555184,33.24690330531104,30.72209669468896,0.0,0.0,1.0690842564167369
2021-12-10,31.81,31.87,31.12,31.41,55841904.0,1794181802.0,1779553000.0,0.031379736371999034,-0.01935685295035905,1.3947602131438708,31.972999999999995,31.62933333333333,1.0,-0.01935685295035905,0.9284499331766488,-0.007269279393173234,1.0,-0.01935685295035905,1.5688072205830654,33.56,31.51,1.0,-0.01935685295035905,0.862812051896108,31.972999999999995,0.6398445534900231,-0.879901214957789,0.0,-0.0,0.8937105159700441,31.972999999999995,0.6398445534900231,33.25268910698004,30.693310893019948,0.0,-0.0,1.0690842564167369
2021-12-13,31.28,31.69,31.22,31.46,29289678.0,943564223.0,1779553000.0,0.016459008526298457,0.0015918497293856415,1.3969804618117216,31.976999999999997,31.611,1.0,0.0015918497293856415,0.9299278859515242,0.002549394518801762,0.0,-0.0006,1.5678659362507155,33.56,31.12,0.0,-0.0006,0.8622943646649703,31.976999999999997,0.6361818674092502,-0.8126606973339188,0.0,0.0,0.8937105159700441,31.976999999999997,0.6361818674092502,33.249363734818495,30.704636265181495,0.0,0.0,1.0690842564167369
2021-12-14,31.31,31.45,31.14,31.25,23873603.0,763517097.0,1779553000.0,0.013415505466822287,-0.006675143038779474,1.3876554174067481,31.985500000000002,31.5725,1.0,-0.006675143038779474,0.923720484297048,0.005469755469755588,1.0,-0.007275143038779474,1.5564594872988615,33.56,31.12,0.0,-0.0,0.8622943646649703,31.985500000000002,0.6245965013294201,-1.1775602303799806,0.0,-0.0,0.8937105159700441,31.985500000000002,0.6245965013294201,33.234693002658844,30.73630699734116,0.0,-0.0,1.0690842564167369
2021-12-15,31.25,31.54,30.97,31.03,27509047.0,880160576.0,1779553000.0,0.015458402756197764,-0.007039999999999935,1.3778863232682048,31.964499999999997,31.538,1.0,-0.007039999999999935,0.9172174920875968,-0.013354531001589787,1.0,-0.007039999999999935,1.5455020125082777,33.56,31.12,0.0,-0.0,0.8622943646649703,31.964499999999997,0.6500888603222308,-1.4374957902474916,0.0,-0.0,0.8937105159700441,31.964499999999997,0.6500888603222308,33.26467772064446,30.664322279355535,0.0,-0.0,1.0690842564167369
2021-12-16,31.04,31.24,30.83,31.01,27002093.0,855364135.0,1779553000.0,0.015173525598844204,-0.0006445375443119294,1.3769982238010645,31.978999999999996,31.514,1.0,-0.0006445375443119294,0.9166263109776468,0.00944010416666674,0.0,-0.0006,1.5445747113007726,33.56,30.97,0.0,-0.0,0.8622943646649703,31.978999999999996,0.6235627685446404,-1.553973471285953,0.0,-0.0,0.8937105159700441,31.978999999999996,0.6235627685446404,33.226125537089274,30.731874462910714,0.0,-0.0,1.0690842564167369
2021-12-17,30.98,31.09,30.44,30.46,33785090.0,1056983641.0,1779553000.0,0.018985155260899788,-0.017736214124476013,1.3525754884547057,31.953500000000002,31.48916666666667,1.0,-0.017736214124476013,0.9003688304540187,-0.016467549241201085,1.0,-0.018336214124476013,1.5162530586631109,33.56,30.83,0.0,-0.0,0.8622943646649703,31.953500000000002,0.6752798640090703,-2.2116756023691244,1.0,-0.018336214124476013,0.8773232485839214,31.953500000000002,0.6752798640090703,33.304059728018146,30.60294027198186,0.0,-0.0,1.0690842564167369
2021-12-20,30.32,30.6,30.21,30.23,23099708.0,717275535.0,1779553000.0,0.012980623785860831,-0.007550886408404511,1.3423623445825918,31.857999999999997,31.471333333333334,1.0,-0.007550886408404511,0.8935702476895924,-0.059427504667081577,0.0,-0.0006,1.515343306827913,33.56,30.44,0.0,-0.0,0.8622943646649703,31.857999999999997,0.7751848675939389,-2.1001441953492614,1.0,-0.007550886408404511,0.8706986803904118,31.857999999999997,0.7751848675939389,33.408369735187875,30.30763026481212,1.0,-0.008150886408404511,1.0603702720816703
2021-12-21,30.19,30.58,30.14,30.57,19127409.0,594044791.0,1779553000.0,0.010748434578795912,0.011247105524313517,1.3574600355239772,31.7555,31.4575,1.0,0.011247105524313517,0.9036203265587441,-0.06284488044144687,0.0,0.0,1.515343306827913,33.56,30.21,0.0,0.0,0.8622943646649703,31.7555,0.8041175287227995,-1.4742869762868633,1.0,0.011247105524313517,0.8804915203286432,31.7555,0.8041175287227995,33.3637350574456,30.1472649425544,1.0,0.011247105524313517,1.072296368426618
2021-12-22,30.57,30.79,30.36,30.41,24086088.0,753151208.0,1779553000.0,0.013534909047384372,-0.005233889434085759,1.3503552397868546,31.6495,31.44,1.0,-0.005233889434085759,0.8988908776791432,-0.06517061174300653,0.0,-0.0,1.515343306827913,33.56,30.14,0.0,-0.0,0.8622943646649703,31.6495,0.8357566694472595,-1.4830871775390821,1.0,-0.005233889434085759,0.875883125063593,31.6495,0.8357566694472595,33.32101333889452,29.97798666110548,1.0,-0.005233889434085759,1.0666840877937014
2021-12-23,30.33,30.48,29.83,29.93,31582179.0,969620998.0,1779553000.0,0.017747253945232314,-0.015784281486353136,1.3290408525754869,31.500999999999998,31.40683333333333,1.0,-0.015784281486353136,0.8847025310403406,-0.09027355623100297,0.0,-0.0,1.515343306827913,33.56,30.14,0.0,-0.0,0.8622943646649703,31.500999999999998,0.8652100444700628,-1.8157440612726916,1.0,-0.015784281486353136,0.8620579392684427,31.500999999999998,0.8652100444700628,33.231420088940126,29.770579911059873,1.0,-0.015784281486353136,1.0498472458949517
2021-12-24,29.97,30.15,29.6,29.61,24339402.0,740624173.0,1779553000.0,0.013677256030025517,-0.01069161376545269,1.3148312611012418,31.362000000000002,31.379,1.0,-0.01069161376545269,0.8752436332811389,-0.08582895955541836,0.0,-0.0,1.515343306827913,33.07,29.83,0.0,-0.0,0.8622943646649703,31.362000000000002,0.9353389478513519,-1.8731177655166327,1.0,-0.01069161376545269,0.8528411487383424,31.362000000000002,0.9353389478513519,33.23267789570271,29.491322104297296,1.0,-0.01069161376545269,1.0386226846291187
2021-12-27,29.51,29.82,29.47,29.8,15401143.0,467591276.0,1779553000.0,0.008654500877467544,0.0064167510976023134,1.323268206039075,31.267000000000003,31.35,0.0,-0.0006,0.8747184871011702,-0.05993690851735012,0.0,0.0,1.515343306827913,33.07,29.6,0.0,0.0,0.8622943646649703,31.267000000000003,0.9938606277379498,-1.4760620946811516,1.0,0.0064167510976023134,0.8583136181155896,31.267000000000003,0.9938606277379498,33.2547212554759,29.279278744524103,1.0,0.0064167510976023134,1.0452872678807072
2021-12-28,29.81,30.09,29.79,30.04,17771056.0,544103633.0,1779553000.0,0.009986247108122097,0.00805369127516764,1.3339253996447586,31.146500000000003,31.329666666666665,0.0,0.0,0.8747184871011702,-0.07426810477657941,0.0,0.0,1.515343306827913,33.07,29.47,0.0,0.0,0.8622943646649703,31.146500000000003,0.9889668984930876,-1.1188443229859406,1.0,0.00805369127516764,0.8652262110131647,31.146500000000003,0.9889668984930876,33.12443379698618,29.168566203013828,1.0,0.00805369127516764,1.053705688830082
2021-12-29,30.01,30.01,29.74,29.78,14104459.0,430420426.0,1779553000.0,0.007925843737163209,-0.008655126498002597,1.3223801065719345,31.0055,31.303166666666662,0.0,-0.0,0.8747184871011702,-0.08650306748466263,0.0,-0.0,1.515343306827913,33.07,29.47,0.0,-0.0,0.8622943646649703,31.0055,0.9717075312639261,-1.261181950916815,1.0,-0.008655126498002597,0.8577375687074582,31.0055,0.9717075312639261,32.94891506252785,29.06208493747215,1.0,-0.008655126498002597,1.0445857328015926
2021-12-30,29.78,30.25,29.73,30.09,21327411.0,656485290.0,1779553000.0,0.011984701214293701,0.010409670920080494,1.3361456483126093,30.903000000000002,31.28216666666667,0.0,0.0,0.8747184871011702,-0.06378344741754827,0.0,0.0,1.515343306827913,33.07,29.47,0.0,0.0,0.8622943646649703,30.903000000000002,0.9536914429836806,-0.852476978776787,1.0,0.010409670920080494,0.8666663345334927,30.903000000000002,0.9536914429836806,32.810382885967364,28.99561711403264,1.0,0.010409670920080494,1.0554595265278683
2021-12-31,30.02,30.39,29.97,30.32,20880560.0,646399579.0,1779553000.0,0.011733598268778733,0.00764373546028585,1.346358792184723,30.7745,31.2595,0.0,0.0,0.8747184871011702,-0.07813925205229555,0.0,0.0,1.515343306827913,33.07,29.47,0.0,0.0,0.8622943646649703,30.7745,0.8379955721521495,-0.5423656342631352,1.0,0.00764373546028585,0.8732909027270024,30.7745,0.8379955721521495,32.4504911443043,29.0985088556957,1.0,0.00764373546028585,1.063527179937686
2022-01-04,30.4,30.48,30.02,30.25,19584078.0,604659319.0,1779553000.0,0.01100505464012592,-0.002308707124010545,1.343250444049732,30.674,31.233999999999998,0.0,-0.0,0.8747184871011702,-0.06230626162430253,0.0,-0.0,1.515343306827913,32.99,29.47,0.0,-0.0,0.8622943646649703,30.674,0.7680762023593868,-0.5520285600537428,1.0,-0.002308707124010545,0.8712747297985429,30.674,0.7680762023593868,32.21015240471877,29.137847595281226,1.0,-0.002308707124010545,1.061071807160785
2022-01-05,30.2,30.36,29.61,29.77,22341390.0,682780585.0,1779553000.0,0.012554495426660515,-0.015867768595041354,1.3219360568383642,30.571500000000004,31.210166666666666,0.0,-0.0,0.8747184871011702,-0.06442489000628537,0.0,-0.0,1.515343306827913,32.52,29.47,0.0,-0.0,0.8622943646649703,30.571500000000004,0.743485921715207,-1.0780298275869973,1.0,-0.015867768595041354,0.8574495440033925,30.571500000000004,0.743485921715207,32.05847184343042,29.08452815656959,1.0,-0.015867768595041354,1.0442349652620353
2022-01-06,29.62,29.88,29.47,29.67,18464435.0,560732103.0,1779553000.0,0.010375883719113733,-0.003359086328518557,1.3174955595026627,30.456,31.172500000000003,0.0,-0.0,0.8747184871011702,-0.07223264540337704,0.0,-0.0,1.515343306827913,32.39,29.47,0.0,-0.0,0.8622943646649703,30.456,0.6907158757780704,-1.1379498105709425,1.0,-0.003359086328518557,0.8545692969627362,30.456,0.6907158757780704,31.83743175155614,29.07456824844386,1.0,-0.003359086328518557,1.0407272898664626
2022-01-07,29.7,29.88,29.6,29.64,16788668.0,510448139.0,1779553000.0,0.009434205106563277,-0.0010111223458039165,1.3161634103019522,30.3365,31.139499999999998,0.0,-0.0,0.8747184871011702,-0.07461754605057758,0.0,-0.0,1.515343306827913,32.22,29.47,0.0,-0.0,0.8622943646649703,30.3365,0.6055643301037225,-1.1501668202298214,1.0,-0.0010111223458039165,0.8537052228505393,30.3365,0.6055643301037225,31.547628660207447,29.125371339792554,1.0,-0.0010111223458039165,1.0396749872477906
2022-01-10,29.62,29.76,27.57,28.49,46752777.0,1361844374.0,1779553000.0,0.02627220262616511,-0.03879892037786781,1.2650976909413838,30.190500000000004,31.072666666666667,0.0,-0.0,0.8747184871011702,-0.09296402419611594,0.0,-0.0,1.515343306827913,31.87,29.47,0.0,-0.0,0.8622943646649703,30.190500000000004,0.6804911152204475,-2.49893049588035,1.0,-0.03879892037786781,0.8205823818829914,30.190500000000004,0.6804911152204475,31.5514822304409,28.829517769559107,1.0,-0.03879892037786781,0.9993367201987029
2022-01-11,28.37,28.52,27.87,27.96,28517637.0,821540630.0,1779553000.0,0.016025168679999976,-0.018603018603018495,1.2415630550621655,30.015500000000003,31.008333333333333,0.0,-0.0,0.8747184871011702,-0.11125238397965675,0.0,-0.0,1.515343306827913,31.69,27.57,0.0,-0.0,0.8622943646649703,30.015500000000003,0.7796522504156431,-2.636431818037064,1.0,-0.018603018603018495,0.8053170725675128,30.015500000000003,0.7796522504156431,31.574804500831288,28.456195499168718,1.0,-0.018603018603018495,0.980746040602167
2022-01-12,28.08,28.53,28.01,28.43,17739225.0,512719431.0,1779553000.0,0.00996836003198556,0.016809728183118766,1.262433392539963,29.8745,30.959333333333333,0.0,0.0,0.8747184871011702,-0.09023999999999999,0.0,0.0,1.515343306827913,31.54,27.57,0.0,0.0,0.8622943646649703,29.8745,0.7993910511325526,-1.80700046360724,1.0,0.016809728183118766,0.8188542336585977,29.8745,0.7993910511325526,31.473282102265106,28.275717897734896,1.0,0.016809728183118766,0.9972321149613593
2022-01-13,28.42,28.59,28.23,28.27,15658915.0,454509505.0,1779553000.0,0.008799352983586327,-0.005627857896588151,1.2553285968028403,29.7365,30.913833333333333,0.0,-0.0,0.8747184871011702,-0.08894618111505004,0.0,-0.0,1.515343306827913,31.54,27.57,0.0,-0.0,0.8622943646649703,29.7365,0.8271655787906494,-1.7729219367953923,1.0,-0.005627857896588151,0.8142458383935475,29.7365,0.8271655787906494,31.3908311575813,28.0821688424187,1.0,-0.005627857896588151,0.9916198343284427
2022-01-14,28.14,28.51,28.09,28.18,16217221.0,469908445.0,1779553000.0,0.009113086825736576,-0.0031835868411743684,1.2513321492007088,29.595000000000006,30.878833333333333,0.0,-0.0,0.8747184871011702,-0.09126088358594009,0.0,-0.0,1.515343306827913,31.24,27.57,0.0,-0.0,0.8622943646649703,29.595000000000006,0.8398088754994489,-1.6849071750503721,1.0,-0.0031835868411743684,0.8116536160569567,29.595000000000006,0.8398088754994489,31.274617750998903,27.91538224900111,1.0,-0.0031835868411743684,0.9884629264724272
2022-01-17,28.18,28.49,28.18,28.45,17165520.0,498543032.0,1779553000.0,0.009645972893192842,0.00958126330731024,1.2633214920071032,29.4945,30.84483333333333,0.0,0.0,0.8747184871011702,-0.06598818122127381,0.0,0.0,1.515343306827913,31.09,27.57,0.0,0.0,0.8622943646649703,29.4945,0.8510394573073357,-1.2273226476534558,1.0,0.00958126330731024,0.8194302830667289,29.4945,0.8510394573073357,31.19657891461467,27.792421085385328,1.0,0.00958126330731024,0.997933650040474
2022-01-18,28.41,28.92,28.35,28.64,21927806.0,643776756.0,1779553000.0,0.012322086501497848,0.006678383128295273,1.2717584369449362,29.415,30.8085,0.0,0.0,0.8747184871011702,-0.052596758187231196,0.0,0.0,1.515343306827913,30.79,27.57,0.0,0.0,0.8622943646649703,29.415,0.8529792988166557,-0.9085800805191423,1.0,0.006678383128295273,0.824902752443976,29.415,0.8529792988166557,31.12095859763331,27.709041402366687,1.0,0.006678383128295273,1.0045982332920624
2022-01-19,28.47,28.53,27.94,28.13,19610851.0,564704610.0,1779553000.0,0.011020099429463467,-0.01780726256983245,1.249111900532858,29.292999999999996,30.75133333333333,0.0,-0.0,0.8747184871011702,-0.07981681386980699,0.0,-0.0,1.515343306827913,30.79,27.57,0.0,-0.0,0.8622943646649703,29.292999999999996,0.8535813099118363,-1.3624946873779595,1.0,-0.01780726256983245,0.8102134925366287,29.292999999999996,0.8535813099118363,31.00016261982367,27.585837380176322,1.0,-0.01780726256983245,0.9867090887746409
2022-01-20,27.99,28.22,27.62,27.65,18785671.0,535199393.0,1779553000.0,0.010556398713609541,-0.017063633131887634,1.2277975133214902,29.155,30.706500000000002,0.0,-0.0,0.8747184871011702,-0.09075961854653081,0.0,-0.0,1.515343306827913,30.79,27.57,0.0,-0.0,0.8622943646649703,29.155,0.8859814658862588,-1.6986811326741824,1.0,-0.017063633131887634,0.7963883067414782,29.155,0.8859814658862588,30.92696293177252,27.383037068227484,1.0,-0.017063633131887634,0.9698722468758914
2022-01-21,27.57,27.86,27.53,27.55,15467131.0,437328348.0,1779553000.0,0.008691582099549719,-0.003616636528028905,1.2233570159857887,29.036,30.674166666666668,0.0,-0.0,0.8747184871011702,-0.07951887738055463,0.0,-0.0,1.515343306827913,30.48,27.57,0.0,-0.0,0.8622943646649703,29.036,0.9348931827525118,-1.5894864006013185,1.0,-0.003616636528028905,0.7935080597008218,29.036,0.9348931827525118,30.905786365505026,27.166213634494977,1.0,-0.003616636528028905,0.9663645714803185
2022-01-24,27.38,27.71,27.18,27.42,15528944.0,435096810.0,1779553000.0,0.00872631722685416,-0.004718693284936459,1.2175843694493766,28.926499999999997,30.6275,0.0,-0.0,0.8747184871011702,-0.07396149949341435,0.0,-0.0,1.515343306827913,30.48,27.53,0.0,-0.0,0.8622943646649703,28.926499999999997,0.9907109355881575,-1.520625185292447,1.0,-0.004718693284936459,0.7897637385479686,28.926499999999997,0.9907109355881575,30.907921871176313,26.94507812882368,1.0,-0.004718693284936459,0.9618045934660738
2022-01-25,27.69,28.15,27.25,27.27,23778098.0,672937080.0,1779553000.0,0.013361837495146254,-0.005470459518599591,1.2109236234458243,28.8,30.5765,0.0,-0.0,0.8747184871011702,-0.08489932885906049,0.0,-0.0,1.515343306827913,30.48,27.18,0.0,-0.0,0.8622943646649703,28.8,1.033888928168156,-1.479849487034216,1.0,-0.005470459518599591,0.785443367986984,28.8,1.033888928168156,30.867777856336314,26.732222143663687,1.0,-0.005470459518599591,0.9565430803727145
2022-01-26,27.35,27.83,27.27,27.77,16786094.0,473109592.0,1779553000.0,0.009432758675914681,0.018335166850018236,1.233126110124332,28.686500000000002,30.513166666666667,0.0,0.0,0.8747184871011702,-0.07556591211717711,0.0,0.0,1.515343306827913,30.48,27.18,0.0,0.0,0.8622943646649703,28.686500000000002,1.0150254080300614,-0.9029330623148887,1.0,0.018335166850018236,0.7998446031902656,28.686500000000002,1.0150254080300614,30.716550816060124,26.65644918393988,1.0,0.018335166850018236,0.9740814573505786
2022-01-27,27.74,27.79,26.59,26.63,22340972.0,619780457.0,1779553000.0,0.012554260536213308,-0.04105149441843714,1.182504440497334,28.529000000000003,30.431833333333334,0.0,-0.0,0.8747184871011702,-0.10577568838146412,0.0,-0.0,1.515343306827913,30.48,27.18,0.0,-0.0,0.8622943646649703,28.529000000000003,1.0788048943155675,-1.7602812241640766,1.0,-0.04105149441843714,0.7670097869267833,28.529000000000003,1.0788048943155675,30.686609788631138,26.37139021136887,1.0,-0.04105149441843714,0.9340939578410482
2022-01-28,26.79,26.98,26.11,26.25,20375239.0,551574772.0,1779553000.0,0.011449638757598116,-0.014269620728501686,1.165630550621668,28.337,30.341166666666666,0.0,-0.0,0.8747184871011702,-0.12761714855433703,0.0,-0.0,1.515343306827913,30.48,26.59,0.0,-0.0,0.8622943646649703,28.337,1.1269992761400844,-1.8518201778690304,1.0,-0.014269620728501686,0.7560648481722892,28.337,1.1269992761400844,30.59099855228017,26.08300144771983,1.0,-0.014269620728501686,0.9207647913378714
2022-02-07,26.62,26.95,26.45,26.6,17618273.0,481494988.0,1779553000.0,0.009900392401912166,0.01333333333333342,1.1811722912966236,28.151000000000003,30.2595,0.0,0.0,0.8747184871011702,-0.12269129287598945,0.0,0.0,1.515343306827913,30.48,26.11,0.0,0.0,0.8622943646649703,28.151000000000003,1.0888279550914797,-1.4244674677458038,1.0,0.01333333333333342,0.7661457128145865,28.151000000000003,1.0888279550914797,30.328655910182963,25.973344089817044,1.0,0.01333333333333342,0.9330416552223764
2022-02-08,26.66,27.03,26.39,27.03,17437324.0,476437234.0,1779553000.0,0.009798710125520286,0.016165413533834494,1.2002664298401404,27.990000000000002,30.203500000000002,0.0,0.0,0.8747184871011702,-0.10644628099173548,0.0,0.0,1.515343306827913,30.48,26.11,0.0,0.0,0.8622943646649703,27.990000000000002,0.9962508667363371,-0.9636127124736241,1.0,0.016165413533834494,0.7785307750894087,27.990000000000002,0.9962508667363371,29.982501733472677,25.997498266527327,1.0,0.016165413533834494,0.9481246594233395
2022-02-09,26.91,27.31,26.85,27.3,17887567.0,497366718.0,1779553000.0,0.010051719167678625,0.009988901220865598,1.2122557726465346,27.866499999999995,30.13583333333333,0.0,0.0,0.8747184871011702,-0.08296943231441045,0.0,0.0,1.515343306827913,30.36,26.11,0.0,0.0,0.8622943646649703,27.866499999999995,0.9136524445722796,-0.6200388379250684,1.0,0.009988901220865598,0.7863074420991808,27.866499999999995,0.9136524445722796,29.693804889144555,26.039195110855434,1.0,0.009988901220865598,0.957595382991386
2022-02-10,27.35,27.54,27.18,27.32,15363306.0,429447831.0,1779553000.0,0.008633238796484286,0.00073260073260073,1.213143872113675,27.749000000000002,30.062666666666665,0.0,0.0,0.8747184871011702,-0.07920458375463435,0.0,0.0,1.515343306827913,29.88,26.11,0.0,0.0,0.8622943646649703,27.749000000000002,0.8153262182123672,-0.5261697593149898,1.0,0.00073260073260073,0.7868834915073121,27.749000000000002,0.8153262182123672,29.37965243642474,26.118347563575266,1.0,0.00073260073260073,0.9582969180705005
2022-02-11,27.17,27.55,27.11,27.17,15975899.0,446480935.0,1779553000.0,0.008977478614011497,-0.0054904831625182116,1.2064831261101225,27.6255,29.982166666666664,0.0,-0.0,0.8747184871011702,-0.08333333333333326,0.0,-0.0,1.515343306827913,29.88,26.11,0.0,-0.0,0.8622943646649703,27.6255,0.6914780127411716,-0.6587338882899465,1.0,-0.0054904831625182116,0.7825631209463276,27.6255,0.6914780127411716,29.008456025482342,26.242543974517655,1.0,-0.0054904831625182116,0.9530354049771413
2022-02-14,26.93,27.11,26.49,26.82,13558459.0,371646046.0,1779553000.0,0.007619025114733869,-0.012881854987118246,1.190941385435167,27.542,29.901833333333336,0.0,-0.0,0.8747184871011702,-0.05861705861705857,0.0,-0.0,1.515343306827913,29.76,26.11,0.0,-0.0,0.8622943646649703,27.542,0.6823612255282973,-1.0580906021455352,1.0,-0.012881854987118246,0.7724822563040303,27.542,0.6823612255282973,28.906722451056595,26.177277548943408,1.0,-0.012881854987118246,0.9407585410926363
2022-02-15,26.91,27.43,26.91,27.26,14844222.0,413526961.0,1779553000.0,0.008341545320650748,0.01640566741237892,1.210479573712254,27.506999999999998,29.833166666666667,0.0,0.0,0.8747184871011702,-0.025035765379113006,0.0,0.0,1.515343306827913,28.92,26.11,0.0,0.0,0.8622943646649703,27.506999999999998,0.6777291805024183,-0.3644523610697843,1.0,0.01640566741237892,0.7851553432829184,27.506999999999998,0.6777291805024183,28.862458361004833,26.151541638995162,1.0,0.01640566741237892,0.956192312833157
2022-02-16,27.47,27.53,27.15,27.21,12342759.0,344438734.0,1779553000.0,0.006935876031790006,-0.0018341892883345645,1.2082593250444031,27.445999999999998,29.768666666666665,0.0,-0.0,0.8747184871011702,-0.04291241646148436,0.0,-0.0,1.515343306827913,28.92,26.11,0.0,-0.0,0.8622943646649703,27.445999999999998,0.6443634149496166,-0.3662529475210044,1.0,-0.0018341892883345645,0.7837152197625902,27.445999999999998,0.6443634149496166,28.73472682989923,26.157273170100765,1.0,-0.0018341892883345645,0.9544384751353705
2022-02-17,27.14,27.42,26.98,26.99,17291722.0,480008779.0,1779553000.0,0.009716890702328056,-0.008085262771040158,1.1984902309058596,27.381999999999998,29.69433333333333,0.0,-0.0,0.8747184871011702,-0.045277679518924696,0.0,-0.0,1.515343306827913,28.92,26.11,0.0,-0.0,0.8622943646649703,27.381999999999998,0.6213703023405567,-0.6308637514915455,1.0,-0.008085262771040158,0.7773786762731462,27.381999999999998,0.6213703023405567,28.62474060468111,26.139259395318884,1.0,-0.008085262771040158,0.9467215892651102
2022-02-18,26.6,26.98,26.54,26.98,13581358.0,371694104.0,1779553000.0,0.0076318929528932265,-0.0003705075954055781,1.1980461811722896,27.321999999999996,29.631999999999998,0.0,-0.0,0.8747184871011702,-0.04258339247693399,0.0,-0.0,1.515343306827913,28.92,26.11,0.0,-0.0,0.8622943646649703,27.321999999999996,0.5977466458549093,-0.5721487562859677,1.0,-0.0003705075954055781,0.7770906515690806,27.321999999999996,0.5977466458549093,28.517493291709815,26.126506708290176,1.0,-0.0003705075954055781,0.946370821725553
2022-02-21,26.88,27.32,26.8,27.22,14903686.0,413731499.0,1779553000.0,0.0083749604535521,0.008895478131949464,1.2087033747779732,27.2605,29.5695,0.0,0.0,0.8747184871011702,-0.04323374340949038,0.0,0.0,1.515343306827913,28.92,26.39,0.0,0.0,0.8622943646649703,27.2605,0.535630223980425,-0.07561186465363022,1.0,0.008895478131949464,0.7840032444666557,27.2605,0.535630223980425,28.33176044796085,26.18923955203915,1.0,0.008895478131949464,0.9547892426749277
2022-02-22,27.04,27.05,26.61,26.67,19149372.0,523924721.0,1779553000.0,0.010760776442173962,-0.020205731080088052,1.1842806394316145,27.162,29.478333333333335,0.0,-0.0,0.8747184871011702,-0.06878491620111726,0.0,-0.0,1.515343306827913,28.92,26.39,0.0,-0.0,0.8622943646649703,27.162,0.4414521491613943,-1.1145035785523445,1.0,-0.020205731080088052,0.7681618857430459,27.162,0.4414521491613943,28.044904298322788,26.27909570167721,1.0,-0.020205731080088052,0.9354970279992771
2022-02-23,26.64,27.86,26.64,27.81,44676466.0,1260707256.0,1779553000.0,0.02510544277130268,0.04274465691788509,1.2349023090586124,27.146000000000004,29.398166666666665,0.0,0.0,0.8747184871011702,-0.01137575542125846,0.0,0.0,1.515343306827913,28.53,26.49,0.0,0.0,0.8622943646649703,27.146000000000004,0.40913773256660163,1.6229253553188348,1.0,0.04274465691788509,0.8009967020065281,27.146000000000004,0.40913773256660163,27.96427546513321,26.3277245348668,1.0,0.04274465691788509,0.9754845275088074
2022-02-24,27.56,27.77,26.88,27.21,36051770.0,1008193122.0,1779553000.0,0.020258890856299307,-0.02157497303128364,1.208259325044403,27.124000000000002,29.3095,0.0,-0.0,0.8747184871011702,-0.015913200723327248,0.0,-0.0,1.515343306827913,28.22,26.49,0.0,-0.0,0.8622943646649703,27.124000000000002,0.39208484581146863,0.2193402803467468,0.0,-0.0006,0.8005161039853241,27.124000000000002,0.39208484581146863,27.90816969162294,26.339830308377064,0.0,-0.0006,0.9748992367923021
2022-02-25,27.57,27.83,27.38,27.47,24876361.0,701790165.0,1779553000.0,0.01397899416314097,0.009555310547592732,1.219804618117227,27.119999999999997,29.219,0.0,0.0,0.8747184871011702,-0.0029038112522686843,0.0,0.0,1.515343306827913,28.15,26.49,0.0,0.0,0.8622943646649703,27.119999999999997,0.38789580803864115,0.902304156803714,0.0,0.0,0.8005161039853241,27.119999999999997,0.38789580803864115,27.89579161607728,26.344208383922716,0.0,0.0,0.9748992367923021
2022-02-28,27.4,27.62,27.23,27.36,15259913.0,427128960.0,1779553000.0,0.008575138251010226,-0.004004368401892999,1.2149200710479553,27.117,29.135166666666667,0.0,-0.0,0.8747184871011702,-0.002188183807439903,0.0,-0.0,1.515343306827913,28.15,26.49,0.0,-0.0,0.8622943646649703,27.117,0.38567916854795903,0.6300573632609395,0.0,-0.0,0.8005161039853241,27.117,0.38567916854795903,27.88835833709592,26.345641662904082,0.0,-0.0,0.9748992367923021
2022-03-01,27.37,27.49,27.18,27.45,14904123.0,416798338.0,1779553000.0,0.008375206020837817,0.00328947368421062,1.2189165186500868,27.125999999999998,29.06433333333333,0.0,0.0,0.8747184871011702,0.0066006600660066805,0.0,0.0,1.515343306827913,28.15,26.54,0.0,0.0,0.8622943646649703,27.125999999999998,0.3914937654934828,0.827599386139893,0.0,0.0,0.8005161039853241,27.125999999999998,0.3914937654934828,27.908987530986963,26.343012469013033,0.0,0.0,0.9748992367923021
2022-03-02,27.25,27.25,26.97,27.13,13769158.0,381468642.0,1779553000.0,0.007737425072476066,-0.011657559198542833,1.2047069271758417,27.094,28.97566666666667,0.0,-0.0,0.8747184871011702,-0.023046453006841938,1.0,-0.012257559198542833,1.496768896538354,27.86,26.54,0.0,-0.0,0.8622943646649703,27.094,0.3610569280077191,0.09970726832093403,0.0,-0.0,0.8005161039853241,27.094,0.3610569280077191,27.816113856015438,26.371886143984565,0.0,-0.0,0.9748992367923021
2022-03-03,27.24,27.4,26.88,26.89,14270876.0,395499993.0,1779553000.0,0.00801935991791197,-0.008846295613711752,1.1940497335701579,27.107,28.880499999999998,0.0,-0.0,0.8747184871011702,0.009763424708974844,0.0,-0.0006,1.495870835200431,27.86,26.54,0.0,-0.0,0.8622943646649703,27.107,0.34791257219874966,-0.6237199151171652,0.0,-0.0,0.8005161039853241,27.107,0.34791257219874966,27.8028251443975,26.4111748556025,0.0,-0.0,0.9748992367923021
2022-03-04,26.7,27.29,26.62,26.78,17934960.0,495421227.0,1779553000.0,0.010078351136493266,-0.00409074005206389,1.189165186500886,27.133499999999998,28.791166666666665,0.0,-0.0,0.8747184871011702,0.020190476190476314,1.0,-0.00469074005206389,1.4888540939610422,27.86,26.54,0.0,-0.0,0.8622943646649703,27.133499999999998,0.29542609726728947,-1.1965767522568072,0.0,-0.0,0.8005161039853241,27.133499999999998,0.29542609726728947,27.72435219453458,26.542647805465418,0.0,-0.0,0.9748992367923021
2022-03-07,26.67,26.67,25.51,25.57,29632620.0,785021536.0,1779553000.0,0.016651720965883004,-0.0451829723674384,1.1354351687388968,27.082,28.66916666666667,0.0,-0.0,0.8747184871011702,-0.03872180451127827,1.0,-0.0451829723674384,1.4215832405744528,27.86,26.61,0.0,-0.0,0.8622943646649703,27.082,0.44515638884051606,-3.3965591372017734,0.0,-0.0,0.8005161039853241,27.082,0.44515638884051606,27.972312777681033,26.19168722231897,0.0,-0.0,0.9748992367923021
2022-03-08,25.45,25.69,24.45,24.93,25907709.0,665914786.0,1779553000.0,0.014558548691722023,-0.025029331247555797,1.1070159857904065,26.976999999999997,28.547,0.0,-0.0,0.8747184871011702,-0.0776914539400666,0.0,-0.0006,1.420730290630108,27.86,25.51,0.0,-0.0,0.8622943646649703,26.976999999999997,0.6558650374639841,-3.1210689441764994,1.0,-0.025629331247555797,0.7799994115872814,26.976999999999997,0.6558650374639841,28.288730074927965,25.665269925072028,1.0,-0.025629331247555797,0.9499132213195628
2022-03-09,25.13,25.56,23.83,25.09,27651216.0,706569544.0,1779553000.0,0.015538293043252997,0.0064179703168874,1.1141207815275291,26.866500000000002,28.434833333333337,0.0,0.0,0.8747184871011702,-0.080952380952381,0.0,0.0,1.420730290630108,27.86,24.45,0.0,0.0,0.8622943646649703,26.866500000000002,0.7740955673349593,-2.2949362778501636,1.0,0.0064179703168874,0.7850054246580381,26.866500000000002,0.7740955673349593,28.41469113466992,25.318308865330085,1.0,0.0064179703168874,0.9560097361776106
2022-03-10,25.56,25.74,25.16,25.17,17686354.0,459235356.0,1779553000.0,0.009938649762046985,0.0031885213232363263,1.1176731793960903,26.758999999999997,28.32133333333333,0.0,0.0,0.8747184871011702,-0.07869692532942896,0.0,0.0,1.420730290630108,27.86,23.83,0.0,0.0,0.8622943646649703,26.758999999999997,0.8530619771395956,-1.8627017058339361,1.0,0.0031885213232363263,0.7875084311934165,26.758999999999997,0.8530619771395956,28.46512395427919,25.052876045720804,1.0,0.0031885213232363263,0.9590579936066345
2022-03-11,24.67,25.32,24.49,25.3,17438397.0,444102745.0,1779553000.0,0.009799313085926634,0.005164878823996855,1.1234458259325024,26.6655,28.20916666666667,0.0,0.0,0.8747184871011702,-0.06882591093117407,0.0,0.0,1.420730290630108,27.86,23.83,0.0,0.0,0.8622943646649703,26.6655,0.9064533256479108,-1.5064206411554335,1.0,0.005164878823996855,0.7915758168134064,26.6655,0.9064533256479108,28.478406651295824,24.85259334870418,1.0,0.005164878823996855,0.9640114119287982
2022-03-14,25.02,25.46,24.69,24.69,15926893.0,408924146.0,1779553000.0,0.00894994023780129,-0.024110671936758865,1.0963587921847227,26.559000000000005,28.097166666666666,0.0,-0.0,0.8747184871011702,-0.07941834451901564,0.0,-0.0,1.420730290630108,27.86,23.83,0.0,-0.0,0.8622943646649703,26.559000000000005,1.0069071979394961,-1.85617900420681,1.0,-0.024110671936758865,0.7724903919811464,26.559000000000005,1.0069071979394961,28.572814395878996,24.545185604121013,1.0,-0.024110671936758865,0.9407684490324912
2022-03-15,24.47,24.62,23.12,23.17,26818839.0,656168504.0,1779553000.0,0.015070548053359467,-0.061563385986229235,1.0288632326820586,26.3545,27.959,0.0,-0.0,0.8747184871011702,-0.15003668378576662,0.0,-0.0,1.420730290630108,27.86,23.83,0.0,-0.0,0.8622943646649703,26.3545,1.2443746051306042,-2.559116834167287,1.0,-0.061563385986229235,0.7249332678089576,26.3545,1.2443746051306042,28.84324921026121,23.865750789738794,1.0,-0.061563385986229235,0.8828515578810378
2022-03-16,23.47,24.05,22.62,23.98,29298109.0,702829005.0,1779553000.0,0.016463746232902306,0.03495899870522212,1.0648312611012414,26.193,27.837833333333332,0.0,0.0,0.8747184871011702,-0.11870635795663365,0.0,0.0,1.420730290630108,27.86,23.12,0.0,0.0,0.8622943646649703,26.193,1.3338827376849687,-1.6590663762849136,1.0,0.03495899870522212,0.7502762089796634,26.193,1.3338827376849687,28.860765475369938,23.525234524630065,1.0,0.03495899870522212,0.9137151643499043
2022-03-17,24.46,25.24,24.35,24.85,34866785.0,885949317.0,1779553000.0,0.019593001725714265,0.036280233527939965,1.1034635879218453,26.086000000000002,27.73483333333333,0.0,0.0,0.8747184871011702,-0.07928862541682091,0.0,0.0,1.420730290630108,27.86,22.62,0.0,0.0,0.8622943646649703,26.086000000000002,1.3522900654267347,-0.9140050878137325,1.0,0.036280233527939965,0.7774964050519031,26.086000000000002,1.3522900654267347,28.79058013085347,23.381419869146534,1.0,0.036280233527939965,0.9468649638905389
2022-03-18,24.77,25.14,24.61,24.97,16790624.0,428134327.0,1779553000.0,0.009435304258990881,0.0048289738430582485,1.108792184724687,25.985500000000002,27.634166666666665,0.0,0.0,0.8747184871011702,-0.07449962935507792,0.0,0.0,1.420730290630108,27.86,22.62,0.0,0.0,0.8622943646649703,25.985500000000002,1.357034208155592,-0.7483230665056086,1.0,0.0048289738430582485,0.7812509148549706,25.985500000000002,1.357034208155592,28.699568416311187,23.271431583688816,1.0,0.0048289738430582485,0.9514373500340746
2022-03-21,25.02,25.41,25.0,25.24,20246174.0,522291350.0,1779553000.0,0.011377112117481188,0.010812975570684724,1.1207815275310813,25.8865,27.547166666666666,0.0,0.0,0.8747184871011702,-0.07274063188831748,0.0,0.0,1.420730290630108,27.86,22.62,0.0,0.0,0.8622943646649703,25.8865,1.3342661101260092,-0.48453602702908133,1.0,0.010812975570684724,0.7896985619118725,25.8865,1.3342661101260092,28.55503222025202,23.217967779747983,1.0,0.010812975570684724,0.9617252188570301
2022-03-22,25.09,25.36,24.99,25.09,14257476.0,366455081.0,1779553000.0,0.008011829937068466,-0.005942947702060164,1.114120781527529,25.807499999999997,27.4615,0.0,-0.0,0.8747184871011702,-0.059242594675665616,0.0,-0.0,1.420730290630108,27.86,22.62,0.0,-0.0,0.8622943646649703,25.807499999999997,1.3322078034519087,-0.5385796406092727,1.0,-0.005942947702060164,0.7850054246580381,25.807499999999997,1.3322078034519087,28.471915606903814,23.14308439309618,1.0,-0.005942947702060164,0.9560097361776104
2022-03-23,25.09,25.32,24.96,25.18,13618083.0,350377513.0,1779553000.0,0.007652530157854247,0.0035870864886409226,1.1181172291296604,25.676,27.371666666666666,0.0,0.0,0.8747184871011702,-0.09457029845379361,0.0,0.0,1.420730290630108,27.86,22.62,0.0,0.0,0.8622943646649703,25.676,1.2514976291582365,-0.3963251615055881,1.0,0.0035870864886409226,0.7878213070103388,25.676,1.2514976291582365,28.178995258316473,23.173004741683524,1.0,0.0035870864886409226,0.9594390257852623
2022-03-24,25.04,25.04,24.75,24.78,12320017.0,313473156.0,1779553000.0,0.0069230964180330675,-0.015885623510722757,1.1003552397868541,25.5545,27.27783333333333,0.0,-0.0,0.8747184871011702,-0.08930540242557883,0.0,-0.0,1.420730290630108,27.83,22.62,0.0,-0.0,0.8622943646649703,25.5545,1.212068588470598,-0.6389902414493496,1.0,-0.015885623510722757,0.775306274333447,25.5545,1.212068588470598,27.9786371769412,23.130362823058803,1.0,-0.015885623510722757,0.944197738640143
2022-03-25,25.02,25.26,24.7,24.7,13426924.0,342527754.0,1779553000.0,0.007545110485610712,-0.0032284100080710587,1.096802841918293,25.416,27.19066666666667,0.0,-0.0,0.8747184871011702,-0.10083727702948675,0.0,-0.0,1.420730290630108,27.83,22.62,0.0,-0.0,0.8622943646649703,25.416,1.137644843293766,-0.6293704087182448,1.0,-0.0032284100080710587,0.7728032677980686,25.416,1.137644843293766,27.69128968658753,23.14071031341247,1.0,-0.0032284100080710587,0.9411494812111191
2022-03-28,24.42,24.83,24.28,24.78,12271651.0,309108933.0,1779553000.0,0.00689591768269897,0.0032388663967612974,1.1003552397868543,25.287,27.110166666666665,0.0,0.0,0.8747184871011702,-0.09429824561403499,0.0,0.0,1.420730290630108,27.62,22.62,0.0,0.0,0.8622943646649703,25.287,1.0483827143694648,-0.48360202152410153,1.0,0.0032388663967612974,0.7753062743334471,25.287,1.0483827143694648,27.38376542873893,23.19023457126107,1.0,0.0032388663967612974,0.9441977386401431
2022-03-29,24.85,25.0,24.24,24.35,13628875.0,341572239.0,1779553000.0,0.007658594602127613,-0.01735270379338172,1.0812611012433375,25.132,27.019333333333336,0.0,-0.0,0.8747184871011702,-0.1129326047358834,0.0,-0.0,1.420730290630108,27.49,22.62,0.0,-0.0,0.8622943646649703,25.132,0.9347648170299886,-0.8365740620027127,1.0,-0.01735270379338172,0.7618526142057884,25.132,0.9347648170299886,27.001529634059978,23.262470365940025,1.0,-0.01735270379338172,0.9278133549591399
2022-03-30,24.52,24.77,24.39,24.76,13376029.0,336644393.0,1779553000.0,0.00751651060687712,0.016837782340862528,1.0994671403197143,25.0135,26.931333333333335,0.0,0.0,0.8747184871011702,-0.08735716918540348,0.0,0.0,1.420730290630108,27.4,22.62,0.0,0.0,0.8622943646649703,25.0135,0.8100505182422125,-0.31294344524349793,1.0,0.016837782340862528,0.7746805226996026,25.0135,0.8100505182422125,26.633601036484425,23.393398963515576,1.0,0.016837782340862528,0.9434356742828873
2022-03-31,24.83,24.85,24.0,24.03,21793352.0,541647762.0,1779553000.0,0.01224653157281632,-0.029483037156704417,1.0670515097690927,24.8705,26.835500000000003,0.0,-0.0,0.8747184871011702,-0.10635924135366304,0.0,-0.0,1.420730290630108,27.4,24.24,0.0,-0.0,0.8622943646649703,24.8705,0.7072740479804007,-1.1883653901907196,1.0,-0.029483037156704417,0.751840588064275,24.8705,0.7072740479804007,26.2850480959608,23.4559519040392,1.0,-0.029483037156704417,0.9156203252430445
2022-04-01,23.93,24.19,23.56,23.95,17320230.0,423237696.0,1779553000.0,0.009732910455603178,-0.0033291718684977933,1.0634991119005313,24.729000000000003,26.733166666666666,0.0,-0.0,0.8747184871011702,-0.10567587752053775,0.0,-0.0,1.420730290630108,27.29,24.0,0.0,-0.0,0.8622943646649703,24.729000000000003,0.5760656029885675,-1.3522765392667673,1.0,-0.0033291718684977933,0.7493375815288966,24.729000000000003,0.5760656029885675,25.881131205977137,23.576868794022868,1.0,-0.0033291718684977933,0.9125720678140206
2022-04-06,23.9,23.95,23.39,23.71,19225165.0,464758326.0,1779553000.0,0.010803367474865879,-0.010020876826722258,1.0528419182948474,24.636000000000003,26.623,0.0,-0.0,0.8747184871011702,-0.07274149393820883,0.0,-0.0,1.420730290630108,26.67,23.56,0.0,-0.0,0.8622943646649703,24.636000000000003,0.5832432010560951,-1.5876738868507467,1.0,-0.010020876826722258,0.7418285619227616,24.636000000000003,0.5832432010560951,25.802486402112194,23.46951359788781,1.0,-0.010020876826722258,0.903427295526949
2022-04-07,23.51,23.78,23.1,23.1,14960662.0,358104596.0,1779553000.0,0.008406977482547583,-0.025727541121889463,1.0257548845470676,24.544500000000003,26.503833333333333,0.0,-0.0,0.8747184871011702,-0.07340553549939821,0.0,-0.0,1.420730290630108,25.74,23.39,0.0,-0.0,0.8622943646649703,24.544500000000003,0.6715533838553968,-2.150983130644221,1.0,-0.025727541121889463,0.7227431370905016,24.544500000000003,0.6715533838553968,25.887606767710796,23.20139323228921,1.0,-0.025727541121889463,0.880184332630642
2022-04-08,23.18,23.46,22.71,23.29,16815774.0,398112230.0,1779553000.0,0.009449437021544174,0.008225108225108135,1.0341918294849006,24.4545,26.395833333333332,0.0,0.0,0.8747184871011702,-0.0717417297728179,0.0,0.0,1.420730290630108,25.74,23.1,0.0,0.0,0.8622943646649703,24.4545,0.7138809793171349,-1.6312242989215184,1.0,0.008225108225108135,0.7286877776120252,24.4545,0.7138809793171349,25.88226195863427,23.02673804136573,1.0,0.008225108225108135,0.8874239440245736
2022-04-11,23.21,23.21,22.09,22.19,22112141.0,510412845.0,1779553000.0,0.012425671502899886,-0.04723057106054096,0.9853463587921831,24.305500000000002,26.271166666666666,0.0,-0.0,0.8747184871011702,-0.11839491458085027,0.0,-0.0,1.420730290630108,25.74,22.71,0.0,-0.0,0.8622943646649703,24.305500000000002,0.8539350092361894,-2.4773548070036746,1.0,-0.04723057106054096,0.6942714377505728,24.305500000000002,0.8539350092361894,26.01337001847238,22.597629981527625,1.0,-0.04723057106054096,0.8455104043754954
2022-04-12,22.19,22.89,22.01,22.88,16819452.0,387015026.0,1779553000.0,0.009451503832704055,0.0310950878774221,1.0159857904085239,24.1845,26.1585,0.0,0.0,0.8747184871011702,-0.09565217391304359,0.0,0.0,1.420730290630108,25.46,22.09,0.0,0.0,0.8622943646649703,24.1845,0.8767492289848481,-1.487882688543026,1.0,0.0310950878774221,0.715859869118211,24.1845,0.8767492289848481,25.937998457969694,22.431001542030305,1.0,0.0310950878774221,0.8718016247008261
2022-04-13,22.78,23.09,22.52,22.57,13134803.0,306306476.0,1779553000.0,0.007380956341283457,-0.013548951048951041,1.0022202486678489,24.078500000000002,26.059833333333337,0.0,-0.0,0.8747184871011702,-0.08586472255974087,0.0,-0.0,1.420730290630108,25.46,22.01,0.0,-0.0,0.8622943646649703,24.078500000000002,0.9384044409187603,-1.607515836693057,1.0,-0.013548951048951041,0.7061607187936199,24.078500000000002,0.9384044409187603,25.95530888183752,22.201691118162483,1.0,-0.013548951048951041,0.8599896271633586
2022-04-14,22.83,23.39,22.63,23.15,17643028.0,416208520.0,1779553000.0,0.009914303198612235,0.02569782897651751,1.027975133214918,24.0775,25.979666666666667,0.0,0.0,0.8747184871011702,-0.0008631851532154844,0.0,0.0,1.420730290630108,25.41,22.01,0.0,0.0,0.8622943646649703,24.0775,0.9394336199620487,-0.9872970056548234,1.0,0.02569782897651751,0.724307516175113,24.0775,0.9394336199620487,25.9563672399241,22.198632760075903,1.0,0.02569782897651751,0.8820894935237816
2022-04-15,22.87,23.37,22.78,23.22,14104121.0,334077064.0,1779553000.0,0.007925653801825515,0.0030237580993519586,1.031083481349909,24.039499999999997,25.892833333333332,0.0,0.0,0.8747184871011702,-0.03169307756463724,0.0,0.0,1.420730290630108,25.41,22.01,0.0,0.0,0.8622943646649703,24.039499999999997,0.9587572822748198,-0.8547523081708338,1.0,0.0030237580993519586,0.726497646893569,24.039499999999997,0.9587572822748198,25.957014564549638,22.121985435450355,1.0,0.0030237580993519586,0.8847567187741774
2022-04-18,23.21,23.84,23.04,23.71,20483466.0,495454683.0,1779553000.0,0.011510455715564527,0.021102497846684054,1.052841918294847,23.9825,25.81683333333333,0.0,0.0,0.8747184871011702,-0.04587525150905436,0.0,0.0,1.420730290630108,25.41,22.01,0.0,0.0,0.8622943646649703,23.9825,0.9417725448934038,-0.28934799753675583,1.0,0.021102497846684054,0.7418285619227616,23.9825,0.9417725448934038,25.86604508978681,22.098954910213195,1.0,0.021102497846684054,0.9034272955269487
2022-04-19,23.61,23.78,23.31,23.38,13613427.0,326628117.0,1779553000.0,0.007649913770480564,-0.013918177983973101,1.0381882770870317,23.903,25.73683333333333,0.0,-0.0,0.8747184871011702,-0.06367641169403282,0.0,-0.0,1.420730290630108,25.41,22.01,0.0,-0.0,0.8622943646649703,23.903,0.9209040180852315,-0.5679202063722508,1.0,-0.013918177983973101,0.7315036599643258,23.903,0.9209040180852315,25.74480803617046,22.061191963829536,1.0,-0.013918177983973101,0.8908532336322251
2022-04-20,23.46,23.76,23.12,23.2,11496741.0,275316237.0,1779553000.0,0.006460465633785563,-0.007698887938408894,1.0301953818827687,23.801,25.649333333333335,0.0,-0.0,0.8747184871011702,-0.08082408874801894,0.0,-0.0,1.420730290630108,25.41,22.01,0.0,-0.0,0.8622943646649703,23.801,0.8769498575350746,-0.6853299476999589,1.0,-0.007698887938408894,0.7258718952597244,23.801,0.8769498575350746,25.554899715070146,22.04710028492985,1.0,-0.007698887938408894,0.8839946544169214
2022-04-21,23.02,23.6,22.65,22.72,16073623.0,380200892.0,1779553000.0,0.009032393528037658,-0.020689655172413834,1.008880994671401,23.6825,25.550666666666665,0.0,-0.0,0.8747184871011702,-0.09445994420087689,0.0,-0.0,1.420730290630108,25.36,22.01,0.0,-0.0,0.8622943646649703,23.6825,0.8534134248319621,-1.1278238330847903,1.0,-0.020689655172413834,0.7108538560474542,23.6825,0.8534134248319621,25.389326849663924,21.97567315033608,1.0,-0.020689655172413834,0.8657051098427782
2022-04-22,22.5,22.91,22.08,22.25,16125000.0,369825811.0,1779553000.0,0.00906126426130607,-0.020686619718309762,0.9880106571936037,23.536,25.45266666666667,0.0,-0.0,0.8747184871011702,-0.11636219221604449,0.0,-0.0,1.420730290630108,25.32,22.01,0.0,-0.0,0.8622943646649703,23.536,0.834085695457984,-1.5418080024665546,1.0,-0.020686619718309762,0.6961486926521064,23.536,0.834085695457984,25.20417139091597,21.867828609084032,1.0,-0.020686619718309762,0.847796597447263
2022-04-25,21.95,21.95,20.21,20.4,24343984.0,526443978.0,1779553000.0,0.013679830833922902,-0.08314606741573038,0.9058614564831242,23.317,25.331833333333336,0.0,-0.0,0.8747184871011702,-0.1767554479418887,0.0,-0.0,1.420730290630108,25.26,22.01,0.0,-0.0,0.8622943646649703,23.317,1.039889164134052,-2.805106640791933,1.0,-0.08314606741573038,0.6382666665214818,23.317,1.039889164134052,25.396778328268105,21.237221671731895,1.0,-0.08314606741573038,0.7773056444010861
2022-04-26,20.39,20.65,19.45,19.5,23674566.0,485921157.0,1779553000.0,0.013303658840169413,-0.044117647058823484,0.86589698046181,23.057,25.19766666666667,0.0,-0.0,0.8747184871011702,-0.21052631578947367,0.0,-0.0,1.420730290630108,25.26,20.21,0.0,-0.0,0.8622943646649703,23.057,1.2947428112824673,-2.747263756943916,1.0,-0.044117647058823484,0.6101078429984753,23.057,1.2947428112824673,25.64648562256493,20.467514377435066,1.0,-0.044117647058823484,0.7430127483245677
2022-04-27,19.07,20.59,19.05,20.55,29952630.0,611955639.0,1779553000.0,0.01683154702332552,0.05384615384615388,0.9125222024866767,22.8455,25.083166666666667,0.0,0.0,0.8747184871011702,-0.17070217917675545,0.0,0.0,1.420730290630108,25.0,19.45,0.0,0.0,0.8622943646649703,22.8455,1.3430619964525068,-1.7091541612101402,1.0,0.05384615384615388,0.6429598037753164,22.8455,1.3430619964525068,25.531623992905015,20.159376007094988,1.0,0.05384615384615388,0.783021127080506
2022-04-28,20.33,20.72,20.14,20.38,19120142.0,398950996.0,1779553000.0,0.010744350969035482,-0.008272506082725117,0.9049733570159839,22.647,24.96833333333333,0.0,-0.0,0.8747184871011702,-0.1630390143737167,0.0,-0.0,1.420730290630108,25.0,19.05,0.0,-0.0,0.8622943646649703,22.647,1.4011202285086195,-1.617991057350617,1.0,-0.008272506082725117,0.6376409148876373,22.647,1.4011202285086195,25.449240457017236,19.84475954298276,1.0,-0.008272506082725117,0.7765435800438302
2022-04-29,20.66,21.25,20.54,21.13,21186372.0,453478935.0,1779553000.0,0.011905445918160347,0.03680078508341511,0.9382770870337458,22.4655,24.857666666666667,0.0,0.0,0.8747184871011702,-0.1466074313408725,0.0,0.0,1.420730290630108,24.85,19.05,0.0,0.0,0.8622943646649703,22.4655,1.3470688451907027,-0.9914118382055929,1.0,0.03680078508341511,0.6611066011568094,22.4655,1.3470688451907027,25.159637690381405,19.771362309618592,1.0,0.03680078508341511,0.8051209934409289
2022-05-05,22.58,23.25,22.11,23.09,72228077.0,1696205944.0,1779553000.0,0.04058776389351708,0.0927591102697587,1.025310834813497,22.418499999999998,24.798666666666666,0.0,0.0,0.8747184871011702,-0.03911776945484813,0.0,0.0,1.420730290630108,24.85,19.05,0.0,0.0,0.8622943646649703,22.418499999999998,1.305362522745569,0.5144164845392036,1.0,0.0927591102697587,0.7224302612735792,22.418499999999998,1.305362522745569,25.029225045491135,19.80777495450886,1.0,0.0927591102697587,0.8798033004520137
2022-05-06,22.29,22.7,22.24,22.36,42488568.0,973179492.0,1779553000.0,0.023875977843874276,-0.031615417929839795,0.9928952042628753,22.339,24.733833333333333,0.0,-0.0,0.8747184871011702,-0.06638830897703552,0.0,-0.0,1.420730290630108,24.19,19.05,0.0,-0.0,0.8622943646649703,22.339,1.2546121229075424,0.01673824094042201,0.0,-0.0006,0.721996803116815,22.339,1.2546121229075424,24.848224245815082,19.829775754184915,0.0,-0.0006,0.8792754184717425
2022-05-09,22.15,22.69,22.15,22.44,20631380.0,473751443.0,1779553000.0,0.011593574341421694,0.003577817531305927,0.9964476021314366,22.2755,24.6645,0.0,0.0,0.8747184871011702,-0.053563897089835444,0.0,0.0,1.420730290630108,23.95,19.05,0.0,0.0,0.8622943646649703,22.2755,1.2130191780491317,0.13561203563538174,0.0,0.0,0.721996803116815,22.2755,1.2130191780491317,24.701538356098265,19.849461643901737,0.0,0.0,0.8792754184717425
2022-05-10,22.09,23.12,22.0,22.97,32006510.0,746623411.0,1779553000.0,0.017985702027419247,0.023618538324420513,1.019982238010655,22.269,24.596833333333333,0.0,0.0,0.8747184871011702,-0.005627705627705759,0.0,0.0,1.420730290630108,23.84,19.05,0.0,0.0,0.8622943646649703,22.269,1.20870918534445,0.5799575352777965,0.0,0.0,0.721996803116815,22.269,1.20870918534445,24.686418370688898,19.8515816293111,0.0,0.0,0.8792754184717425
2022-05-11,22.97,23.87,22.87,23.19,44643661.0,1073775049.0,1779553000.0,0.025087008366707818,0.00957771005659569,1.0297513321491985,22.264000000000003,24.528333333333332,0.0,0.0,0.8747184871011702,-0.004293688278230956,0.0,0.0,1.420730290630108,23.84,19.05,0.0,0.0,0.8622943646649703,22.264000000000003,1.2044627542248831,0.7688075008977044,0.0,0.0,0.721996803116815,22.264000000000003,1.2044627542248831,24.67292550844977,19.855074491550237,0.0,0.0,0.8792754184717425
2022-05-12,23.0,23.73,22.98,23.42,28607899.0,683986376.0,1779553000.0,0.01607589040618627,0.009918068132815927,1.0399644760213123,22.325499999999998,24.46333333333333,0.0,0.0,0.8747184871011702,0.0554303740423614,0.0,0.0,1.420730290630108,23.87,19.05,0.0,0.0,0.8622943646649703,22.325499999999998,1.231582101884975,0.8886943049308991,0.0,0.0,0.721996803116815,22.325499999999998,1.231582101884975,24.788664203769947,19.86233579623005,0.0,0.0,0.8792754184717425
2022-05-13,23.64,23.69,23.2,23.32,22179562.0,530534644.0,1779553000.0,0.01246355798338122,-0.004269854824936026,1.0355239786856105,22.347500000000004,24.399166666666666,0.0,-0.0,0.8747184871011702,0.019230769230769384,1.0,-0.004869854824936026,1.41381154036935,23.87,19.05,0.0,-0.0,0.8622943646649703,22.347500000000004,1.2458557616941741,0.7805879540000238,0.0,-0.0,0.721996803116815,22.347500000000004,1.2458557616941741,24.83921152338835,19.855788476611657,0.0,-0.0,0.8792754184717425
2022-05-16,23.46,23.66,22.97,23.05,20620562.0,490948842.0,1779553000.0,0.011587495286737737,-0.011578044596912473,1.0235346358792163,22.371499999999997,24.336333333333332,0.0,-0.0,0.8747184871011702,0.021267168808152492,1.0,-0.011578044596912473,1.3974423673033243,23.87,19.05,0.0,-0.0,0.8622943646649703,22.371499999999997,1.2549576423966384,0.5406556979120403,0.0,-0.0,0.721996803116815,22.371499999999997,1.2549576423966384,24.881415284793274,19.86158471520672,0.0,-0.0,0.8792754184717425
2022-05-17,23.13,23.57,23.01,23.52,23174416.0,554944377.0,1779553000.0,0.013022605114879973,0.020390455531453355,1.0444049733570138,22.39,24.273999999999997,0.0,0.0,0.8747184871011702,0.0159827213822894,1.0,0.020390455531453355,1.4259368537515915,23.87,20.14,0.0,0.0,0.8622943646649703,22.39,1.2696787824192064,0.889988881949285,0.0,0.0,0.721996803116815,22.39,1.2696787824192064,24.929357564838412,19.85064243516159,0.0,0.0,0.8792754184717425
2022-05-18,23.51,23.71,23.37,23.42,17059240.0,410352678.0,1779553000.0,0.009586250030204213,-0.00425170068027203,1.0399644760213123,22.4,24.210833333333333,0.0,-0.0,0.8747184871011702,0.008613264427218104,1.0,-0.00425170068027203,1.419874197060471,23.87,20.54,0.0,-0.0,0.8622943646649703,22.4,1.2773245064336805,0.7985441403984855,0.0,-0.0,0.721996803116815,22.4,1.2773245064336805,24.95464901286736,19.845350987132637,0.0,-0.0,0.8792754184717425
2022-05-19,23.02,23.81,22.87,23.75,28037907.0,673886633.0,1779553000.0,0.015755589746413848,0.014090520922288574,1.0546181172291273,22.401999999999997,24.156833333333335,0.0,0.0,0.8747184871011702,0.001687051876845258,1.0,0.014090520922288574,1.4398809641411692,23.87,22.0,0.0,0.0,0.8622943646649703,22.401999999999997,1.2795130652751183,1.0535257799107807,0.0,0.0,0.721996803116815,22.401999999999997,1.2795130652751183,24.961026130550234,19.84297386944976,0.0,0.0,0.8792754184717425
2022-05-20,23.83,24.41,23.83,24.19,26700680.0,658468406.0,1779553000.0,0.01500414991854696,0.018526315789473724,1.0741563055062144,22.442500000000003,24.110333333333337,0.0,0.0,0.8747184871011702,0.03464499572284008,1.0,0.018526315789473724,1.4665566535821004,23.87,22.0,0.0,0.0,0.8622943646649703,22.442500000000003,1.3241397405979412,1.31972475896757,0.0,0.0,0.721996803116815,22.442500000000003,1.3241397405979412,25.090779481195884,19.79422051880412,0.0,0.0,0.8792754184717425
2022-05-23,24.19,24.4,23.95,24.21,19015722.0,469346986.0,1779553000.0,0.010685673312343043,0.0008267879288961222,1.0750444049733547,22.493000000000002,24.060166666666667,0.0,0.0,0.8747184871011702,0.04353448275862082,1.0,0.0008267879288961222,1.4677691849203245,24.41,22.0,1.0,0.00022678792889612223,0.8624899226180316,22.493000000000002,1.3729112364450584,1.2506271013164005,0.0,0.0,0.721996803116815,22.493000000000002,1.3729112364450584,25.23882247289012,19.747177527109883,0.0,0.0,0.8792754184717425
2022-05-24,24.13,24.34,23.16,23.19,28947885.0,703373350.0,1779553000.0,0.0162669417544743,-0.042131350681536506,1.0297513321491987,22.5165,24.002166666666664,0.0,-0.0,0.8747184871011702,0.020686619718309984,1.0,-0.042131350681536506,1.4059300866708933,24.41,22.0,1.0,-0.042131350681536506,0.82615205722892,22.5165,1.380999923777293,0.4876901065699209,0.0,-0.0,0.721996803116815,22.5165,1.380999923777293,25.278499847554585,19.754500152445416,0.0,-0.0,0.8792754184717425
2022-05-25,23.22,23.62,23.18,23.3,16102925.0,384625714.0,1779553000.0,0.0090488594607747,0.004743423889607579,1.0346358792184704,22.569,23.927000000000003,0.0,0.0,0.8747184871011702,0.04719101123595504,1.0,0.004743423889607579,1.412599009031126,24.41,22.87,1.0,0.004743423889607579,0.8300708466336282,22.569,1.390262754415508,0.5257998875955844,0.0,0.0,0.721996803116815,22.569,1.390262754415508,25.349525508831015,19.788474491168984,0.0,0.0,0.8792754184717425
2022-05-26,23.36,23.56,22.85,23.29,17242239.0,409213736.0,1779553000.0,0.009689084281277377,-0.00042918454935625405,1.0341918294849002,22.7135,23.861666666666668,0.0,-0.0,0.8747184871011702,0.1416666666666666,1.0,-0.00042918454935625405,1.4119927433620139,24.41,22.87,1.0,-0.00042918454935625405,0.829714593051382,22.7135,1.300231861913885,0.44338245884193017,0.0,-0.0,0.721996803116815,22.7135,1.300231861913885,25.31396372382777,20.11303627617223,0.0,-0.0,0.8792754184717425
2022-05-27,23.36,23.63,22.89,23.06,16760833.0,398338520.0,1779553000.0,0.00941856353814694,-0.009875483039931354,1.0239786856127864,22.8915,23.788166666666665,0.0,-0.0,0.8747184871011702,0.1825641025641025,1.0,-0.009875483039931354,1.3980486329724362,24.41,22.85,1.0,-0.009875483039931354,0.8215207606597195,22.8915,1.058331730900471,0.15921283949091422,0.0,-0.0,0.721996803116815,22.8915,1.058331730900471,25.008163461800944,20.774836538199057,0.0,-0.0,0.8792754184717425
2022-05-30,23.17,23.5,23.0,23.27,16443625.0,391435182.0,1779553000.0,0.009240312033415132,0.009106678230702547,1.0333037300177597,23.0275,23.720000000000002,0.0,0.0,0.8747184871011702,0.132360097323601,1.0,0.009106678230702547,1.4107802120237898,24.41,22.85,1.0,0.009106678230702547,0.8290020858868895,23.0275,0.9053052698278939,0.267865446145145,0.0,0.0,0.721996803116815,23.0275,0.9053052698278939,24.838110539655787,21.216889460344213,0.0,0.0,0.8792754184717425
2022-05-31,23.07,23.66,22.73,23.66,29639653.0,706437938.0,1779553000.0,0.016655673081948107,0.016759776536312776,1.0506216696269959,23.191499999999998,23.656833333333335,0.0,0.0,0.8747184871011702,0.16094210009813548,1.0,0.016759776536312776,1.4344245731191605,24.41,22.85,1.0,0.016759776536312776,0.8428959755944909,23.191499999999998,0.6658929501442714,0.7035665415867488,0.0,0.0,0.721996803116815,23.191499999999998,0.6658929501442714,24.523285900288542,21.859714099711454,0.0,0.0,0.8792754184717425
2022-06-01,23.52,23.7,23.32,23.45,19685817.0,473003221.0,1779553000.0,0.011062225738710789,-0.00887573964497046,1.0412966252220226,23.307499999999997,23.5955,0.0,-0.0,0.8747184871011702,0.10979649787032653,1.0,-0.00887573964497046,1.421692994067807,24.41,22.73,1.0,-0.00887573964497046,0.8354146503673209,23.307499999999997,0.4572673408979056,0.31163388953207116,0.0,-0.0,0.721996803116815,23.307499999999997,0.4572673408979056,24.222034681795808,22.392965318204187,0.0,-0.0,0.8792754184717425
2022-06-02,23.39,23.94,23.27,23.87,27972331.0,678871350.0,1779553000.0,0.015718740043145666,0.017910447761193993,1.0599467140319692,23.3465,23.545166666666667,0.0,0.0,0.8747184871011702,0.033780857514075446,1.0,0.017910447761193993,1.4471561521705139,24.41,22.73,1.0,0.017910447761193993,0.850377300821661,23.3465,0.4708030653203094,1.1119298886549103,0.0,0.0,0.721996803116815,23.3465,0.4708030653203094,24.288106130640617,22.40489386935938,0.0,0.0,0.8792754184717425
2022-06-06,23.95,24.71,23.9,24.7,45036774.0,1121670146.0,1779553000.0,0.025307913841284863,0.034771679932970256,1.0968028419182922,23.4635,23.5105,0.0,0.0,0.8747184871011702,0.10465116279069764,1.0,0.034771679932970256,1.4974762027068158,24.41,22.73,1.0,0.034771679932970256,0.8799463481480949,23.4635,0.5024390510292871,2.460995015150453,0.0,0.0,0.721996803116815,23.4635,0.5024390510292871,24.468378102058573,22.458621897941427,0.0,0.0,0.8792754184717425
2022-06-07,24.73,24.78,24.15,24.29,32107394.0,799130080.0,1779553000.0,0.01804239266827119,-0.016599190283400844,1.0785968028419157,23.556,23.489166666666666,0.0,-0.0,0.8747184871011702,0.08244206773618523,1.0,-0.016599190283400844,1.4726193102732208,24.71,22.73,1.0,-0.016599190283400844,0.865339951276001,23.556,0.473557643908822,1.5499697015582783,0.0,-0.0,0.721996803116815,23.556,0.473557643908822,24.503115287817646,22.608884712182356,0.0,-0.0,0.8792754184717425
2022-06-08,24.2,24.37,23.71,24.14,29763095.0,731902089.0,1779553000.0,0.01672503993980511,-0.006175380815150233,1.0719360568383633,23.6145,23.476000000000003,1.0,-0.006775380815150233,0.8687919362450076,0.05093600348280369,1.0,-0.006175380815150233,1.4635253252365399,24.78,22.73,1.0,-0.006175380815150233,0.8599961475423082,23.6145,0.4696076189636258,1.1190193233229984,0.0,-0.0,0.721996803116815,23.6145,0.4696076189636258,24.55371523792725,22.67528476207275,0.0,-0.0,0.8792754184717425
2022-06-09,24.12,24.12,23.42,23.54,24964329.0,604844993.0,1779553000.0,0.014028426801561964,-0.024855012427506318,1.0452930728241536,23.631999999999998,23.450166666666668,1.0,-0.024855012427506318,0.8471981018727207,0.015092712376024053,1.0,-0.024855012427506318,1.4271493850898154,24.78,22.73,1.0,-0.024855012427506318,0.8386209326075366,23.631999999999998,0.45936569539363276,-0.2002761654223298,0.0,-0.0,0.721996803116815,23.631999999999998,0.45936569539363276,24.550731390787263,22.713268609212733,0.0,-0.0,0.8792754184717425
2022-06-10,23.32,23.8,23.27,23.8,24162740.0,584959980.0,1779553000.0,0.01357798278556469,0.011045029736618694,1.056838365896978,23.651000000000003,23.427333333333333,1.0,0.011045029736618694,0.8565554301007118,0.016225448334756587,1.0,0.011045029736618694,1.4429122924867295,24.78,22.73,1.0,0.011045029736618694,0.8478835257459377,23.651000000000003,0.45799218563691263,0.325333061726345,0.0,0.0,0.721996803116815,23.651000000000003,0.45799218563691263,24.56698437127383,22.735015628726178,0.0,0.0,0.8792754184717425
2022-06-13,23.47,23.99,23.37,23.77,20459123.0,496605387.0,1779553000.0,0.011496776437678451,-0.0012605042016806678,1.0555062166962674,23.673499999999997,23.401833333333332,1.0,-0.0012605042016806678,0.8554757383820975,0.019296740994854122,1.0,-0.0012605042016806678,1.4410934954793932,24.78,22.73,1.0,-0.0012605042016806678,0.8468147649991992,23.673499999999997,0.4518881440534324,0.21354842181606798,0.0,-0.0,0.721996803116815,23.673499999999997,0.4518881440534324,24.577276288106862,22.769723711893132,0.0,-0.0,0.8792754184717425
2022-06-14,23.52,23.62,22.69,23.58,30296142.0,717828034.0,1779553000.0,0.017024579768065352,-0.00799326882625162,1.0470692717584344,23.7,23.383333333333333,1.0,-0.00799326882625162,0.8486376908308733,0.022993492407809013,1.0,-0.00799326882625162,1.4295744477662637,24.78,22.73,1.0,-0.00799326882625162,0.8400459469365215,23.7,0.42832599488468015,-0.28016044189031547,0.0,-0.0,0.721996803116815,23.7,0.42832599488468015,24.55665198976936,22.84334801023064,0.0,-0.0,0.8792754184717425
2022-06-15,23.55,25.22,23.5,24.69,71004605.0,1790646010.0,1779553000.0,0.039900247421683986,0.04707379134860057,1.0963587921847222,23.758499999999998,23.408666666666665,1.0,0.04707379134860057,0.888586284419604,0.04974489795918369,1.0,0.04707379134860057,1.4968699370377037,24.78,22.69,1.0,0.04707379134860057,0.8795900945658488,23.758499999999998,0.4793117324261121,1.9434116400303179,0.0,0.0,0.721996803116815,23.758499999999998,0.4793117324261121,24.71712346485222,22.799876535147774,0.0,0.0,0.8792754184717425
2022-06-16,24.83,25.13,24.58,24.8,43223480.0,1100218461.0,1779553000.0,0.024288953461908694,0.0044552450384771625,1.101243339253994,23.8275,23.42233333333333,1.0,0.0044552450384771625,0.8925451540545233,0.05892399658411618,1.0,0.0044552450384771625,1.5035388593979364,25.22,22.69,1.0,0.0044552450384771625,0.8835088839705569,23.8275,0.5251553654814487,1.8518329315905162,0.0,0.0,0.721996803116815,23.8275,0.5251553654814487,24.8778107309629,22.777189269037102,0.0,0.0,0.8792754184717425
2022-06-17,24.44,24.73,24.17,24.72,32017610.0,802110352.0,1779553000.0,0.017991939548864237,-0.003225806451612967,1.0976909413854326,23.876,23.420166666666667,1.0,-0.003225806451612967,0.8896659761382183,0.04084210526315779,1.0,-0.003225806451612967,1.4986887340450397,25.22,22.69,1.0,-0.003225806451612967,0.8806588553125874,23.876,0.5611773338252517,1.5039809149932912,0.0,-0.0,0.721996803116815,23.876,0.5611773338252517,24.998354667650503,22.7536453323495,0.0,-0.0,0.8792754184717425
2022-06-20,24.78,25.07,24.49,24.8,32070924.0,812095959.0,1779553000.0,0.01802189875772174,0.003236245954692629,1.101243339253994,23.9065,23.417333333333332,1.0,0.003236245954692629,0.8925451540545233,0.025217031831335168,1.0,0.003236245954692629,1.5035388593979364,25.22,22.69,1.0,0.003236245954692629,0.8835088839705569,23.9065,0.5947159870580044,1.5023978158381905,0.0,0.0,0.721996803116815,23.9065,0.5947159870580044,25.09593197411601,22.717068025883993,0.0,0.0,0.8792754184717425
2022-06-21,24.85,24.88,24.26,24.67,26409175.0,663925489.0,1779553000.0,0.014840341928562959,-0.005241935483870974,1.095470692717582,23.929499999999997,23.407833333333333,1.0,-0.005241935483870974,0.8878664899405277,0.0190004130524577,1.0,-0.005241935483870974,1.4956574056994796,25.22,22.69,1.0,-0.005241935483870974,0.8788775874013565,23.929499999999997,0.6155996221051969,1.2028922263916917,0.0,-0.0,0.721996803116815,23.929499999999997,0.6155996221051969,25.16069924421039,22.698300755789603,0.0,-0.0,0.8792754184717425
2022-06-22,24.62,24.66,23.95,23.95,25518870.0,632167631.0,1779553000.0,0.014340044943870736,-0.029185245237130175,1.0634991119005304,23.9675,23.38883333333333,1.0,-0.029185245237130175,0.8619538886937834,0.03277274687365228,1.0,-0.029185245237130175,1.4520062775234104,25.22,22.69,1.0,-0.029185245237130175,0.8532273294796305,23.9675,0.5904937719705959,-0.029636214352610095,0.0,-0.0,0.721996803116815,23.9675,0.5904937719705959,25.148487543941194,22.78651245605881,0.0,-0.0,0.8792754184717425
2022-06-23,23.8,24.39,23.77,24.39,21836515.0,539919376.0,1779553000.0,0.012270786540215435,0.018371607515657695,1.0830373001776175,24.022,23.375666666666667,1.0,0.018371607515657695,0.8777893672334605,0.04678111587982836,1.0,0.018371607515657695,1.4786819669643416,25.22,22.69,1.0,0.018371607515657695,0.8689024870984631,24.022,0.5757612809409817,0.6391537815786608,0.0,0.0,0.721996803116815,24.022,0.5757612809409817,25.173522561881963,22.870477438118034,0.0,0.0,0.8792754184717425
2022-06-24,24.53,24.95,24.48,24.67,34690293.0,877527883.0,1779553000.0,0.019493824010861156,0.011480114801148078,1.095470692717582,24.091,23.373833333333334,1.0,0.011480114801148078,0.8878664899405277,0.0592528982395879,1.0,0.011480114801148078,1.4956574056994798,25.22,22.69,1.0,0.011480114801148078,0.8788775874013565,24.091,0.5660286397805804,1.02291643798174,0.0,0.0,0.721996803116815,24.091,0.5660286397805804,25.22305727956116,22.95894272043884,0.0,0.0,0.8792754184717425
2022-06-27,24.76,25.45,24.67,25.22,45349453.0,1165597458.0,1779553000.0,0.025483620324879337,0.02229428455614091,1.1198934280639405,24.199,23.3825,1.0,0.02229428455614091,0.9076608381151239,0.09366869037294023,1.0,0.02229428455614091,1.5290020175006436,25.22,22.69,1.0,0.02229428455614091,0.8984715344248969,24.199,0.5650235207020966,1.807004421216493,0.0,0.0,0.721996803116815,24.199,0.5650235207020966,25.329047041404195,23.06895295859581,0.0,0.0,0.8792754184717425
2022-06-28,25.31,26.29,24.82,26.1,59244547.0,1554541102.0,1779553000.0,0.033291813730751484,0.03489294210943705,1.1589698046181147,24.3405,23.4045,1.0,0.03489294210943705,0.9393317951944781,0.12161581435324464,1.0,0.03489294210943705,1.582353396382506,25.45,22.69,1.0,0.03489294210943705,0.9298218496625619,24.3405,0.6655466688522148,2.643691392873159,0.0,0.0,0.721996803116815,24.3405,0.6655466688522148,25.67159333770443,23.009406662295568,0.0,0.0,0.8792754184717425
2022-06-29,25.9,26.97,25.83,26.34,81763100.0,2226057543.0,1779553000.0,0.04594586393324616,0.009195402298850519,1.1696269982237986,24.4745,23.437666666666665,1.0,0.009195402298850519,0.9479693289433928,0.11327134404057482,1.0,0.009195402298850519,1.5969037724411956,26.29,23.5,1.0,0.009195402298850519,0.9383719356364705,24.4745,0.7810888149508574,2.388332753321234,0.0,0.0,0.721996803116815,24.4745,0.7810888149508574,26.036677629901714,22.912322370098284,0.0,0.0,0.8792754184717425
2022-06-30,26.34,26.74,26.13,26.39,49324020.0,1334543176.0,1779553000.0,0.027717084009298964,0.0018982536066818323,1.1718472468916494,24.6215,23.46483333333333,1.0,0.0018982536066818323,0.9497688151410834,0.12537313432835817,1.0,0.0018982536066818323,1.599935100786756,26.97,23.77,1.0,0.0018982536066818323,0.9401532035477014,24.6215,0.8516008145649302,2.0766772057439837,0.0,0.0,0.721996803116815,24.6215,0.8516008145649302,26.324701629129862,22.91829837087014,0.0,0.0,0.8792754184717425
2022-07-01,26.42,26.62,26.06,26.18,33501729.0,901752332.0,1779553000.0,0.018825923701064257,-0.007957559681697646,1.1625222024866761,24.737000000000002,23.500666666666667,1.0,-0.007957559681697646,0.942210973110783,0.09677419354838701,1.0,-0.007957559681697646,1.5872035217354024,26.97,23.77,1.0,-0.007957559681697646,0.9326718783205313,24.737000000000002,0.899608686859413,1.6040307536797982,0.0,-0.0,0.721996803116815,24.737000000000002,0.899608686859413,26.536217373718827,22.937782626281177,0.0,-0.0,0.8792754184717425
2022-07-04,25.76,25.78,25.3,25.71,38256465.0,999248447.0,1779553000.0,0.02149779467090893,-0.0179526355996944,1.1416518650088787,24.7875,23.529999999999998,1.0,-0.0179526355996944,0.9252958028524916,0.04089068825910935,1.0,-0.0179526355996944,1.5587090352871351,26.97,23.77,1.0,-0.0179526355996944,0.9159279599549603,24.7875,0.9254010510380846,0.9968650878072477,0.0,-0.0,0.721996803116815,24.7875,0.9254010510380846,26.63830210207617,22.936697897923832,0.0,-0.0,0.8792754184717425
2022-07-05,25.61,26.0,25.29,25.6,29729190.0,778593615.0,1779553000.0,0.016705987402454436,-0.004278490859587647,1.136767317939607,24.853,23.5615,1.0,-0.004278490859587647,0.9213369332175724,0.053931659118979125,1.0,-0.004278490859587647,1.5520401129269024,26.97,23.77,1.0,-0.004278490859587647,0.9120091705502523,24.853,0.9346493854293412,0.7992301836873915,0.0,-0.0,0.721996803116815,24.853,0.9346493854293412,26.722298770858686,22.983701229141317,0.0,-0.0,0.8792754184717425
2022-07-06,25.5,26.34,25.43,26.09,42041407.0,1114896383.0,1779553000.0,0.02362470069730994,0.01914062499999991,1.1585257548845447,24.9505,23.611333333333334,1.0,0.01914062499999991,0.9389718979549398,0.08077879038939506,1.0,0.01914062499999991,1.5817471307133937,26.97,23.77,1.0,0.01914062499999991,0.9294655960803156,24.9505,0.9577796417258506,1.189730863298264,0.0,0.0,0.721996803116815,24.9505,0.9577796417258506,26.866059283451705,23.0349407165483,0.0,0.0,0.8792754184717425
2022-07-07,26.18,26.27,25.57,25.71,27501904.0,725645091.0,1779553000.0,0.015454388826857082,-0.014564967420467534,1.1416518650088787,25.059,23.651666666666664,1.0,-0.014564967420467534,0.9252958028524916,0.09218351741716235,1.0,-0.014564967420467534,1.5587090352871351,26.97,23.77,1.0,-0.014564967420467534,0.9159279599549605,25.059,0.9113720137066188,0.7143076484786203,0.0,-0.0,0.721996803116815,25.059,0.9113720137066188,26.881744027413237,23.236255972586765,0.0,-0.0,0.8792754184717425
2022-07-08,25.8,26.14,25.59,25.61,25028369.0,662551252.0,1779553000.0,0.014064413366727486,-0.00388953714507978,1.137211367673177,25.1495,23.708666666666666,1.0,-0.00388953714507978,0.9216968304571104,0.07605042016806718,1.0,-0.00388953714507978,1.5526463785960143,26.97,24.48,1.0,-0.00388953714507978,0.9123654241324985,25.1495,0.8686376205234899,0.5301405201889328,0.0,-0.0,0.721996803116815,25.1495,0.8686376205234899,26.88677524104698,23.41222475895302,0.0,-0.0,0.8792754184717425
2022-07-11,25.42,25.45,24.64,24.83,26983103.0,686866427.0,1779553000.0,0.015162854379723447,-0.030456852791878264,1.1025754884547045,25.2025,23.74116666666667,1.0,-0.030456852791878264,0.8936248457731374,0.04459402608329821,1.0,-0.030456852791878264,1.5053576564052726,26.97,24.67,1.0,-0.030456852791878264,0.8845776447172955,25.2025,0.810424677495678,-0.4596355594095156,0.0,-0.0,0.721996803116815,25.2025,0.810424677495678,26.823349354991358,23.581650645008644,0.0,-0.0,0.8792754184717425
2022-07-12,24.77,25.03,24.34,24.35,20285950.0,511314236.0,1779553000.0,0.011399463797931279,-0.01933145388642754,1.081261101243337,25.241000000000003,23.770833333333332,1.0,-0.01933145388642754,0.876349778275308,0.03265479219677703,1.0,-0.01933145388642754,1.4762569042878935,26.97,24.64,1.0,-0.01933145388642754,0.8674774727694784,25.241000000000003,0.7449330595141629,-1.1960806257962322,0.0,-0.0,0.721996803116815,25.241000000000003,0.7449330595141629,26.730866119028327,23.75113388097168,0.0,-0.0,0.8792754184717425
2022-07-13,24.24,24.54,24.05,24.31,17146140.0,426078592.0,1779553000.0,0.009635082517913207,-0.001642710472279374,1.0794849023090562,25.222,23.790166666666668,1.0,-0.001642710472279374,0.8749101893171555,-0.01539084649655742,1.0,-0.001642710472279374,1.473831841611445,26.97,24.34,0.0,-0.0006,0.8669569862858166,25.222,0.7643201313305384,-1.1932172954968243,0.0,-0.0,0.721996803116815,25.222,0.7643201313305384,26.75064026266108,23.693359737338923,0.0,-0.0,0.8792754184717425
2022-07-14,24.46,24.62,24.25,24.43,14946659.0,370646488.0,1779553000.0,0.008399108652566122,0.00493624023035788,1.084813499111898,25.2035,23.810333333333336,1.0,0.00493624023035788,0.8792289561916129,-0.014919354838709764,0.0,-0.0006,1.4729475425064782,26.97,24.05,0.0,0.0,0.8669569862858166,25.2035,0.7794010858542704,-0.9924286917719599,0.0,0.0,0.721996803116815,25.2035,0.7794010858542704,26.76230217170854,23.644697828291456,0.0,0.0,0.8792754184717425
2022-07-15,24.34,24.74,24.03,24.03,21090380.0,521599567.0,1779553000.0,0.01185150428225515,-0.016373311502251298,1.0670515097690918,25.169,23.81566666666667,1.0,-0.016373311502251298,0.8648330666100884,-0.027912621359223233,0.0,-0.0,1.4729475425064782,26.97,24.05,0.0,-0.0,0.8669569862858166,25.169,0.8163261732003133,-1.3952756108929845,0.0,-0.0,0.721996803116815,25.169,0.8163261732003133,26.801652346400626,23.536347653599375,0.0,-0.0,0.8792754184717425
2022-07-18,24.04,24.91,23.59,24.72,27124168.0,669503594.0,1779553000.0,0.015242124286267394,0.028714107365792607,1.0976909413854326,25.165,23.838000000000005,1.0,0.028714107365792607,0.8896659761382182,-0.003225806451612967,0.0,0.0,1.4729475425064782,26.97,24.03,0.0,0.0,0.8669569862858166,25.165,0.8184227449630909,-0.5437287792143031,0.0,0.0,0.721996803116815,25.165,0.8184227449630909,26.80184548992618,23.52815451007382,0.0,0.0,0.8792754184717425
2022-07-19,24.69,24.89,24.49,24.8,17980962.0,450795991.0,1779553000.0,0.010104201448341241,0.003236245954692629,1.101243339253994,25.1715,23.86466666666667,1.0,0.003236245954692629,0.8925451540545232,0.005269558167815047,0.0,0.0,1.4729475425064782,26.97,23.59,0.0,0.0,0.8669569862858166,25.1715,0.8147926762449417,-0.4559442062146387,0.0,0.0,0.721996803116815,25.1715,0.8147926762449417,26.801085352489885,23.54191464751012,0.0,0.0,0.8792754184717425
2022-07-20,24.88,25.29,24.74,24.88,20913532.0,530274548.0,1779553000.0,0.011752126517164703,0.003225806451612856,1.1047957371225552,25.218,23.900666666666666,1.0,0.003225806451612856,0.895424331970828,0.03883089770354897,1.0,0.002625806451612856,1.476815217666479,26.97,23.59,0.0,0.0,0.8669569862858166,25.218,0.7665205047549369,-0.44095363125095055,0.0,0.0,0.721996803116815,25.218,0.7665205047549369,26.751041009509873,23.684958990490127,0.0,0.0,0.8792754184717425
2022-07-21,24.76,25.41,24.54,24.92,28304030.0,721660883.0,1779553000.0,0.015905134604026965,0.001607717041800738,1.106571936056836,25.2445,23.94516666666667,1.0,0.001607717041800738,0.8968639209289806,0.02173021730217317,1.0,0.001607717041800738,1.479189518659512,26.97,23.59,0.0,0.0,0.8669569862858166,25.2445,0.745254989919046,-0.43542143882222917,0.0,0.0,0.721996803116815,25.2445,0.745254989919046,26.73500997983809,23.753990020161908,0.0,0.0,0.8792754184717425
2022-07-22,24.92,25.17,24.33,24.5,20047837.0,501180854.0,1779553000.0,0.011265658848036557,-0.016853932584269704,1.0879218472468892,25.236,24.0135,1.0,-0.016853932584269704,0.8817482368683798,-0.0068909606809891555,1.0,-0.016853932584269704,1.4542593582326664,26.97,23.59,0.0,-0.0,0.8669569862858166,25.236,0.7530806904409558,-0.9773189106323337,0.0,-0.0,0.721996803116815,25.236,0.7530806904409558,26.742161380881914,23.729838619118087,0.0,-0.0,0.8792754184717425
2022-07-25,24.47,24.64,24.01,24.09,14424899.0,355074666.0,1779553000.0,0.00810591142831936,-0.016734693877551,1.0697158081705127,25.1795,24.089999999999996,1.0,-0.016734693877551,0.8669924500473171,-0.044805709754163314,0.0,-0.0006,1.4533868026177268,26.97,23.59,0.0,-0.0,0.8669569862858166,25.1795,0.7955367271281464,-1.3695156525746455,0.0,-0.0,0.721996803116815,25.1795,0.7955367271281464,26.770573454256294,23.588426545743708,0.0,-0.0,0.8792754184717425
2022-07-26,24.19,24.43,23.79,24.43,14221449.0,348489664.0,1779553000.0,0.00799158496543795,0.01411374014113731,1.084813499111898,25.095999999999997,24.154666666666667,1.0,0.01411374014113731,0.8792289561916129,-0.06398467432950194,0.0,0.0,1.4533868026177268,26.97,23.59,0.0,0.0,0.8669569862858166,25.095999999999997,0.7813510566214436,-0.8523697438636304,0.0,0.0,0.721996803116815,25.095999999999997,0.7813510566214436,26.658702113242885,23.533297886757108,0.0,0.0,0.8792754184717425
2022-07-27,24.26,24.38,23.73,23.93,15590587.0,380368739.0,1779553000.0,0.008760956824550884,-0.020466639377814122,1.06261101243339,24.9755,24.213833333333337,1.0,-0.020466639377814122,0.8612340942147072,-0.09149582384206534,0.0,-0.0,1.4533868026177268,26.97,23.59,0.0,-0.0,0.8669569862858166,24.9755,0.7650694842880014,-1.3665425447898722,0.0,-0.0,0.721996803116815,24.9755,0.7650694842880014,26.505638968576005,23.445361031423996,0.0,-0.0,0.8792754184717425
2022-07-28,24.13,25.62,24.11,25.23,56336766.0,1439712216.0,1779553000.0,0.031657818564549633,0.05432511491851244,1.1203374777975108,24.9175,24.28216666666667,1.0,0.05432511491851244,0.9080207353546621,-0.04395604395604391,0.0,0.0,1.4533868026177268,26.74,23.59,0.0,0.0,0.8669569862858166,24.9175,0.6927434020269453,0.45110498214148975,0.0,0.0,0.721996803116815,24.9175,0.6927434020269453,26.30298680405389,23.53201319594611,0.0,0.0,0.8792754184717425
2022-07-29,25.19,25.35,24.79,24.85,25981330.0,659870562.0,1779553000.0,0.01459991919319065,-0.015061434799841456,1.1034635879218448,24.851000000000003,24.311500000000002,1.0,-0.015061434799841456,0.8943446402522137,-0.050802139037433136,0.0,-0.0,1.4533868026177268,26.62,23.59,0.0,-0.0,0.8669569862858166,24.851000000000003,0.625770262198409,-0.0015980305559553075,0.0,-0.0,0.721996803116815,24.851000000000003,0.625770262198409,26.102540524396822,23.599459475603183,0.0,-0.0,0.8792754184717425
2022-08-01,24.67,24.91,23.94,24.85,24036043.0,598602160.0,1779553000.0,0.01350678681668936,0.0,1.1034635879218448,24.808,24.353,1.0,0.0,0.8943446402522137,-0.033450019447685664,0.0,0.0,1.4533868026177268,26.34,23.59,0.0,0.0,0.8669569862858166,24.808,0.5922890475002114,0.07091132307319359,0.0,0.0,0.721996803116815,24.808,0.5922890475002114,25.99257809500042,23.623421904999578,0.0,0.0,0.8792754184717425
2022-08-02,24.46,24.55,23.46,23.74,38202092.0,927743721.0,1779553000.0,0.02146724036878924,-0.04466800804828985,1.054174067495557,24.715,24.374666666666666,1.0,-0.04466800804828985,0.8543960466634829,-0.07265625000000009,0.0,-0.0,1.4533868026177268,26.34,23.73,0.0,-0.0,0.8669569862858166,24.715,0.6072240547201773,-1.6056676154723544,0.0,-0.0,0.721996803116815,24.715,0.6072240547201773,25.929448109440354,23.500551890559645,0.0,-0.0,0.8792754184717425
2022-08-03,23.7,25.17,23.7,24.45,45330922.0,1127110979.0,1779553000.0,0.025473207035699413,0.029907329401853477,1.0857015985790384,24.633,24.399333333333335,1.0,0.029907329401853477,0.879948750670689,-0.06285933307780767,0.0,0.0,1.4533868026177268,26.34,23.46,0.0,0.0,0.8669569862858166,24.633,0.5155895960724785,-0.3549334614080824,1.0,0.029307329401853478,0.7431566012528448,24.633,0.5155895960724785,25.664179192144957,23.60182080785504,0.0,0.0,0.8792754184717425
2022-08-04,24.6,26.28,24.57,25.92,79065194.0,2062342836.0,1779553000.0,0.04442980568715851,0.060122699386503164,1.1509769094138518,24.6435,24.444833333333335,1.0,0.060122699386503164,0.9328536448827919,0.008168028004667427,0.0,0.0,1.4533868026177268,26.27,23.46,0.0,0.0,0.8669569862858166,24.6435,0.5402268042213697,2.3628964539066604,1.0,0.060122699386503164,0.787837182187065,24.6435,0.5402268042213697,25.723953608442738,23.56304639155726,0.0,0.0,0.8792754184717425
2022-08-05,26.31,28.5,25.99,28.14,147870117.0,4109901251.0,1779553000.0,0.08309396629378277,0.08564814814814814,1.249555950266427,24.77,24.523500000000002,1.0,0.08564814814814814,1.0127508320602532,0.0987895353377588,1.0,0.08504814814814814,1.5769946587233226,26.28,23.46,0.0,0.0,0.8669569862858166,24.77,0.9323541229197998,3.614506459676894,0.0,-0.0006,0.7873644798777527,24.77,0.9323541229197998,26.634708245839597,22.9052917541604,0.0,0.0,0.8792754184717425
2022-08-08,28.93,29.74,28.14,28.43,159820766.0,4672103860.0,1779553000.0,0.08980950047568126,0.01030561478322678,1.2624333925399618,24.95,24.608666666666668,1.0,0.01030561478322678,1.0231878520068585,0.14498590414820778,1.0,0.01030561478322678,1.5932465581913313,28.5,23.46,1.0,0.00970561478322678,0.875371336828334,24.95,1.2409758469167766,2.8042447471045575,0.0,0.0,0.7873644798777527,24.95,1.2409758469167766,27.431951693833554,22.468048306166445,0.0,0.0,0.8792754184717425
2022-08-09,27.8,29.5,27.3,29.12,131677550.0,3741442148.0,1779553000.0,0.0739947335089205,0.024270137179036366,1.293072824156303,25.188499999999998,24.709833333333336,1.0,0.024270137179036366,1.0480207615349886,0.19589322381930185,1.0,0.024270137179036366,1.6319148707186624,29.74,23.46,1.0,0.024270137179036366,0.8966167192557541,25.188499999999998,1.5415585927028768,2.5503409462411324,0.0,0.0,0.7873644798777527,25.188499999999998,1.5415585927028768,28.271617185405752,22.105382814594243,0.0,0.0,0.8792754184717425
2022-08-10,28.19,29.2,27.82,28.11,112325813.0,3255853944.0,1779553000.0,0.0631202403075379,-0.03468406593406603,1.2482238010657167,25.3785,24.786333333333335,1.0,-0.03468406593406603,1.011671140341639,0.1563142739613328,1.0,-0.03468406593406603,1.5753134277438734,29.74,23.46,1.0,-0.03468406593406603,0.8655184058475016,25.3785,1.6574084875902118,1.6480547918343675,0.0,-0.0,0.7873644798777527,25.3785,1.6574084875902118,28.693316975180423,22.063683024819575,0.0,-0.0,0.8792754184717425
2022-08-11,28.11,29.48,28.11,28.72,105938033.0,3117475329.0,1779553000.0,0.05953069843943957,0.02170046246887236,1.2753108348134965,25.593,24.874666666666666,1.0,0.02170046246887236,1.033624871953464,0.1756037658616454,1.0,0.02170046246887236,1.60949845765934,29.74,23.46,1.0,0.02170046246887236,0.8843005555297135,25.593,1.7996903242383469,1.7375211489917786,0.0,0.0,0.7873644798777527,25.593,1.7996903242383469,29.192380648476693,21.993619351523307,0.0,0.0,0.8792754184717425
2022-08-12,28.58,29.34,28.49,28.58,86877516.0,2552597258.0,1779553000.0,0.04881985307546333,-0.004874651810584996,1.2690941385435142,25.8205,24.955166666666667,1.0,-0.004874651810584996,1.0285863105999304,0.1893466500208072,1.0,-0.004874651810584996,1.6016527130885772,29.74,23.46,1.0,-0.004874651810584996,0.8799898982255993,25.8205,1.8776089918603982,1.4696883174093631,0.0,-0.0,0.7873644798777527,25.8205,1.8776089918603982,29.575717983720796,22.065282016279202,0.0,-0.0,0.8792754184717425
2022-08-15,28.48,28.82,28.02,28.08,60840995.0,1743510805.0,1779553000.0,0.03418891991415822,-0.017494751574527623,1.2468916518650062,25.9885,25.02,1.0,-0.017494751574527623,1.0105914486230247,0.13592233009708732,1.0,-0.017494751574527623,1.5736321967644242,29.74,23.46,1.0,-0.017494751574527623,0.8645946935680485,25.9885,1.9237115305135566,1.0872212214903396,0.0,-0.0,0.7873644798777527,25.9885,1.9237115305135566,29.83592306102711,22.141076938972887,0.0,-0.0,0.8792754184717425
2022-08-16,28.08,28.29,27.76,27.88,48679444.0,1381853044.0,1779553000.0,0.027354871700927142,-0.00712250712250706,1.2380106571936031,26.142500000000002,25.081166666666665,1.0,-0.00712250712250706,1.0033935038322626,0.12419354838709662,1.0,-0.00712250712250706,1.5624239902347632,29.74,23.46,1.0,-0.00712250712250706,0.8584366117050283,26.142500000000002,1.9467053814341027,0.8925336194016232,0.0,-0.0,0.7873644798777527,26.142500000000002,1.9467053814341027,30.035910762868205,22.2490892371318,0.0,-0.0,0.8792754184717425
2022-08-17,27.82,27.97,27.26,27.76,47834020.0,1341650711.0,1779553000.0,0.026879795094610838,-0.00430416068866557,1.2326820603907613,26.2865,25.157333333333334,1.0,-0.00430416068866557,0.9990747369578054,0.11575562700964648,1.0,-0.00430416068866557,1.5556990663169667,29.74,23.7,1.0,-0.00430416068866557,0.8547417625872162,26.2865,1.9549028108832502,0.7537459109459539,0.0,-0.0,0.7873644798777527,26.2865,1.9549028108832502,30.196305621766502,22.3766943782335,0.0,-0.0,0.8792754184717425
2022-08-18,27.64,28.23,27.15,28.0,58799555.0,1654351466.0,1779553000.0,0.03304175542959384,0.008645533141210304,1.243339253996445,26.440499999999997,25.235666666666663,1.0,0.008645533141210304,1.00771227070672,0.12359550561797739,1.0,0.008645533141210304,1.56914891415256,29.74,24.57,1.0,0.008645533141210304,0.8621314608228405,26.440499999999997,1.9628885133365848,0.7944923969976839,0.0,0.0,0.7873644798777527,26.440499999999997,1.9628885133365848,30.366277026673167,22.514722973326826,0.0,0.0,0.8792754184717425
2022-08-19,27.53,28.16,26.72,26.75,71236685.0,1970522980.0,1779553000.0,0.04003066219438252,-0.044642857142857095,1.187833037300175,26.552999999999997,25.293333333333333,1.0,-0.044642857142857095,0.9627251157644559,0.09183673469387754,1.0,-0.044642857142857095,1.499097623342178,29.74,25.99,1.0,-0.044642857142857095,0.8236434491789638,26.552999999999997,1.9095717348467303,0.10316449306672143,0.0,-0.0,0.7873644798777527,26.552999999999997,1.9095717348467303,30.37214346969346,22.733856530306536,0.0,-0.0,0.8792754184717425
2022-08-22,26.51,27.1,26.31,26.57,35526858.0,959336769.0,1779553000.0,0.019963922400737712,-0.006728971962616792,1.1798401420959124,26.677,25.351833333333335,1.0,-0.006728971962616792,0.9562469654527698,0.10294728102947293,1.0,-0.006728971962616792,1.489010237465483,29.74,26.72,1.0,-0.006728971962616792,0.8181011755022456,26.677,1.8196185256659165,-0.058803534087366514,0.0,-0.0,0.7873644798777527,26.677,1.8196185256659165,30.316237051331832,23.037762948668167,0.0,-0.0,0.8792754184717425
2022-08-23,26.44,26.56,25.96,26.07,44138517.0,1171556246.0,1779553000.0,0.024803148318707002,-0.01881821603312006,1.1576376554174044,26.759000000000004,25.398500000000002,1.0,-0.01881821603312006,0.9382521034758641,0.06713057715923054,1.0,-0.01881821603312006,1.46098972114133,29.74,26.31,0.0,-0.0006,0.8176103147969442,26.759000000000004,1.748596128627725,-0.39403038169867255,0.0,-0.0,0.7873644798777527,26.759000000000004,1.748596128627725,30.256192257255453,23.261807742744555,0.0,-0.0,0.8792754184717425
2022-08-24,26.11,26.15,24.89,25.06,51681560.0,1332056377.0,1779553000.0,0.02904187737032839,-0.03874184886843124,1.1127886323268181,26.815500000000004,25.421833333333332,1.0,-0.03874184886843124,0.9019024822825145,0.047221061429168376,1.0,-0.03874184886843124,1.404388278166541,29.74,25.96,0.0,-0.0,0.8176103147969442,26.815500000000004,1.6688113481723181,-1.0519463460759828,0.0,-0.0,0.7873644798777527,26.815500000000004,1.6688113481723181,30.15312269634464,23.47787730365537,0.0,-0.0,0.8792754184717425
2022-08-25,25.23,25.28,24.55,24.86,31880596.0,802602586.0,1779553000.0,0.017914946056678278,-0.007980845969672745,1.1039076376554149,26.796999999999997,25.44533333333333,1.0,-0.007980845969672745,0.8947045374917522,-0.01466508125247723,1.0,-0.007980845969672745,1.39318007163688,29.74,24.89,0.0,-0.0,0.8176103147969442,26.796999999999997,1.689238694921558,-1.146670394079473,0.0,-0.0,0.7873644798777527,26.796999999999997,1.689238694921558,30.175477389843113,23.41852261015688,0.0,-0.0,0.8792754184717425
2022-08-26,25.03,25.14,24.56,24.58,32111654.0,808353560.0,1779553000.0,0.018044786527852782,-0.011263073209975882,1.0914742451154504,26.783499999999997,25.45716666666667,1.0,-0.011263073209975882,0.884627414784685,-0.010865191146881448,0.0,-0.0006,1.3923441635938978,29.74,24.55,0.0,-0.0,0.8176103147969442,26.783499999999997,1.7066072066805453,-1.2911582649917082,0.0,-0.0,0.7873644798777527,26.783499999999997,1.7066072066805453,30.196714413361086,23.370285586638907,0.0,-0.0,0.8792754184717425
2022-08-29,24.13,24.59,24.05,24.31,23077795.0,569543145.0,1779553000.0,0.012968310019426227,-0.010984540276647636,1.0794849023090562,26.7565,25.450666666666667,1.0,-0.010984540276647636,0.8749101893171559,-0.021730382293762673,0.0,-0.0,1.3923441635938978,29.74,24.55,0.0,-0.0,0.8176103147969442,26.7565,1.7426968664745712,-1.4038586096440306,0.0,-0.0,0.7873644798777527,26.7565,1.7426968664745712,30.24189373294914,23.271106267050857,0.0,-0.0,0.8792754184717425
2022-08-30,24.41,24.87,24.35,24.54,28138791.0,702282688.0,1779553000.0,0.01581228038726579,0.009461127108185918,1.0896980461811698,26.796499999999998,25.454833333333333,1.0,0.009461127108185918,0.8831878258265325,0.033698399326032025,0.0,0.0,1.3923441635938978,29.74,24.05,0.0,0.0,0.8176103147969442,26.796499999999998,1.6777876253533137,-1.3449258809051106,0.0,0.0,0.7873644798777527,26.796499999999998,1.6777876253533137,30.152075250706627,23.44092474929337,0.0,0.0,0.8792754184717425
2022-08-31,24.33,24.6,24.05,24.43,25486652.0,628411015.0,1779553000.0,0.01432194039739193,-0.004482477587611999,1.084813499111898,26.795499999999997,25.459666666666667,1.0,-0.004482477587611999,0.8792289561916133,-0.0008179959100204082,1.0,-0.005082477587611999,1.3852676055881894,29.74,24.05,0.0,-0.0,0.8176103147969442,26.795499999999997,1.6792651118238333,-1.4086519057320561,0.0,-0.0,0.7873644798777527,26.795499999999997,1.6792651118238333,30.154030223647663,23.43696977635233,0.0,-0.0,0.8792754184717425
2022-09-01,24.4,24.82,24.19,24.27,24444049.0,609666795.0,1779553000.0,0.013736061246841201,-0.006549324600900519,1.0777087033747754,26.713,25.471833333333333,1.0,-0.006549324600900519,0.8734706003590035,-0.06365740740740744,0.0,-0.0006,1.3844364450248363,29.74,24.05,0.0,-0.0,0.8176103147969442,26.713,1.7629852075682595,-1.385717809492972,0.0,-0.0,0.7873644798777527,26.713,1.7629852075682595,30.23897041513652,23.18702958486348,0.0,-0.0,0.8792754184717425
2022-09-02,24.16,24.72,24.16,24.52,23346063.0,581232542.0,1779553000.0,0.013119060235913176,0.010300782859497426,1.0888099467140295,26.532,25.483833333333333,1.0,0.010300782859497426,0.8824680313474564,-0.12864250177683012,0.0,0.0,1.3844364450248363,29.74,24.05,0.0,0.0,0.8176103147969442,26.532,1.794317345633525,-1.121317811978024,0.0,0.0,0.7873644798777527,26.532,1.794317345633525,30.12063469126705,22.94336530873295,0.0,0.0,0.8792754184717425
2022-09-05,24.44,24.44,23.82,24.14,23538647.0,575510206.0,1779553000.0,0.01322728067104492,-0.015497553017944532,1.0719360568383636,26.317500000000003,25.490000000000002,1.0,-0.015497553017944532,0.8687919362450081,-0.1508969398522687,0.0,-0.0,1.3844364450248363,29.74,24.05,0.0,-0.0,0.8176103147969442,26.317500000000003,1.8118175666264174,-1.2018318180094043,0.0,-0.0,0.7873644798777527,26.317500000000003,1.8118175666264174,29.941135133252835,22.69386486674717,0.0,-0.0,0.8792754184717425
2022-09-06,24.21,24.41,24.02,24.41,19852538.0,487830976.0,1779553000.0,0.011155912748875702,0.01118475559237786,1.083925399644758,26.082,25.503833333333333,1.0,0.01118475559237786,0.8785091617125372,-0.16174450549450547,0.0,0.0,1.3844364450248363,29.5,23.82,0.0,0.0,0.8176103147969442,26.082,1.7327544242436859,-0.9649376602975904,0.0,0.0,0.7873644798777527,26.082,1.7327544242436859,29.54750884848737,22.61649115151263,0.0,0.0,0.8792754184717425
2022-09-07,24.44,25.05,24.43,24.86,34600504.0,871806703.0,1779553000.0,0.01944336808175986,0.018435067595247823,1.103907637655415,25.9195,25.506666666666668,1.0,0.018435067595247823,0.8947045374917524,-0.11561721807186054,0.0,0.0,1.3844364450248363,29.48,23.82,0.0,0.0,0.8176103147969442,25.9195,1.6842723713971721,-0.6290550257741875,0.0,0.0,0.7873644798777527,25.9195,1.6842723713971721,29.288044742794344,22.550955257205654,0.0,0.0,0.8792754184717425
2022-09-08,24.73,24.77,24.56,24.69,17058187.0,426543410.0,1779553000.0,0.009585658308575244,-0.0068382944489138175,1.0963587921847224,25.718,25.504833333333334,1.0,-0.0068382944489138175,0.8885862844196045,-0.14032033426183832,0.0,-0.0,1.3844364450248363,29.48,23.82,0.0,-0.0,0.8176103147969442,25.718,1.5686990922750228,-0.6553200706638586,0.0,-0.0,0.7873644798777527,25.718,1.5686990922750228,28.855398184550047,22.580601815449953,0.0,-0.0,0.8792754184717425
2022-09-09,24.72,24.75,24.34,24.72,16824096.0,420073165.0,1779553000.0,0.009454113476811311,0.0012150668286754485,1.0976909413854328,25.525,25.504833333333334,1.0,0.0012150668286754485,0.8896659761382187,-0.13505948215535335,0.0,0.0,1.3844364450248363,29.34,23.82,0.0,0.0,0.8176103147969442,25.525,1.4293078928736076,-0.5632096513380026,0.0,0.0,0.7873644798777527,25.525,1.4293078928736076,28.383615785747214,22.666384214252783,0.0,0.0,0.8792754184717425
2022-09-13,24.81,25.02,24.62,24.67,15941917.0,400727115.0,1779553000.0,0.008958382807367918,-0.0020226537216827545,1.0954706927175821,25.354499999999998,25.502666666666666,1.0,-0.0020226537216827545,0.8878664899405283,-0.1214387464387463,0.0,-0.0,1.3844364450248363,28.82,23.82,0.0,-0.0,0.8176103147969442,25.354499999999998,1.3066045791726735,-0.5238769333208778,0.0,-0.0,0.7873644798777527,25.354499999999998,1.3066045791726735,27.967709158345343,22.741290841654653,0.0,-0.0,0.8792754184717425
2022-09-14,24.14,24.57,24.06,24.38,15387651.0,379770802.0,1779553000.0,0.0086469191982481,-0.011755168220510814,1.0825932504440474,25.179499999999997,25.497833333333336,0.0,-0.0006,0.887333770046564,-0.12553802008608317,0.0,-0.0,1.3844364450248363,28.29,23.82,0.0,-0.0,0.8176103147969442,25.179499999999997,1.178672201205213,-0.6783056384824343,0.0,-0.0,0.7873644798777527,25.179499999999997,1.178672201205213,27.536844402410424,22.82215559758957,0.0,-0.0,0.8792754184717425
2022-09-15,24.4,24.54,23.67,23.91,22141295.0,540112608.0,1779553000.0,0.012442054268684328,-0.019278096800656175,1.06172291296625,24.987000000000002,25.497166666666665,0.0,-0.0,0.887333770046564,-0.1386887608069165,0.0,-0.0,1.3844364450248363,28.23,23.82,0.0,-0.0,0.8176103147969442,24.987000000000002,1.041446868038196,-1.034138210073816,0.0,-0.0,0.7873644798777527,24.987000000000002,1.041446868038196,27.069893736076395,22.90410626392361,0.0,-0.0,0.8792754184717425
2022-09-16,23.88,24.03,23.2,23.24,18521791.0,445082805.0,1779553000.0,0.010408114284879404,-0.02802174822250114,1.0319715808170493,24.749000000000002,25.478,0.0,-0.0,0.887333770046564,-0.17000000000000004,0.0,-0.0,1.3844364450248363,28.23,23.67,0.0,-0.0,0.8176103147969442,24.749000000000002,0.8413203908138644,-1.7936092081879165,0.0,-0.0,0.7873644798777527,24.749000000000002,0.8413203908138644,26.43164078162773,23.066359218372273,0.0,-0.0,0.8792754184717425
2022-09-19,23.06,23.35,22.49,22.53,18532444.0,429178482.0,1779553000.0,0.01041410061964999,-0.030550774526677982,1.0004440497335683,24.538,25.442333333333334,0.0,-0.0,0.887333770046564,-0.1577570093457944,0.0,-0.0,1.3844364450248363,28.16,23.2,0.0,-0.0,0.8176103147969442,24.538,0.8422438701713969,-2.3841075858365945,1.0,-0.03115077452667798,0.7628374664947657,24.538,0.8422438701713969,26.222487740342793,22.853512259657208,0.0,-0.0,0.8792754184717425
2022-09-20,22.69,22.81,22.35,22.65,14872754.0,341220599.0,1779553000.0,0.008357578560458722,0.005326231691078487,1.00577264653641,24.342,25.3995,0.0,0.0,0.887333770046564,-0.14753481369966137,0.0,0.0,1.3844364450248363,27.1,22.49,0.0,0.0,0.8176103147969442,24.342,0.7995169594325279,-2.116277810042865,1.0,0.005326231691078487,0.7669005155839521,24.342,0.7995169594325279,25.941033918865056,22.74296608113494,1.0,0.004726231691078487,0.88343107781971
2022-09-21,22.47,22.72,22.08,22.59,12546184.0,285147569.0,1779553000.0,0.0070501884461996915,-0.0026490066225165476,1.0031083481349892,24.168,25.341,0.0,-0.0,0.887333770046564,-0.13348676639815882,0.0,-0.0,1.3844364450248363,26.56,22.35,0.0,-0.0,0.8176103147969442,24.168,0.7821468431245522,-2.0175239648045378,1.0,-0.0026490066225165476,0.7648689910393589,24.168,0.7821468431245522,25.732293686249104,22.603706313750894,1.0,-0.0026490066225165476,0.8810908630440286
2022-09-22,22.47,22.82,22.38,22.61,11153627.0,256620287.0,1779553000.0,0.006267656540715562,0.0008853474988932408,1.0039964476021295,24.0455,25.278833333333335,0.0,0.0,0.887333770046564,-0.0977653631284916,0.0,0.0,1.3844364450248363,26.15,22.08,0.0,0.0,0.8176103147969442,24.0455,0.8257339637840634,-1.7384533796110109,1.0,0.0008853474988932408,0.7655461658875566,24.0455,0.8257339637840634,25.696967927568128,22.394032072431873,1.0,0.0008853474988932408,0.8818709346359224
2022-09-23,22.58,22.69,21.92,22.01,14614124.0,329149238.0,1779553000.0,0.008212244310790406,-0.026536930561698258,0.9773534635879201,23.903,25.205833333333334,0.0,-0.0,0.887333770046564,-0.11464199517296858,0.0,-0.0,1.3844364450248363,25.28,22.08,0.0,-0.0,0.8176103147969442,23.903,0.9184833035752669,-2.0610064359704188,1.0,-0.026536930561698258,0.7452309204416242,23.903,0.9184833035752669,25.73996660715053,22.066033392849466,1.0,-0.026536930561698258,0.858468786879109
2022-09-26,21.85,22.02,21.56,21.64,12096833.0,267658962.0,1779553000.0,0.006797680653512427,-0.016810540663334872,0.9609236234458242,23.756,25.130166666666664,0.0,-0.0,0.887333770046564,-0.11960943856794137,0.0,-0.0,1.3844364450248363,25.14,21.92,0.0,-0.0,0.8176103147969442,23.756,1.0326073284341943,-2.0491816605723883,1.0,-0.016810540663334872,0.7327031857499658,23.756,1.0326073284341943,25.82121465686839,21.690785343131612,1.0,-0.016810540663334872,0.844037462429074
2022-09-27,21.68,22.08,21.61,22.07,13730531.0,304696717.0,1779553000.0,0.007715719059786362,0.019870609981515797,0.9800177619893411,23.644,25.0695,0.0,0.0,0.887333770046564,-0.09214315096668035,0.0,0.0,1.3844364450248363,25.05,21.56,0.0,0.0,0.8176103147969442,23.644,1.0892798200255742,-1.4449914255852492,1.0,0.019870609981515797,0.7472624449862175,23.644,1.0892798200255742,25.822559640051146,21.46544035994885,1.0,0.019870609981515797,0.8608090016547904
2022-09-28,21.98,21.98,21.38,21.38,12393396.0,272538223.0,1779553000.0,0.006964330930295417,-0.03126415949252381,0.9493783303730001,23.485999999999997,24.999166666666667,0.0,-0.0,0.887333770046564,-0.12876935615321927,0.0,-0.0,1.3844364450248363,25.05,21.56,0.0,-0.0,0.8176103147969442,23.485999999999997,1.1780376189146504,-1.7877188013234229,1.0,-0.03126415949252381,0.7238999127233952,23.485999999999997,1.1780376189146504,25.8420752378293,21.129924762170695,1.0,-0.03126415949252381,0.8338965317344548
2022-09-29,21.58,21.76,21.24,21.33,10887173.0,237446438.0,1779553000.0,0.0061179256813368305,-0.002338634237605275,0.9471580817051493,23.331,24.91983333333333,0.0,-0.0,0.887333770046564,-0.1268931641424479,0.0,-0.0,1.3844364450248363,25.05,21.38,0.0,-0.0,0.8176103147969442,23.331,1.249091880653676,-1.601963819469258,1.0,-0.002338634237605275,0.7222069756029007,23.331,1.249091880653676,25.829183761307352,20.832816238692647,1.0,-0.002338634237605275,0.8319463527547203
2022-09-30,21.25,21.53,21.11,21.12,9807752.0,212474388.0,1779553000.0,0.005511357065510271,-0.009845288326300827,0.9378330373001761,23.173499999999997,24.843333333333337,0.0,-0.0,0.887333770046564,-0.1297898640296662,0.0,-0.0,1.3844364450248363,25.05,21.24,0.0,-0.0,0.8176103147969442,23.173499999999997,1.320985577035565,-1.5545211361113216,1.0,-0.009845288326300827,0.7150966396968245,23.173499999999997,1.320985577035565,25.815471154071126,20.531528845928868,1.0,-0.009845288326300827,0.8237556010398357
2022-10-10,21.12,21.12,20.22,20.24,17979157.0,375050419.0,1779553000.0,0.010103187148682843,-0.04166666666666674,0.898756660746002,22.9595,24.753833333333333,0.0,-0.0,0.887333770046564,-0.17455138662316483,0.0,-0.0,1.3844364450248363,25.05,21.11,0.0,-0.0,0.8176103147969442,22.9595,1.4332791809432843,-1.8973972664629195,1.0,-0.04166666666666674,0.6853009463761234,22.9595,1.4332791809432843,25.826058361886567,20.09294163811343,1.0,-0.04166666666666674,0.7894324509965092
2022-10-11,20.33,20.43,20.11,20.34,9561267.0,196863414.0,1779553000.0,0.005372847563404968,0.004940711462450675,0.9031971580817036,22.7695,24.679,0.0,0.0,0.887333770046564,-0.15741507870753935,0.0,0.0,1.3844364450248363,25.05,20.22,0.0,0.0,0.8176103147969442,22.7695,1.5179226628934182,-1.6005426754542038,1.0,0.004940711462450675,0.6886868206171122,22.7695,1.5179226628934182,25.80534532578684,19.733654674213163,1.0,0.004940711462450675,0.7933328089559781
2022-10-12,20.26,21.03,20.22,21.01,19123245.0,399295652.0,1779553000.0,0.010746094665345736,0.032940019665683495,0.9329484902309044,22.5995,24.62333333333333,0.0,0.0,0.887333770046564,-0.13928717738631702,0.0,0.0,1.3844364450248363,25.05,20.11,0.0,0.0,0.8176103147969442,22.5995,1.514913494142806,-1.0492348283552622,1.0,0.032940019665683495,0.7113721780317369,22.5995,1.514913494142806,25.629326988285612,19.569673011714386,1.0,0.032940019665683495,0.81946520728442
2022-10-13,20.79,21.25,20.7,21.0,14335622.0,306483492.0,1779553000.0,0.008055743211918948,-0.0004759638267491928,0.9325044404973343,22.4065,24.568166666666666,0.0,-0.0,0.887333770046564,-0.15526950925181016,0.0,-0.0,1.3844364450248363,25.05,20.11,0.0,-0.0,0.8176103147969442,22.4065,1.4565253353892251,-0.96565433214668,1.0,-0.0004759638267491928,0.711033590607638,22.4065,1.4565253353892251,25.31955067077845,19.49344932922155,1.0,-0.0004759638267491928,0.8190751714884731
2022-10-14,21.2,21.51,21.09,21.47,18018435.0,390536878.0,1779553000.0,0.010125258983576213,0.02238095238095239,0.9533747779751318,22.2455,24.51883333333333,0.0,0.0,0.887333770046564,-0.13041717294451205,0.0,0.0,1.3844364450248363,25.02,20.11,0.0,0.0,0.8176103147969442,22.2455,1.3659794057163577,-0.5677245182135869,1.0,0.02238095238095239,0.7269471995402852,22.2455,1.3659794057163577,24.977458811432715,19.513541188567284,1.0,0.02238095238095239,0.837406853897977
2022-10-17,21.52,21.86,21.37,21.79,17078375.0,375805758.0,1779553000.0,0.009597002730460965,0.014904517931998207,0.967584369449377,22.099,24.481499999999997,0.0,0.0,0.887333770046564,-0.11852750809061485,0.0,0.0,1.3844364450248363,25.02,20.11,0.0,0.0,0.8176103147969442,22.099,1.237722441464307,-0.2496520945636517,1.0,0.014904517931998207,0.7377819971114492,22.099,1.237722441464307,24.574444882928614,19.623555117071387,1.0,0.014904517931998207,0.8498879993682775
2022-10-18,21.87,21.9,21.43,21.49,13914900.0,304785842.0,1779553000.0,0.007819323167109943,-0.013767783386874788,0.9542628774422721,21.94,24.427666666666664,0.0,-0.0,0.887333770046564,-0.1289014997973248,0.0,-0.0,1.3844364450248363,25.02,20.11,0.0,-0.0,0.8176103147969442,21.94,1.084881754410003,-0.4147917486590313,1.0,-0.013767783386874788,0.7276243743884829,21.94,1.084881754410003,24.109763508820006,19.770236491179997,1.0,-0.013767783386874788,0.8381869254898707
2022-10-19,21.5,21.69,21.25,21.25,11619148.0,253187396.0,1779553000.0,0.006529250884913234,-0.011167985109353129,0.9436056838365884,21.7835,24.368499999999997,0.0,-0.0,0.887333770046564,-0.12838392124692366,0.0,-0.0,1.3844364450248363,24.57,20.11,0.0,-0.0,0.8176103147969442,21.7835,0.9289228340276894,-0.57432111738153,1.0,-0.011167985109353129,0.71949827621011,21.7835,0.9289228340276894,23.64134566805538,19.92565433194462,1.0,-0.011167985109353129,0.8288260663871454
2022-10-20,21.19,22.44,21.12,22.25,41310420.0,923887363.0,1779553000.0,0.02321393068933603,0.04705882352941182,0.9880106571936044,21.700499999999998,24.324666666666666,0.0,0.0,0.887333770046564,-0.06942701798410711,0.0,0.0,1.3844364450248363,24.54,20.11,0.0,0.0,0.8176103147969442,21.700499999999998,0.7931580780911127,0.6928001052734395,1.0,0.04705882352941182,0.7533570186199976,21.700499999999998,0.7931580780911127,23.286816156182223,20.114183843817774,1.0,0.04705882352941182,0.8678296459818347
2022-10-21,22.07,22.23,21.72,21.94,21964907.0,488055410.0,1779553000.0,0.012342934995473582,-0.013932584269662818,0.9742451154529296,21.6355,24.275,0.0,-0.0,0.887333770046564,-0.05593803786574858,0.0,-0.0,1.3844364450248363,24.03,20.11,0.0,-0.0,0.8176103147969442,21.6355,0.7091765053839229,0.4293712463516476,0.0,-0.0006,0.7529050044088256,21.6355,0.7091765053839229,23.053853010767845,20.217146989232155,0.0,-0.0006,0.8673089481942455
2022-10-24,21.94,22.41,21.48,21.63,21792897.0,485508572.0,1779553000.0,0.012246275890630962,-0.014129443938012853,0.9604795737122546,21.5905,24.227166666666665,0.0,-0.0,0.887333770046564,-0.03994673768308932,0.0,-0.0,1.3844364450248363,23.35,20.11,0.0,-0.0,0.8176103147969442,21.5905,0.6772659821114544,0.058322728504471066,0.0,-0.0,0.7529050044088256,21.5905,0.6772659821114544,22.945031964222906,20.23596803577709,0.0,-0.0,0.8673089481942455
2022-10-25,21.49,21.78,21.09,21.32,15618867.0,338581829.0,1779553000.0,0.00877684845576389,-0.014331946370781279,0.9467140319715797,21.524,24.181,0.0,-0.0,0.887333770046564,-0.0587196467991169,0.0,-0.0,1.3844364450248363,22.82,20.11,0.0,-0.0,0.8176103147969442,21.524,0.6315094698620041,-0.32303553586390116,0.0,-0.0,0.7529050044088256,21.524,0.6315094698620041,22.78701893972401,20.26098106027599,0.0,-0.0,0.8673089481942455
2022-10-26,21.36,22.16,21.24,21.94,24846878.0,550895374.0,1779553000.0,0.013962426519468654,0.02908067542213888,0.9742451154529296,21.4915,24.1395,0.0,0.0,0.887333770046564,-0.02877379371403266,0.0,0.0,1.3844364450248363,22.82,20.22,0.0,0.0,0.8176103147969442,21.4915,0.5890605812818613,0.7613817903483151,0.0,0.0,0.7529050044088256,21.4915,0.5890605812818613,22.669621162563722,20.313378837436275,0.0,0.0,0.8673089481942455
2022-10-27,21.9,23.61,21.9,23.02,51845277.0,1198797181.0,1779553000.0,0.029133876316131072,0.049225159525979834,1.0222024866785067,21.511999999999997,24.124333333333333,0.0,0.0,0.887333770046564,0.018133569217160472,0.0,0.0,1.3844364450248363,22.82,20.7,0.0,0.0,0.8176103147969442,21.511999999999997,0.6353498828860235,2.373495361563678,0.0,0.0,0.7529050044088256,21.511999999999997,0.6353498828860235,22.782699765772044,20.24130023422795,0.0,0.0,0.8673089481942455
2022-10-28,22.84,24.06,22.68,23.29,62483189.0,1491594675.0,1779553000.0,0.035111732553062484,0.011728931364031192,1.0341918294849008,21.576,24.092,0.0,0.0,0.887333770046564,0.058155383916401515,1.0,0.011128931364031192,1.399843743199381,23.61,21.09,1.0,0.011128931364031192,0.8267094438728434,21.576,0.7434301722769315,2.305529239888753,0.0,0.0,0.7529050044088256,21.576,0.7434301722769315,23.062860344553865,20.089139655446136,0.0,0.0,0.8673089481942455
2022-10-31,23.26,23.89,23.1,23.73,41232095.0,986499789.0,1779553000.0,0.02316991682742801,0.01889222842421656,1.053730017761988,21.680500000000002,24.073333333333334,0.0,0.0,0.887333770046564,0.09658040665434386,1.0,0.01889222842421656,1.426289910954114,24.06,21.09,1.0,0.01889222842421656,0.8423278275269462,21.680500000000002,0.8861001190902271,2.312944052083248,0.0,0.0,0.7529050044088256,21.680500000000002,0.8861001190902271,23.452700238180455,19.90829976181955,0.0,0.0,0.8673089481942455
2022-11-01,23.45,23.68,23.2,23.62,35932470.0,855426408.0,1779553000.0,0.020191851549237364,-0.004635482511588629,1.0488454706927162,21.758000000000003,24.052833333333332,0.0,-0.0,0.887333770046564,0.07023108291798819,1.0,-0.004635482511588629,1.4196783690154309,24.06,21.09,1.0,-0.004635482511588629,0.8384232316134206,21.758000000000003,0.9843009809259157,1.8916977998421232,0.0,-0.0,0.7529050044088256,21.758000000000003,0.9843009809259157,23.726601961851834,19.78939803814817,0.0,-0.0,0.8673089481942455
2022-11-02,23.7,24.22,23.34,23.35,46303917.0,1114756061.0,1779553000.0,0.026019970745462483,-0.011430990685859399,1.036856127886322,21.8565,24.046333333333333,0.0,-0.0,0.887333770046564,0.0921421889616465,1.0,-0.011430990685859399,1.4034500388022995,24.06,21.09,1.0,-0.011430990685859399,0.8288392234620394,21.8565,1.0413972142721677,1.4341309728236673,0.0,-0.0,0.7529050044088256,21.8565,1.0413972142721677,23.939294428544336,19.773705571455665,0.0,-0.0,0.8673089481942455
2022-11-03,23.07,23.74,22.98,23.6,38629434.0,916814126.0,1779553000.0,0.021707380448910484,0.010706638115631772,1.047957371225576,21.97,24.03216666666667,0.0,0.0,0.887333770046564,0.10642287857477739,1.0,0.010706638115631772,1.4184762704811251,24.22,21.09,1.0,0.010706638115631772,0.8377133050836887,21.97,1.1028813936322228,1.4779467759735891,0.0,0.0,0.7529050044088256,21.97,1.1028813936322228,24.175762787264446,19.76423721273555,0.0,0.0,0.8673089481942455
2022-11-04,23.5,23.78,23.25,23.68,34738829.0,830446195.0,1779553000.0,0.019521098275802968,0.003389830508474523,1.0515097690941373,22.098000000000003,23.994833333333336,0.0,0.0,0.887333770046564,0.1212121212121211,1.0,0.003389830508474523,1.4232846646183492,24.22,21.09,1.0,0.003389830508474523,0.8405530112026164,22.098000000000003,1.1467234788043779,1.379582810713405,0.0,0.0,0.7529050044088256,22.098000000000003,1.1467234788043779,24.391446957608757,19.804553042391248,0.0,0.0,0.8673089481942455
2022-11-07,23.67,24.08,23.57,23.84,31353132.0,757272779.0,1779553000.0,0.017618543533123206,0.006756756756756799,1.05861456483126,22.278,23.923166666666663,0.0,0.0,0.887333770046564,0.17786561264822143,1.0,0.006756756756756799,1.4329014528927977,24.22,21.09,1.0,0.006756756756756799,0.8462324234404719,22.278,1.1220029083362082,1.3921532541446389,0.0,0.0,0.7529050044088256,22.278,1.1220029083362082,24.522005816672415,20.033994183327582,0.0,0.0,0.8673089481942455
2022-11-08,23.83,23.9,23.43,23.59,17429769.0,417134405.0,1779553000.0,0.009794464677365607,-0.010486577181208045,1.047513321492006,22.4405,23.842499999999998,0.0,-0.0,0.887333770046564,0.15978367748279254,1.0,-0.010486577181208045,1.4178752212139722,24.22,21.09,1.0,-0.010486577181208045,0.8373583418188226,22.4405,1.0601959848607805,1.0842334968387437,0.0,-0.0,0.7529050044088256,22.4405,1.0601959848607805,24.56089196972156,20.32010803027844,0.0,-0.0,0.8673089481942455
2022-11-09,23.54,23.6,23.3,23.43,16683631.0,396517326.0,1779553000.0,0.009375180733588716,-0.006782534972445964,1.0404085257548834,22.561500000000002,23.747666666666664,0.0,-0.0,0.887333770046564,0.11518324607329844,1.0,-0.006782534972445964,1.408258432939524,24.22,21.24,1.0,-0.006782534972445964,0.8316789295809671,22.561500000000002,1.0258822903644207,0.8465883543924743,0.0,-0.0,0.7529050044088256,22.561500000000002,1.0258822903644207,24.613264580728845,20.50973541927116,0.0,-0.0,0.8673089481942455
2022-11-10,23.23,23.57,22.85,22.88,24653442.0,578244063.0,1779553000.0,0.01385372731242059,-0.023474178403755874,1.0159857904085245,22.6555,23.660500000000003,0.0,-0.0,0.887333770046564,0.08952380952380956,1.0,-0.023474178403755874,1.3752007232461079,24.22,21.9,1.0,-0.023474178403755874,0.8121559500133387,22.6555,0.9592402421210283,0.23403938882254863,0.0,-0.0,0.7529050044088256,22.6555,0.9592402421210283,24.573980484242057,20.737019515757943,0.0,-0.0,0.8673089481942455
2022-11-11,23.65,23.76,23.26,23.26,31410644.0,748984178.0,1779553000.0,0.01765086176135243,0.01660839160839167,1.0328596802841907,22.745,23.5695,0.0,0.0,0.887333770046564,0.08337214718211472,1.0,0.01660839160839167,1.3980405953979227,24.22,22.68,1.0,0.01660839160839167,0.8256445540782457,22.745,0.9257287314379294,0.5563184791726772,0.0,0.0,0.7529050044088256,22.745,0.9257287314379294,24.59645746287586,20.89354253712414,0.0,0.0,0.8673089481942455
2022-11-14,23.28,23.74,23.16,23.47,20950240.0,499952152.0,1779553000.0,0.011772754169164953,0.009028374892519286,1.042184724689164,22.829,23.484333333333336,0.0,0.0,0.887333770046564,0.07709958696649832,1.0,0.009028374892519286,1.410662630008136,24.22,22.85,1.0,0.009028374892519286,0.833098782640431,22.829,0.9106093968784681,0.7039242096527009,0.0,0.0,0.7529050044088256,22.829,0.9106093968784681,24.650218793756938,21.007781206243063,0.0,0.0,0.8673089481942455
2022-11-15,23.45,25.7,23.37,25.37,91267986.0,2281443129.0,1779553000.0,0.05128702882128265,0.08095440988495972,1.1265541740674945,23.023,23.439166666666665,0.0,0.0,0.887333770046564,0.1805490926012101,1.0,0.08095440988495972,1.5248619907672099,24.22,22.85,1.0,0.08095440988495972,0.9005418029649654,23.023,1.0173758814763085,2.306915312946364,0.0,0.0,0.7529050044088256,23.023,1.0173758814763085,25.057751762952616,20.988248237047383,0.0,0.0,0.8673089481942455
2022-11-16,25.57,25.57,24.81,24.86,43471144.0,1106856096.0,1779553000.0,0.02442812548994045,-0.020102483247930736,1.1039076376554162,23.2035,23.38883333333333,0.0,-0.0,0.887333770046564,0.16988235294117637,1.0,-0.020102483247930736,1.4942084781424056,25.7,22.85,1.0,-0.020102483247930736,0.8824386764568009,23.2035,1.006438614228263,1.645902667665633,0.0,-0.0,0.7529050044088256,23.2035,1.006438614228263,25.216377228456523,21.190622771543474,0.0,-0.0,0.8673089481942455
2022-11-17,24.73,25.31,24.58,25.26,38077378.0,965503242.0,1779553000.0,0.021397158724690977,0.016090104585679832,1.1216696269982227,23.354,23.34716666666667,0.0,0.0,0.887333770046564,0.1352808988764045,1.0,0.016090104585679832,1.5182504488285264,25.7,22.85,1.0,0.016090104585679832,0.8966372070514397,23.354,1.0788024549662907,1.7667738808209879,0.0,0.0,0.7529050044088256,23.354,1.0788024549662907,25.51160490993258,21.19639509006742,0.0,0.0,0.8673089481942455
2022-11-18,25.57,25.6,24.89,24.96,33983404.0,870036018.0,1779553000.0,0.019096595605750433,-0.01187648456057011,1.108348134991118,23.505000000000003,23.296499999999998,1.0,-0.01247648456057011,0.8762629639645055,0.13764813126709208,1.0,-0.01187648456057011,1.5002189708139357,25.7,22.85,1.0,-0.01187648456057011,0.8859883091054606,23.505000000000003,1.0818186442036244,1.3449574083381504,0.0,-0.0,0.7529050044088256,23.505000000000003,1.0818186442036244,25.66863728840725,21.341362711592755,0.0,-0.0,0.8673089481942455
2022-11-21,24.91,25.13,24.58,24.72,19564088.0,490476089.0,1779553000.0,0.010993821482136245,-0.009615384615384692,1.097690941385434,23.6595,23.262666666666668,1.0,-0.009615384615384692,0.8678373585417698,0.1428571428571428,1.0,-0.009615384615384692,1.4857937884022632,25.7,22.85,1.0,-0.009615384615384692,0.8774691907486772,23.6595,1.0187581449460639,1.0409732724700265,0.0,-0.0,0.7529050044088256,23.6595,1.0187581449460639,25.69701628989213,21.621983710107873,0.0,-0.0,0.8673089481942455
2022-11-22,24.72,25.19,24.55,24.73,21882910.0,551699284.0,1779553000.0,0.012296857694038897,0.0004045307443365509,1.0981349911190041,23.830000000000002,23.231999999999996,1.0,0.0004045307443365509,0.8681884254343838,0.1599437148217635,1.0,0.0004045307443365509,1.4863948376694163,25.7,22.85,1.0,0.0004045307443365509,0.8778241540135432,23.830000000000002,0.8829019138459849,1.01936578218472,0.0,0.0,0.7529050044088256,23.830000000000002,0.8829019138459849,25.59580382769197,22.064196172308034,0.0,0.0,0.8673089481942455
2022-11-23,24.74,24.83,24.03,24.37,22207742.0,548519792.0,1779553000.0,0.012479393420707335,-0.01455721795390208,1.0821492007104785,23.951500000000003,23.203666666666667,1.0,-0.01455721795390208,0.8555500173002804,0.11075660893345485,1.0,-0.01455721795390208,1.4647570640519076,25.7,22.85,1.0,-0.01455721795390208,0.8650454764783684,23.951500000000003,0.768972485990073,0.5442327360531866,0.0,-0.0,0.7529050044088256,23.951500000000003,0.768972485990073,25.48944497198015,22.413555028019857,0.0,-0.0,0.8673089481942455
2022-11-24,24.42,24.56,24.22,24.36,12898007.0,319336913.0,1779553000.0,0.007247891464879102,-0.0004103405826837436,1.0817051509769082,24.0185,23.192,1.0,-0.0004103405826837436,0.8551989504076662,0.05821025195482199,1.0,-0.0004103405826837436,1.4641560147847545,25.7,22.85,1.0,-0.0004103405826837436,0.8646905132135023,24.0185,0.7414230626936065,0.4606007247189247,0.0,-0.0,0.7529050044088256,24.0185,0.7414230626936065,25.50134612538721,22.535653874612787,0.0,-0.0,0.8673089481942455
2022-11-25,24.3,24.73,23.97,24.01,17782619.0,438727047.0,1779553000.0,0.009992744807263396,-0.014367816091953922,1.0661634103019528,24.0545,23.177833333333336,1.0,-0.014367816091953922,0.8429116091661769,0.030914555603263283,1.0,-0.014367816091953922,1.443119290434399,25.7,23.16,1.0,-0.014367816091953922,0.8522667989431935,24.0545,0.7213983132188639,-0.061685755545284354,0.0,-0.0,0.7529050044088256,24.0545,0.7213983132188639,25.49729662643773,22.61170337356227,0.0,-0.0,0.8673089481942455
2022-11-28,23.53,24.42,23.44,24.25,19032827.0,461907190.0,1779553000.0,0.010695285276695889,0.00999583506872126,1.0768206039076365,24.0805,23.17233333333333,1.0,0.00999583506872126,0.8513372145889124,0.021913190054782872,1.0,0.00999583506872126,1.4575444728460714,25.7,23.16,1.0,0.00999583506872126,0.8607859172999767,24.0805,0.7184521007359266,0.23592386997877335,0.0,0.0,0.7529050044088256,24.0805,0.7184521007359266,25.517404201471855,22.643595798528146,0.0,0.0,0.8673089481942455
2022-11-29,24.32,24.69,24.05,24.63,20979296.0,521029801.0,1779553000.0,0.01178908186494024,0.015670103092783494,1.0936944937833024,24.131,23.177666666666667,1.0,0.015670103092783494,0.8646777565082439,0.04276037256562226,1.0,0.015670103092783494,1.480384344997886,25.7,23.37,1.0,0.015670103092783494,0.8742745213648835,24.131,0.719874989146892,0.6931759090440865,0.0,0.0,0.7529050044088256,24.131,0.719874989146892,25.570749978293783,22.691250021706217,0.0,0.0,0.8673089481942455
2022-11-30,24.64,24.77,24.45,24.64,16393593.0,408984409.0,1779553000.0,0.009212197107925417,0.00040600893219666645,1.0941385435168727,24.195500000000003,23.179333333333332,1.0,0.00040600893219666645,0.865028823400858,0.0552462526766595,1.0,0.00040600893219666645,1.4809853942650393,25.7,23.44,1.0,0.00040600893219666645,0.8746294846297495,24.195500000000003,0.7038276927287487,0.6315466194242314,0.0,0.0,0.7529050044088256,24.195500000000003,0.7038276927287487,25.6031553854575,22.787844614542504,0.0,0.0,0.8673089481942455
2022-12-01,24.83,25.1,24.49,24.55,21076303.0,530368542.0,1779553000.0,0.01184359386879739,-0.0036525974025973795,1.0901420959147412,24.243000000000002,23.18133333333333,1.0,-0.0036525974025973795,0.8618692213673321,0.0402542372881356,1.0,-0.0036525974025973795,1.475575950860662,25.7,23.44,1.0,-0.0036525974025973795,0.8714348152459558,24.243000000000002,0.6935044491940029,0.44267920754769025,0.0,-0.0,0.7529050044088256,24.243000000000002,0.6935044491940029,25.63000889838801,22.855991101611995,0.0,-0.0,0.8673089481942455
2022-12-02,24.42,24.72,24.02,24.08,21117772.0,521923931.0,1779553000.0,0.011866896911752559,-0.01914460285132391,1.0692717584369436,24.262999999999998,23.178166666666666,1.0,-0.01914460285132391,0.8453690774144748,0.016891891891891886,1.0,-0.01914460285132391,1.44732663530447,25.7,23.44,1.0,-0.01914460285132391,0.8547515417972551,24.262999999999998,0.6820873535654975,-0.26829408145950506,0.0,-0.0,0.7529050044088256,24.262999999999998,0.6820873535654975,25.627174707130994,22.898825292869002,0.0,-0.0,0.8673089481942455
2022-12-05,24.15,24.51,24.02,24.5,19764710.0,486667943.0,1779553000.0,0.011106558781896352,0.01744186046511631,1.0879218472468903,24.296,23.177833333333336,1.0,0.01744186046511631,0.8601138869042622,0.027684563758389347,1.0,0.01744186046511631,1.4725707045248968,25.7,23.44,1.0,0.01744186046511631,0.8696599989216258,24.296,0.6764878339430309,0.3015575295877089,0.0,0.0,0.7529050044088256,24.296,0.6764878339430309,25.648975667886063,22.943024332113936,0.0,0.0,0.8673089481942455
2022-12-06,24.34,24.97,24.32,24.62,26606268.0,666686822.0,1779553000.0,0.014951096146054655,0.004897959183673528,1.0932504440497324,24.3475,23.18583333333333,1.0,0.004897959183673528,0.86432668961563,0.04366256888512088,1.0,0.004897959183673528,1.479783295730733,25.7,23.44,1.0,0.004897959183673528,0.8739195581000175,24.3475,0.6588896161839577,0.4135745856464076,0.0,0.0,0.7529050044088256,24.3475,0.6588896161839577,25.665279232367915,23.029720767632085,0.0,0.0,0.8673089481942455
2022-12-07,24.39,24.52,24.09,24.12,22242102.0,546288462.0,1779553000.0,0.012498701640243364,-0.020308692120227456,1.0710479573712244,24.381999999999998,23.181,1.0,-0.020308692120227456,0.8467733449849307,0.0294494238156211,1.0,-0.020308692120227456,1.4497308323730822,25.7,23.44,1.0,-0.020308692120227456,0.856171394856719,24.381999999999998,0.6255406082988019,-0.418837716567311,0.0,-0.0,0.7529050044088256,24.381999999999998,0.6255406082988019,25.633081216597603,23.130918783402393,0.0,-0.0,0.8673089481942455
2022-12-08,24.05,24.2,23.5,23.59,23922862.0,576212065.0,1779553000.0,0.013443186013566328,-0.021973466003316844,1.0475133214920058,24.417499999999997,23.15983333333333,1.0,-0.021973466003316844,0.8281667996763895,0.031031468531468542,1.0,-0.021973466003316844,1.417875221213972,25.7,23.44,1.0,-0.021973466003316844,0.8373583418188225,24.417499999999997,0.55158980754609,-1.5002090116229212,0.0,-0.0,0.7529050044088256,24.417499999999997,0.55158980754609,25.520679615092178,23.314320384907816,0.0,-0.0,0.8673089481942455
2022-12-09,23.61,23.96,23.57,23.87,19665382.0,475111247.0,1779553000.0,0.011050742517924445,0.011869436201780381,1.0599467140319703,24.448,23.14616666666667,1.0,0.011869436201780381,0.837996672669581,0.0262252794496991,1.0,0.011869436201780381,1.4347046006942565,25.7,23.44,1.0,0.011869436201780381,0.8472973132350696,24.448,0.49853047206585943,-1.1594075636035373,1.0,0.011269436201780381,0.7613898193220121,24.448,0.49853047206585943,25.44506094413172,23.450939055868282,0.0,0.0,0.8673089481942455
2022-12-12,23.71,24.38,23.64,24.06,21023381.0,512784699.0,1779553000.0,0.0118138549399765,0.007959782153330375,1.068383658969803,24.4775,23.13516666666667,1.0,0.007959782153330375,0.8446669436292465,0.025138474648487508,1.0,0.007959782153330375,1.4461245367701636,25.7,23.44,1.0,0.007959782153330375,0.8540416152675229,24.4775,0.45298861377499294,-0.9216567200679788,1.0,0.007959782153330375,0.7674503164175789,24.4775,0.45298861377499294,25.383477227549985,23.571522772450013,0.0,0.0,0.8673089481942455
2022-12-13,23.98,24.12,23.81,23.82,11789444.0,286436523.0,1779553000.0,0.006624946826534529,-0.009975062344139585,1.0577264653641192,24.4,23.121,1.0,-0.009975062344139585,0.836241338206511,-0.06109578242018132,1.0,-0.009975062344139585,1.4316993543584913,25.7,23.5,1.0,-0.009975062344139585,0.8455224969107397,24.4,0.4239165757046451,-1.3681937278246488,1.0,-0.009975062344139585,0.7597949516652839,24.4,0.4239165757046451,25.24783315140929,23.55216684859071,0.0,-0.0,0.8673089481942455
2022-12-14,24.54,24.83,24.17,24.18,40464895.0,1007852450.0,1779553000.0,0.022738797327193964,0.015113350125944613,1.0737122557726448,24.366,23.117666666666665,1.0,0.015113350125944613,0.8488797463406145,-0.027353177795655714,0.0,-0.0006,1.430840334745876,25.6,23.5,1.0,0.015113350125944613,0.8583011744459146,24.366,0.4121880000287197,-0.4512504002713329,1.0,0.015113350125944613,0.7712779987937265,24.366,0.4121880000287197,25.19037600005744,23.54162399994256,0.0,0.0,0.8673089481942455
2022-12-15,23.95,25.45,23.91,25.03,56048384.0,1423556731.0,1779553000.0,0.031495765509653266,0.03515301902398682,1.1114564831261085,24.3545,23.136333333333333,1.0,0.03515301902398682,0.8787204322128032,-0.009105304829770455,0.0,0.0,1.430840334745876,25.6,23.5,1.0,0.03515301902398682,0.8884730519595221,24.3545,0.3884581532692539,1.738926044710373,1.0,0.03515301902398682,0.7983907489581048,24.3545,0.3884581532692539,25.131416306538508,23.577583693461495,0.0,0.0,0.8673089481942455
2022-12-16,24.75,24.91,24.56,24.82,24793126.0,621955473.0,1779553000.0,0.013932221181386562,-0.008389932081502183,1.1021314387211352,24.3475,23.162666666666667,1.0,-0.008389932081502183,0.8713480274679095,-0.005608974358974339,0.0,-0.0,1.430840334745876,25.6,23.5,1.0,-0.008389932081502183,0.8810188233973367,24.3475,0.378095991709277,1.2496826476894038,0.0,-0.0006,0.7979117145087299,24.3475,0.378095991709277,25.103691983418553,23.591308016581447,0.0,-0.0,0.8673089481942455
2022-12-19,24.73,24.74,23.78,23.84,22850548.0,561690052.0,1779553000.0,0.012840611097281171,-0.03948428686543115,1.0586145648312595,24.3035,23.184500000000003,1.0,-0.03948428686543115,0.836943471991739,-0.03559870550161803,0.0,-0.0,1.430840334745876,25.45,23.5,1.0,-0.03948428686543115,0.8462324234404717,24.3035,0.3836291383468202,-1.2081981102826769,0.0,-0.0,0.7979117145087299,24.3035,0.3836291383468202,25.07075827669364,23.53624172330636,0.0,-0.0,0.8673089481942455
2022-12-20,23.67,24.25,23.48,23.79,17751186.0,429471338.0,1779553000.0,0.00997508138279669,-0.002097315436241587,1.0563943161634086,24.2565,23.203500000000002,1.0,-0.002097315436241587,0.8351881375286692,-0.03801051354630014,0.0,-0.0,1.430840334745876,25.45,23.5,1.0,-0.002097315436241587,0.8444576071161418,24.2565,0.38619977104749975,-1.207924071872699,0.0,-0.0,0.7979117145087299,24.2565,0.38619977104749975,25.028899542094997,23.484100457905,0.0,-0.0,0.8673089481942455
2022-12-21,23.79,24.0,23.26,23.54,15555311.0,372079309.0,1779553000.0,0.008741133869010926,-0.010508617065994152,1.0452930728241545,24.214999999999996,23.219333333333335,1.0,-0.010508617065994152,0.8264114652133195,-0.03405826836274117,0.0,-0.0,1.430840334745876,25.45,23.48,1.0,-0.010508617065994152,0.8355835254944926,24.214999999999996,0.41674806222424654,-1.6196835958814577,0.0,-0.0,0.7979117145087299,24.214999999999996,0.41674806222424654,25.04849612444849,23.381503875551502,0.0,-0.0,0.8673089481942455
2022-12-22,23.53,23.73,22.99,23.1,15031790.0,356257108.0,1779553000.0,0.008446947070415997,-0.01869158878504662,1.0257548845470676,24.152,23.2275,1.0,-0.01869158878504662,0.8109645219383043,-0.051724137931034364,0.0,-0.0,1.430840334745876,25.45,23.26,1.0,-0.01869158878504662,0.8199651418403899,24.152,0.4835569960410985,-2.175544989758742,1.0,-0.01929158878504662,0.782518729825656,24.152,0.4835569960410985,25.119113992082198,23.184886007917804,0.0,-0.0,0.8673089481942455
2022-12-23,22.84,23.05,22.47,22.61,14939249.0,344154212.0,1779553000.0,0.008394944685547438,-0.02121212121212135,1.0039964476021297,24.082,23.2375,1.0,-0.02121212121212135,0.7937622442002189,-0.058309037900874716,0.0,-0.0,1.430840334745876,25.45,22.99,0.0,-0.0006,0.8194731627552857,24.082,0.5939307065725421,-2.478403597777635,1.0,-0.02121212121212135,0.7659198476778389,24.082,0.5939307065725421,25.269861413145087,22.894138586854915,1.0,-0.02181212121212135,0.8483911002878751
2022-12-26,22.62,23.19,22.6,23.09,12122877.0,282645169.0,1779553000.0,0.006812315789414533,0.02122954444935865,1.0253108348134974,24.023999999999997,23.261666666666667,1.0,0.02122954444935865,0.8106134550456902,-0.04783505154639178,0.0,0.0,1.430840334745876,25.45,22.47,0.0,0.0,0.8194731627552857,24.023999999999997,0.6320759448034928,-1.4776705357619175,1.0,0.02122954444935865,0.7821799771287616,24.023999999999997,0.6320759448034928,25.288151889606983,22.759848110393012,1.0,0.02122954444935865,0.8664020568618769
2022-12-27,23.11,23.28,22.88,23.11,11668101.0,273007901.0,1779553000.0,0.006556759478363387,0.0008661758336943048,1.0261989342806377,23.948,23.279,1.0,0.0008661758336943048,0.8113155888309181,-0.06171335769386921,0.0,0.0,1.430840334745876,25.45,22.47,0.0,0.0,0.8194731627552857,23.948,0.6465910608717244,-1.2960278152782099,1.0,0.0008661758336943048,0.7828574825225502,23.948,0.6465910608717244,25.24118212174345,22.65481787825655,1.0,0.0008661758336943048,0.8671525133857937
2022-12-28,23.05,23.08,22.72,22.81,10574873.0,245102835.0,1779553000.0,0.005942432172573674,-0.012981393336218172,1.012877442273533,23.8565,23.302833333333336,1.0,-0.012981393336218172,0.8007835820524986,-0.07426948051948057,0.0,-0.0,1.430840334745876,25.45,22.47,0.0,-0.0,0.8194731627552857,23.8565,0.6724759827440945,-1.5561894057980643,1.0,-0.012981393336218172,0.7726949016157234,23.8565,0.6724759827440945,25.20145196548819,22.51154803451181,1.0,-0.012981393336218172,0.8558956655270425
2022-12-29,22.74,22.94,22.63,22.71,9218366.0,213028712.0,1779553000.0,0.005180158163314046,-0.004384042086803985,1.0084369449378314,23.764499999999998,23.325833333333335,1.0,-0.004384042086803985,0.7972729131263587,-0.07494908350305496,0.0,-0.0,1.430840334745876,25.45,22.47,0.0,-0.0,0.8194731627552857,23.764499999999998,0.6979856355023559,-1.5107760767039997,1.0,-0.004384042086803985,0.7693073746467812,23.764499999999998,0.6979856355023559,25.16047127100471,22.368528728995287,1.0,-0.004384042086803985,0.8521433829074588
2022-12-30,22.9,22.93,22.65,22.71,9109892.0,210384541.0,1779553000.0,0.005119202406447012,0.0,1.0084369449378314,23.696,23.35233333333333,1.0,0.0,0.7972729131263587,-0.05689368770764114,0.0,0.0,1.430840334745876,25.45,22.47,0.0,0.0,0.8194731627552857,23.696,0.7317995123768465,-1.3473635651894933,1.0,0.0,0.7693073746467812,23.696,0.7317995123768465,25.159599024753696,22.232400975246307,1.0,0.0,0.8521433829074588
2023-01-03,22.74,23.14,22.6,23.08,12943599.0,300896260.0,1779553000.0,0.00727351138179082,0.016292382210479905,1.0248667850799273,23.625,23.39966666666667,1.0,0.016292382210479905,0.810262388153076,-0.05795918367346942,0.0,0.0,1.430840334745876,25.45,22.47,0.0,0.0,0.8194731627552857,23.625,0.718452283878144,-0.7585750817829381,1.0,0.016292382210479905,0.7818412244318674,23.625,0.718452283878144,25.061904567756287,22.188095432243713,1.0,0.016292382210479905,0.8660268285999185
2023-01-04,23.06,23.61,23.06,23.2,18334343.0,433550136.0,1779553000.0,0.010302779967778425,0.005199306759098743,1.0301953818827692,23.554,23.447333333333336,1.0,0.005199306759098743,0.8144751908644439,-0.05767668562144601,0.0,0.0,1.430840334745876,25.45,22.47,0.0,0.0,0.8194731627552857,23.554,0.68430064183825,-0.5173164810265882,1.0,0.005199306759098743,0.785906256794598,23.554,0.68430064183825,24.9226012836765,22.185398716323498,1.0,0.005199306759098743,0.8705295677434189
2023-01-05,23.09,23.85,23.04,23.65,23371806.0,557969593.0,1779553000.0,0.013133526228215738,0.0193965517241379,1.0501776198934263,23.5305,23.491333333333333,1.0,0.0193965517241379,0.8302732010320731,-0.019485903814262073,0.0,0.0,1.430840334745876,25.45,22.47,0.0,0.0,0.8194731627552857,23.5305,0.6717962958792499,0.17788130231292282,1.0,0.0193965517241379,0.801150128154838,23.5305,0.6717962958792499,24.8740925917585,22.1869074082415,1.0,0.0193965517241379,0.8874148395315455
2023-01-06,23.55,23.85,23.48,23.63,17336277.0,416384686.0,1779553000.0,0.009741927888632707,-0.0008456659619450191,1.049289520426286,23.532500000000002,23.53516666666667,1.0,-0.0008456659619450191,0.8295710672468452,0.0016956337431115465,0.0,-0.0,1.430840334745876,25.45,22.47,0.0,-0.0,0.8194731627552857,23.532500000000002,0.6720422527437321,0.14508016363842524,0.0,-0.0006,0.8006694380779451,23.532500000000002,0.6720422527437321,24.876584505487468,22.188415494512537,0.0,-0.0006,0.8868823906278266
2023-01-09,23.7,23.95,23.55,23.67,14160124.0,340937407.0,1779553000.0,0.007957124064301541,0.0016927634363099742,1.0510657193605668,23.5225,23.571833333333334,0.0,-0.0006,0.829073324606497,-0.008378718056137435,1.0,0.0010927634363099743,1.432403904746884,25.45,22.47,0.0,0.0,0.8194731627552857,23.5225,0.6682331376959502,0.22073134611159345,0.0,0.0,0.8006694380779451,23.5225,0.6682331376959502,24.8589662753919,22.1860337246081,0.0,0.0,0.8868823906278266
2023-01-10,24.09,24.9,24.02,24.73,56330180.0,1405664951.0,1779553000.0,0.03165411763515894,0.04478242501056173,1.0981349911190035,23.556,23.620833333333334,0.0,0.0,0.829073324606497,0.02784704904405655,0.0,-0.0006,1.4315444624040357,25.45,22.6,0.0,0.0,0.8194731627552857,23.556,0.711960968769932,1.6489667994417458,0.0,0.0,0.8006694380779451,23.556,0.711960968769932,24.979921937539864,22.13207806246014,0.0,0.0,0.8868823906278266
2023-01-11,24.98,26.92,24.87,25.77,103263020.0,2724199536.0,1779553000.0,0.05802750465987807,0.04205418520016169,1.1443161634103,23.6535,23.692166666666665,0.0,0.0,0.829073324606497,0.08186397984886651,1.0,0.04145418520016168,1.4908879716707986,25.45,22.6,0.0,0.0,0.8194731627552857,23.6535,0.8667196171404221,2.4419661885385624,0.0,0.0,0.8006694380779451,23.6535,0.8667196171404221,25.386939234280845,21.920060765719157,0.0,0.0,0.8868823906278266
2023-01-12,25.77,26.08,25.39,25.9,51981442.0,1358899226.0,1779553000.0,0.029210392722217322,0.005044625533566105,1.1500888099467121,23.7395,23.76966666666667,0.0,0.0,0.829073324606497,0.07113316790736146,1.0,0.005044625533566105,1.4984089432003755,26.92,22.6,1.0,0.004444625533566105,0.82311541409854,23.7395,0.9972196875625571,2.166523612545974,0.0,0.0,0.8006694380779451,23.7395,0.9972196875625571,25.733939375125114,21.745060624874885,0.0,0.0,0.8868823906278266
2023-01-13,26.07,26.19,25.52,25.88,41990206.0,1099997548.0,1779553000.0,0.023595928865282462,-0.0007722007722007485,1.1492007104795718,23.782,23.830166666666667,0.0,-0.0,0.829073324606497,0.033959248901318295,1.0,-0.0007722007722007485,1.4972518706573636,26.92,22.6,1.0,-0.0007722007722007485,0.8224798037401628,23.782,1.0705315944595246,1.9597740140114301,0.0,-0.0,0.8006694380779451,23.782,1.0705315944595246,25.92306318891905,21.64093681108095,0.0,-0.0,0.8868823906278266
2023-01-16,25.67,26.26,25.62,26.1,42492215.0,1122740885.0,1779553000.0,0.02387802723492922,0.008500772797527034,1.1589698046181154,23.845999999999997,23.8995,0.0,0.0,0.829073324606497,0.05157131345688959,1.0,0.008500772797527034,1.5099796686304943,26.92,22.6,1.0,0.008500772797527034,0.8294715176823125,23.845999999999997,1.1695361203662424,1.9272598432395236,0.0,0.0,0.8006694380779451,23.845999999999997,1.1695361203662424,26.18507224073248,21.506927759267512,0.0,0.0,0.8868823906278266
2023-01-17,26.11,26.68,26.07,26.3,38890390.0,1040548579.0,1779553000.0,0.021854021768387903,0.00766283524904221,1.1678507992895186,23.969,23.977333333333334,0.0,0.0,0.829073324606497,0.10318791946308736,1.0,0.00766283524904221,1.521550394060613,26.92,22.6,1.0,0.00766283524904221,0.8358276212660851,23.969,1.29183631030824,1.8044081757105965,0.0,0.0,0.8006694380779451,23.969,1.29183631030824,26.55267262061648,21.385327379383522,0.0,0.0,0.8868823906278266
2023-01-18,26.27,26.4,26.06,26.11,24119950.0,640679548.0,1779553000.0,0.01355393742136368,-0.007224334600760551,1.1594138543516854,24.085,24.057166666666664,0.0,-0.0,0.829073324606497,0.09751996637242533,1.0,-0.007224334600760551,1.510558204902,26.92,23.04,1.0,-0.007224334600760551,0.8297893228615012,24.085,1.376316594545126,1.4713184510205395,0.0,-0.0,0.8006694380779451,24.085,1.376316594545126,26.83763318909025,21.33236681090975,0.0,-0.0,0.8868823906278266
2023-01-19,26.11,26.58,25.93,26.52,31004898.0,829269229.0,1779553000.0,0.017422857313044344,0.01570279586365375,1.177619893428062,24.233999999999998,24.1335,1.0,0.015102795863653751,0.8415946497840296,0.1265930331350893,1.0,0.01570279586365375,1.5342781920337434,26.92,23.04,1.0,0.01570279586365375,0.8428193352082348,24.233999999999998,1.472178478882049,1.5528008545104917,0.0,0.0,0.8006694380779451,24.233999999999998,1.472178478882049,27.178356957764095,21.2896430422359,0.0,0.0,0.8868823906278266
2023-01-20,26.49,26.88,26.42,26.85,33763058.0,915595240.0,1779553000.0,0.018972774623739783,0.012443438914027327,1.1922735346358775,24.4215,24.197333333333333,1.0,0.012443438914027327,0.8520669813989894,0.16233766233766223,1.0,0.012443438914027327,1.5533698889934395,26.92,23.48,1.0,0.012443438914027327,0.8533069061214597,24.4215,1.5565355423941059,1.560195661362622,0.0,0.0,0.8006694380779451,24.4215,1.5565355423941059,27.53457108478821,21.308428915211792,0.0,0.0,0.8868823906278266
2023-01-30,27.29,27.41,26.71,26.76,39233031.0,1074996836.0,1779553000.0,0.022046565064372907,-0.003351955307262511,1.188277087033746,24.628999999999998,24.255166666666664,1.0,-0.003351955307262511,0.849210890958546,0.18354710305174704,1.0,-0.003351955307262511,1.5481630625498861,26.92,23.55,1.0,-0.003351955307262511,0.8504466595087621,24.628999999999998,1.5787933433644574,1.3497650018328409,0.0,-0.0,0.8006694380779451,24.628999999999998,1.5787933433644574,27.786586686728914,21.471413313271082,0.0,-0.0,0.8868823906278266
2023-01-31,26.74,27.0,26.29,26.29,38640066.0,1039686978.0,1779553000.0,0.021713354982964825,-0.017563527653213895,1.1674067495559484,24.789,24.297833333333333,1.0,-0.017563527653213895,0.8342957519917852,0.13858813339107834,1.0,-0.017563527653213895,1.520971857789107,27.41,24.02,1.0,-0.017563527653213895,0.8355098160868966,24.789,1.576765176255468,0.9519489792161704,0.0,-0.0,0.8006694380779451,24.789,1.576765176255468,27.942530352510936,21.635469647489067,0.0,-0.0,0.8868823906278266
2023-02-01,26.44,27.35,26.43,27.19,43250997.0,1186698755.0,1779553000.0,0.024304416333764716,0.03423354887790042,1.2073712255772628,24.993000000000002,24.357333333333333,1.0,0.03423354887790042,0.8628566563962207,0.176546949372566,1.0,0.03423354887790042,1.5730401222246413,27.41,24.87,1.0,0.03423354887790042,0.8641122822138729,24.993000000000002,1.6116519801937652,1.363197530856419,0.0,0.0,0.8006694380779451,24.993000000000002,1.6116519801937652,28.21630396038753,21.769696039612473,0.0,0.0,0.8868823906278266
2023-02-02,27.5,27.62,27.05,27.21,39900371.0,1105432102.0,1779553000.0,0.022421569349156782,0.0007355645457889359,1.2082593250444031,25.213,24.421666666666667,1.0,0.0007355645457889359,0.8634913431607637,0.19289785181937757,1.0,0.0007355645457889359,1.5741971947676532,27.41,25.39,1.0,0.0007355645457889359,0.8647478925722503,25.213,1.5982329057593514,1.2495049956759503,0.0,0.0,0.8006694380779451,25.213,1.5982329057593514,28.409465811518704,22.016534188481298,0.0,0.0,0.8868823906278266
2023-02-03,27.1,27.51,26.93,27.46,35425609.0,979539668.0,1779553000.0,0.019907026652198612,0.009187798603454533,1.219360568383657,25.4505,24.486,1.0,0.009187798603454533,0.8714249277175512,0.2091589608102158,1.0,0.009187798603454533,1.5886606015553015,27.62,25.52,1.0,0.009187798603454533,0.8726930220519659,25.4505,1.5591579204981145,1.2888367326883803,0.0,0.0,0.8006694380779451,25.4505,1.5591579204981145,28.56881584099623,22.332184159003774,0.0,0.0,0.8868823906278266
2023-02-06,27.22,27.35,26.9,27.05,24103200.0,662732362.0,1779553000.0,0.0135445249453093,-0.014930808448652577,1.2011545293072805,25.6675,24.542166666666667,1.0,-0.014930808448652577,0.8584138490444195,0.1911052399823867,1.0,-0.014930808448652577,1.5649406144235583,27.62,25.62,1.0,-0.014930808448652577,0.8596630097052322,25.6675,1.456288993152919,0.9493308035013278,0.0,-0.0,0.8006694380779451,25.6675,1.456288993152919,28.580077986305838,22.754922013694163,0.0,-0.0,0.8868823906278266
2023-02-07,27.05,27.19,26.77,26.97,21040051.0,574791650.0,1779553000.0,0.011823222460921367,-0.0029574861367838157,1.197602131438719,25.862000000000002,24.594333333333335,1.0,-0.0029574861367838157,0.8558751019862474,0.16854419410745236,1.0,-0.0029574861367838157,1.5603123242515107,27.62,25.93,1.0,-0.0029574861367838157,0.8571205682717231,25.862000000000002,1.3482838995121258,0.8217853824412832,0.0,-0.0,0.8006694380779451,25.862000000000002,1.3482838995121258,28.558567799024253,23.16543220097575,0.0,-0.0,0.8868823906278266
2023-02-08,27.06,27.35,26.49,26.56,27342822.0,743574626.0,1779553000.0,0.015364994467711836,-0.01520207638116422,1.1793960923623426,26.03,24.643833333333337,1.0,-0.01520207638116422,0.8428640233131157,0.14482758620689662,1.0,-0.01520207638116422,1.5365923371197674,27.62,25.93,1.0,-0.01520207638116422,0.8440905559249895,26.03,1.2003508259099036,0.4415375809803279,0.0,-0.0,0.8006694380779451,26.03,1.2003508259099036,28.43070165181981,23.629298348180193,0.0,-0.0,0.8868823906278266
2023-02-09,26.46,27.69,26.41,27.68,48948769.0,1356491350.0,1779553000.0,0.027506215886798538,0.04216867469879526,1.2291296625222006,26.2315,24.71466666666667,1.0,0.04216867469879526,0.8784064821275243,0.17040169133192395,1.0,0.04216867469879526,1.6013883995284324,27.62,25.93,1.0,0.04216867469879526,0.8796847359941157,26.2315,1.1150184090996116,1.299081690650899,0.0,0.0,0.8006694380779451,26.2315,1.1150184090996116,28.461536818199225,24.001463181800776,0.0,0.0,0.8868823906278266
2023-02-10,27.59,28.16,27.5,27.77,40364448.0,1137303465.0,1779553000.0,0.022682352253627736,0.0032514450867051625,1.233126110124332,26.438499999999998,24.796166666666668,1.0,0.0032514450867051625,0.8812625725679678,0.1752010156580619,1.0,0.0032514450867051625,1.6065952259719858,27.69,26.29,1.0,0.0032514450867051625,0.8825449826068132,26.438499999999998,0.9831275282696412,1.3543512532331543,0.0,0.0,0.8006694380779451,26.438499999999998,0.9831275282696412,28.40475505653928,24.472244943460716,0.0,0.0,0.8868823906278266
2023-02-13,27.55,27.92,27.33,27.82,34144363.0,958825989.0,1779553000.0,0.019187044724152637,0.001800504141159509,1.235346358792183,26.646000000000004,24.872166666666665,1.0,0.001800504141159509,0.8828492894793253,0.17532741867342616,1.0,0.001800504141159509,1.6094879073295154,28.16,26.29,1.0,0.001800504141159509,0.8841340085027564,26.646000000000004,0.786299795510937,1.4930691915507006,0.0,0.0,0.8006694380779451,26.646000000000004,0.786299795510937,28.218599591021878,25.07340040897813,0.0,0.0,0.8868823906278266
2023-02-14,27.82,29.39,27.82,28.44,72399139.0,2110385100.0,1779553000.0,0.04068389028031197,0.022286125089863384,1.2628774422735327,26.8315,24.955,1.0,0.022286125089863384,0.9025245791801585,0.15002021835826929,1.0,0.022286125089863384,1.6453571561628835,28.16,26.29,1.0,0.022286125089863384,0.9038379296124511,26.8315,0.7471438598877239,2.1528651794605103,0.0,0.0,0.8006694380779451,26.8315,0.7471438598877239,28.325787719775445,25.337212280224552,0.0,0.0,0.8868823906278266
2023-02-15,28.38,28.95,28.17,28.86,46093700.0,1339084520.0,1779553000.0,0.025901841642255105,0.014767932489451407,1.2815275310834793,26.986,25.013166666666667,1.0,0.014767932489451407,0.9158530012355616,0.11990686845168796,1.0,0.014767932489451407,1.6696556795661326,29.39,26.41,1.0,0.014767932489451407,0.9171857471383733,26.986,0.8308803194580301,2.2554391482306126,0.0,0.0,0.8006694380779451,26.986,0.8308803194580301,28.64776063891606,25.32423936108394,0.0,0.0,0.8868823906278266
2023-02-16,28.64,28.78,27.4,27.62,49840405.0,1424279809.0,1779553000.0,0.028007260812125293,-0.042966042966042894,1.2264653641207797,27.072000000000003,25.059166666666666,1.0,-0.042966042966042894,0.8765024218338952,0.06640926640926659,1.0,-0.042966042966042894,1.5979171818993967,29.39,26.41,1.0,-0.042966042966042894,0.8777779049189838,27.072000000000003,0.80103617107341,0.6841139261734754,0.0,-0.0,0.8006694380779451,27.072000000000003,0.80103617107341,28.67407234214682,25.469927657853184,0.0,-0.0,0.8868823906278266
2023-02-17,27.66,27.93,26.76,26.77,37975104.0,1049549385.0,1779553000.0,0.021339686988811234,-0.03077480086893558,1.188721136767316,27.116500000000002,25.084333333333333,1.0,-0.03077480086893558,0.8495282343408173,0.03438948995363211,1.0,-0.03077480086893558,1.548741598821392,29.39,26.41,1.0,-0.03077480086893558,0.8507644646879505,27.116500000000002,0.7547134346363429,-0.45911465742883295,0.0,-0.0,0.8006694380779451,27.116500000000002,0.7547134346363429,28.62592686927269,25.607073130727315,0.0,-0.0,0.8868823906278266
2023-02-20,26.66,28.37,26.59,28.21,48172274.0,1347858007.0,1779553000.0,0.027069873164777897,0.053791557713858795,1.252664298401419,27.222,25.138500000000004,1.0,0.053791557713858795,0.8952256813879139,0.08084291187739456,1.0,0.053791557713858795,1.6320508219182468,29.39,26.41,1.0,0.053791557713858795,0.8965284104911126,27.222,0.7526136913587185,1.312758472698431,0.0,0.0,0.8006694380779451,27.222,0.7526136913587185,28.727227382717437,25.716772617282565,0.0,0.0,0.8868823906278266
2023-02-21,28.02,28.67,27.84,28.24,34398339.0,983379652.0,1779553000.0,0.019329763710325007,0.0010634526763557695,1.2539964476021292,27.319,25.197166666666668,1.0,0.0010634526763557695,0.8961777115347284,0.07376425855513302,1.0,0.0010634526763557695,1.6337864307327643,29.39,26.41,1.0,0.0010634526763557695,0.8974818260286784,27.319,0.7525458545214693,1.2238456892246747,0.0,0.0,0.8006694380779451,27.319,0.7525458545214693,28.82409170904294,25.81390829095706,0.0,0.0,0.8868823906278266
2023-02-22,27.99,28.36,27.49,28.0,30006140.0,849995067.0,1779553000.0,0.016861616372201335,-0.008498583569405027,1.2433392539964456,27.4135,25.25166666666667,1.0,-0.008498583569405027,0.8885614703602123,0.07238605898123329,1.0,-0.008498583569405027,1.619901560216622,29.39,26.41,1.0,-0.008498583569405027,0.8898545017281515,27.4135,0.7102132741201096,0.8258082767132474,0.0,-0.0,0.8006694380779451,27.4135,0.7102132741201096,28.833926548240218,25.99307345175978,0.0,-0.0,0.8868823906278266
2023-02-23,27.99,28.14,27.55,27.73,19313628.0,545610069.0,1779553000.0,0.01085307827302699,-0.009642857142857175,1.2313499111900512,27.474,25.307666666666666,1.0,-0.009642857142857175,0.8799931990388816,0.045625942684766274,1.0,-0.009642857142857175,1.6042810808859618,29.39,26.41,1.0,-0.009642857142857175,0.8812737618900586,27.474,0.6810317250509599,0.37590025630721446,0.0,-0.0,0.8006694380779451,27.474,0.6810317250509599,28.83606345010192,26.11193654989808,0.0,-0.0,0.8868823906278266
2023-02-24,27.99,28.3,27.57,27.84,32316712.0,917398182.0,1779553000.0,0.01816001658843541,0.0039668229354490325,1.236234458259323,27.523500000000002,25.365666666666666,1.0,0.0039668229354490325,0.8834839762438682,0.036871508379888285,1.0,0.0039668229354490325,1.610644979872527,29.39,26.59,1.0,0.0039668229354490325,0.8847696188611335,27.523500000000002,0.6691650335342092,0.4729774930533898,0.0,0.0,0.8006694380779451,27.523500000000002,0.6691650335342092,28.86183006706842,26.185169932931583,0.0,0.0,0.8868823906278266
2023-02-27,27.59,27.99,27.27,27.31,25433831.0,710069722.0,1779553000.0,0.0142922582243968,-0.019037356321839116,1.2126998223801044,27.551,25.420666666666666,1.0,-0.019037356321839116,0.8666647769834784,0.020553064275037336,1.0,-0.019037356321839116,1.5799825574827124,29.39,26.59,1.0,-0.019037356321839116,0.8679259443641363,27.551,0.6470735742756732,-0.3724460549478818,0.0,-0.0,0.8006694380779451,27.551,0.6470735742756732,28.845147148551344,26.256852851448652,0.0,-0.0,0.8868823906278266
2023-02-28,27.45,28.03,27.23,27.73,28983571.0,812235473.0,1779553000.0,0.016286995104950512,0.015378982057854262,1.2313499111900512,27.623,25.478666666666665,1.0,0.015378982057854262,0.8799931990388816,0.05477367820464063,1.0,0.015378982057854262,1.6042810808859618,29.39,26.59,1.0,0.015378982057854262,0.8812737618900586,27.623,0.5755372775887975,0.18591323996991785,0.0,0.0,0.8006694380779451,27.623,0.5755372775887975,28.774074555177595,26.471925444822407,0.0,0.0,0.8868823906278266
2023-03-01,27.75,28.83,27.64,28.76,56354382.0,1629237904.0,1779553000.0,0.0316677176796645,0.03714388748647668,1.2770870337477775,27.701500000000003,25.5475,1.0,0.03714388748647668,0.9126795674128465,0.05774181684442814,1.0,0.03714388748647668,1.6638703168510731,29.39,26.59,1.0,0.03714388748647668,0.914007695346487,27.701500000000003,0.618812742698397,1.7105336185940512,0.0,0.0,0.8006694380779451,27.701500000000003,0.618812742698397,28.939125485396797,26.46387451460321,0.0,0.0,0.8868823906278266
2023-03-02,29.02,29.28,28.32,28.39,34420223.0,998696383.0,1779553000.0,0.019342061180532416,-0.012865090403338053,1.2606571936056816,27.7605,25.610000000000003,1.0,-0.012865090403338053,0.9009378622688008,0.04336640940830572,1.0,-0.012865090403338053,1.6424644748053534,29.39,26.59,1.0,-0.012865090403338053,0.9022489037165078,27.7605,0.6256993981471524,1.006074165748125,0.0,-0.0,0.8006694380779451,27.7605,0.6256993981471524,29.011898796294304,26.509101203705697,0.0,-0.0,0.8868823906278266
2023-03-03,28.91,29.37,28.38,29.1,63157287.0,1856102157.0,1779553000.0,0.03549053442072251,0.025008805917576593,1.292184724689163,27.8425,25.685833333333335,1.0,0.025008805917576593,0.9234692424100776,0.05972323379461031,1.0,0.025008805917576593,1.6835405500822749,29.39,26.59,1.0,0.025008805917576593,0.9248130714389002,27.8425,0.6885520658367338,1.826296169007752,0.0,0.0,0.8006694380779451,27.8425,0.6885520658367338,29.219604131673467,26.465395868326535,0.0,0.0,0.8868823906278266
2023-03-06,29.04,29.04,27.93,28.49,46578970.0,1344072330.0,1779553000.0,0.026174533717175045,-0.020962199312714924,1.265097690941383,27.914499999999997,25.759333333333334,1.0,-0.020962199312714924,0.9041112960915156,0.05323475046210713,1.0,-0.020962199312714924,1.6482498375204124,29.39,26.59,1.0,-0.020962199312714924,0.9054269555083939,27.914499999999997,0.6765039775038784,0.8506971416834018,0.0,-0.0,0.8006694380779451,27.914499999999997,0.6765039775038784,29.267507955007755,26.56149204499224,0.0,-0.0,0.8868823906278266
2023-03-07,28.36,28.62,27.2,27.2,46236897.0,1302577111.0,1779553000.0,0.025982309602467585,-0.04527904527904525,1.2078152753108324,27.926,25.804333333333332,1.0,-0.04527904527904525,0.8631739997784916,0.008527994067482503,1.0,-0.04527904527904525,1.5736186584961467,29.39,27.23,1.0,-0.04527904527904525,0.8644300873930613,27.926,0.6613892873892849,-1.0976893848186646,0.0,-0.0,0.8006694380779451,27.926,0.6613892873892849,29.24877857477857,26.603221425221427,0.0,-0.0,0.8868823906278266
2023-03-08,27.0,27.51,26.95,27.37,24055549.0,665692114.0,1779553000.0,0.013517747996266477,0.006250000000000089,1.2153641207815253,27.966500000000003,25.850166666666667,1.0,0.006250000000000089,0.8685688372771073,0.03049698795180733,1.0,0.006250000000000089,1.5834537751117477,29.39,27.2,0.0,-0.0006,0.8639114293406254,27.966500000000003,0.5947867817874736,-1.0028803905281491,0.0,0.0,0.8006694380779451,27.966500000000003,0.5947867817874736,29.15607356357495,26.776926436425057,0.0,0.0,0.8868823906278266
2023-03-09,27.37,28.47,27.31,27.8,38287663.0,1085621476.0,1779553000.0,0.02151532603974144,0.01571063207891843,1.2344582593250422,27.972499999999997,25.911499999999997,1.0,0.01571063207891843,0.8822146027147819,0.004335260115607031,1.0,0.01571063207891843,1.6083308347865028,29.39,26.95,0.0,0.0,0.8639114293406254,27.972499999999997,0.5923448053462437,-0.29121551914203814,0.0,0.0,0.8006694380779451,27.972499999999997,0.5923448053462437,29.157189610692484,26.78781038930751,0.0,0.0,0.8868823906278266
2023-03-10,27.59,28.54,27.49,27.78,38883522.0,1108844187.0,1779553000.0,0.021850162372236175,-0.0007194244604316058,1.2335701598579019,27.973000000000003,25.981333333333335,1.0,-0.0007194244604316058,0.881579915950239,0.0003601008282319018,1.0,-0.0007194244604316058,1.607173762243491,29.39,26.95,0.0,-0.0,0.8639114293406254,27.973000000000003,0.5921690725848003,-0.3259204320778898,0.0,-0.0,0.8006694380779451,27.973000000000003,0.5921690725848003,29.157338145169604,26.7886618548304,0.0,-0.0,0.8868823906278266
2023-03-13,27.75,28.09,27.51,28.08,25566637.0,722462235.0,1779553000.0,0.014366887077822353,0.010799136069114423,1.2468916518650066,27.985999999999997,26.051499999999997,1.0,0.010799136069114423,0.8911002174183841,0.009345794392523255,1.0,0.010799136069114423,1.624529850388669,29.39,26.95,0.0,0.0,0.8639114293406254,27.985999999999997,0.5914869754313201,0.15892150445317102,0.0,0.0,0.8006694380779451,27.985999999999997,0.5914869754313201,29.168973950862636,26.803026049137358,0.0,0.0,0.8868823906278266
2023-03-14,28.04,28.77,27.43,28.55,56172819.0,1608213255.0,1779553000.0,0.031565690372807105,0.016737891737891752,1.267761989342804,27.991500000000002,26.12633333333333,1.0,0.016737891737891752,0.9060153563851447,0.003867791842475432,1.0,0.016737891737891752,1.651721055149448,29.39,26.95,0.0,0.0,0.8639114293406254,27.991500000000002,0.59642156584932,0.9364181846856593,0.0,0.0,0.8006694380779451,27.991500000000002,0.59642156584932,29.184343131698643,26.79865686830136,0.0,0.0,0.8868823906278266
2023-03-15,28.58,29.12,28.34,28.66,52796449.0,1541159730.0,1779553000.0,0.02966837683395774,0.003852889667250503,1.2726465364120758,27.9815,26.207,1.0,0.003852889667250503,0.9095061335901313,-0.006930006930006893,1.0,0.003852889667250503,1.6580849541360132,29.37,26.95,0.0,0.0,0.8639114293406254,27.9815,0.5826100528516805,1.1645868393086767,0.0,0.0,0.8006694380779451,27.9815,0.5826100528516805,29.146720105703363,26.81627989429664,0.0,0.0,0.8868823906278266
2023-03-16,28.44,30.85,28.34,30.14,130191719.0,3999131564.0,1779553000.0,0.07315978731737689,0.0516399162595953,1.3383658969804595,28.107499999999998,26.30633333333333,1.0,0.0516399162595953,0.956472954166314,0.09123823316437352,0.0,-0.0006,1.6570901031635314,29.37,26.95,0.0,0.0,0.8639114293406254,28.107499999999998,0.7490406144561874,2.713471019826638,0.0,0.0,0.8006694380779451,28.107499999999998,0.7490406144561874,29.605581228912374,26.609418771087622,0.0,0.0,0.8868823906278266
2023-03-17,30.35,30.83,29.91,30.46,92640770.0,2859169510.0,1779553000.0,0.05205844950951166,0.010617120106171107,1.3525754884547045,28.292,26.396833333333333,1.0,0.010617120106171107,0.966627942399002,0.1378408666417632,1.0,0.010017120106171108,1.6736893737536682,30.85,26.95,1.0,0.010017120106171108,0.8725653338894245,28.292,0.8499139275304195,2.550846538424803,0.0,0.0,0.8006694380779451,28.292,0.8499139275304195,29.99182785506084,26.592172144939163,0.0,0.0,0.8868823906278266
2023-03-20,30.53,32.84,30.25,32.28,139302617.0,4498813782.0,1779553000.0,0.07827955503432604,0.05975049244911368,1.4333925399644736,28.4955,26.521166666666666,1.0,0.05975049244911368,1.0243844379724159,0.1442750797589507,1.0,0.05975049244911368,1.7736931380422987,30.85,26.95,1.0,0.05975049244911368,0.9247015422833429,28.4955,1.231043523964288,3.0742211191793634,0.0,0.0,0.8006694380779451,28.4955,1.231043523964288,30.957587047928577,26.033412952071423,0.0,0.0,0.8868823906278266
2023-03-21,31.73,32.16,31.14,31.74,79429555.0,2548216862.0,1779553000.0,0.044634554295376425,-0.016728624535316095,1.4094138543516848,28.670499999999997,26.65283333333333,1.0,-0.016728624535316095,1.0072478953297546,0.1239376770538243,1.0,-0.016728624535316095,1.7440216914951225,32.84,26.95,1.0,-0.016728624535316095,0.9092325573752571,28.670499999999997,1.4261264246016405,2.152333725151614,0.0,-0.0,0.8006694380779451,28.670499999999997,1.4261264246016405,31.52275284920328,25.818247150796715,0.0,-0.0,0.8868823906278266
2023-03-22,31.53,32.32,31.16,32.31,73256807.0,2362905132.0,1779553000.0,0.041165847266139304,0.017958412098298737,1.434724689165184,28.886000000000003,26.794833333333333,1.0,0.017958412098298737,1.0253364681192303,0.15392857142857141,1.0,0.017958412098298737,1.775341551739364,32.84,26.95,1.0,0.017958412098298737,0.925560930333792,28.886000000000003,1.630474261001744,2.1000024851029138,0.0,0.0,0.8006694380779451,28.886000000000003,1.630474261001744,32.14694852200349,25.625051477996514,0.0,0.0,0.8868823906278266
2023-03-23,31.83,33.89,31.72,33.34,117720723.0,3971618975.0,1779553000.0,0.06615184993085342,0.03187867533271427,1.4804618117229102,29.166499999999996,26.958166666666667,1.0,0.03187867533271427,1.0580228364931952,0.20230796970789777,1.0,0.03187867533271427,1.8319370886719404,32.84,27.31,1.0,0.03187867533271427,0.955066586732548,29.166499999999996,1.8839859061937212,2.2152501174660415,0.0,0.0,0.8006694380779451,29.166499999999996,1.8839859061937212,32.934471812387436,25.398528187612552,0.0,0.0,0.8868823906278266
2023-03-24,33.01,33.78,32.39,32.91,74905099.0,2505637773.0,1779553000.0,0.04209208660826623,-0.01289742051589704,1.461367673179393,29.420000000000005,27.12166666666667,1.0,-0.01289742051589704,1.0443770710555202,0.18211206896551713,1.0,-0.01289742051589704,1.8083098256806702,33.89,27.43,1.0,-0.01289742051589704,0.9427486913427758,29.420000000000005,2.0314319554130873,1.71799995106915,0.0,-0.0,0.8006694380779451,29.420000000000005,2.0314319554130873,33.48286391082618,25.35713608917383,0.0,-0.0,0.8868823906278266
2023-03-27,32.53,33.39,32.01,32.23,71041393.0,2350765962.0,1779553000.0,0.03992092002879375,-0.02066241264053481,1.431172291296622,29.665999999999997,27.281999999999996,1.0,-0.02066241264053481,1.022797721061058,0.1801537898205785,1.0,-0.02066241264053481,1.7709457818805225,33.89,27.43,1.0,-0.02066241264053481,0.9232692288659272,29.665999999999997,2.0601645309869347,1.2445607918371935,0.0,-0.0,0.8006694380779451,29.665999999999997,2.0601645309869347,33.786329061973866,25.545670938026127,0.0,-0.0,0.8868823906278266
2023-03-28,32.22,33.47,32.06,32.7,61726284.0,2054303781.0,1779553000.0,0.034686398213483946,0.01458268693763598,1.45204262877442,29.914499999999997,27.442166666666665,1.0,0.01458268693763598,1.037712860027819,0.17922827262892183,1.0,0.01458268693763598,1.7967709298012131,33.89,27.43,1.0,0.01458268693763598,0.9367329749896316,29.914499999999997,2.11340701487577,1.3180139842413379,0.0,0.0,0.8006694380779451,29.914499999999997,2.11340701487577,34.141314029751534,25.687685970248456,0.0,0.0,0.8868823906278266
2023-03-29,32.42,33.08,31.61,32.33,64698790.0,2120166375.0,1779553000.0,0.03635676487297653,-0.011314984709480225,1.4356127886323238,30.093,27.595833333333335,1.0,-0.011314984709480225,1.025971154883773,0.12413073713490941,1.0,-0.011314984709480225,1.776440494204074,33.89,28.34,1.0,-0.011314984709480225,0.926133855700758,30.093,2.160991731395034,1.0351728641533935,0.0,-0.0,0.8006694380779451,30.093,2.160991731395034,34.41498346279007,25.77101653720993,0.0,-0.0,0.8868823906278266
2023-03-30,32.52,33.06,31.84,32.39,48338168.0,1595085955.0,1779553000.0,0.027163095451498212,0.0018558614290133946,1.438277087033745,30.293,27.755499999999998,1.0,0.0018558614290133946,1.0278752151774022,0.14089468122578364,1.0,0.0018558614290133946,1.7797373215982046,33.89,28.34,1.0,0.0018558614290133946,0.9278526318016566,30.293,2.180099225168152,0.9618828243188146,0.0,0.0,0.8006694380779451,30.293,2.180099225168152,34.653198450336305,25.932801549663694,0.0,0.0,0.8868823906278266
2023-03-31,32.17,32.38,31.44,31.98,52294350.0,1692584266.0,1779553000.0,0.02938622788981278,-0.012658227848101222,1.4200710479573684,30.437,27.91,1.0,-0.012658227848101222,1.0148641365042705,0.09896907216494832,1.0,-0.012658227848101222,1.7572090010716452,33.89,29.91,1.0,-0.012658227848101222,0.9161076617788508,30.437,2.1922329399855607,0.7038485609153206,0.0,-0.0,0.8006694380779451,30.437,2.1922329399855607,34.82146587997112,26.05253412002888,0.0,-0.0,0.8868823906278266
2023-04-03,32.09,34.23,32.09,34.05,113275225.0,3833584106.0,1779553000.0,0.06365375181295528,0.06472795497185735,1.5119893428063913,30.714999999999996,28.099,1.0,0.06472795497185735,1.080554216634472,0.1951561951561951,1.0,0.06472795497185735,1.8709495461691532,33.89,30.25,1.0,0.06472795497185735,0.9754054372598459,30.714999999999996,2.282993187623805,1.4608015556415872,0.0,0.0,0.8006694380779451,30.714999999999996,2.282993187623805,35.28098637524761,26.149013624752385,0.0,0.0,0.8868823906278266
2023-04-04,33.9,35.08,33.61,34.43,102031951.0,3566138642.0,1779553000.0,0.0573357191384578,0.011160058737151424,1.5288632326820577,31.0765,28.288166666666665,1.0,0.011160058737151424,1.0926132651607894,0.2658088235294118,1.0,0.011160058737151424,1.8918294529986477,34.23,31.14,1.0,0.011160058737151424,0.9862910192322026,31.0765,2.2694939732761426,1.4776421702319102,0.0,0.0,0.8006694380779451,31.0765,2.2694939732761426,35.615487946552285,26.537512053447713,0.0,0.0,0.8868823906278266
2023-04-06,34.14,37.72,34.03,36.69,124745937.0,4587268370.0,1779553000.0,0.07009959073992177,0.06564042985768226,1.6292184724689136,31.5425,28.512999999999998,1.0,0.06564042985768226,1.1643328695541493,0.34051881622214086,1.0,0.06564042985768226,2.016009951510903,35.08,31.16,1.0,0.06564042985768226,1.051031585699376,31.5425,2.4202172042586185,2.1268752205142776,0.0,0.0,0.8006694380779451,31.5425,2.4202172042586185,36.38293440851724,26.702065591482764,0.0,0.0,0.8868823906278266
2023-04-07,36.95,37.99,36.47,37.12,87406709.0,3288446912.0,1779553000.0,0.04911722719132276,0.011719814663396111,1.6483126110124307,32.008500000000005,28.7375,1.0,0.011719814663396111,1.177978634991824,0.33525179856115095,1.0,0.011719814663396111,2.039637214502173,37.72,31.44,1.0,0.011719814663396111,1.063349481089148,32.008500000000005,2.555187242083294,2.000440482722701,0.0,0.0,0.8006694380779451,32.008500000000005,2.555187242083294,37.1188744841666,26.898125515833417,0.0,0.0,0.8868823906278266
2023-04-10,37.27,37.41,34.92,35.08,90920393.0,3320361292.0,1779553000.0,0.051091702804018764,-0.05495689655172409,1.5577264653641183,32.37349999999999,28.92833333333333,1.0,-0.05495689655172409,1.1132405850084373,0.26277897768178526,1.0,-0.05495689655172409,1.9275450831017302,37.99,31.44,1.0,-0.05495689655172409,1.004911093658602,32.37349999999999,2.4380757619591376,1.110096758365365,0.0,-0.0,0.8006694380779451,32.37349999999999,2.4380757619591376,37.24965152391827,27.49734847608172,0.0,-0.0,0.8868823906278266
2023-04-11,35.03,35.88,34.69,35.26,57039875.0,2039618972.0,1779553000.0,0.03205292284073585,0.0051311288483466555,1.5657193605683812,32.7325,29.1215,1.0,0.0051311288483466555,1.1189527658893244,0.2556980056980056,1.0,0.0051311288483466555,1.9374355652841222,37.99,31.44,1.0,0.0051311288483466555,1.0100674219612973,32.7325,2.2971398119813045,1.1002813093122112,0.0,0.0,0.8006694380779451,32.7325,2.2971398119813045,37.32677962396261,28.138220376037392,0.0,0.0,0.8868823906278266
2023-04-12,34.98,36.62,34.55,36.07,65692313.0,2394647630.0,1779553000.0,0.03691506406384075,0.022972206466250755,1.6016873889875642,33.1085,29.3105,1.0,0.022972206466250755,1.1446575798533163,0.2633975481611208,1.0,0.022972206466250755,1.9819427351048864,37.99,31.44,1.0,0.022972206466250755,1.0332708993234259,33.1085,2.1894274065200507,1.3526367630096987,0.0,0.0,0.8006694380779451,33.1085,2.1894274065200507,37.4873548130401,28.7296451869599,0.0,0.0,0.8868823906278266
2023-04-13,35.98,35.98,34.02,34.39,67684221.0,2395626486.0,1779553000.0,0.03803439459234988,-0.04657610202384255,1.5270870337477775,33.394999999999996,29.454166666666666,1.0,-0.04657610202384255,1.0913438916317035,0.19993021632937902,1.0,-0.04657610202384255,1.8896315680692277,37.99,31.44,1.0,-0.04657610202384255,0.9851451684982704,33.394999999999996,1.9370310977587066,0.5136727031131796,0.0,-0.0,0.8006694380779451,33.394999999999996,1.9370310977587066,37.26906219551741,29.520937804482582,0.0,-0.0,0.8868823906278266
2023-04-14,34.68,36.04,33.51,35.59,80194301.0,2836306854.0,1779553000.0,0.045064294797626143,0.03489386449549303,1.580373001776197,33.667500000000004,29.615666666666666,1.0,0.03489386449549303,1.1294250975042843,0.18082282680822837,1.0,0.03489386449549303,1.9555681159518414,37.99,31.44,1.0,0.03489386449549303,1.0195206905162386,33.667500000000004,1.8357212120638497,1.047272313119151,0.0,0.0,0.8006694380779451,33.667500000000004,1.8357212120638497,37.3389424241277,29.996057575872303,0.0,0.0,0.8868823906278266
2023-04-17,35.6,35.61,34.29,34.62,53579741.0,1885678072.0,1779553000.0,0.03010853905447042,-0.02725484686709767,1.5373001776198914,33.8755,29.761333333333333,1.0,-0.02725484686709767,1.098642789423948,0.13657255416940228,1.0,-0.02725484686709767,1.9022694064133954,37.99,31.44,1.0,-0.02725484686709767,0.9917338102183808,33.8755,1.682440192101977,0.4425120152828999,0.0,-0.0,0.8006694380779451,33.8755,1.682440192101977,37.24038038420396,30.51061961579605,0.0,-0.0,0.8868823906278266
2023-04-18,34.47,34.47,33.01,33.79,71561485.0,2441269190.0,1779553000.0,0.04021317993900716,-0.0239745811669555,1.5004440497335683,33.951,29.889499999999998,1.0,-0.0239745811669555,1.0723032886954134,0.04677819083023538,1.0,-0.0239745811669555,1.856663294127921,37.99,32.09,1.0,-0.0239745811669555,0.9679574074892862,33.951,1.640429661303512,-0.09814501883126653,0.0,-0.0,0.8006694380779451,33.951,1.640429661303512,37.23185932260702,30.670140677392975,0.0,-0.0,0.8868823906278266
2023-04-19,33.76,34.61,33.65,33.88,51259712.0,1775106148.0,1779553000.0,0.028804824582352985,0.0026635099141758545,1.5044404973356997,34.058,30.015833333333333,1.0,0.0026635099141758545,1.075159379135857,0.06742281033396358,1.0,0.0026635099141758545,1.8616085352191172,37.99,33.01,1.0,0.0026635099141758545,0.9705355716406339,34.058,1.5562559659577537,-0.11437707157026203,0.0,0.0,0.8006694380779451,34.058,1.5562559659577537,37.170511931915506,30.945488068084494,0.0,0.0,0.8868823906278266
2023-04-20,33.86,34.69,33.39,34.19,71826802.0,2479971857.0,1779553000.0,0.04036227187389193,0.009149940968122605,1.5182060390763743,34.152,30.150500000000005,1.0,0.009149940968122605,1.0849970239862734,0.058186320024760096,1.0,0.009149940968122605,1.8786421434221252,37.99,33.01,1.0,0.009149940968122605,0.9794159148286088,34.152,1.500910600795101,0.0253179636281244,0.0,0.0,0.8006694380779451,34.152,1.500910600795101,37.153821201590205,31.150178798409797,0.0,0.0,0.8868823906278266
2023-04-21,33.77,33.77,31.54,31.81,106538046.0,3498509816.0,1779553000.0,0.05986786906599579,-0.0696109973676513,1.4125222024866766,34.0755,30.238666666666667,1.0,-0.0696109973676513,1.0094692990056555,-0.04589082183563298,1.0,-0.0696109973676513,1.7478679901216088,37.99,33.01,1.0,-0.0696109973676513,0.9112377961596387,34.0755,1.58131349466866,-1.4326697442588385,0.0,-0.0,0.8006694380779451,34.0755,1.58131349466866,37.23812698933732,30.91287301066268,0.0,-0.0,0.8868823906278266
2023-04-24,31.96,33.7,31.78,32.06,73606993.0,2428807435.0,1779553000.0,0.0413626303908903,0.007859163784973422,1.4236234458259307,34.033,30.325499999999998,1.0,0.007859163784973422,1.0174028835624433,-0.02582801580066829,0.0,-0.0006,1.7468192693275357,37.99,31.54,0.0,-0.0006,0.9106910534819429,34.033,1.6251027497880175,-1.2140770792845943,0.0,0.0,0.8006694380779451,34.033,1.6251027497880175,37.283205499576034,30.782794500423968,0.0,0.0,0.8868823906278266
2023-04-25,32.05,32.06,30.55,31.03,64117036.0,2030384568.0,1779553000.0,0.036029854688227884,-0.032127261384903294,1.3778863232682044,33.973,30.396666666666665,1.0,-0.032127261384903294,0.9847165151884784,-0.03723239218119756,0.0,-0.0,1.7468192693275357,37.99,31.54,0.0,-0.0,0.9106910534819429,33.973,1.7148487734461082,-1.716186316584543,0.0,-0.0,0.8006694380779451,33.973,1.7148487734461082,37.40269754689221,30.54330245310778,0.0,-0.0,0.8868823906278266
2023-04-26,27.93,29.15,27.93,27.93,98811613.0,2825137747.0,1779553000.0,0.05552608604520349,-0.09990331936835328,1.240230905861455,33.7345,30.424,1.0,-0.09990331936835328,0.8863400666843119,-0.14587155963302756,0.0,-0.0,1.7468192693275357,37.99,30.55,0.0,-0.0,0.9106910534819429,33.7345,2.171987871925073,-2.6724366535506303,1.0,-0.10050331936835329,0.7201995018343174,33.7345,2.171987871925073,38.07847574385014,29.390524256149853,0.0,-0.0,0.8868823906278266
2023-04-27,27.32,27.85,26.41,26.61,93721407.0,2561808180.0,1779553000.0,0.052665701443002824,-0.047261009667024734,1.1816163410301939,33.448499999999996,30.41433333333333,1.0,-0.047261009667024734,0.8444507402244733,-0.17692545623260125,0.0,-0.0,1.7468192693275357,37.99,27.93,0.0,-0.0,0.9106910534819429,33.448499999999996,2.683115382888863,-2.5487163331146436,1.0,-0.047261009667024734,0.6861621462159393,33.448499999999996,2.683115382888863,38.814730765777725,28.08226923422227,1.0,-0.04786100966702474,0.8444353039564741
2023-04-28,26.44,27.39,26.42,27.15,64947346.0,1787635832.0,1779553000.0,0.036496438150479364,0.02029312288613294,1.2055950266429825,33.186499999999995,30.413333333333334,1.0,0.02029312288613294,0.8615872828671345,-0.16177832664402603,0.0,0.0,1.7468192693275357,37.99,26.41,0.0,0.0,0.9106910534819429,33.186499999999995,3.0258609475130056,-1.9949694003491716,1.0,0.02029312288613294,0.700086518968912,33.186499999999995,3.0258609475130056,39.23822189502601,27.134778104973982,1.0,0.02029312288613294,0.8615715333490519
2023-05-04,27.0,27.53,26.42,26.64,45190414.0,1223459225.0,1779553000.0,0.025394250129105456,-0.018784530386740217,1.1829484902309044,32.91949999999999,30.39966666666667,1.0,-0.018784530386740217,0.8454027703712879,-0.16697936210131337,0.0,-0.0,1.7468192693275357,37.99,26.41,0.0,-0.0,0.9106910534819429,32.91949999999999,3.355561722526392,-1.8713707329073286,1.0,-0.018784530386740217,0.6869357224799933,32.91949999999999,3.355561722526392,39.63062344505278,26.208376554947208,1.0,-0.018784530386740217,0.8453873167005063
2023-05-05,26.61,27.16,25.99,26.3,41004861.0,1106330014.0,1779553000.0,0.02304222521048825,-0.01276276276276278,1.167850799289519,32.532,30.387166666666666,1.0,-0.01276276276276278,0.8346130953740567,-0.22760646108663718,0.0,-0.0,1.7468192693275357,37.99,26.41,0.0,-0.0,0.9106910534819429,32.532,3.6524881209504647,-1.7062341597371933,1.0,-0.01276276276276278,0.6781685248207141,32.532,3.6524881209504647,39.83697624190093,25.227023758099065,1.0,-0.01276276276276278,0.8345978389348091
2023-05-08,26.33,27.06,26.33,26.64,36857702.0,998444218.0,1779553000.0,0.020711775372804293,0.012927756653992484,1.1829484902309046,32.1425,30.381666666666664,1.0,0.012927756653992484,0.845402770371288,-0.2262561719430729,0.0,0.0,1.7468192693275357,37.99,25.99,0.0,0.0,0.9106910534819429,32.1425,3.849482364381506,-1.4294129649517386,1.0,0.012927756653992484,0.6869357224799933,32.1425,3.849482364381506,39.84146472876301,24.443535271236986,1.0,0.012927756653992484,0.8453873167005064
2023-05-09,26.65,27.41,26.41,26.83,45190119.0,1237229958.0,1779553000.0,0.025394084357139125,0.007132132132132041,1.1913854351687376,31.6495,30.386166666666668,1.0,0.007132132132132041,0.8514322946344465,-0.26873807576996456,0.0,0.0,1.7468192693275357,37.99,25.99,0.0,0.0,0.9106910534819429,31.6495,3.8677730230579357,-1.2460658811332244,1.0,0.007132132132132041,0.6918350388190022,31.6495,3.8677730230579357,39.385046046115875,23.91395395388413,1.0,0.007132132132132041,0.851416730746043
2023-05-10,26.85,27.16,26.47,26.7,32783560.0,890807042.0,1779553000.0,0.018422356625512136,-0.004845322400298113,1.1856127886323256,31.128499999999995,30.36983333333333,1.0,-0.004845322400298113,0.847306830664917,-0.2807112068965517,0.0,-0.0,1.7468192693275357,37.99,25.99,0.0,-0.0,0.9106910534819429,31.128499999999995,3.7931798561434675,-1.1674901185683453,1.0,-0.004845322400298113,0.6884828750081013,31.128499999999995,3.7931798561434675,38.71485971228693,23.54214028771306,1.0,-0.004845322400298113,0.8472913421885706
2023-05-11,26.97,27.17,26.64,26.9,33791742.0,922920269.0,1779553000.0,0.01898889327825583,0.0074906367041198685,1.1944937833037288,30.7195,30.35533333333333,1.0,0.0074906367041198685,0.8536536983103471,-0.2331812998859749,0.0,0.0,1.7468192693275357,37.41,25.99,0.0,0.0,0.9106910534819429,30.7195,3.7856814376500747,-1.0089332826617654,1.0,0.0074906367041198685,0.693640050101795,30.7195,3.7856814376500747,38.29086287530015,23.14813712469985,1.0,0.0074906367041198685,0.8536380938154513
2023-05-12,26.98,28.4,26.95,27.7,76136617.0,2144729115.0,1779553000.0,0.042784124440238644,0.029739776951672958,1.2300177619893418,30.341500000000003,30.353333333333335,1.0,0.029739776951672958,0.8790411688920675,-0.21440726035167323,0.0,0.0,1.7468192693275357,36.62,25.99,0.0,0.0,0.9106910534819429,30.341500000000003,3.684532784778166,-0.7169158626876054,1.0,0.029739776951672958,0.7142687504765696,30.341500000000003,3.684532784778166,37.71056556955634,22.97243443044367,1.0,0.029739776951672958,0.8790251003229741
2023-05-15,27.43,28.08,26.9,28.0,45936571.0,1277943515.0,1779553000.0,0.025813544749720856,0.010830324909747224,1.2433392539964465,29.938,30.346,0.0,-0.0006,0.8785137441907322,-0.22373163293595788,0.0,0.0,1.7468192693275357,36.62,25.99,0.0,0.0,0.9106910534819429,29.938,3.459164182588782,-0.5602509443624127,1.0,0.010830324909747224,0.72200451311711,29.938,3.459164182588782,36.85632836517756,23.019671634822434,1.0,0.010830324909747224,0.888545227763295
2023-05-16,28.0,29.71,27.93,29.42,83480079.0,2461240708.0,1779553000.0,0.04691070117046247,0.05071428571428571,1.306394316163409,29.6895,30.35533333333333,0.0,0.0,0.8785137441907322,-0.1445187554521663,0.0,0.0,1.7468192693275357,36.04,25.99,0.0,0.0,0.9106910534819429,29.6895,3.297235644405276,-0.08173513484160064,1.0,0.05071428571428571,0.7586204562823349,29.6895,3.297235644405276,36.28397128881055,23.095028711189446,1.0,0.05071428571428571,0.9336071643141478
2023-05-17,29.17,29.71,28.96,29.26,44253163.0,1313889618.0,1779553000.0,0.024867572362272997,-0.005438477226376581,1.2992895204262866,29.373,30.38266666666667,0.0,-0.0,0.8785137441907322,-0.1778589491430177,0.0,-0.0,1.7468192693275357,36.04,25.99,0.0,-0.0,0.9106910534819429,29.373,2.9905871629075076,-0.03778522204654244,1.0,-0.005438477226376581,0.75449471620738,29.373,2.9905871629075076,35.354174325815016,23.391825674184986,1.0,-0.005438477226376581,0.9285297630126433
2023-05-18,29.32,29.81,28.97,29.27,34706135.0,1032302127.0,1779553000.0,0.019502726246422557,0.0003417634996580876,1.2997335701598567,29.1055,30.424333333333333,0.0,0.0,0.8785137441907322,-0.15453495089543612,0.0,0.0,1.7468192693275357,35.61,25.99,0.0,0.0,0.9106910534819429,29.1055,2.7239396295187865,0.06039047202711355,1.0,0.0003417634996580876,0.7547525749620645,29.1055,2.7239396295187865,34.55337925903757,23.657620740962425,1.0,0.0003417634996580876,0.9288471005939872
2023-05-19,29.56,30.44,29.55,30.08,50966868.0,1554290583.0,1779553000.0,0.0286402641562235,0.027673385719166443,1.3357015985790397,28.919999999999998,30.455499999999997,0.0,0.0,0.8785137441907322,-0.10979579757324653,0.0,0.0,1.7468192693275357,34.69,25.99,0.0,0.0,0.9106910534819429,28.919999999999998,2.5057197726296407,0.462940833476615,0.0,-0.0006,0.7542997234170872,28.919999999999998,2.5057197726296407,33.93143954525928,23.908560454740716,0.0,-0.0006,0.9282897923336308
2023-05-22,30.25,30.58,28.93,29.27,44706915.0,1339255961.0,1779553000.0,0.025122553247922372,-0.026928191489361653,1.299733570159857,28.6895,30.472666666666665,0.0,-0.0,0.8785137441907322,-0.13606847697756796,0.0,-0.0,1.7468192693275357,34.69,26.33,0.0,-0.0,0.9106910534819429,28.6895,2.2213354802436363,0.261329279238961,0.0,-0.0,0.7542997234170872,28.6895,2.2213354802436363,33.13217096048727,24.246829039512726,0.0,-0.0,0.9282897923336308
2023-05-23,29.34,29.54,28.9,29.07,24600594.0,729490977.0,1779553000.0,0.013824029967076002,-0.006832934745473196,1.2908525754884537,28.4335,30.490499999999997,0.0,-0.0,0.8785137441907322,-0.14975138929511544,0.0,-0.0,1.7468192693275357,34.69,26.41,0.0,-0.0,0.9106910534819429,28.4335,1.8112347489459246,0.3514177278071892,0.0,-0.0,0.7542997234170872,28.4335,1.8112347489459246,32.05596949789185,24.81103050210815,0.0,-0.0,0.9282897923336308
2023-05-24,28.97,29.45,28.59,28.93,28100254.0,827824224.0,1779553000.0,0.01579062494907429,-0.004815961472308228,1.2846358792184713,28.289499999999997,30.510499999999997,0.0,-0.0,0.8785137441907322,-0.09053756680289216,0.0,-0.0,1.7468192693275357,33.77,26.47,0.0,-0.0,0.9106910534819429,28.289499999999997,1.6345270521500248,0.39185646952584957,0.0,-0.0,0.7542997234170872,28.289499999999997,1.6345270521500248,31.558554104300047,25.020445895699947,0.0,-0.0,0.9282897923336308
2023-05-25,28.96,29.76,28.95,29.55,37014750.0,1104904116.0,1779553000.0,0.02080002674829016,0.02143104044244737,1.3121669626998214,28.163999999999998,30.538999999999998,0.0,0.0,0.8785137441907322,-0.07829070492825951,0.0,0.0,1.7468192693275357,33.7,26.64,0.0,0.0,0.9106910534819429,28.163999999999998,1.410842973096778,0.9823913975045393,0.0,0.0,0.7542997234170872,28.163999999999998,1.410842973096778,30.985685946193556,25.34231405380644,0.0,0.0,0.9282897923336308
2023-05-26,29.76,30.08,29.35,29.94,32504127.0,983795089.0,1779553000.0,0.018265332361553716,0.013197969543147225,1.3294849023090576,28.109499999999997,30.582833333333333,0.0,0.0,0.8785137441907322,-0.035127296165001654,0.0,0.0,1.7468192693275357,32.06,26.9,0.0,0.0,0.9106910534819429,28.109499999999997,1.311886849260586,1.395318507104269,0.0,0.0,0.7542997234170872,28.109499999999997,1.311886849260586,30.73327369852117,25.485726301478824,0.0,0.0,0.9282897923336308
2023-05-29,30.5,31.36,30.44,30.75,49131566.0,1542253303.0,1779553000.0,0.02760893662622018,0.027054108216432837,1.3654529307282404,28.2505,30.633166666666668,0.0,0.0,0.8785137441907322,0.10096670247046191,0.0,0.0,1.7468192693275357,30.58,26.9,0.0,0.0,0.9106910534819429,28.2505,1.4371443724859871,1.7392128778797222,0.0,0.0,0.7542997234170872,28.2505,1.4371443724859871,31.124788744971973,25.376211255028025,0.0,0.0,0.9282897923336308
2023-05-30,30.75,30.9,30.04,30.9,35483870.0,1096124120.0,1779553000.0,0.019939765772640658,0.004878048780487809,1.3721136767317927,28.465000000000003,30.668833333333335,0.0,0.0,0.8785137441907322,0.16121758737316805,1.0,0.004278048780487809,1.7542922473724152,31.36,27.93,1.0,0.004278048780487809,0.9145870342326925,28.465000000000003,1.4982568819165365,1.6252219692027698,0.0,0.0,0.7542997234170872,28.465000000000003,1.4982568819165365,31.461513763833075,25.46848623616693,0.0,0.0,0.9282897923336308
2023-05-31,30.84,31.31,30.28,30.75,32390768.0,1011168733.0,1779553000.0,0.018201631533312015,-0.004854368932038833,1.3654529307282404,28.645000000000003,30.708166666666667,0.0,-0.0,0.8785137441907322,0.13259668508287303,1.0,-0.004854368932038833,1.7457762655890539,31.36,28.59,1.0,-0.004854368932038833,0.9101472913480678,28.645000000000003,1.5474035978814935,1.3603432245355336,0.0,-0.0,0.7542997234170872,28.645000000000003,1.5474035978814935,31.73980719576299,25.550192804237017,0.0,-0.0,0.9282897923336308
2023-06-01,30.47,30.53,29.92,30.12,36953440.0,1131638747.0,1779553000.0,0.020765574276236785,-0.0204878048780488,1.3374777975133203,28.819,30.725166666666667,0.0,-0.0,0.8785137441907322,0.13063063063063063,1.0,-0.0204878048780488,1.7100091420989367,31.36,28.59,1.0,-0.0204878048780488,0.891500371232644,28.819,1.5051626944758718,0.8643583878173625,0.0,-0.0,0.7542997234170872,28.819,1.5051626944758718,31.829325388951744,25.808674611048254,0.0,-0.0,0.9282897923336308
2023-06-02,30.12,30.3,29.53,30.09,26749438.0,812295897.0,1779553000.0,0.015031548933917675,-0.0009960159362549792,1.3361456483126097,29.008499999999998,30.75183333333333,0.0,-0.0,0.8785137441907322,0.14410646387832693,1.0,-0.0009960159362549792,1.7083059457422645,31.36,28.59,1.0,-0.0009960159362549792,0.890612422655719,29.008499999999998,1.406688066271001,0.7688271664001228,0.0,-0.0,0.7542997234170872,29.008499999999998,1.406688066271001,31.821876132542002,26.195123867457994,0.0,-0.0,0.9282897923336308
2023-06-05,30.15,30.94,30.14,30.57,37411260.0,1163804963.0,1779553000.0,0.021022841129204918,0.0159521435692922,1.3574600355239774,29.205000000000002,30.808,0.0,0.0,0.8785137441907322,0.14752252252252251,1.0,0.0159521435692922,1.7355570874490205,31.36,28.59,1.0,0.0159521435692922,0.9048195998865183,29.205000000000002,1.3308663581132716,1.0256476855686074,0.0,0.0,0.7542997234170872,29.205000000000002,1.3308663581132716,31.866732716226544,26.54326728377346,0.0,0.0,0.9282897923336308
2023-06-06,30.35,30.43,29.05,29.12,43732701.0,1310965625.0,1779553000.0,0.02457510453467809,-0.04743212299640165,1.2930728241563043,29.319499999999998,30.83716666666667,0.0,-0.0,0.8785137441907322,0.08535221766679091,1.0,-0.04743212299640165,1.653235930209862,31.36,28.59,1.0,-0.04743212299640165,0.861902085335146,29.319499999999998,1.2086812082421448,-0.1650559292554414,0.0,-0.0,0.7542997234170872,29.319499999999998,1.2086812082421448,31.736862416484286,26.90213758351571,0.0,-0.0,0.9282897923336308
2023-06-07,29.59,31.53,29.59,31.06,77838207.0,2440027809.0,1779553000.0,0.043740314000201175,0.0666208791208791,1.3792184724689152,29.5375,30.8915,0.0,0.0,0.8785137441907322,0.16329588014981278,1.0,0.0666208791208791,1.7633759612746673,31.36,28.59,1.0,0.0666208791208791,0.9193227599762924,29.5375,1.099626132637251,1.3845614930490613,0.0,0.0,0.7542997234170872,29.5375,1.099626132637251,31.736752265274504,27.3382477347255,0.0,0.0,0.9282897923336308
2023-06-08,30.81,31.27,30.06,30.87,46508663.0,1443575381.0,1779553000.0,0.026135025481118013,-0.0061171925305858466,1.3707815275310822,29.736,30.942999999999998,0.0,-0.0,0.8785137441907322,0.1475836431226767,1.0,-0.0061171925305858466,1.7525890510157434,31.53,28.95,1.0,-0.0061171925305858466,0.9136990856557679,29.736,0.9460577483207443,1.1986583292751993,0.0,-0.0,0.7542997234170872,29.736,0.9460577483207443,31.628115496641488,27.843884503358513,0.0,-0.0,0.9282897923336308
2023-06-09,30.73,31.4,30.23,31.34,54158573.0,1695344828.0,1779553000.0,0.030433807253844085,0.015225137674117262,1.3916518650088796,29.918,30.997333333333334,0.0,0.0,0.8785137441907322,0.13140794223826724,1.0,0.015225137674117262,1.7792724606036086,31.53,29.05,1.0,0.015225137674117262,0.9276102800275919,29.918,0.8817005100789713,1.612792534136831,0.0,0.0,0.7542997234170872,29.918,0.8817005100789713,31.681401020157942,28.154598979842056,0.0,0.0,0.9282897923336308
2023-06-12,31.5,32.5,31.34,32.15,65041219.0,2116186884.0,1779553000.0,0.03654918903792132,0.025845564773452345,1.4276198934280624,30.1255,31.057333333333336,0.0,0.0,0.8785137441907322,0.14821428571428563,1.0,0.025845564773452345,1.825258762233759,31.53,29.05,1.0,0.025845564773452345,0.9515848916045654,30.1255,0.894794742708514,2.262530056750116,0.0,0.0,0.7542997234170872,30.1255,0.894794742708514,31.915089485417028,28.33591051458297,0.0,0.0,0.9282897923336308
2023-06-13,32.03,33.34,31.73,32.98,64921781.0,2152402564.0,1779553000.0,0.036482072183295466,0.025816485225505392,1.4644760213143855,30.303500000000003,31.12933333333333,0.0,0.0,0.8785137441907322,0.12100611828687957,1.0,0.025816485225505392,1.8723805281016912,32.5,29.05,1.0,0.025816485225505392,0.9761514688994888,30.303500000000003,1.0816472574150706,2.4744665894094857,0.0,0.0,0.7542997234170872,30.303500000000003,1.0816472574150706,32.46679451483014,28.14020548516986,0.0,0.0,0.9282897923336308
2023-06-14,33.24,33.49,31.75,32.09,53665204.0,1754498555.0,1786557826.0,0.03003832465929933,-0.026986052152819684,1.4249555950266417,30.445,31.161833333333334,0.0,-0.0,0.8785137441907322,0.09671907040328098,1.0,-0.026986052152819684,1.821852369520415,33.34,29.05,1.0,-0.026986052152819684,0.9498089944507156,30.445,1.1222979246077298,1.4657427087152195,0.0,-0.0,0.7542997234170872,30.445,1.1222979246077298,32.68959584921546,28.20040415078454,0.0,-0.0,0.9282897923336308
2023-06-15,32.32,32.42,31.44,31.73,39131698.0,1262389230.0,1786557826.0,0.02190340409390141,-0.011218448114677537,1.4089698046181158,30.568,31.183,0.0,-0.0,0.8785137441907322,0.08404509736932009,1.0,-0.011218448114677537,1.8014140132403478,33.49,29.05,1.0,-0.011218448114677537,0.9391536115276162,30.568,1.12154780267454,1.0360681882921023,0.0,-0.0,0.7542997234170872,30.568,1.12154780267454,32.81109560534908,28.324904394650922,0.0,-0.0,0.9282897923336308
2023-06-16,31.67,32.05,31.27,31.96,30983857.0,999998916.0,1786557826.0,0.017342767499091295,0.007248660573589749,1.4191829484902296,30.662,31.177666666666667,0.0,0.0,0.8785137441907322,0.0625,1.0,0.007248660573589749,1.814471851974835,33.49,29.05,1.0,0.007248660573589749,0.9459612172840409,30.662,1.1567267793671707,1.1221318838231789,0.0,0.0,0.7542997234170872,30.662,1.1567267793671707,32.975453558734344,28.348546441265658,0.0,0.0,0.9282897923336308
2023-06-19,31.87,33.5,31.42,33.02,58238566.0,1927046192.0,1786557826.0,0.032598198139711376,0.033166458072590776,1.4662522202486665,30.8495,31.199,0.0,0.0,0.8785137441907322,0.1281175264776222,1.0,0.033166458072590776,1.8746514565772545,33.49,29.05,1.0,0.033166458072590776,0.977335400335389,30.8495,1.2213386745266985,1.77714834162697,0.0,0.0,0.7542997234170872,30.8495,1.2213386745266985,33.2921773490534,28.4068226509466,0.0,0.0,0.9282897923336308
2023-06-20,32.52,33.68,32.47,33.51,52403470.0,1771502204.0,1786557826.0,0.029332087233542477,0.014839491217443879,1.4880106571936043,31.071499999999997,31.219,0.0,0.0,0.8785137441907322,0.15273477812177494,1.0,0.014839491217443879,1.9024703304029011,33.5,29.05,1.0,0.014839491217443879,0.991838560425163,31.071499999999997,1.282835161909545,1.9008677594790968,0.0,0.0,0.7542997234170872,31.071499999999997,1.282835161909545,33.637170323819085,28.505829676180905,0.0,0.0,0.9282897923336308
2023-06-21,33.51,33.78,32.71,33.26,38122948.0,1276796525.0,1786557826.0,0.0213387708168143,-0.007460459564309185,1.4769094138543502,31.288,31.217666666666666,0.0,-0.0,0.8785137441907322,0.14967162115451083,1.0,-0.007460459564309185,1.8882770274306324,33.68,29.59,1.0,-0.007460459564309185,0.9844389889507885,31.288,1.2676899836855877,1.5555853760607554,0.0,-0.0,0.7542997234170872,31.288,1.2676899836855877,33.823379967371174,28.752620032628826,0.0,-0.0,0.9282897923336308
2023-06-26,32.61,32.62,31.46,31.73,41445041.0,1336423795.0,1786557826.0,0.02319826450442584,-0.04600120264582075,1.4089698046181158,31.397,31.198,1.0,-0.04660120264582075,0.8375739471705612,0.07377326565143827,1.0,-0.04600120264582075,1.8014140132403478,33.78,30.06,1.0,-0.04600120264582075,0.9391536115276164,31.397,1.2024278072212398,0.2769397031573571,0.0,-0.0,0.7542997234170872,31.397,1.2024278072212398,33.80185561444248,28.99214438555752,0.0,-0.0,0.9282897923336308
2023-06-27,31.73,32.41,31.58,31.77,22982932.0,739986742.0,1786557826.0,0.01286436501831987,0.0012606366214937825,1.4107460035523964,31.4885,31.190333333333335,1.0,0.0012606366214937825,0.8386298235615736,0.06112224448897785,1.0,0.0012606366214937825,1.8036849417159107,33.78,30.23,1.0,0.0012606366214937825,0.9403375429635163,31.4885,1.1543887651274893,0.2438519920703773,0.0,0.0,0.7542997234170872,31.4885,1.1543887651274893,33.79727753025497,29.17972246974502,0.0,0.0,0.9282897923336308
2023-06-28,31.94,32.07,30.33,30.81,38346788.0,1196928981.0,1786557826.0,0.021464062031429594,-0.03021718602455148,1.368117229129661,31.491500000000002,31.158833333333334,1.0,-0.03021718602455148,0.8132887901772767,0.0019512195121951237,1.0,-0.03021718602455148,1.7491826583023986,33.78,31.27,1.0,-0.03021718602455148,0.9119231885019181,31.491500000000002,1.152444883942939,-0.5913514906399171,0.0,-0.0,0.7542997234170872,31.491500000000002,1.152444883942939,33.79638976788588,29.186610232114123,0.0,-0.0,0.9282897923336308
2023-06-29,30.73,31.52,30.43,30.6,28511390.0,885515036.0,1786557826.0,0.015958839722437286,-0.006815968841285214,1.3587921847246878,31.476499999999998,31.13,1.0,-0.006815968841285214,0.8077454391244618,-0.009708737864077555,1.0,-0.006815968841285214,1.737260283805693,33.78,30.33,0.0,-0.0006,0.9113760345888169,31.476499999999998,1.1624578090815485,-0.7540058599567706,0.0,-0.0,0.7542997234170872,31.476499999999998,1.1624578090815485,33.8014156181631,29.1515843818369,0.0,-0.0,0.9282897923336308
2023-06-30,30.51,31.04,30.23,30.9,21917077.0,679152586.0,1787026807.0,0.012264548530636564,0.009803921568627416,1.3721136767317925,31.483999999999998,31.105166666666666,1.0,0.009803921568627416,0.8156645120570546,0.004878048780487809,0.0,-0.0006,1.7362179276354095,33.78,30.33,0.0,0.0,0.9113760345888169,31.483999999999998,1.1579991818922393,-0.5043181455842732,0.0,0.0,0.7542997234170872,31.483999999999998,1.1579991818922393,33.799998363784475,29.16800163621552,0.0,0.0,0.9282897923336308
2023-07-03,30.89,31.68,30.78,31.38,28944283.0,916340287.0,1787026807.0,0.016196893570158962,0.01553398058252431,1.3934280639431602,31.546999999999997,31.095166666666668,1.0,0.01553398058252431,0.8283350287492031,0.041832669322709126,1.0,0.01493398058252431,1.7621465724537475,33.78,30.23,0.0,0.0,0.9113760345888169,31.546999999999997,1.113298087476526,-0.15000474884361936,0.0,0.0,0.7542997234170872,31.546999999999997,1.113298087476526,33.77359617495305,29.320403825046945,0.0,0.0,0.9282897923336308
2023-07-04,31.32,32.1,31.03,31.91,24189860.0,774130084.0,1787026807.0,0.013536372205075713,0.016889738687061895,1.4169626998223788,31.637999999999998,31.0595,1.0,0.016889738687061895,0.842325390930117,0.06048521103356608,1.0,0.016889738687061895,1.791908767590793,33.78,30.23,0.0,0.0,0.9113760345888169,31.637999999999998,1.0610947673337703,0.2563390267991433,0.0,0.0,0.7542997234170872,31.637999999999998,1.0610947673337703,33.76018953466754,29.515810465332457,0.0,0.0,0.9282897923336308
2023-07-05,31.91,32.19,31.4,31.55,20816417.0,668620657.0,1787026807.0,0.011648631636895192,-0.011281729865246004,1.400976909413853,31.687,31.0115,1.0,-0.011281729865246004,0.8328225034110057,0.03205757278377486,1.0,-0.011281729865246004,1.7716929369316678,33.78,30.23,0.0,-0.0,0.9113760345888169,31.687,1.031392007766283,-0.13283019353301517,0.0,-0.0,0.7542997234170872,31.687,1.031392007766283,33.74978401553257,29.624215984467433,0.0,-0.0,0.9282897923336308
2023-07-06,31.36,31.79,31.32,31.42,15851409.0,504107190.0,1787026807.0,0.00887026928634093,-0.0041204437400950145,1.395204262877441,31.802,30.923666666666666,1.0,-0.0041204437400950145,0.8293909051402156,0.07898351648351642,1.0,-0.0041204437400950145,1.7643927758603173,33.78,30.23,0.0,-0.0,0.9113760345888169,31.802,0.8407052177534394,-0.4543804319673322,0.0,-0.0,0.7542997234170872,31.802,0.8407052177534394,33.483410435506876,30.12058956449312,0.0,-0.0,0.9282897923336308
2023-07-07,31.18,31.31,30.29,30.48,23693355.0,730533227.0,1787026807.0,0.013258533619747765,-0.02991725015913438,1.353463587921846,31.773000000000003,30.813,1.0,-0.02991725015913438,0.8045778099514249,-0.018673535093367666,1.0,-0.02991725015913438,1.7116069958059346,33.78,30.23,0.0,-0.0,0.9113760345888169,31.773000000000003,0.8768730328784405,-1.4745578339381424,0.0,-0.0,0.7542997234170872,31.773000000000003,0.8768730328784405,33.52674606575688,30.01925393424312,0.0,-0.0,0.9282897923336308
2023-07-10,30.48,30.72,30.14,30.29,16559223.0,508192473.0,1787026807.0,0.009266353999355534,-0.00623359580052496,1.345026642984013,31.744,30.733166666666666,1.0,-0.00623359580052496,0.7995623970941161,-0.018788467768059647,0.0,-0.0006,1.710580031608451,33.78,30.23,0.0,-0.0,0.9113760345888169,31.744,0.916982465538585,-1.5856355542698422,0.0,-0.0,0.7542997234170872,31.744,0.916982465538585,33.57796493107717,29.91003506892283,0.0,-0.0,0.9282897923336308
2023-07-11,30.29,31.6,30.29,31.53,29854108.0,938706616.0,1787026807.0,0.016706021355168178,0.0409376031693629,1.4000888099467128,31.753499999999995,30.671,1.0,0.0409376031693629,0.8322945652154996,0.006062539885130835,0.0,0.0,1.710580031608451,33.78,30.14,0.0,0.0,0.9113760345888169,31.753499999999995,0.9135545096518449,-0.24464878410503382,1.0,0.0403376031693629,0.7847263663310459,31.753499999999995,0.9135545096518449,33.58060901930369,29.926390980696304,0.0,0.0,0.9282897923336308
2023-07-12,31.52,31.82,30.99,31.1,18559745.0,587392974.0,1787026807.0,0.010385823495931474,-0.013637805264827163,1.380994671403196,31.701,30.588166666666666,1.0,-0.013637805264827163,0.8209438940121166,-0.03265940902021769,1.0,-0.014237805264827163,1.686225126228508,33.78,30.14,0.0,-0.0,0.9113760345888169,31.701,0.919719064657623,-0.6534604131792451,1.0,-0.013637805264827163,0.7740244209608477,31.701,0.919719064657623,33.54043812931525,29.861561870684753,0.0,-0.0,0.9282897923336308
2023-07-13,31.4,32.88,31.1,32.67,49709384.0,1623864684.0,1787026807.0,0.027816809353548775,0.0504823151125402,1.4507104795737111,31.6855,30.559500000000003,1.0,0.0504823151125402,0.8623870423593522,-0.009399636143116896,0.0,-0.0006,1.6852133911527707,33.78,30.14,0.0,0.0,0.9113760345888169,31.6855,0.8994177941429713,1.0945969786356091,1.0,0.0504823151125402,0.8130989656845946,31.6855,0.8994177941429713,33.484335588285944,29.886664411714058,0.0,0.0,0.9282897923336308
2023-07-14,33.72,35.8,33.72,34.4,103668522.0,3614012431.0,1787026807.0,0.058011733004741654,0.05295378022650743,1.5275310834813487,31.801,30.539666666666665,1.0,0.05295378022650743,0.908053696270637,0.07198504206918033,0.0,0.0,1.6852133911527707,33.78,30.14,0.0,0.0,0.9113760345888169,31.801,1.083565751047009,2.3985623368851257,0.0,-0.0006,0.8126111063051839,31.801,1.083565751047009,33.96813150209402,29.63386849790598,0.0,0.0,0.9282897923336308
2023-07-17,34.09,34.79,33.28,34.68,50852432.0,1758099750.0,1787026807.0,0.028456446092920865,0.008139534883720989,1.5399644760213131,31.948499999999996,30.540666666666667,1.0,0.008139534883720989,0.9154448310077237,0.09297195083517185,1.0,0.007539534883720989,1.697919116301881,35.8,30.14,1.0,0.007539534883720989,0.9182473859937866,31.948499999999996,1.2598382310523148,2.168135505554902,0.0,0.0,0.8126111063051839,31.948499999999996,1.2598382310523148,34.46817646210462,29.428823537895365,0.0,0.0,0.9282897923336308
2023-07-18,34.99,36.76,34.99,35.24,81475149.0,2947701737.0,1787026807.0,0.04559257235585498,0.016147635524798254,1.5648312611012423,32.1125,30.564833333333336,1.0,0.016147635524798254,0.9302271004818969,0.10262828535669599,1.0,0.016147635524798254,1.7253364953425112,35.8,30.14,1.0,0.016147635524798254,0.933074910104413,32.1125,1.4591377230189162,2.143389174758153,0.0,0.0,0.8126111063051839,32.1125,1.4591377230189162,35.03077544603783,29.194224553962165,0.0,0.0,0.9282897923336308
2023-07-19,35.24,35.96,34.58,34.85,52129025.0,1845224649.0,1787026807.0,0.02917081310465199,-0.011066969353007994,1.547513321492006,32.204,30.581,1.0,-0.011066969353007994,0.9199323056695263,0.055420956995759996,1.0,-0.011066969353007994,1.7062422492249294,36.76,30.14,1.0,-0.011066969353007994,0.9227485986702267,32.204,1.5720499523334395,1.6831526225184295,0.0,-0.0,0.8126111063051839,32.204,1.5720499523334395,35.34809990466688,29.05990009533312,0.0,-0.0,0.9282897923336308
2023-07-20,34.85,35.19,33.51,33.66,42033733.0,1448442385.0,1787026807.0,0.023521601822283127,-0.034146341463414775,1.4946714031971569,32.2115,30.572166666666664,1.0,-0.034146341463414775,0.8885199830369083,0.004476275738585445,1.0,-0.034146341463414775,1.6479803187635902,36.76,30.14,1.0,-0.034146341463414775,0.8912401099351457,32.2115,1.5789512675390425,0.9173810679145478,0.0,-0.0,0.8126111063051839,32.2115,1.5789512675390425,35.36940253507809,29.053597464921914,0.0,-0.0,0.9282897923336308
2023-07-21,33.88,34.79,33.36,34.17,38569706.0,1333642493.0,1787026807.0,0.0215831714716969,0.01515151515151536,1.5173179396092353,32.257000000000005,30.6115,1.0,0.01515151515151536,0.9019824070223161,0.027360192423331542,1.0,0.01515151515151536,1.672949717532736,36.76,30.14,1.0,0.01515151515151536,0.9047437479644662,32.257000000000005,1.6232459359015956,1.178502873587953,0.0,0.0,0.8126111063051839,32.257000000000005,1.6232459359015956,35.5034918718032,29.010508128196815,0.0,0.0,0.9282897923336308
2023-07-24,33.71,34.89,33.7,34.0,26467876.0,913695705.0,1787026807.0,0.014811124207159137,-0.004975124378109541,1.5097690941385424,32.37050000000001,30.643833333333337,1.0,-0.004975124378109541,0.8974949323605135,0.07154112826977621,1.0,-0.004975124378109541,1.6646265846096873,36.76,30.14,1.0,-0.004975124378109541,0.900242535288026,32.37050000000001,1.6633241131130037,0.9796647491331639,0.0,-0.0,0.8126111063051839,32.37050000000001,1.6633241131130037,35.69714822622601,29.043851773774,0.0,-0.0,0.9282897923336308
2023-07-25,34.4,34.49,33.2,33.86,37194650.0,1267610063.0,1787026807.0,0.020813705678227132,-0.004117647058823559,1.50355239786856,32.475,30.691,1.0,-0.004117647058823559,0.8937993649919702,0.06578533207428383,1.0,-0.004117647058823559,1.6577722398495296,36.76,30.29,1.0,-0.004117647058823559,0.8965356542603694,32.475,1.6890654532205571,0.8199800649283339,0.0,-0.0,0.8126111063051839,32.475,1.6890654532205571,35.853130906441116,29.096869093558887,0.0,-0.0,0.9282897923336308
2023-07-26,34.0,34.3,33.56,33.85,26043918.0,889486651.0,1787026807.0,0.014573882102933668,-0.0002953337271115464,1.50310834813499,32.626999999999995,30.789666666666665,1.0,-0.0002953337271115464,0.8935353958942172,0.09866926322622538,1.0,-0.0002953337271115464,1.6572826437952328,36.76,30.99,1.0,-0.0002953337271115464,0.8962708770441083,32.626999999999995,1.667999432033229,0.7332136789214699,0.0,-0.0,0.8126111063051839,32.626999999999995,1.667999432033229,35.962998864066456,29.291001135933538,0.0,-0.0,0.9282897923336308
2023-07-27,33.8,33.91,33.04,33.18,25093224.0,843813468.0,1787026807.0,0.014041884487522407,-0.019793205317577556,1.4733570159857894,32.756,30.899166666666666,1.0,-0.019793205317577556,0.87584946634476,0.084313725490196,1.0,-0.019793205317577556,1.624479708157336,36.76,31.1,1.0,-0.019793205317577556,0.878530803554609,32.756,1.6014217367537484,0.2647647339041947,0.0,-0.0,0.8126111063051839,32.756,1.6014217367537484,35.9588434735075,29.553156526492504,0.0,-0.0,0.9282897923336308
2023-07-28,33.18,33.59,32.63,33.19,26572697.0,890636047.0,1787026807.0,0.01486978085382465,0.0003013863773357883,1.4738010657193596,32.8705,30.999833333333335,1.0,0.0003013863773357883,0.8761134354425132,0.0741100323624595,1.0,0.0003013863773357883,1.624969304211633,36.76,33.04,1.0,0.0003013863773357883,0.8787955807708702,32.8705,1.5425183612316808,0.2071288148199943,0.0,0.0,0.8126111063051839,32.8705,1.5425183612316808,35.955536722463364,29.78546327753664,0.0,0.0,0.9282897923336308
2023-07-31,33.11,33.48,32.1,32.7,38709322.0,1278327583.0,1787026807.0,0.02166129900702715,-0.01476348297680008,1.4520426287744221,32.9365,31.100833333333334,1.0,-0.01476348297680008,0.8631789496526118,0.042065009560229516,1.0,-0.01476348297680008,1.600979097551082,36.76,32.63,1.0,-0.01476348297680008,0.8658214971740723,32.9365,1.5031240275191178,-0.1573389791329056,0.0,-0.0,0.8126111063051839,32.9365,1.5031240275191178,35.94274805503824,29.930251944961768,0.0,-0.0,0.9282897923336308
2023-08-01,32.62,33.15,32.57,32.91,20519197.0,680705371.0,1787026807.0,0.011482310684777544,0.006422018348623659,1.4613676731793952,32.9865,31.211,1.0,0.006422018348623659,0.8687223007054266,0.03133813851457212,1.0,0.006422018348623659,1.611260614691318,36.76,32.1,1.0,0.006422018348623659,0.871381818715557,32.9865,1.4836877065360987,-0.05156071568362869,0.0,0.0,0.8126111063051839,32.9865,1.4836877065360987,35.9538754130722,30.019124586927802,0.0,0.0,0.9282897923336308
2023-08-02,32.81,33.31,32.72,33.07,21487990.0,716686186.0,1787026807.0,0.012024436295991165,0.0048617441507141645,1.4684724689165178,33.0625,31.31816666666667,1.0,0.0048617441507141645,0.8729458062694762,0.048177496038034784,1.0,0.0048617441507141645,1.6190941515600696,36.76,32.1,1.0,0.0048617441507141645,0.875618254175736,33.0625,1.44464847299485,0.00519157437964981,0.0,0.0,0.8126111063051839,33.0625,1.44464847299485,35.9517969459897,30.1732030540103,0.0,0.0,0.9282897923336308
2023-08-03,32.78,33.39,32.37,32.96,18048895.0,601565430.0,1787026807.0,0.010099957610764593,-0.003326277592984539,1.463587921847246,33.1395,31.42033333333333,1.0,-0.003326277592984539,0.8700421461941922,0.04901336728198591,1.0,-0.003326277592984539,1.6137085949628032,36.76,32.1,1.0,-0.003326277592984539,0.872705704796863,33.1395,1.392598763387902,-0.12889570543873766,0.0,-0.0,0.8126111063051839,33.1395,1.392598763387902,35.9246975267758,30.354302473224195,0.0,-0.0,0.9282897923336308
2023-08-04,33.11,34.25,33.11,34.03,42184242.0,1442213950.0,1787026807.0,0.02360582495727497,0.03246359223300965,1.511101243339253,33.317,31.542500000000004,1.0,0.03246359223300965,0.898286839653773,0.11646981627296582,1.0,0.03246359223300965,1.6660953727725785,36.76,32.1,1.0,0.03246359223300965,0.9010368669368097,33.317,1.2552462538859799,0.5680160349355372,0.0,0.0,0.8126111063051839,33.317,1.2552462538859799,35.82749250777196,30.80650749222804,0.0,0.0,0.9282897923336308
2023-08-07,34.06,34.14,33.37,33.56,24187318.0,821861202.0,1787026807.0,0.0135349497306114,-0.01381134293270636,1.4902309058614556,33.4805,31.6535,1.0,-0.01381134293270636,0.8858802920593777,0.10795642126114235,1.0,-0.01381134293270636,1.6430843582206212,36.76,32.1,1.0,-0.01381134293270636,0.8885923377725341,33.4805,1.0336164156672913,0.07691441311782833,0.0,-0.0,0.8126111063051839,33.4805,1.0336164156672913,35.547732831334585,31.413267168665417,0.0,-0.0,0.9282897923336308
2023-08-08,33.78,33.98,32.7,32.72,22218976.0,744249539.0,1787026807.0,0.012433487798261103,-0.025029797377830842,1.452930728241562,33.540000000000006,31.737166666666667,1.0,-0.025029797377830842,0.8637068878481179,0.0377418331747541,1.0,-0.025029797377830842,1.6019582896596758,36.76,32.1,1.0,-0.025029797377830842,0.8663510516065945,33.540000000000006,0.945960942778938,-0.8668434000996947,0.0,-0.0,0.8126111063051839,33.540000000000006,0.945960942778938,35.431921885557884,31.64807811444213,0.0,-0.0,0.9282897923336308
2023-08-09,32.41,32.91,32.08,32.17,21904393.0,716588178.0,1787026807.0,0.012257450707621086,-0.01680929095354511,1.4285079928952034,33.5935,31.806666666666665,1.0,-0.01680929095354511,0.8491885874716979,0.03440514469453371,1.0,-0.01680929095354511,1.5750305066733428,36.76,32.1,1.0,-0.01680929095354511,0.8517883047122295,33.5935,0.822961756481819,-1.7297280083651678,0.0,-0.0,0.8126111063051839,33.5935,0.822961756481819,35.23942351296364,31.94757648703636,0.0,-0.0,0.9282897923336308
2023-08-10,32.17,32.74,32.1,32.28,17674248.0,576877414.0,1787026807.0,0.00989030938470975,0.0034193347839601707,1.4333925399644751,33.574,31.854333333333336,1.0,0.0034193347839601707,0.8520922475469819,-0.011937557392102893,1.0,0.0034193347839601707,1.5804160632706092,36.76,32.08,1.0,0.0034193347839601707,0.8547008540911025,33.574,0.8501665471510849,-1.5220547130867494,1.0,0.002819334783960171,0.8149021290630225,33.574,0.8501665471510849,35.274333094302165,31.873666905697828,0.0,0.0,0.9282897923336308
2023-08-11,32.18,32.22,31.51,31.51,18241880.0,585012892.0,1787026807.0,0.010207949835192371,-0.023853779429987565,1.399200710479573,33.429500000000004,31.891833333333334,1.0,-0.023853779429987565,0.8317666270199938,-0.0840116279069767,0.0,-0.0006,1.5794678136326468,36.76,32.08,1.0,-0.023853779429987565,0.8343130084389914,33.429500000000004,0.9429264357085066,-2.035683726013798,1.0,-0.023853779429987565,0.7954636334193259,33.429500000000004,0.9429264357085066,35.31535287141702,31.54364712858299,0.0,-0.0,0.9282897923336308
2023-08-14,30.93,31.77,30.79,31.69,14817136.0,470458445.0,1787026807.0,0.008291501807336905,0.0057124722310377685,1.407193605683836,33.28,31.932166666666664,1.0,0.0057124722310377685,0.8365180707795495,-0.0862168396770473,0.0,0.0,1.5794678136326468,36.76,31.51,0.0,-0.0006,0.8338124206339279,33.28,0.9708433664115486,-1.6377513150004732,1.0,0.0057124722310377685,0.8000076973360342,33.28,0.9708433664115486,35.2216867328231,31.338313267176904,1.0,0.005112472231037769,0.9330356481192924
2023-08-15,31.84,31.98,30.51,30.9,24101210.0,753403762.0,1787026807.0,0.013486764667207368,-0.024928999684443176,1.3721136767317932,33.063,31.945833333333333,1.0,-0.024928999684443176,0.8156645120570551,-0.12315550510783213,0.0,-0.0,1.5794678136326468,36.76,30.79,0.0,-0.0,0.8338124206339279,33.063,0.9944376882386881,-2.17509857639349,1.0,-0.024928999684443176,0.780064305701592,33.063,0.9944376882386881,35.051875376477376,31.074124623522625,1.0,-0.024928999684443176,0.9097760027417523
2023-08-16,30.91,30.99,30.41,30.65,12783588.0,396374870.0,1787026807.0,0.007153551334498812,-0.008090614886731351,1.3610124333925393,32.852999999999994,31.968833333333336,1.0,-0.008090614886731351,0.8090652846132279,-0.12051649928263997,0.0,-0.0,1.5794678136326468,35.96,30.51,0.0,-0.0,0.8338124206339279,32.852999999999994,1.0396461948789775,-2.1189901053371734,1.0,-0.008090614886731351,0.773753105817275,32.852999999999994,1.0396461948789775,34.93229238975795,30.773707610242038,1.0,-0.008090614886731351,0.902415355470379
2023-08-17,30.35,31.47,30.34,31.23,14763418.0,461379789.0,1787026807.0,0.008261441821784602,0.018923327895595587,1.3867673179396087,32.7315,32.00483333333333,1.0,0.018923327895595587,0.8243754922829074,-0.0721925133689838,0.0,0.0,1.5794678136326468,35.19,30.41,0.0,0.0,0.8338124206339279,32.7315,1.081520737324612,-1.3883228940337278,1.0,0.018923327895595587,0.7883950895488907,32.7315,1.081520737324612,34.89454147464922,30.568458525350774,1.0,0.018923327895595587,0.9194920571399654
2023-08-18,31.22,31.41,30.11,30.13,17351785.0,535165069.0,1787026807.0,0.009709862735148102,-0.03522254242715339,1.3379218472468912,32.5295,32.02483333333333,1.0,-0.03522254242715339,0.7953388915300672,-0.11823236757389533,0.0,-0.0,1.5794678136326468,34.89,30.34,0.0,-0.0,0.8338124206339279,32.5295,1.172188573835961,-2.0470255840727822,1.0,-0.03522254242715339,0.7606258100578955,32.5295,1.172188573835961,34.87387714767192,30.185122852328078,1.0,-0.03522254242715339,0.8871052091459224
2023-08-21,30.14,30.47,29.84,29.85,9708522.0,295487739.0,1787026807.0,0.005432779162556793,-0.009293063391968004,1.325488454706927,32.321999999999996,32.029833333333336,1.0,-0.009293063391968004,0.7879477567929807,-0.12205882352941178,0.0,-0.0,1.5794678136326468,34.89,30.11,0.0,-0.0,0.8338124206339279,32.321999999999996,1.2620517964180786,-1.9587151708162518,1.0,-0.009293063391968004,0.7535572661874606,32.321999999999996,1.2620517964180786,34.84610359283615,29.79789640716384,1.0,-0.009293063391968004,0.8788612842019843
2023-08-22,30.1,30.73,29.78,30.64,15661587.0,478308515.0,1787026807.0,0.008764047040957455,0.02646566164154107,1.3605683836589697,32.160999999999994,32.0415,1.0,0.02646566164154107,0.808801315515475,-0.0950974601299468,0.0,0.0,1.5794678136326468,34.49,29.84,0.0,0.0,0.8338124206339279,32.160999999999994,1.2609098636343958,-1.2062717913998424,1.0,0.02646566164154107,0.7735006578219026,32.160999999999994,1.2609098636343958,34.682819727268786,29.639180272731203,1.0,0.02646566164154107,0.9021209295795243
2023-08-23,30.47,30.5,29.27,29.82,17926934.0,541106990.0,1787026807.0,0.010031709613855837,-0.026762402088772896,1.3241563055062164,31.959500000000002,32.025999999999996,1.0,-0.026762402088772896,0.7871558494997214,-0.11905465288035455,0.0,-0.0,1.5794678136326468,34.3,29.78,0.0,-0.0,0.8338124206339279,31.959500000000002,1.2982477056644972,-1.6479905881327297,1.0,-0.026762402088772896,0.7527999222013425,31.959500000000002,1.2982477056644972,34.55599541132899,29.363004588671007,1.0,-0.026762402088772896,0.8779780065294195
2023-08-24,29.97,30.86,29.95,30.59,16377370.0,503722375.0,1787026807.0,0.009164591116287603,0.025821596244131495,1.3583481349911188,31.830000000000002,32.020833333333336,0.0,-0.0006,0.7866835559900215,-0.07805907172995785,0.0,0.0,1.5794678136326468,34.25,29.27,0.0,0.0,0.8338124206339279,31.830000000000002,1.2992710506887546,-0.954381304303415,1.0,0.025821596244131495,0.7722384178450392,31.830000000000002,1.2992710506887546,34.42854210137751,29.231457898622494,1.0,0.025821596244131495,0.9006488001252496
2023-08-25,30.33,30.33,29.29,29.55,16372206.0,490810759.0,1787026807.0,0.009161701400263325,-0.03399803857469763,1.3121669626998222,31.648000000000003,32.00083333333333,0.0,-0.0,0.7866835559900215,-0.10967158782765885,0.0,-0.0,1.5794678136326468,34.25,29.27,0.0,-0.0,0.8338124206339279,31.648000000000003,1.3525866058466445,-1.5511021556263087,1.0,-0.03399803857469763,0.7459838263262801,31.648000000000003,1.3525866058466445,34.35317321169329,28.942826788306714,1.0,-0.03399803857469763,0.8700285074763362
2023-08-28,31.16,31.6,29.75,29.81,22927092.0,704540114.0,1787026807.0,0.01282974150706179,0.00879864636209815,1.3237122557726464,31.503499999999995,31.99566666666667,0.0,0.0,0.7866835559900215,-0.08837920489296647,0.0,0.0,1.5794678136326468,34.25,29.27,0.0,0.0,0.8338124206339279,31.503499999999995,1.3881880465670087,-1.2199355873925186,1.0,0.00879864636209815,0.7525474742059699,31.503499999999995,1.3881880465670087,34.279876093134014,28.727123906865977,1.0,0.00879864636209815,0.8776835806385646
2023-08-29,29.77,30.98,29.74,30.8,20601528.0,634528607.0,1787026807.0,0.01152838218167815,0.03321033210332103,1.3676731793960921,31.398000000000003,32.0075,0.0,0.0,0.7866835559900215,-0.06411425098754164,0.0,0.0,1.5794678136326468,34.25,29.27,0.0,0.0,0.8338124206339279,31.398000000000003,1.3554630205210112,-0.44117765733671144,1.0,0.03321033210332103,0.7775398257478656,31.398000000000003,1.3554630205210112,34.108926041042025,28.68707395895798,1.0,0.03321033210332103,0.9068317438332032
2023-08-30,31.72,32.42,31.37,32.21,43429720.0,1404973118.0,1787026807.0,0.024302780366741304,0.0457792207792207,1.4302841918294846,31.355,32.03483333333333,0.0,0.0,0.7866835559900215,-0.026005442999697648,0.0,0.0,1.5794678136326468,34.25,29.27,0.0,0.0,0.8338124206339279,31.355,1.3125928538583247,0.6513824888553639,1.0,0.0457792207792207,0.8131349930954139,31.355,1.3125928538583247,33.98018570771665,28.72981429228335,1.0,0.0457792207792207,0.9483457944437491
2023-08-31,31.72,33.04,31.63,32.32,34077998.0,1115808619.0,1787026807.0,0.019069662450788293,0.0034150884818380245,1.4351687388987564,31.323,32.088166666666666,0.0,0.0,0.7866835559900215,-0.01941747572815533,0.0,0.0,1.5794678136326468,34.25,29.27,0.0,0.0,0.8338124206339279,31.323,1.278770379783042,0.779655218608639,0.0,-0.0006,0.8126471120995566,31.323,1.278770379783042,33.88054075956609,28.765459240433916,0.0,-0.0006,0.9477767869670828
2023-09-01,32.41,32.73,31.87,32.1,19011258.0,617430570.0,1787026807.0,0.01063848506666526,-0.0068069306930692575,1.4253996447602129,31.226499999999998,32.1055,0.0,-0.0,0.7866835559900215,-0.05671466353217747,0.0,-0.0,1.5794678136326468,34.25,29.27,0.0,-0.0,0.8338124206339279,31.226499999999998,1.1276303752373067,0.7746332656356281,0.0,-0.0,0.8126471120995566,31.226499999999998,1.1276303752373067,33.48176075047461,28.971239249525386,0.0,-0.0,0.9477767869670828
2023-09-04,32.26,33.33,32.22,33.33,31936654.0,1055290431.0,1787026807.0,0.017871390554915163,0.03831775700934559,1.4800177619893422,31.215000000000003,32.146499999999996,0.0,0.0,0.7866835559900215,-0.0068533969010727835,0.0,0.0,1.5794678136326468,34.14,29.27,0.0,0.0,0.8338124206339279,31.215000000000003,1.1034944494649408,1.9166385485903532,0.0,0.0,0.8126471120995566,31.215000000000003,1.1034944494649408,33.42198889892988,29.00801110107012,0.0,0.0,0.9477767869670828
2023-09-05,33.65,34.13,32.75,33.02,47374179.0,1598253095.0,1787026807.0,0.026510055033550483,-0.009300930093009141,1.4662522202486674,31.23,32.1745,0.0,-0.0,0.7866835559900215,0.009168704156479413,0.0,-0.0,1.5794678136326468,33.98,29.27,0.0,-0.0,0.8338124206339279,31.23,1.1268213326829628,1.5885393256959475,0.0,-0.0,0.8126471120995566,31.23,1.1268213326829628,33.48364266536593,28.976357334634073,0.0,-0.0,0.9477767869670828
2023-09-06,33.03,33.51,32.82,33.37,33186679.0,1111018919.0,1787026807.0,0.018570890414180564,0.010599636583888294,1.4817939609236226,31.290000000000003,32.194833333333335,0.0,0.0,0.7866835559900215,0.03730183400683851,1.0,0.009999636583888295,1.5952619177649219,34.13,29.27,0.0,0.0,0.8338124206339279,31.290000000000003,1.2084962382625253,1.721147268931879,0.0,0.0,0.8126471120995566,31.290000000000003,1.2084962382625253,33.70699247652505,28.873007523474953,0.0,0.0,0.9477767869670828
2023-09-07,32.84,33.06,32.22,32.23,30042496.0,988470105.0,1787026807.0,0.016811441150362105,-0.0341624213365298,1.4311722912966245,31.2875,32.18233333333333,0.0,-0.0,0.7866835559900215,-0.0015489467162330683,1.0,-0.0341624213365298,1.5407639079881161,34.13,29.29,0.0,-0.0,0.8338124206339279,31.2875,1.2063903313517081,0.7812562613494797,0.0,-0.0,0.8126471120995566,31.2875,1.2063903313517081,33.70028066270342,28.874719337296586,0.0,-0.0,0.9477767869670828
2023-09-08,32.02,32.55,31.67,32.2,19998103.0,648289139.0,1787026807.0,0.011190712373012545,-0.000930809804529753,1.4298401420959144,31.321999999999996,32.18416666666666,0.0,-0.0,0.7866835559900215,0.021897810218978186,0.0,-0.0006,1.5398394496433232,34.13,29.29,0.0,-0.0,0.8338124206339279,31.321999999999996,1.2228422457106543,0.7179994010509163,0.0,-0.0,0.8126471120995566,31.321999999999996,1.2228422457106543,33.767684491421306,28.87631550857869,0.0,-0.0,0.9477767869670828
2023-09-11,32.18,32.7,32.17,32.41,17052402.0,557492571.0,1787026807.0,0.00954233139268179,0.006521739130434634,1.4391651865008874,31.357999999999997,32.1955,0.0,0.0,0.7866835559900215,0.02272010097822652,1.0,0.005921739130434634,1.5489579771668631,34.13,29.74,0.0,0.0,0.8338124206339279,31.357999999999997,1.244650024790289,0.8452175141982189,0.0,0.0,0.8126471120995566,31.357999999999997,1.244650024790289,33.847300049580575,28.86869995041942,0.0,0.0,0.9477767869670828
2023-09-12,32.74,33.11,32.03,32.22,19733664.0,646059354.0,1787026807.0,0.011042735297926619,-0.005862388151804954,1.4307282415630544,31.424,32.19983333333333,0.0,-0.0,0.7866835559900215,0.042718446601941684,1.0,-0.005862388151804954,1.5398773842738764,34.13,29.74,0.0,-0.0,0.8338124206339279,31.424,1.2540477620384436,0.634744564039657,0.0,-0.0,0.8126471120995566,31.424,1.2540477620384436,33.932095524076885,28.915904475923114,0.0,-0.0,0.9477767869670828
2023-09-13,31.83,31.98,30.64,30.87,37496877.0,1179947877.0,1787026807.0,0.02098282849094384,-0.04189944134078205,1.370781527531083,31.434999999999995,32.164,0.0,-0.0,0.7866835559900215,0.007177814029363905,1.0,-0.04189944134078205,1.4753573821394963,34.13,31.37,0.0,-0.0,0.8338124206339279,31.434999999999995,1.247850783927034,-0.4527784950552482,0.0,-0.0,0.8126471120995566,31.434999999999995,1.247850783927034,33.930701567854065,28.939298432145925,0.0,-0.0,0.9477767869670828
2023-09-14,30.92,31.19,30.12,30.29,24047314.0,739899471.0,1787026807.0,0.01345660507486724,-0.018788467768059647,1.3450266429840136,31.387999999999998,32.11033333333333,0.0,-0.0,0.7866835559900215,-0.030099263528658327,1.0,-0.018788467768059647,1.4476376775187996,34.13,30.64,0.0,-0.0,0.8338124206339279,31.387999999999998,1.2734189371426932,-0.8622456977620417,0.0,-0.0,0.8126471120995566,31.387999999999998,1.2734189371426932,33.934837874285385,28.84116212571461,0.0,-0.0,0.9477767869670828
2023-09-15,30.43,30.88,29.97,30.26,23847665.0,729741645.0,1787026807.0,0.013344883751371727,-0.0009904258831296975,1.3436944937833033,31.394500000000004,32.06033333333333,0.0,-0.0,0.7866835559900215,0.004314636574842545,0.0,-0.0006,1.4467690949122882,34.13,30.12,0.0,-0.0,0.8338124206339279,31.394500000000004,1.2669751586481566,-0.895439813682296,0.0,-0.0,0.8126471120995566,31.394500000000004,1.2669751586481566,33.92845031729632,28.86054968270369,0.0,-0.0,0.9477767869670828
2023-09-18,30.04,30.2,29.51,29.75,22203512.0,668219368.0,1787026807.0,0.012424834318671751,-0.016853932584269704,1.321047957371225,31.389499999999998,32.02733333333333,0.0,-0.0,0.7866835559900215,-0.003350083752093891,1.0,-0.017453932584269704,1.4215172846646842,34.13,29.97,0.0,-0.0,0.8338124206339279,31.389499999999998,1.2735713357988092,-1.2873248273695412,0.0,-0.0,0.8126471120995566,31.389499999999998,1.2735713357988092,33.93664267159762,28.84235732840238,0.0,-0.0,0.9477767869670828
2023-09-19,29.75,29.75,28.72,28.98,27498455.0,804935446.0,1787026807.0,0.015387824565521473,-0.025882352941176467,1.2868561278863229,31.3065,31.980833333333333,0.0,-0.0,0.7866835559900215,-0.054177545691906026,0.0,-0.0006,1.4206643742938854,34.13,29.51,0.0,-0.0,0.8338124206339279,31.3065,1.375037894214648,-1.6919533707314869,0.0,-0.0,0.8126471120995566,31.3065,1.375037894214648,34.0565757884293,28.556424211570704,0.0,-0.0,0.9477767869670828
2023-09-20,28.76,29.08,28.57,28.58,17012258.0,494308510.0,1787026807.0,0.00951986726408408,-0.013802622498274797,1.2690941385435164,31.2445,31.94366666666667,0.0,-0.0,0.7866835559900215,-0.041582830315224695,0.0,-0.0,1.4206643742938854,34.13,28.72,0.0,-0.0,0.8338124206339279,31.2445,1.470250515710606,-1.8122761879884026,1.0,-0.014402622498274797,0.8009428625196735,31.2445,1.470250515710606,34.18500103142121,28.303998968578785,0.0,-0.0,0.9477767869670828
2023-09-21,28.55,30.1,28.45,29.6,35437936.0,1051424298.0,1787026807.0,0.019830668382357402,0.03568929321203651,1.314387211367673,31.195,31.927,0.0,0.0,0.7866835559900215,-0.032363517489375604,0.0,0.0,1.4206643742938854,34.13,28.57,0.0,0.0,0.8338124206339279,31.195,1.509585164348466,-1.0565816607560514,1.0,0.03568929321203651,0.829527947186226,31.195,1.509585164348466,34.21417032869693,28.17582967130307,0.0,0.0,0.9477767869670828
2023-09-22,29.54,30.02,29.2,29.92,25569850.0,766444351.0,1787026807.0,0.01430859900916976,0.010810810810810922,1.3285968028419182,31.2135,31.910666666666668,0.0,0.0,0.7866835559900215,0.012521150592216701,0.0,0.0,1.4206643742938854,34.13,28.45,0.0,0.0,0.8338124206339279,31.2135,1.4905113040055595,-0.8678230057859215,1.0,0.010810810810810922,0.8384958168855366,31.2135,1.4905113040055595,34.19452260801112,28.23247739198888,0.0,0.0,0.9477767869670828
2023-09-25,29.93,30.04,29.66,29.9,17211251.0,518165894.0,1787026807.0,0.009631221497395254,-0.0006684491978610207,1.3277087033747779,31.218,31.886,0.0,-0.0,0.7866835559900215,0.0030191211003018914,1.0,-0.0012684491978610206,1.4188623337078825,34.13,28.45,0.0,-0.0,0.8338124206339279,31.218,1.4861805514737705,-0.8868370661243058,1.0,-0.0006684491978610207,0.8379353250293297,31.218,1.4861805514737705,34.19036110294754,28.24563889705246,0.0,-0.0,0.9477767869670828
2023-09-26,29.85,30.17,29.7,29.94,16578882.0,500501666.0,1787026807.0,0.00927735495352309,0.0013377926421405117,1.3294849023090585,31.175,31.853166666666667,0.0,0.0,0.7866835559900215,-0.027922077922077904,1.0,0.0013377926421405117,1.4207604772981273,34.13,28.45,0.0,0.0,0.8338124206339279,31.175,1.51114282302464,-0.8172622608418146,1.0,0.0013377926421405117,0.8390563087417435,31.175,1.51114282302464,34.19728564604928,28.15271435395072,0.0,0.0,0.9477767869670828
2023-09-27,29.91,30.71,29.84,30.27,19994002.0,611482466.0,1787026807.0,0.011188417499771732,0.011022044088176308,1.3441385435168738,31.077999999999996,31.831833333333332,0.0,0.0,0.7866835559900215,-0.06022974231605094,0.0,-0.0006,1.4199080210117483,34.13,28.45,0.0,0.0,0.8338124206339279,31.077999999999996,1.5034542682908685,-0.5374290505813211,1.0,0.011022044088176308,0.8483044243691575,31.077999999999996,1.5034542682908685,34.084908536581736,28.07109146341826,0.0,0.0,0.9477767869670828
2023-09-28,30.35,30.68,30.05,30.23,15808839.0,483513752.0,1788617465.0,0.00883858024946659,-0.0013214403700032573,1.3423623445825932,30.9735,31.812,0.0,-0.0,0.7866835559900215,-0.06466584158415845,0.0,-0.0,1.4199080210117483,34.13,28.45,0.0,-0.0,0.8338124206339279,30.9735,1.4851059682197854,-0.5006376756341795,1.0,-0.0013214403700032573,0.8471834406567438,30.9735,1.4851059682197854,33.94371193643957,28.00328806356043,0.0,-0.0,0.9477767869670828
2023-10-09,30.18,30.47,29.94,30.18,15206986.0,463607393.0,1788617465.0,0.008502089629321606,-0.0016539861065166805,1.3401420959147423,30.877499999999998,31.807000000000002,0.0,-0.0,0.7866835559900215,-0.059813084112149584,0.0,-0.0,1.4199080210117483,34.13,28.45,0.0,-0.0,0.8338124206339279,30.877499999999998,1.4704380836657667,-0.4743484324488844,1.0,-0.0016539861065166805,0.8457822110162265,30.877499999999998,1.4704380836657667,33.81837616733153,27.936623832668463,0.0,-0.0,0.9477767869670828
2023-10-10,30.18,30.42,29.97,30.19,16801540.0,511380770.0,1788617465.0,0.009393590484704341,0.00033134526176281653,1.3405861456483126,30.720499999999998,31.805333333333337,0.0,0.0,0.7866835559900215,-0.09420942094209417,0.0,0.0,1.4199080210117483,34.13,28.45,0.0,0.0,0.8338124206339279,30.720499999999998,1.3581429852636875,-0.3906068843679211,1.0,0.00033134526176281653,0.84606245694433,30.720499999999998,1.3581429852636875,33.436785970527374,28.00421402947262,0.0,0.0,0.9477767869670828
2023-10-11,30.24,30.65,30.0,30.62,26654744.0,815072181.0,1788617465.0,0.01490242856372869,0.014243126863199729,1.3596802841918294,30.6005,31.790166666666668,0.0,0.0,0.7866835559900215,-0.07268322228952151,0.0,0.0,1.4199080210117483,34.13,28.45,0.0,0.0,0.8338124206339279,30.6005,1.245642827070216,0.015654567726982573,1.0,0.014243126863199729,0.8581130318527785,30.6005,1.245642827070216,33.09178565414043,28.10921434585957,0.0,0.0,0.9477767869670828
2023-10-12,30.6,30.62,29.69,30.17,29958669.0,906534722.0,1788617465.0,0.01674962343051928,-0.014696276943174325,1.3396980461811723,30.440499999999997,31.77466666666667,0.0,-0.0,0.7866835559900215,-0.09589451603236432,0.0,-0.0,1.4199080210117483,33.51,28.45,0.0,-0.0,0.8338124206339279,30.440499999999997,1.0633634571985051,-0.25438150819348576,0.0,-0.0006,0.8575981640336668,30.440499999999997,1.0633634571985051,32.567226914397004,28.313773085602985,0.0,-0.0,0.9477767869670828
2023-10-13,29.84,30.36,29.64,30.27,21798728.0,662202236.0,1788617465.0,0.012187473524418482,0.0033145508783558597,1.3441385435168738,30.342499999999994,31.734666666666666,0.0,0.0,0.7866835559900215,-0.06081290722928945,0.0,0.0,1.4199080210117483,33.11,28.45,0.0,0.0,0.8338124206339279,30.342499999999994,0.9765345548632646,-0.07424212449926668,0.0,0.0,0.8575981640336668,30.342499999999994,0.9765345548632646,32.29556910972652,28.389430890273466,0.0,0.0,0.9477767869670828
2023-10-16,30.18,30.22,29.19,29.41,20282410.0,604310470.0,1788617465.0,0.011339713715699406,-0.02841096795507103,1.3059502664298401,30.203000000000003,31.651500000000002,0.0,-0.0,0.7866835559900215,-0.08664596273291936,0.0,-0.0,1.4199080210117483,33.11,29.2,0.0,-0.0,0.8338124206339279,30.203000000000003,0.8929201060505659,-0.8880973724597656,0.0,-0.0,0.8575981640336668,30.203000000000003,0.8929201060505659,31.988840212101135,28.41715978789887,0.0,-0.0,0.9477767869670828
2023-10-17,29.53,29.64,29.07,29.57,15089759.0,447419227.0,1788617465.0,0.008436549063888292,0.005440326419585251,1.3130550621669628,30.061,31.566333333333333,0.0,0.0,0.7866835559900215,-0.08762727553224303,0.0,0.0,1.4199080210117483,33.11,29.19,0.0,0.0,0.8338124206339279,30.061,0.7353974936618174,-0.667666131897089,0.0,0.0,0.8575981640336668,30.061,0.7353974936618174,31.531794987323636,28.590205012676364,0.0,0.0,0.9477767869670828
2023-10-18,29.42,29.97,28.86,28.87,15787195.0,464855077.0,1788617465.0,0.008826479282980724,-0.023672641190395693,1.2819715808170515,29.8935,31.460166666666666,0.0,-0.0,0.7866835559900215,-0.10397268777157043,0.0,-0.0,1.4199080210117483,33.11,29.07,0.0,-0.0,0.8338124206339279,29.8935,0.5836119384802751,-1.7537338298205334,0.0,-0.0,0.8575981640336668,29.8935,0.5836119384802751,31.06072387696055,28.726276123039447,0.0,-0.0,0.9477767869670828
2023-10-19,28.65,29.74,28.65,28.87,19729374.0,581652217.0,1788617465.0,0.011030516242890427,0.0,1.2819715808170515,29.7935,31.360500000000002,0.0,0.0,0.7866835559900215,-0.06478781988986071,0.0,0.0,1.4199080210117483,31.98,28.86,0.0,0.0,0.8338124206339279,29.7935,0.5788125321451474,-1.5955079558789111,1.0,-0.0006,0.8570836051352466,29.7935,0.5788125321451474,30.951125064290295,28.635874935709708,0.0,0.0,0.9477767869670828
2023-10-20,28.85,29.04,28.08,28.2,18195644.0,521260206.0,1788617465.0,0.010173021540969914,-0.02320748181503296,1.2522202486678509,29.689000000000004,31.2695,0.0,-0.0,0.7866835559900215,-0.06899966985803896,0.0,-0.0,1.4199080210117483,31.19,28.65,0.0,-0.0,0.8338124206339279,29.689000000000004,0.666482518426606,-2.234117113101707,1.0,-0.02320748181503296,0.8371928529551075,29.689000000000004,0.666482518426606,31.021965036853217,28.35603496314679,0.0,-0.0,0.9477767869670828
2023-10-23,27.97,28.2,27.18,27.46,19324693.0,536368968.0,1788617465.0,0.010804262721431047,-0.026241134751773032,1.219360568383659,29.548999999999996,31.157666666666664,0.0,-0.0,0.7866835559900215,-0.09253139458030402,0.0,-0.0,1.4199080210117483,30.88,28.08,0.0,-0.0,0.8338124206339279,29.548999999999996,0.8172540673047501,-2.5561206527724956,1.0,-0.026241134751773032,0.8152239624874912,29.548999999999996,0.8172540673047501,31.183508134609497,27.914491865390495,1.0,-0.026841134751773032,0.9223373825134968
2023-10-24,27.46,28.41,27.08,28.03,20936850.0,588024972.0,1788617465.0,0.011705605256404001,0.020757465404224407,1.2446714031971582,29.463000000000005,31.05816666666667,0.0,0.0,0.7866835559900215,-0.05781512605042016,0.0,0.0,1.4199080210117483,30.71,27.18,0.0,0.0,0.8338124206339279,29.463000000000005,0.8828548190834004,-1.6231434308619124,1.0,0.020757465404224407,0.83214594568552,29.463000000000005,0.8828548190834004,31.228709638166805,27.697290361833204,1.0,0.020757465404224407,0.9414827688220436
2023-10-25,28.2,28.62,27.8,28.04,15254827.0,432522108.0,1788617465.0,0.008528837103801847,0.0003567606136281043,1.2451154529307282,29.416000000000004,30.961166666666667,0.0,0.0,0.7866835559900215,-0.03243616287094553,0.0,0.0,1.4199080210117483,30.71,27.08,0.0,0.0,0.8338124206339279,29.416000000000004,0.9334903376715528,-1.474037753226481,1.0,0.0003567606136281043,0.8324428225837309,29.416000000000004,0.9334903376715528,31.282980675343108,27.5490193246569,1.0,0.0003567606136281043,0.9418186527923689
2023-10-26,27.86,28.25,27.48,27.84,15470286.0,434026614.0,1788617465.0,0.008649298300349538,-0.007132667617688937,1.2362344582593252,29.379,30.861,0.0,-0.0,0.7866835559900215,-0.025892232330300802,0.0,-0.0,1.4199080210117483,30.71,27.08,0.0,-0.0,0.8338124206339279,29.379,0.9817862346387567,-1.5675510062190563,1.0,-0.007132667617688937,0.8265052846195103,29.379,0.9817862346387567,31.342572469277513,27.41542753072249,1.0,-0.007132667617688937,0.9351009733858613
2023-10-27,27.74,28.41,27.54,28.26,19462925.0,550575924.0,1788617465.0,0.01088154699417519,0.015086206896551824,1.254884547069272,29.312,30.779,0.0,0.0,0.7866835559900215,-0.04527027027027031,0.0,0.0,1.4199080210117483,30.71,27.08,0.0,0.0,0.8338124206339279,29.312,1.0111931462125308,-1.0403551526632797,1.0,0.015086206896551824,0.8389741143443737,29.312,1.0111931462125308,31.334386292425062,27.28961370757494,1.0,0.015086206896551824,0.9492081001395274
2023-10-30,28.35,30.46,28.31,30.34,50853794.0,1530503452.0,1788617465.0,0.028431900613248233,0.07360226468506714,1.3472468916518652,29.333000000000006,30.731499999999997,0.0,0.0,0.7866835559900215,0.014037433155080103,0.0,0.0,1.4199080210117483,30.71,27.08,0.0,0.0,0.8338124206339279,29.333000000000006,1.0286941134016456,0.9789110162884922,1.0,0.07360226468506714,0.9007245091722681,29.333000000000006,1.0286941134016456,31.390388226803296,27.275611773196715,1.0,0.07360226468506714,1.0190719659672065
2023-10-31,30.35,30.66,30.08,30.53,28114803.0,861090852.0,1788617465.0,0.01571873446958654,0.006262359920896632,1.3556838365896984,29.364500000000003,30.695333333333334,0.0,0.0,0.7866835559900215,0.02107023411371256,1.0,0.005662359920896632,1.427948051281285,30.71,27.08,0.0,0.0,0.8338124206339279,29.364500000000003,1.0562469557725498,1.1034351328828582,0.0,-0.0006,0.9001840744667647,29.364500000000003,1.0562469557725498,31.4769939115451,27.252006088454905,0.0,-0.0006,1.0184605227876262
2023-11-01,30.34,30.78,30.15,30.31,16118068.0,494472192.0,1788617465.0,0.00901146741290486,-0.00720602685882743,1.3459147424511548,29.383,30.652,0.0,-0.0,0.7866835559900215,0.012358049432197538,1.0,-0.00720602685882743,1.4176582192707419,30.71,27.08,0.0,-0.0,0.8338124206339279,29.383,1.0700078701136246,0.8663487679782776,0.0,-0.0,0.9001840744667647,29.383,1.0700078701136246,31.523015740227248,27.24298425977275,0.0,-0.0,1.0184605227876262
2023-11-02,30.51,30.74,30.23,30.28,21628910.0,665345549.0,1788617465.0,0.012092529802061392,-0.0009897723523588642,1.3445825932504445,29.383499999999998,30.6055,0.0,-0.0,0.7866835559900215,0.00033036009250086984,1.0,-0.0009897723523588642,1.4162550603602133,30.78,27.08,0.0,-0.0,0.8338124206339279,29.383499999999998,1.0704464144998673,0.837501053631783,0.0,-0.0,0.9001840744667647,29.383499999999998,1.0704464144998673,31.524392828999733,27.242607171000262,0.0,-0.0,1.0184605227876262
2023-11-03,30.29,31.1,30.18,31.01,28137381.0,873607266.0,1788617465.0,0.015731357627104463,0.024108322324966958,1.376998223801066,29.422500000000003,30.573,0.0,0.0,0.7866835559900215,0.025802183261660616,1.0,0.024108322324966958,1.4503985938497428,30.78,27.08,0.0,0.0,0.8338124206339279,29.422500000000003,1.116144090867654,1.4223074000830196,0.0,0.0,0.9001840744667647,29.422500000000003,1.116144090867654,31.654788181735313,27.190211818264693,0.0,0.0,1.0184605227876262
2023-11-06,31.52,31.97,30.95,31.6,29800209.0,947491924.0,1788617465.0,0.016661029864202963,0.01902612060625608,1.4031971580817055,29.4935,30.532499999999995,0.0,0.0,0.7866835559900215,0.04705102717031151,1.0,0.01902612060625608,1.4779940524234723,31.1,27.08,1.0,0.01842612060625608,0.8491763488595231,29.4935,1.208231744065789,1.743456924009853,0.0,0.0,0.9001840744667647,29.4935,1.208231744065789,31.90996348813158,27.07703651186842,0.0,0.0,1.0184605227876262
2023-11-07,31.43,32.07,31.38,31.99,24152189.0,774988216.0,1788617465.0,0.013503272484259232,0.012341772151898578,1.4205150976909415,29.583499999999997,30.50633333333333,0.0,0.0,0.7866835559900215,0.059622391520370854,1.0,0.012341772151898578,1.496235118260344,31.97,27.08,1.0,0.012341772151898578,0.8596566898739285,29.583499999999997,1.3243082603460923,1.8171751034544563,0.0,0.0,0.9001840744667647,29.583499999999997,1.3243082603460923,32.23211652069218,26.934883479307814,0.0,0.0,1.0184605227876262
2023-11-08,31.78,32.09,31.42,31.63,21041343.0,674057575.0,1788617465.0,0.011764026356524479,-0.011253516723976231,1.4045293072824159,29.633999999999997,30.488166666666665,0.0,-0.0,0.7866835559900215,0.03298497713912463,1.0,-0.011253516723976231,1.4793972113340006,32.07,27.48,1.0,-0.011253516723976231,0.8499825289375542,29.633999999999997,1.3838329683203712,1.4423706080818768,0.0,-0.0,0.9001840744667647,29.633999999999997,1.3838329683203712,32.40166593664074,26.866334063359254,0.0,-0.0,1.0184605227876262
2023-11-09,31.71,31.96,31.13,31.29,21670980.0,686382089.0,1788617465.0,0.0121160507621455,-0.010749288650015787,1.3894316163410305,29.690000000000005,30.4735,0.0,-0.0,0.7866835559900215,0.037122969837587005,1.0,-0.010749288650015787,1.463494743681343,32.09,27.48,1.0,-0.010749288650015787,0.8408458213865341,29.690000000000005,1.4286025560518014,1.1199755965871154,0.0,-0.0,0.9001840744667647,29.690000000000005,1.4286025560518014,32.547205112103605,26.8327948878964,0.0,-0.0,1.0184605227876262
2023-11-10,31.27,31.65,30.99,31.25,17057949.0,538206187.0,1788617465.0,0.009536946459370506,-0.0012783636944710963,1.38765541740675,29.739000000000004,30.456333333333337,0.0,-0.0,0.7866835559900215,0.032375289065081025,1.0,-0.0012783636944710963,1.4616238651339715,32.09,27.54,1.0,-0.0012783636944710963,0.8397709146158258,29.739000000000004,1.4658638552420589,1.030791498539599,0.0,-0.0,0.9001840744667647,29.739000000000004,1.4658638552420589,32.67072771048412,26.807272289515886,0.0,-0.0,1.0184605227876262
2023-11-13,31.42,31.47,30.95,31.27,14387402.0,453095914.0,1788617465.0,0.008043867557784358,0.0006399999999999739,1.3885435168738902,29.832,30.452333333333332,0.0,0.0,0.7866835559900215,0.0632437946276776,1.0,0.0006399999999999739,1.4625593044076572,32.09,28.31,1.0,0.0006399999999999739,0.8403083680011799,29.832,1.5024387193037227,0.9571105839620622,0.0,0.0,0.9001840744667647,29.832,1.5024387193037227,32.836877438607445,26.827122561392557,0.0,0.0,1.0184605227876262
2023-11-14,31.27,31.53,31.08,31.4,13518473.0,427007294.0,1788617465.0,0.007558057138841591,0.00415733930284623,1.3943161634103023,29.9235,30.4475,0.0,0.0,0.7866835559900215,0.06188704768346298,1.0,0.00415733930284623,1.4686396596866147,32.09,30.08,1.0,0.00415733930284623,0.8438018150059818,29.9235,1.5408756054850126,0.9582214130356412,0.0,0.0,0.9001840744667647,29.9235,1.5408756054850126,33.00525121097002,26.841748789029975,0.0,0.0,1.0184605227876262
2023-11-15,31.7,31.94,31.32,31.53,19286610.0,615020125.0,1788617465.0,0.010782970857326388,0.0041401273885350864,1.4000888099467144,30.0565,30.458000000000002,0.0,0.0,0.7866835559900215,0.09213716660893656,1.0,0.0041401273885350864,1.4747200149655721,32.09,30.15,1.0,0.0041401273885350864,0.8472952620107838,30.0565,1.5598389761699158,0.9446487890808356,0.0,0.0,0.9001840744667647,30.0565,1.5598389761699158,33.176177952339835,26.93682204766017,0.0,0.0,1.0184605227876262
2023-11-16,31.41,31.82,31.23,31.42,12322108.0,392073181.0,1788617465.0,0.006889180185881725,-0.0034887408816999255,1.3952042628774426,30.184000000000005,30.470833333333335,0.0,-0.0,0.7866835559900215,0.08832698302736408,1.0,-0.0034887408816999255,1.4695750989603007,32.09,30.18,1.0,-0.0034887408816999255,0.8443392683913361,30.184000000000005,1.5619670459492572,0.7913099083654742,0.0,-0.0,0.9001840744667647,30.184000000000005,1.5619670459492572,33.30793409189852,27.06006590810149,0.0,-0.0,1.0184605227876262
2023-11-17,31.37,31.84,31.26,31.69,16308305.0,520323318.0,1788617465.0,0.009117827215222904,0.008593252705283216,1.4071936056838368,30.3585,30.4785,0.0,0.0,0.7866835559900215,0.1237588652482271,1.0,0.008593252705283216,1.4822035291550582,32.09,30.18,1.0,0.008593252705283216,0.8515948890936168,30.3585,1.5231175612089294,0.8741938468250364,0.0,0.0,0.9001840744667647,30.3585,1.5231175612089294,33.40473512241786,27.31226487758214,0.0,0.0,1.0184605227876262
2023-11-20,31.69,31.89,31.27,31.4,18187975.0,578099877.0,1788617465.0,0.010168733871778447,-0.009151151782896938,1.394316163410302,30.555500000000002,30.499666666666666,0.0,-0.0,0.7866835559900215,0.14348142753095394,1.0,-0.009151151782896938,1.4686396596866147,32.09,30.95,1.0,-0.009151151782896938,0.8438018150059818,30.555500000000002,1.3762094202631157,0.6136420718865139,0.0,-0.0,0.9001840744667647,30.555500000000002,1.3762094202631157,33.307918840526234,27.80308115947377,0.0,-0.0,1.0184605227876262
2023-11-21,31.4,32.48,31.26,31.41,29127901.0,934671631.0,1788617465.0,0.016285148484782352,0.0003184713375796733,1.3947602131438723,30.7245,30.52566666666667,1.0,-0.00028152866242032667,0.7864620820207555,0.12058508740635032,1.0,0.0003184713375796733,1.4691073793234577,32.09,30.95,1.0,0.0003184713375796733,0.8440705416986589,30.7245,1.2516493329329408,0.547677358157253,0.0,0.0,0.9001840744667647,30.7245,1.2516493329329408,33.22779866586588,28.22120133413412,0.0,0.0,1.0184605227876262
2023-11-22,31.2,31.77,30.73,31.09,18138348.0,572485562.0,1788617465.0,0.010140987860699438,-0.010187838268067462,1.3805506216696273,30.877,30.533166666666666,1.0,-0.010187838268067462,0.7784497335251604,0.10877318116975743,1.0,-0.010187838268067462,1.454140350944486,32.48,30.95,1.0,-0.010187838268067462,0.8354712875329929,30.877,1.081612344214783,0.1969282258466016,0.0,-0.0,0.9001840744667647,30.877,1.081612344214783,33.04022468842957,28.713775311570434,0.0,-0.0,1.0184605227876262
2023-11-23,31.12,31.45,30.76,31.23,17517130.0,548495791.0,1788617465.0,0.009793670442550442,0.004503055644901943,1.3867673179396096,31.046499999999998,30.55666666666667,1.0,0.004503055644901943,0.7819551359919833,0.12176724137931028,1.0,0.004503055644901943,1.4606884258602861,32.48,30.73,1.0,0.004503055644901943,0.8392334612304718,31.046499999999998,0.8128719391599122,0.22574281527007317,0.0,0.0,0.9001840744667647,31.046499999999998,0.8128719391599122,32.672243878319826,29.420756121680174,0.0,0.0,1.0184605227876262
2023-11-24,31.14,31.22,30.48,30.49,16604162.0,514246424.0,1788617465.0,0.009283238213264345,-0.02369516490553958,1.3539076376554178,31.157999999999998,30.555,1.0,-0.02369516490553958,0.7634265800959196,0.078910120311394,1.0,-0.02369516490553958,1.4260771727339137,32.48,30.73,1.0,-0.02369516490553958,0.8193476859723691,31.157999999999998,0.5052836618645868,-1.3220296843459376,0.0,-0.0,0.9001840744667647,31.157999999999998,0.5052836618645868,32.16856732372917,30.147432676270824,0.0,-0.0,1.0184605227876262
2023-11-27,30.29,30.68,30.14,30.61,14392762.0,442205013.0,1788617465.0,0.008046864285762748,0.003935716628402863,1.3592362344582598,31.171499999999998,30.572666666666667,1.0,0.003935716628402863,0.7664312107817678,0.008899143045484559,1.0,0.003935716628402863,1.4316898083760283,32.48,30.48,0.0,-0.0006,0.8188560773607856,31.171499999999998,0.4854978454068105,-1.156544782458312,0.0,0.0,0.9001840744667647,31.171499999999998,0.4854978454068105,32.14249569081362,30.20050430918638,0.0,0.0,1.0184605227876262
2023-11-28,30.67,31.01,30.28,30.53,13235579.0,407489680.0,1788617465.0,0.007399893637961318,-0.0026135249918326497,1.3556838365896986,31.171499999999998,30.584666666666667,1.0,-0.0026135249918326497,0.764428123657869,0.0,1.0,-0.0026135249918326497,1.4279480512812854,32.48,30.14,0.0,-0.0,0.8188560773607856,31.171499999999998,0.4854978454068105,-1.3213240925147023,0.0,-0.0,0.9001840744667647,31.171499999999998,0.4854978454068105,32.14249569081362,30.20050430918638,0.0,-0.0,1.0184605227876262
2023-11-29,30.52,30.98,30.44,30.51,13936801.0,432038878.0,1788617465.0,0.007791940575734007,-0.0006550933508024936,1.3547957371225583,31.1815,30.579833333333333,1.0,-0.0006550933508024936,0.7639273518768943,0.006598482349059909,0.0,-0.0006,1.4270912824505166,32.48,30.14,0.0,-0.0,0.8188560773607856,31.1815,0.46858437424800276,-1.4330396763179312,0.0,-0.0,0.9001840744667647,31.1815,0.46858437424800276,32.118668748496006,30.244331251503993,0.0,-0.0,1.0184605227876262
2023-11-30,30.51,30.51,29.94,30.27,12320730.0,374784678.0,1788617465.0,0.00688840975842758,-0.007866273352999054,1.3441385435168745,31.181,30.5475,1.0,-0.007866273352999054,0.757918090505198,-0.00033025099075301156,1.0,-0.008466273352999053,1.4150091375536085,32.48,30.14,0.0,-0.0,0.8188560773607856,31.181,0.46960117457030853,-1.9399440404585417,0.0,-0.0,0.9001840744667647,31.181,0.46960117457030853,32.12020234914062,30.241797650859382,0.0,-0.0,1.0184605227876262
2023-12-01,30.18,30.41,29.92,30.27,11813061.0,359366708.0,1788617465.0,0.006604576568864042,0.0,1.3441385435168745,31.144,30.513333333333335,1.0,0.0,0.757918090505198,-0.023863269912931417,0.0,-0.0006,1.4141601320710762,32.48,29.94,0.0,0.0,0.8188560773607856,31.144,0.5111020085636635,-1.7100304545000282,1.0,-0.0006,0.8996439640220847,31.144,0.5111020085636635,32.16620401712733,30.121795982872673,0.0,0.0,1.0184605227876262
2023-12-04,30.27,30.78,29.78,29.83,15121257.0,460336049.0,1788617465.0,0.008454159313489652,-0.014535844070036386,1.3246003552397874,31.055500000000002,30.4755,1.0,-0.014535844070036386,0.7469011113237547,-0.05601265822784818,0.0,-0.0,1.4141601320710762,32.48,29.92,0.0,-0.0,0.8188560773607856,31.055500000000002,0.5769837633398411,-2.1239765793516607,1.0,-0.014535844070036386,0.8865668796425102,31.055500000000002,0.5769837633398411,32.20946752667968,29.90153247332032,0.0,-0.0,1.0184605227876262
2023-12-05,29.81,29.81,29.06,29.18,15658076.0,463523489.0,1788617465.0,0.008754290006890882,-0.02179014415018432,1.295737122557727,30.915000000000003,30.406333333333336,1.0,-0.02179014415018432,0.7306260284420772,-0.08783994998437006,0.0,-0.0,1.4141601320710762,32.48,29.78,0.0,-0.0,0.8188560773607856,30.915000000000003,0.6717886572426648,-2.582657479096559,1.0,-0.02179014415018432,0.8672484595363208,30.915000000000003,0.6717886572426648,32.25857731448533,29.571422685514673,1.0,-0.02239014415018432,0.9956570448711392
2023-12-06,29.04,29.24,28.63,28.74,17023034.0,495285886.0,1788617465.0,0.009517425795682924,-0.015078821110349638,1.27619893428064,30.770500000000006,30.335,1.0,-0.015078821110349638,0.719609049260634,-0.09136895352513441,0.0,-0.0,1.4141601320710762,32.48,29.06,0.0,-0.0,0.8188560773607856,30.770500000000006,0.8070901273613156,-2.5158280731775067,1.0,-0.015078821110349638,0.8541713751567463,30.770500000000006,0.8070901273613156,32.38468025472264,29.156319745277376,1.0,-0.015078821110349638,0.9806437104042679
2023-12-07,28.78,28.92,28.32,28.47,16069643.0,462507369.0,1788617465.0,0.008984393429256825,-0.009394572025052228,1.2642095914742455,30.629499999999997,30.25333333333333,1.0,-0.009394572025052228,0.7128486302174756,-0.09012464046021096,0.0,-0.0,1.4141601320710762,32.48,28.63,0.0,-0.0,0.8188560773607856,30.629499999999997,0.945941330104508,-2.2829111397018833,1.0,-0.009394572025052228,0.8461468006510984,30.629499999999997,0.945941330104508,32.521382660209014,28.73761733979098,1.0,-0.009394572025052228,0.9714309824359606
2023-12-08,28.62,29.6,28.58,29.49,33888539.0,999989801.0,1788617465.0,0.018946778538808464,0.035827186512118026,1.3095026642984018,30.541499999999996,30.207666666666665,1.0,0.035827186512118026,0.7383879910471849,-0.05632000000000004,0.0,0.0,1.4141601320710762,32.48,28.32,0.0,0.0,0.8188560773607856,30.541499999999996,0.9668139482476432,-1.0875929147545378,1.0,0.035827186512118026,0.8764618598946572,30.541499999999996,0.9668139482476432,32.47512789649528,28.60787210350471,1.0,0.035827186512118026,1.0062346214273439
2023-12-11,29.19,30.04,28.85,29.94,23723060.0,703273631.0,1788617465.0,0.013263350305035738,0.015259409969481386,1.3294849023090594,30.475,30.17,1.0,0.015259409969481386,0.7496553561191156,-0.04253277902142627,0.0,0.0,1.4141601320710762,32.48,28.32,0.0,0.0,0.8188560773607856,30.475,0.9597834185513899,-0.557417423201039,1.0,0.015259409969481386,0.889836150737404,30.475,0.9597834185513899,32.39456683710278,28.55543316289722,1.0,0.015259409969481386,1.0215891680411897
2023-12-12,29.87,30.02,29.54,29.73,15228281.0,456447268.0,1788617465.0,0.008513995473034252,-0.007014028056112287,1.3201598579040859,30.3915,30.125333333333334,1.0,-0.007014028056112287,0.7443972524188813,-0.05318471337579611,0.0,-0.0,1.4141601320710762,32.48,28.32,0.0,-0.0,0.8188560773607856,30.3915,0.9476412545727909,-0.6980489682229095,1.0,-0.007014028056112287,0.8835948150107888,30.3915,0.9476412545727909,32.28678250914558,28.49621749085442,1.0,-0.007014028056112287,1.0144237129547284
2023-12-13,29.64,29.79,29.34,29.51,10851022.0,323474283.0,1788617465.0,0.006066709183117587,-0.007399932727884306,1.3103907637655423,30.2905,30.080166666666667,1.0,-0.007399932727884306,0.7388887628281597,-0.06406596891849026,0.0,-0.0,1.4141601320710762,32.48,28.32,0.0,-0.0,0.8188560773607856,30.2905,0.9273418435165687,-0.84165295188263,1.0,-0.007399932727884306,0.8770562728210016,30.2905,0.9273418435165687,32.14518368703314,28.435816312966864,1.0,-0.007399932727884306,1.0069170457212928
2023-12-14,29.62,29.88,29.37,29.54,10927226.0,326549759.0,1788617465.0,0.006109314156786454,0.0010166045408335211,1.3117229129662527,30.196499999999997,30.058,1.0,0.0010166045408335211,0.7396399204996217,-0.059834500318268646,0.0,0.0,1.4141601320710762,32.48,28.32,0.0,0.0,0.8188560773607856,30.196499999999997,0.9017542844220617,-0.7280253738087326,1.0,0.0010166045408335211,0.8779478922105179,30.196499999999997,0.9017542844220617,32.00000856884412,28.392991431155874,1.0,0.0010166045408335211,1.0079406821622157
2023-12-15,29.25,29.57,29.08,29.21,9171177.0,271083512.0,1788617465.0,0.0051275228937787435,-0.011171293161814422,1.2970692717584376,30.0725,30.040000000000003,1.0,-0.011171293161814422,0.7313771861135393,-0.07825812559166934,0.0,-0.0,1.4141601320710762,32.48,28.32,0.0,-0.0,0.8188560773607856,30.0725,0.854867641340096,-1.0089281173959752,1.0,-0.011171293161814422,0.8681400789258372,30.0725,0.854867641340096,31.782235282680194,28.36276471731981,1.0,-0.011171293161814422,0.9966806813120623
2023-12-18,29.11,29.18,28.81,28.93,7831012.0,228844742.0,1788617465.0,0.0043782486491598695,-0.009585758301951408,1.284635879218473,29.949,30.017833333333332,1.0,-0.009585758301951408,0.7243663811798936,-0.07866242038216553,0.0,-0.0,1.4141601320710762,32.48,28.32,0.0,-0.0,0.8188560773607856,29.949,0.8310798302271397,-1.2261156665557655,1.0,-0.009585758301951408,0.8598182979570171,29.949,0.8310798302271397,31.61115966045428,28.286840339545723,1.0,-0.009585758301951408,0.9871267411967807
2023-12-19,28.91,29.24,28.68,28.95,11518295.0,336279953.0,1788617465.0,0.0064397755391480535,0.0006913238852401804,1.2855239786856134,29.826,30.004500000000004,0.0,-0.0006,0.7239317613511856,-0.07831900668576885,0.0,0.0,1.4141601320710762,32.48,28.32,0.0,0.0,0.8188560773607856,29.826,0.7841884843245313,-1.1170783778526827,1.0,0.0006913238852401804,0.8604127108833614,29.826,0.7841884843245313,31.394376968649063,28.25762303135094,1.0,0.0006913238852401804,0.9878091654907293
2023-12-20,28.95,29.05,28.48,28.49,7820480.0,226348217.0,1788617465.0,0.004372360302318752,-0.015889464594127878,1.265097690941386,29.696000000000005,29.996333333333336,0.0,-0.0,0.7239317613511856,-0.08362817626246388,0.0,-0.0,1.4141601320710762,31.77,28.32,0.0,-0.0,0.8188560773607856,29.696000000000005,0.7791115047552143,-1.5479170730239886,1.0,-0.015889464594127878,0.8467412135774426,29.696000000000005,0.7791115047552143,31.254223009510433,28.137776990489577,1.0,-0.015889464594127878,0.9721134067299093
2023-12-21,28.35,28.84,28.31,28.62,12459460.0,358613655.0,1788617465.0,0.006965972458510015,0.0045630045630047356,1.2708703374777983,29.565500000000004,29.997,0.0,0.0,0.7239317613511856,-0.08357348703170031,0.0,0.0,1.4141601320710762,31.45,28.32,0.0,0.0,0.8188560773607856,29.565500000000004,0.7253781228107533,-1.3034581141437014,1.0,0.0045630045630047356,0.8506048975986806,29.565500000000004,0.7253781228107533,31.01625624562151,28.114743754378498,1.0,0.0045630045630047356,0.976549164640576
2023-12-22,28.55,28.87,28.26,28.32,14107014.0,405610278.0,1788617465.0,0.00788710513905219,-0.01048218029350112,1.2575488454706933,29.457,29.975666666666665,0.0,-0.0,0.7239317613511856,-0.0711708756969498,0.0,-0.0,1.4141601320710762,31.22,28.31,0.0,-0.0,0.8188560773607856,29.457,0.7419185655410915,-1.5325132067166571,1.0,-0.01048218029350112,0.8416887037035162,29.457,0.7419185655410915,30.940837131082183,27.973162868917818,1.0,-0.01048218029350112,0.9663128002313455
2023-12-25,28.15,28.67,28.15,28.54,10014090.0,288162269.0,1788617465.0,0.0055987880002055105,0.007768361581920846,1.2673179396092369,29.353499999999997,29.952666666666666,0.0,0.0,0.7239317613511856,-0.06762495916367206,0.0,0.0,1.4141601320710762,31.01,28.26,0.0,0.0,0.8188560773607856,29.353499999999997,0.7165581109132719,-1.1352882447498511,1.0,0.007768361581920846,0.8482272458933033,29.353499999999997,0.7165581109132719,30.78661622182654,27.920383778173452,1.0,0.007768361581920846,0.973819467464781
2023-12-26,28.54,28.55,27.62,27.7,13572870.0,382013475.0,1788617465.0,0.00758847001418495,-0.029432375613174466,1.2300177619893435,29.212,29.916,0.0,-0.0,0.7239317613511856,-0.0926957091385523,0.0,-0.0,1.4141601320710762,31.01,28.15,0.0,-0.0,0.8188560773607856,29.212,0.7506179910053122,-2.0143402078265664,1.0,-0.029432375613174466,0.8232619029868431,29.212,0.7506179910053122,30.713235982010623,27.710764017989376,1.0,-0.029432375613174466,0.945157647118936
2023-12-27,27.7,28.41,27.67,28.35,14477722.0,410576421.0,1788617465.0,0.00809436466058437,0.023465703971119245,1.2588809946714041,29.104000000000003,29.8895,0.0,0.0,0.7239317613511856,-0.07079646017699115,0.0,0.0,1.4141601320710762,30.98,27.62,0.0,0.0,0.8188560773607856,29.104000000000003,0.7082253581272901,-1.0646328761705877,1.0,0.023465703971119245,0.8425803230930327,29.104000000000003,0.7082253581272901,30.520450716254583,27.687549283745422,1.0,0.023465703971119245,0.9673364366722685
2023-12-28,28.36,29.06,28.26,28.99,13953146.0,405071990.0,1788617465.0,0.00780107891879497,0.022574955908289063,1.2873001776198942,29.040000000000003,29.86816666666667,0.0,0.0,0.7239317613511856,-0.04228609184010579,0.0,0.0,1.4141601320710762,30.78,27.62,0.0,0.0,0.8188560773607856,29.040000000000003,0.6529931086924177,-0.0765704864789867,1.0,0.022574955908289063,0.8616015367360498,29.040000000000003,0.6529931086924177,30.345986217384837,27.73401378261517,1.0,0.022574955908289063,0.9891740140786265
2023-12-29,29.0,29.66,28.97,29.6,17147857.0,510087387.0,1788827976.0,0.009586084984171782,0.02104173853052793,1.3143872113676742,29.0065,29.857666666666667,0.0,0.0,0.7239317613511856,-0.02213412619755528,0.0,0.0,1.4141601320710762,30.78,27.62,0.0,0.0,0.8188560773607856,29.0065,0.6017454873771244,0.9862973839437296,1.0,0.02104173853052793,0.8797311309895508,29.0065,0.6017454873771244,30.20999097475425,27.80300902524575,1.0,0.02104173853052793,1.0099879550440618
2024-01-02,29.63,29.72,29.27,29.27,10266068.0,304768733.0,1788827976.0,0.005738991192968686,-0.011148648648648729,1.299733570159859,28.978500000000004,29.842499999999998,0.0,-0.0,0.7239317613511856,-0.018773047267851117,0.0,-0.0,1.4141601320710762,30.78,27.62,0.0,-0.0,0.8188560773607856,28.978500000000004,0.5737895726518517,0.5080259626412975,0.0,-0.0006,0.8792032923109571,28.978500000000004,0.5737895726518517,30.126079145303706,27.830920854696302,0.0,-0.0006,1.0093819622710354
2024-01-03,29.15,29.29,27.42,27.74,28169627.0,797568725.0,1788827976.0,0.01574753267387406,-0.05227195080286984,1.2317939609236244,28.9065,29.801666666666666,0.0,-0.0,0.7239317613511856,-0.049348869088416736,0.0,-0.0,1.4141601320710762,30.04,27.62,0.0,-0.0,0.8188560773607856,28.9065,0.6343274515494763,-1.8389555696361313,0.0,-0.0,0.8792032923109571,28.9065,0.6343274515494763,30.175154903098953,27.63784509690105,0.0,-0.0,1.0093819622710354
2024-01-04,27.74,27.76,26.32,26.84,30149259.0,820091201.0,1788827976.0,0.01685419694039937,-0.03244412400865171,1.19182948490231,28.811499999999995,29.738666666666667,0.0,-0.0,0.7239317613511856,-0.06610995128740427,0.0,-0.0,1.4141601320710762,30.04,27.42,0.0,-0.0,0.8188560773607856,28.811499999999995,0.7849658054904345,-2.511574372043165,1.0,-0.03304412400865171,0.8501507896910189,28.811499999999995,0.7849658054904345,30.381431610980865,27.241568389019125,0.0,-0.0,1.0093819622710354
2024-01-05,26.75,27.15,26.33,26.5,16668022.0,448974706.0,1788827976.0,0.009317845105079015,-0.01266766020864385,1.1767317939609245,28.713,29.6775,0.0,-0.0,0.7239317613511856,-0.06919564453811022,0.0,-0.0,1.4141601320710762,30.04,26.32,0.0,-0.0,0.8188560773607856,28.713,0.9386333850757244,-2.3576830263942368,1.0,-0.01266766020864385,0.8393813683611028,28.713,0.9386333850757244,30.590266770151448,26.835733229848554,1.0,-0.01326766020864385,0.9959898253748891
2024-01-08,26.5,26.52,25.53,25.68,20775925.0,540118041.0,1788827976.0,0.011614266591725084,-0.030943396226415065,1.1403197158081715,28.5225,29.601,0.0,-0.0,0.7239317613511856,-0.12919633774160733,0.0,-0.0,1.4141601320710762,30.04,26.32,0.0,-0.0,0.8188560773607856,28.5225,1.1380772104043986,-2.4976337053528748,1.0,-0.030943396226415065,0.8134080580948347,28.5225,1.1380772104043986,30.7986544208088,26.246345579191203,1.0,-0.030943396226415065,0.9651705175708359
2024-01-09,25.88,26.2,25.21,25.56,23994809.0,620490436.0,1788827976.0,0.013413704012867025,-0.004672897196261738,1.1349911190053295,28.303499999999996,29.53683333333333,0.0,-0.0,0.7239317613511856,-0.14629258517034072,0.0,-0.0,1.4141601320710762,30.04,25.53,0.0,-0.0,0.8188560773607856,28.303499999999996,1.2652658343520877,-2.1683190405634227,1.0,-0.004672897196261738,0.8096070858607467,28.303499999999996,1.2652658343520877,30.83403166870417,25.77296833129582,1.0,-0.004672897196261738,0.9606603749653647
2024-01-10,25.24,25.58,24.93,25.39,15568820.0,396826141.0,1788827976.0,0.008703363436216742,-0.0066510172143974255,1.1274422735346368,28.086499999999994,29.467166666666667,0.0,-0.0,0.7239317613511856,-0.14598049108644462,0.0,-0.0,1.4141601320710762,30.02,25.21,0.0,-0.0,0.8188560773607856,28.086499999999994,1.3751335820278607,-1.9609004065070974,1.0,-0.0066510172143974255,0.8042223751957888,28.086499999999994,1.3751335820278607,30.836767164055715,25.336232835944273,1.0,-0.0066510172143974255,0.9542710062742806
2024-01-11,25.39,25.94,25.15,25.77,16807071.0,434529116.0,1788827976.0,0.009395577006561753,0.014966522252855441,1.144316163410303,27.8995,29.4155,0.0,0.0,0.7239317613511856,-0.12673669942392418,0.0,0.0,1.4141601320710762,29.88,24.93,0.0,0.0,0.8188560773607856,27.8995,1.4247676634232516,-1.494629654131472,1.0,0.014966522252855441,0.8162587872704008,27.8995,1.4247676634232516,30.749035326846503,25.049964673153497,1.0,0.014966522252855441,0.9685531245249394
2024-01-12,25.75,25.77,25.48,25.5,14440485.0,372916468.0,1788827976.0,0.008072595684851924,-0.010477299185098987,1.1323268206039085,27.6975,29.359333333333332,0.0,-0.0,0.7239317613511856,-0.13676371022342582,0.0,-0.0,1.4141601320710762,29.88,24.93,0.0,-0.0,0.8188560773607856,27.6975,1.465741683998317,-1.4992409808565728,1.0,-0.010477299185098987,0.8077065997437027,27.6975,1.465741683998317,30.628983367996636,24.766016632003367,1.0,-0.010477299185098987,0.9584053036626291
2024-01-15,25.25,26.23,25.18,25.9,19916189.0,521188135.0,1788827976.0,0.01113365246251046,0.015686274509803866,1.1500888099467148,27.532,29.321,0.0,0.0,0.7239317613511856,-0.11331735706949686,0.0,0.0,1.4141601320710762,29.72,24.93,0.0,0.0,0.8188560773607856,27.532,1.472826141167024,-1.1080737599529926,1.0,0.015686274509803866,0.8203765071906627,27.532,1.472826141167024,30.47765228233405,24.58634771766595,1.0,0.015686274509803866,0.973439112347533
2024-01-16,25.77,25.93,25.31,25.72,13836356.0,357440882.0,1788827976.0,0.0077348723217866315,-0.006949806949806958,1.1420959147424519,27.371500000000005,29.291999999999998,0.0,-0.0,0.7239317613511856,-0.11095748358105773,0.0,-0.0,1.4141601320710762,29.72,24.93,0.0,-0.0,0.8188560773607856,27.371500000000005,1.4872945236232373,-1.110405487123521,1.0,-0.006949806949806958,0.8146750488395307,27.371500000000005,1.4872945236232373,30.34608904724648,24.39691095275353,1.0,-0.006949806949806958,0.9666738984393262
2024-01-17,25.74,25.85,24.81,24.81,15506726.0,394844252.0,1788827976.0,0.008668651322568537,-0.03538102643856922,1.1016873889875674,27.164499999999997,29.238333333333333,0.0,-0.0,0.7239317613511856,-0.14300518134715023,0.0,-0.0,1.4141601320710762,29.72,24.93,0.0,-0.0,0.8188560773607856,27.164499999999997,1.5430914800455386,-1.5258330633323915,1.0,-0.03538102643856922,0.7858510093976966,27.164499999999997,1.5430914800455386,30.250682960091073,24.07831703990892,1.0,-0.03538102643856922,0.9324719836811696
2024-01-18,24.69,25.33,24.01,25.27,28435479.0,705529161.0,1788827976.0,0.015896150653672468,0.01854091092301502,1.1221136767317947,27.003499999999995,29.192166666666665,0.0,0.0,0.7239317613511856,-0.11302211302211296,0.0,0.0,1.4141601320710762,29.72,24.81,0.0,0.0,0.8188560773607856,27.003499999999995,1.5653359316603626,-1.107430018655012,1.0,0.01854091092301502,0.8004214029617007,27.003499999999995,1.5653359316603626,30.13417186332072,23.87282813667927,1.0,0.01854091092301502,0.9497608636688093
2024-01-19,25.36,26.39,25.35,25.91,29266447.0,767258411.0,1788827976.0,0.016360682744599474,0.0253264740799366,1.1505328596802848,26.868000000000002,29.16,0.0,0.0,0.7239317613511856,-0.0946890286512928,0.0,0.0,1.4141601320710762,29.72,24.01,0.0,0.0,0.8188560773607856,26.868000000000002,1.5350419161085351,-0.624087192634202,1.0,0.0253264740799366,0.8206932548768368,26.868000000000002,1.5350419161085351,29.93808383221707,23.797916167782933,1.0,0.0253264740799366,0.9738149575646556
2024-01-22,25.91,26.06,25.0,25.33,23251345.0,601030592.0,1788827976.0,0.012998088867098532,-0.022385179467387162,1.1247779751332154,26.7185,29.11116666666667,0.0,-0.0,0.7239317613511856,-0.10557909604519777,0.0,-0.0,1.4141601320710762,29.72,24.01,0.0,-0.0,0.8188560773607856,26.7185,1.5317835321850508,-0.9064596732015653,1.0,-0.022385179467387162,0.8023218890787447,26.7185,1.5317835321850508,29.7820670643701,23.654932935629898,1.0,-0.022385179467387162,0.9520159349715448
2024-01-23,25.01,25.53,24.74,25.22,20062657.0,510751827.0,1788827976.0,0.01121553177229603,-0.004342676667982603,1.1198934280639437,26.5525,29.02583333333333,0.0,-0.0,0.7239317613511856,-0.1163279607568325,0.0,-0.0,1.4141601320710762,29.72,24.01,0.0,-0.0,0.8188560773607856,26.5525,1.5036337564991769,-0.8861865425942431,1.0,-0.004342676667982603,0.7988376645308307,26.5525,1.5036337564991769,29.559767512998352,23.545232487001645,1.0,-0.004342676667982603,0.9478816375831962
2024-01-24,24.88,25.0,23.37,24.3,42082621.0,1018229553.0,1788827976.0,0.023525247572492126,-0.03647898493259316,1.0790408525754889,26.3825,28.922,0.0,-0.0,0.7239317613511856,-0.12274368231046928,0.0,-0.0,1.4141601320710762,29.72,24.01,0.0,-0.0,0.8188560773607856,26.3825,1.5582779800656552,-1.3364111067732969,1.0,-0.03647898493259316,0.7696968774028227,26.3825,1.5582779800656552,29.49905596013131,23.26594403986869,1.0,-0.03647898493259316,0.9133038776079171
2024-01-25,24.19,25.53,23.89,25.5,28725283.0,724680831.0,1788827976.0,0.016058158406171974,0.04938271604938271,1.132326820603908,26.24,28.841833333333334,0.0,0.0,0.7239317613511856,-0.10052910052910058,0.0,0.0,1.4141601320710762,29.72,23.37,0.0,0.0,0.8188560773607856,26.24,1.4980337990704644,-0.493980843729408,1.0,0.04938271604938271,0.8077065997437028,26.24,1.4980337990704644,29.236067598140927,23.24393240185907,1.0,0.04938271604938271,0.958405303662629
2024-01-26,25.29,25.32,24.19,24.41,35976644.0,889511936.0,1788827976.0,0.020111852275727156,-0.04274509803921567,1.0839253996447606,26.010999999999996,28.743999999999996,0.0,-0.0,0.7239317613511856,-0.15798551224560187,0.0,-0.0,1.4141601320710762,29.72,23.37,0.0,-0.0,0.8188560773607856,26.010999999999996,1.4025461808700854,-1.1414953901958487,1.0,-0.04274509803921567,0.7731811019507367,26.010999999999996,1.4025461808700854,28.816092361740168,23.205907638259823,1.0,-0.04274509803921567,0.9174381749962657
2024-01-29,24.42,24.7,23.54,23.73,23040534.0,555418786.0,1788827976.0,0.012880240195885666,-0.02785743547726338,1.0537300177619897,25.7175,28.622666666666664,0.0,-0.0,0.7239317613511856,-0.1983108108108108,0.0,-0.0,1.4141601320710762,29.72,23.37,0.0,-0.0,0.8188560773607856,25.7175,1.2134070128967134,-1.6379499861759732,1.0,-0.02785743547726338,0.7516422592909047,25.7175,1.2134070128967134,28.144314025793427,23.290685974206575,1.0,-0.02785743547726338,0.8918807002319289
2024-01-30,23.61,23.83,23.16,23.2,17128894.0,404192489.0,1788827976.0,0.009575484188424835,-0.022334597555836555,1.0301953818827712,25.414,28.482666666666667,0.0,-0.0,0.7239317613511856,-0.20737956952511105,0.0,-0.0,1.4141601320710762,29.72,23.37,0.0,-0.0,0.8188560773607856,25.414,1.0221257518677014,-2.166073984492048,1.0,-0.022334597555836555,0.7348546319236826,25.414,1.0221257518677014,27.458251503735404,23.3697484962646,1.0,-0.022334597555836555,0.871960903724431
2024-01-31,23.05,23.31,22.2,22.28,23775162.0,541433574.0,1788827976.0,0.01329091579457722,-0.039655172413793016,0.9893428063943165,25.141,28.320833333333333,0.0,-0.0,0.7239317613511856,-0.19682768565248732,0.0,-0.0,1.4141601320710762,29.29,23.16,0.0,-0.0,0.8188560773607856,25.141,1.0947525555550224,-2.6133759501018154,1.0,-0.039655172413793016,0.7057138447956746,25.141,1.0947525555550224,27.330505111110043,22.951494888889954,1.0,-0.039655172413793016,0.8373831437491519
2024-02-01,22.13,23.1,22.11,22.47,21220211.0,483821622.0,1788827976.0,0.011862633682334584,0.008527827648114883,0.9977797513321495,24.9225,28.168166666666664,0.0,0.0,0.7239317613511856,-0.16281669150521616,0.0,0.0,1.4141601320710762,27.76,22.2,0.0,0.0,0.8188560773607856,24.9225,1.1712336051762844,-2.093946066063286,1.0,0.008527827648114883,0.7117320508329805,24.9225,1.1712336051762844,27.26496721035257,22.58003278964743,1.0,0.008527827648114883,0.8445242028744813
2024-02-02,22.61,22.83,20.82,21.59,28956629.0,634320538.0,1788827976.0,0.016187486660819084,-0.03916332888295504,0.9587033747779754,24.677,28.006500000000003,0.0,-0.0,0.7239317613511856,-0.18528301886792453,0.0,-0.0,1.4141601320710762,27.15,22.11,0.0,-0.0,0.8188560773607856,24.677,1.3273562961170549,-2.3256754867027567,1.0,-0.03916332888295504,0.6838582544496684,24.677,1.3273562961170549,27.33171259223411,22.02228740776589,1.0,-0.03916332888295504,0.8114498237676925
2024-02-05,21.36,21.54,19.78,20.78,39428187.0,823114124.0,1788827976.0,0.022041351951664692,-0.03751736915238535,0.9227353463587925,24.432,27.832,0.0,-0.0,0.7239317613511856,-0.19080996884735202,0.0,-0.0,1.4141601320710762,26.52,20.82,0.0,-0.0,0.8188560773607856,24.432,1.5636616944647284,-2.335543559663747,1.0,-0.03751736915238535,0.6582016918695743,24.432,1.5636616944647284,27.559323388929457,21.30467661107054,1.0,-0.03751736915238535,0.7810063611807619
2024-02-06,20.62,22.55,20.45,22.48,30017778.0,660513206.0,1788827976.0,0.016780695741981173,0.08180943214629455,0.9982238010657197,24.278,27.6855,0.0,0.0,0.7239317613511856,-0.12050078247261342,0.0,0.0,1.4141601320710762,26.39,19.78,0.0,0.0,0.8188560773607856,24.278,1.598013898892023,-1.1251466593917832,1.0,0.08180943214629455,0.7120487985191546,24.278,1.598013898892023,27.474027797784046,21.08197220221595,1.0,0.08180943214629455,0.8449000480916039
2024-02-07,22.55,23.51,22.26,23.3,30097995.0,702091715.0,1788827976.0,0.01682553907016937,0.03647686832740216,1.0346358792184729,24.173499999999997,27.5505,0.0,0.0,0.7239317613511856,-0.08231587239070504,0.0,0.0,1.4141601320710762,26.39,19.78,0.0,0.0,0.8188560773607856,24.173499999999997,1.5897840800096334,-0.5494456832117122,1.0,0.03647686832740216,0.7380221087854227,24.173499999999997,1.5897840800096334,27.353068160019262,20.993931839980732,1.0,0.03647686832740216,0.8757193558956571
2024-02-08,23.47,24.45,23.4,23.77,24949117.0,601175084.0,1788827976.0,0.013947186277681515,0.020171673819742386,1.0555062166962703,24.073500000000003,27.421166666666668,0.0,0.0,0.7239317613511856,-0.07760962359332557,0.0,0.0,1.4141601320710762,26.39,19.78,0.0,0.0,0.8188560773607856,24.073500000000003,1.5463855139951925,-0.19626412511838023,1.0,0.020171673819742386,0.7529092500356007,24.073500000000003,1.5463855139951925,27.166271027990387,20.98072897200962,1.0,0.020171673819742386,0.8933840811004192
2024-02-19,24.24,24.29,23.54,24.27,25579473.0,618263974.0,1788827976.0,0.014299571195883399,0.021034917963819844,1.0777087033747783,24.012,27.302,0.0,0.0,0.7239317613511856,-0.04823529411764704,0.0,0.0,1.4141601320710762,26.39,19.78,0.0,0.0,0.8188560773607856,24.012,1.5107147140899422,0.17078009341784883,1.0,0.021034917963819844,0.7687466343443007,24.012,1.5107147140899422,27.033429428179886,20.990570571820115,1.0,0.021034917963819844,0.9121763419565491
2024-02-20,24.02,24.05,23.54,23.92,24871962.0,595650613.0,1788827976.0,0.013904054684797707,-0.014421096003296108,1.062166962699823,23.913000000000004,27.172500000000003,0.0,-0.0,0.7239317613511856,-0.07644787644787632,0.0,-0.0,1.4141601320710762,26.39,19.78,0.0,-0.0,0.8188560773607856,23.913000000000004,1.4438767260398058,0.004848059307110762,0.0,-0.0006,0.768285386363694,23.913000000000004,1.4438767260398058,26.800753452079615,21.025246547920393,0.0,-0.0006,0.9116290361513751
2024-02-21,23.65,24.5,23.45,24.11,25343576.0,616248374.0,1788827976.0,0.014167698817340053,0.007943143812708886,1.070603907637656,23.8325,27.051,0.0,0.0,0.7239317613511856,-0.06259720062208396,0.0,0.0,1.4141601320710762,26.39,19.78,0.0,0.0,0.8188560773607856,23.8325,1.381356598648952,0.2008894736315092,0.0,0.0,0.768285386363694,23.8325,1.381356598648952,26.595213197297902,21.069786802702097,0.0,0.0,0.9116290361513751
2024-02-22,24.11,24.88,24.11,24.77,31222631.0,775949480.0,1788827976.0,0.01745423898714786,0.02737453338863549,1.0999111900532865,23.8305,26.94033333333333,0.0,0.0,0.7239317613511856,-0.0016122531237403592,0.0,0.0,1.4141601320710762,26.39,19.78,0.0,0.0,0.8188560773607856,23.8305,1.3798950188899581,0.6808488958498956,0.0,0.0,0.768285386363694,23.8305,1.3798950188899581,26.590290037779916,21.070709962220086,0.0,0.0,0.9116290361513751
2024-02-23,25.08,25.11,24.58,24.91,18196568.0,456396486.0,1788827976.0,0.0101723409093195,0.0056519983851432976,1.1061278863232686,23.8125,26.837333333333333,0.0,0.0,0.7239317613511856,-0.014246141669964407,0.0,0.0,1.4141601320710762,26.39,19.78,0.0,0.0,0.8188560773607856,23.8125,1.3623658794439568,0.8055838865018695,0.0,0.0,0.768285386363694,23.8125,1.3623658794439568,26.537231758887913,21.087768241112087,0.0,0.0,0.9116290361513751
2024-02-26,24.79,25.21,24.66,24.86,18641594.0,469328437.0,1788827976.0,0.010421121678611315,-0.0020072260136491105,1.1039076376554178,23.759999999999998,26.731166666666663,0.0,-0.0,0.7239317613511856,-0.04052489386337321,0.0,-0.0,1.4141601320710762,26.39,19.78,0.0,-0.0,0.8188560773607856,23.759999999999998,1.2958922957193166,0.8488359747438884,0.0,-0.0,0.768285386363694,23.759999999999998,1.2958922957193166,26.35178459143863,21.168215408561366,0.0,-0.0,0.9116290361513751
2024-02-27,24.75,25.87,24.61,25.86,30836642.0,787019282.0,1788827976.0,0.017238461391326093,0.04022526146419958,1.1483126110124338,23.7865,26.654,0.0,0.0,0.7239317613511856,0.02092380576391628,0.0,0.0,1.4141601320710762,26.06,19.78,0.0,0.0,0.8188560773607856,23.7865,1.334530372748741,1.553730092878439,0.0,0.0,0.768285386363694,23.7865,1.334530372748741,26.455560745497483,21.117439254502518,0.0,0.0,0.9116290361513751
2024-02-28,25.87,26.27,24.87,24.88,30445863.0,786582613.0,1788827976.0,0.017020006064574204,-0.037896365042536795,1.104795737122558,23.7695,26.5585,0.0,-0.0,0.7239317613511856,-0.013481363996827866,1.0,-0.0384963650425368,1.3597201073982659,25.87,20.45,0.0,-0.0,0.8188560773607856,23.7695,1.3173636951360763,0.8429714619433852,0.0,-0.0,0.768285386363694,23.7695,1.3173636951360763,26.404227390272155,21.134772609727847,0.0,-0.0,0.9116290361513751
2024-02-29,24.8,25.98,24.76,25.93,26071647.0,674237843.0,1788827976.0,0.014574708887491147,0.04220257234726699,1.151420959147425,23.851000000000003,26.481833333333334,0.0,0.0,0.7239317613511856,0.06707818930041154,0.0,-0.0006,1.358904275333827,26.27,22.26,0.0,0.0,0.8188560773607856,23.851000000000003,1.399755241762477,1.4852596639554363,0.0,0.0,0.768285386363694,23.851000000000003,1.399755241762477,26.650510483524958,21.051489516475048,0.0,0.0,0.9116290361513751
2024-03-01,26.06,26.72,25.93,26.46,33344786.0,887541366.0,1788827976.0,0.018640577208861808,0.020439645198611744,1.1749555950266435,23.899,26.414333333333335,0.0,0.0,0.7239317613511856,0.03764705882352937,1.0,0.019839645198611745,1.3858644540153269,26.27,23.4,0.0,0.0,0.8188560773607856,23.899,1.473781030653882,1.7377072622950942,0.0,0.0,0.768285386363694,23.899,1.473781030653882,26.846562061307765,20.951437938692237,0.0,0.0,0.9116290361513751
2024-03-04,26.59,28.24,26.59,27.65,54649779.0,1514288234.0,1788827976.0,0.03055060616963428,0.04497354497354489,1.2277975133214925,24.061,26.37066666666667,0.0,0.0,0.7239317613511856,0.1327324866857844,1.0,0.04497354497354489,1.4481916913652224,26.72,23.45,1.0,0.044373544973544884,0.855191624336415,24.061,1.6944581496903581,2.11808122889069,0.0,0.0,0.768285386363694,24.061,1.6944581496903581,27.449916299380718,20.672083700619282,0.0,0.0,0.9116290361513751
2024-03-05,30.41,30.41,29.81,30.41,69420299.0,2125014726.0,1788827976.0,0.03880769975167249,0.0998191681735987,1.3503552397868568,24.395,26.372999999999998,0.0,0.0,0.7239317613511856,0.28150021070375053,1.0,0.0998191681735987,1.5927489813532159,28.24,23.45,1.0,0.0998191681735987,0.9405561409067047,24.395,2.206708670824992,2.7257789301889384,0.0,0.0,0.768285386363694,24.395,2.206708670824992,28.808417341649985,19.981582658350014,0.0,0.0,0.9116290361513751
2024-03-06,30.18,30.18,28.43,28.63,109948493.0,3215821021.0,1788827976.0,0.06146398338752278,-0.058533377178559776,1.2713143872113681,24.6665,26.353,0.0,-0.0,0.7239317613511856,0.23405172413793096,1.0,-0.058533377178559776,1.4995200044769013,30.41,23.45,1.0,-0.058533377178559776,0.885502213553402,24.6665,2.379237549255845,1.6658698082667975,0.0,-0.0,0.768285386363694,24.6665,2.379237549255845,29.424975098511688,19.90802490148831,0.0,-0.0,0.9116290361513751
2024-03-07,28.7,28.85,27.08,27.3,81709002.0,2294879746.0,1788827976.0,0.04567739497383621,-0.046454767726161306,1.2122557726465368,24.9175,26.321666666666665,0.0,-0.0,0.7239317613511856,0.22531418312387785,1.0,-0.046454767726161306,1.4298601509681945,30.41,24.11,1.0,-0.046454767726161306,0.844366413901777,24.9175,2.379015442086015,1.0014647058830901,0.0,-0.0,0.768285386363694,24.9175,2.379015442086015,29.67553088417203,20.15946911582797,0.0,-0.0,0.9116290361513751
2024-03-08,27.32,28.87,27.14,28.74,77963216.0,2229442169.0,1788827976.0,0.043583406032330525,0.05274725274725256,1.2761989342806397,25.231,26.321666666666665,0.0,0.0,0.7239317613511856,0.27903871829105475,1.0,0.05274725274725256,1.5052813457445386,30.41,24.58,1.0,0.05274725274725256,0.8889044225471453,25.231,2.4515320666235914,1.4313498272257228,0.0,0.0,0.768285386363694,25.231,2.4515320666235914,30.134064133247186,20.327935866752817,0.0,0.0,0.9116290361513751
2024-03-11,27.88,28.45,27.66,28.41,49158932.0,1391607280.0,1788827976.0,0.027481084072669935,-0.01148225469728592,1.2615452930728246,25.572,26.320666666666668,0.0,-0.0,0.7239317613511856,0.315886984715146,1.0,-0.01148225469728592,1.4879973219416265,30.41,24.61,1.0,-0.01148225469728592,0.8786977955659151,25.572,2.3920231472211255,1.1864433683666389,0.0,-0.0,0.768285386363694,25.572,2.3920231472211255,30.35604629444225,20.787953705557747,0.0,-0.0,0.9116290361513751
2024-03-12,28.3,29.36,28.13,28.53,49121232.0,1422742169.0,1788827976.0,0.027460008820881725,0.004223864836325308,1.2668738898756666,25.9595,26.304666666666666,0.0,0.0,0.7239317613511856,0.37295476419634266,1.0,0.004223864836325308,1.494282421506322,30.41,24.61,1.0,0.004223864836325308,0.8824092962863626,25.9595,2.1944558730917674,1.1713609881698952,0.0,0.0,0.768285386363694,25.9595,2.1944558730917674,30.348411746183533,21.570588253816464,0.0,0.0,0.9116290361513751
2024-03-13,28.67,28.75,28.17,28.33,32004850.0,917673346.0,1788827976.0,0.01789151915633949,-0.007010164738871505,1.2579928952042632,26.252,26.277833333333334,0.0,-0.0,0.7239317613511856,0.26023131672597866,1.0,-0.007010164738871505,1.483807255565163,30.41,24.76,1.0,-0.007010164738871505,0.8762234617522835,26.252,2.093829531089568,0.992439914112143,0.0,-0.0,0.768285386363694,26.252,2.093829531089568,30.439659062179135,22.064340937820862,0.0,-0.0,0.9116290361513751
2024-03-14,27.86,28.25,27.45,27.72,32323379.0,907316862.0,1788827976.0,0.018069584909041026,-0.021531944934698233,1.2309058614564834,26.473000000000003,26.244333333333334,0.0,-0.0,0.7239317613511856,0.18969957081545052,1.0,-0.021531944934698233,1.4518579994446281,30.41,24.76,1.0,-0.021531944934698233,0.8573566664233426,26.473000000000003,1.9968688647874484,0.6244776619984658,0.0,-0.0,0.768285386363694,26.473000000000003,1.9968688647874484,30.4667377295749,22.479262270425107,0.0,-0.0,0.9116290361513751
2024-03-15,27.7,27.77,27.18,27.73,22144563.0,613638123.0,1788827976.0,0.012379369786868762,0.0003607503607503393,1.2313499111900534,26.671,26.21466666666667,1.0,-0.00023924963924966066,0.7237585609384409,0.16659655027345388,1.0,0.0003607503607503393,1.452381757741686,30.41,25.93,1.0,0.0003607503607503393,0.8576659581500465,26.671,1.9091466818008538,0.5546980806111089,0.0,0.0,0.768285386363694,26.671,1.9091466818008538,30.489293363601707,22.852706636398292,0.0,0.0,0.9116290361513751
2024-03-18,28.03,28.49,27.84,28.49,31391198.0,893832991.0,1788827976.0,0.017548472195853003,0.02740714028128366,1.2650976909413854,26.881999999999998,26.197166666666664,1.0,0.02740714028128366,0.7435947133478608,0.17387721466831474,1.0,0.02740714028128366,1.4921873883180896,30.41,26.59,1.0,0.02740714028128366,0.8811721293795465,26.881999999999998,1.8624477385814115,0.8633799309852213,0.0,0.0,0.768285386363694,26.881999999999998,1.8624477385814115,30.606895477162823,23.157104522837173,0.0,0.0,0.9116290361513751
2024-03-19,28.5,28.68,28.0,28.0,23735962.0,676225326.0,1788827976.0,0.013269002004919449,-0.017199017199017175,1.2433392539964476,27.086000000000002,26.177,1.0,-0.017199017199017175,0.7308056150838926,0.17056856187290959,1.0,-0.017199017199017175,1.4665232317622503,30.41,27.08,1.0,-0.017199017199017175,0.8660168347710531,27.086000000000002,1.740382293151551,0.5251719714666205,0.0,-0.0,0.768285386363694,27.086000000000002,1.740382293151551,30.566764586303105,23.6052354136969,0.0,-0.0,0.9116290361513751
2024-03-27,30.81,30.81,28.74,28.86,155192574.0,4643164504.0,1788827976.0,0.0867565669154092,0.030714285714285694,1.2815275310834813,27.323500000000003,26.175833333333333,1.0,0.030714285714285694,0.7532517875471836,0.19701368726669433,1.0,0.030714285714285694,1.5115664453092337,30.41,27.08,1.0,0.030714285714285694,0.8926159232675925,27.323500000000003,1.6337244340204584,0.9404890861666305,0.0,0.0,0.768285386363694,27.323500000000003,1.6337244340204584,30.59094886804092,24.056051131959087,0.0,0.0,0.9116290361513751
2024-03-28,27.94,29.74,26.87,28.78,97660197.0,2778538600.0,1788827976.0,0.05459451568863433,-0.002772002772002735,1.27797513321492,27.524,26.173,1.0,-0.002772002772002735,0.7511637715040868,0.1618893823173193,1.0,-0.002772002772002735,1.50737637893277,30.81,27.08,1.0,-0.002772002772002735,0.8901415894539609,27.524,1.5476481308236045,0.8115539798646613,0.0,-0.0,0.768285386363694,27.524,1.5476481308236045,30.61929626164721,24.42870373835279,0.0,-0.0,0.9116290361513751
2024-03-29,28.36,28.4,27.76,27.88,52636287.0,1485029381.0,1789035735.0,0.029421596209759333,-0.03127171646977078,1.2380106571936056,27.672499999999996,26.16283333333333,1.0,-0.03127171646977078,0.7276735910192472,0.11922922521075874,1.0,-0.03127171646977078,1.4602381321975548,30.81,26.87,1.0,-0.03127171646977078,0.8623053340506056,27.672499999999996,1.4209295511999833,0.14603116658723028,0.0,-0.0,0.768285386363694,27.672499999999996,1.4209295511999833,30.51435910239996,24.83064089760003,0.0,-0.0,0.9116290361513751
2024-04-01,27.76,28.34,27.11,27.87,57730811.0,1610877851.0,1789035735.0,0.032269233012274065,-0.000358680057388705,1.2375666074600356,27.822999999999997,26.150333333333332,1.0,-0.000358680057388705,0.7274125890138602,0.12107803700724062,1.0,-0.000358680057388705,1.459714373900497,30.81,26.87,1.0,-0.000358680057388705,0.8619960423239017,27.822999999999997,1.2573493422357862,0.037380223953058234,0.0,-0.0,0.768285386363694,27.822999999999997,1.2573493422357862,30.33769868447157,25.308301315528425,0.0,-0.0,0.9116290361513751
2024-04-02,27.62,27.63,26.77,26.86,50767277.0,1388056044.0,1789035735.0,0.028376893768418773,-0.03623968424829571,1.1927175843694493,27.873,26.125999999999998,1.0,-0.03623968424829571,0.7010513864697626,0.03866976024748636,1.0,-0.03623968424829571,1.4068147858976443,30.81,26.87,1.0,-0.03623968424829571,0.8307575779268029,27.873,1.1934386408497921,-0.848807777229914,0.0,-0.0,0.768285386363694,27.873,1.1934386408497921,30.259877281699584,25.486122718300418,0.0,-0.0,0.9116290361513751
2024-04-03,26.94,27.45,26.78,26.94,33954170.0,927980148.0,1789035735.0,0.018979033976646645,0.0029784065524944836,1.1962699822380107,27.976000000000006,26.099333333333334,1.0,0.0029784065524944836,0.7031394025128594,0.08279742765273324,1.0,0.0029784065524944836,1.4110048522741079,30.81,26.77,0.0,-0.0006,0.8302591233800468,27.976000000000006,0.9937139268525795,-1.0425535679884848,0.0,0.0,0.768285386363694,27.976000000000006,0.9937139268525795,29.963427853705166,25.988572146294846,0.0,0.0,0.9116290361513751
2024-04-08,26.77,26.86,25.84,25.85,35619357.0,942266583.0,1789035735.0,0.019909807447194453,-0.040460282108389034,1.1478685612788633,27.971999999999998,26.068500000000004,1.0,-0.040460282108389034,0.674690183925665,-0.003085229463941297,1.0,-0.040460282108389034,1.3539151978947916,30.81,26.77,0.0,-0.0,0.8302591233800468,27.971999999999998,1.0025052828314591,-2.1166970751582026,0.0,-0.0,0.768285386363694,27.971999999999998,1.0025052828314591,29.977010565662916,25.96698943433708,0.0,-0.0,0.9116290361513751
2024-04-09,25.68,26.07,25.45,25.98,24724518.0,643096824.0,1789035735.0,0.013820024673794456,0.005029013539651794,1.1536412078152753,27.947999999999997,26.029,1.0,0.005029013539651794,0.6780832099956974,-0.01814058956916098,0.0,-0.0006,1.3531028487760548,30.81,25.84,0.0,0.0,0.8302591233800468,27.947999999999997,1.0454341832839917,-1.8824714472392472,1.0,0.0044290135396517945,0.7716881327422155,27.947999999999997,1.0454341832839917,30.038868366567982,25.85713163343201,1.0,0.0044290135396517945,0.9156666534956294
2024-04-10,25.88,25.89,24.84,24.95,31428918.0,798155824.0,1789035735.0,0.01756751829219331,-0.03964588144726722,1.1079040852575488,27.813,25.961666666666662,1.0,-0.03964588144726722,0.6512000034408255,-0.0976491862567812,0.0,-0.0,1.3531028487760548,30.81,25.45,0.0,-0.0,0.8302591233800468,27.813,1.2418242099511363,-2.30547929172089,1.0,-0.03964588144726722,0.7410938765172546,27.813,1.2418242099511363,30.296648419902272,25.329351580097725,1.0,-0.03964588144726722,0.8793642419059258
2024-04-11,24.79,25.57,24.79,25.17,29690847.0,758527509.0,1789035735.0,0.016596005557150035,0.008817635270541135,1.1176731793960923,27.551,25.887833333333333,1.0,0.008817635270541135,0.6569420475593418,-0.17231173955935541,0.0,0.0,1.3531028487760548,30.81,24.84,0.0,0.0,0.8302591233800468,27.551,1.2176029082196531,-1.9554815317264904,1.0,0.008817635270541135,0.7476285720216151,27.551,1.2176029082196531,29.986205816439305,25.11579418356069,1.0,0.008817635270541135,0.8871181550610081
2024-04-12,25.2,25.65,25.2,25.31,23272995.0,596284024.0,1789035735.0,0.013008680902620428,0.005562177195073348,1.1238898756660745,27.385,25.821833333333334,1.0,0.005562177195073348,0.6605960756347612,-0.11596227733147046,0.0,0.0,1.3531028487760548,30.81,24.79,0.0,0.0,0.8302591233800468,27.385,1.2870876958629465,-1.6121667596307718,1.0,0.005562177195073348,0.7517870146152991,27.385,1.2870876958629465,29.959175391725893,24.81082460827411,1.0,0.005562177195073348,0.892052463432424
2024-04-15,25.26,25.82,24.99,25.52,31067843.0,797744612.0,1789035735.0,0.017365691692010837,0.008297115764519969,1.1332149200710477,27.296000000000003,25.78483333333333,1.0,0.008297115764519969,0.6660771177478904,-0.06520146520146519,0.0,0.0,1.3531028487760548,30.81,24.79,0.0,0.0,0.8302591233800468,27.296000000000003,1.3531227042035976,-1.3125195479188245,1.0,0.008297115764519969,0.7580246785058251,27.296000000000003,1.3531227042035976,30.002245408407198,24.589754591592808,1.0,0.008297115764519969,0.899453925989548
2024-04-16,25.18,25.33,24.48,24.49,28588750.0,715056185.0,1789035735.0,0.015979977057305677,-0.04036050156739812,1.0874777975133212,27.083500000000004,25.74566666666667,1.0,-0.04036050156739812,0.6391939111930186,-0.14787752261656228,0.0,-0.0,1.3531028487760548,30.81,24.79,0.0,-0.0,0.8302591233800468,27.083500000000004,1.4450142049928933,-1.7947920449769978,1.0,-0.04036050156739812,0.7274304222808643,27.083500000000004,1.4450142049928933,29.97352840998579,24.19347159001422,1.0,-0.04036050156739812,0.8631515143998444
2024-04-17,24.6,25.41,24.6,25.37,26763846.0,679601720.0,1789035735.0,0.014959928120161333,0.03593303389138436,1.1265541740674954,26.9315,25.726833333333335,1.0,0.03593303389138436,0.6621620876670838,-0.1070045758535727,0.0,0.0,1.3531028487760548,30.81,24.48,0.0,0.0,0.8302591233800468,26.9315,1.4579664099804333,-1.0710123287551974,1.0,0.03593303389138436,0.7535692042983066,26.9315,1.4579664099804333,29.847432819960865,24.015567180039135,1.0,0.03593303389138436,0.8941671670201737
2024-04-18,25.12,25.69,24.87,25.33,24053637.0,614490001.0,1789035735.0,0.013445028810450229,-0.0015766653527790053,1.1247779751332145,26.771499999999996,25.721,1.0,-0.0015766653527790053,0.6611180796455354,-0.11216263582194186,0.0,-0.0,1.3531028487760548,30.81,24.48,0.0,-0.0,0.8302591233800468,26.771499999999996,1.44886988627967,-0.994913355333379,1.0,-0.0015766653527790053,0.7523810778429683,26.771499999999996,1.44886988627967,29.669239772559337,23.873760227440656,1.0,-0.0015766653527790053,0.8927573646283404
2024-04-19,25.06,25.14,24.15,24.33,33974875.0,842618080.0,1789035735.0,0.01899060725022354,-0.03947887879984213,1.0803730017761985,26.571499999999997,25.700499999999998,1.0,-0.03947887879984213,0.635017879106825,-0.14119308153900456,0.0,-0.0,1.3531028487760548,30.81,24.48,0.0,-0.0,0.8302591233800468,26.571499999999997,1.4976693296760344,-1.4966588121857742,1.0,-0.03947887879984213,0.7226779164595112,26.571499999999997,1.4976693296760344,29.566838659352065,23.57616134064793,1.0,-0.03947887879984213,0.8575123048325117
2024-04-22,23.79,24.2,23.48,23.85,28116020.0,675028949.0,1789035735.0,0.01571573974177771,-0.01972872996300845,1.059058614564831,26.377999999999997,25.674833333333332,1.0,-0.01972872996300845,0.6224897828482441,-0.13961038961038952,0.0,-0.0,1.3531028487760548,30.81,24.15,0.0,-0.0,0.8302591233800468,26.377999999999997,1.588708843518315,-1.5912292616194856,1.0,-0.01972872996300845,0.708420398995452,26.377999999999997,1.588708843518315,29.555417687036627,23.200582312963366,1.0,-0.01972872996300845,0.8405946761305141
2024-04-23,23.94,24.27,23.19,23.31,28191859.0,667815288.0,1789035735.0,0.01575813073404037,-0.02264150943396237,1.0350799289520423,26.157,25.63383333333333,1.0,-0.02264150943396237,0.6083956745573403,-0.159394157951677,0.0,-0.0,1.3531028487760548,30.81,23.48,0.0,-0.0,0.8302591233800468,26.157,1.694632703567237,-1.6800100659021906,1.0,-0.02264150943396237,0.692380691848385,26.157,1.694632703567237,29.546265407134474,22.767734592865526,1.0,-0.02264150943396237,0.8215623438407665
2024-04-24,23.47,24.17,23.36,24.17,31266390.0,750458428.0,1789035735.0,0.01747667158811671,0.03689403689403692,1.073268206039076,25.941000000000003,25.611666666666668,1.0,0.03689403689403692,0.6308418470206313,-0.1516321516321515,0.0,0.0,1.3531028487760548,30.81,23.19,0.0,0.0,0.8302591233800468,25.941000000000003,1.6565020215405746,-1.0691203372954179,1.0,0.03689403689403692,0.7179254106381582,25.941000000000003,1.6565020215405746,29.254004043081153,22.627995956918852,1.0,0.03689403689403692,0.8518730952651792
2024-04-25,23.49,24.45,23.09,24.1,36578124.0,882974629.0,1789035735.0,0.02044572016332586,-0.002896152254861395,1.0701598579040847,25.746,25.581666666666663,1.0,-0.002896152254861395,0.6290148329829216,-0.13928571428571423,0.0,-0.0,1.3531028487760548,30.81,23.19,0.0,-0.0,0.8302591233800468,25.746,1.630713114915518,-1.0093743558843402,1.0,-0.002896152254861395,0.7158461893413162,25.746,1.630713114915518,29.007426229831033,22.484573770168964,1.0,-0.002896152254861395,0.8494059410794712
2024-04-26,23.94,25.13,23.92,24.95,36348795.0,907478764.0,1789035735.0,0.020317534350424812,0.03526970954356834,1.1079040852575481,25.5505,25.56883333333333,1.0,0.03526970954356834,0.6512000034408254,-0.1354816354816355,0.0,0.0,1.3531028487760548,30.81,23.09,0.0,0.0,0.8302591233800468,25.5505,1.4635482298346707,-0.41030420983655286,1.0,0.03526970954356834,0.7410938765172546,25.5505,1.4635482298346707,28.477596459669343,22.623403540330656,1.0,0.03526970954356834,0.8793642419059254
2024-04-29,25.09,26.02,24.98,25.97,38588237.0,999215665.0,1789414570.0,0.021564727172194646,0.040881763527054193,1.1531971580817044,25.41,25.588166666666666,0.0,-0.0006,0.6508092834387609,-0.09763724808895069,0.0,0.0,1.3531028487760548,29.74,23.09,0.0,0.0,0.8302591233800468,25.41,1.2575874982636526,0.44529704753998356,1.0,0.040881763527054193,0.7713911011283808,25.41,1.2575874982636526,27.925174996527304,22.894825003472697,1.0,0.040881763527054193,0.9153142028976707
2024-04-30,26.02,26.04,25.42,25.55,25777502.0,666807440.0,1789414570.0,0.014405550525946595,-0.016172506738544423,1.1345470692717579,25.2935,25.59283333333333,0.0,-0.0,0.6508092834387609,-0.08357245337159247,0.0,-0.0,1.3531028487760548,28.4,23.09,0.0,-0.0,0.8302591233800468,25.2935,1.1167682462306254,0.22968059923422005,0.0,-0.0006,0.7709282664677037,25.2935,1.1167682462306254,27.527036492461253,23.05996350753875,0.0,-0.0006,0.914765014375932
2024-05-06,25.97,26.53,25.96,26.45,36257230.0,962518900.0,1789414570.0,0.020262062580612607,0.03522504892367895,1.1745115452930721,25.2225,25.601833333333335,0.0,0.0,0.6508092834387609,-0.05095084320057419,0.0,0.0,1.3531028487760548,28.34,23.09,0.0,0.0,0.8302591233800468,25.2225,0.9812606016857098,1.2509418985041019,0.0,0.0,0.7709282664677037,25.2225,0.9812606016857098,27.18502120337142,23.25997879662858,0.0,0.0,0.914765014375932
2024-05-07,26.39,26.61,26.07,26.44,28693769.0,764101139.0,1789414570.0,0.016035282980846634,-0.0003780718336483524,1.174067495559502,25.2015,25.620333333333335,0.0,-0.0,0.6508092834387609,-0.015636634400595595,0.0,-0.0,1.3531028487760548,27.63,23.09,0.0,-0.0,0.8302591233800468,25.2015,0.948313045137783,1.3060033354492733,0.0,-0.0,0.7709282664677037,25.2015,0.948313045137783,27.098126090275564,23.304873909724435,0.0,-0.0,0.914765014375932
2024-05-08,26.43,26.64,25.9,25.97,21481762.0,568069256.0,1789414570.0,0.01200491063398461,-0.017776096822995524,1.1531971580817044,25.153,25.63283333333333,0.0,-0.0,0.6508092834387609,-0.036005939123979314,0.0,-0.0,1.3531028487760548,27.45,23.09,0.0,-0.0,0.8302591233800468,25.153,0.8768310165467987,0.9317644843559144,0.0,-0.0,0.7709282664677037,25.153,0.8768310165467987,26.906662033093596,23.3993379669064,0.0,-0.0,0.914765014375932
2024-05-09,25.95,26.51,25.88,26.44,20653078.0,548692829.0,1789414570.0,0.011541807217988618,0.018097805159799973,1.174067495559502,25.182499999999997,25.668499999999998,0.0,0.0,0.6508092834387609,0.02282398452611223,0.0,0.0,1.3531028487760548,26.86,23.09,0.0,0.0,0.8302591233800468,25.182499999999997,0.9107826304884973,1.3806807002078476,0.0,0.0,0.7709282664677037,25.182499999999997,0.9107826304884973,27.004065260976994,23.360934739023,0.0,0.0,0.914765014375932
2024-05-10,26.52,26.72,25.92,26.0,26035281.0,687855853.0,1789414570.0,0.014549608255397183,-0.016641452344931973,1.154529307282415,25.183500000000002,25.67683333333333,0.0,-0.0,0.6508092834387609,0.0007698229407235857,1.0,-0.017241452344931973,1.3297733904910907,26.64,23.09,0.0,-0.0,0.8302591233800468,25.183500000000002,0.9117148388437953,0.8955651100682471,0.0,-0.0,0.7709282664677037,25.183500000000002,0.9117148388437953,27.006929677687594,23.36007032231241,0.0,-0.0,0.914765014375932
2024-05-13,25.75,25.95,25.34,25.67,19476962.0,504271288.0,1789414570.0,0.01088454421157418,-0.01269230769230767,1.1398756660745997,25.2195,25.697833333333335,0.0,-0.0,0.6508092834387609,0.028857715430861797,1.0,-0.01269230769230767,1.3128954974579345,26.72,23.09,0.0,-0.0,0.8302591233800468,25.2195,0.9162134605334646,0.49169764405960414,0.0,-0.0,0.7709282664677037,25.2195,0.9162134605334646,27.05192692106693,23.38707307893307,0.0,-0.0,0.914765014375932
2024-05-14,25.71,26.2,25.66,25.72,18011711.0,470732271.0,1789414570.0,0.010065700426257287,0.0019477989871443668,1.1420959147424503,25.247,25.731,0.0,0.0,0.6508092834387609,0.02185141040921712,1.0,0.0019477989871443668,1.3154527539781096,26.72,23.09,0.0,0.0,0.8302591233800468,25.247,0.9228793614492762,0.5125263601704201,0.0,0.0,0.7709282664677037,25.247,0.9228793614492762,27.09275872289855,23.401241277101448,0.0,0.0,0.914765014375932
2024-05-15,25.67,26.66,25.42,25.98,33783850.0,893604865.0,1789414570.0,0.018879833978327338,0.010108864696734221,1.1536412078152747,25.2805,25.777333333333335,0.0,0.0,0.6508092834387609,0.026471750296325647,1.0,0.010108864696734221,1.3287504878830207,26.72,23.92,0.0,0.0,0.8302591233800468,25.2805,0.9373337045491121,0.7462657072984297,0.0,0.0,0.7709282664677037,25.2805,0.9373337045491121,27.155167409098226,23.405832590901774,0.0,0.0,0.914765014375932
2024-05-16,26.07,26.17,25.58,25.61,26396400.0,688757477.0,1789414570.0,0.014751416716138619,-0.014241724403387224,1.1372113676731788,25.285,25.832833333333333,0.0,-0.0,0.6508092834387609,0.003526645768024972,1.0,-0.014241724403387224,1.3098267896337243,26.72,24.98,0.0,-0.0,0.8302591233800468,25.285,0.9387589792125471,0.3462017484750099,0.0,-0.0,0.7709282664677037,25.285,0.9387589792125471,27.162517958425095,23.407482041574905,0.0,-0.0,0.914765014375932
2024-05-17,25.55,25.74,25.16,25.74,19137550.0,491777342.0,1789414570.0,0.010694866533918967,0.0050761421319796,1.1429840142095908,25.347500000000004,25.887333333333334,0.0,0.0,0.6508092834387609,0.05104124132298904,1.0,0.0050761421319796,1.3164756565861797,26.72,25.34,0.0,0.0,0.8302591233800468,25.347500000000004,0.9245475422574503,0.4245319813858732,0.0,0.0,0.7709282664677037,25.347500000000004,0.9245475422574503,27.196595084514904,23.498404915485104,0.0,0.0,0.914765014375932
2024-05-20,26.17,26.26,25.69,25.88,20681388.0,540987125.0,1789414570.0,0.01155762803473764,0.00543900543900544,1.1492007104795732,25.373,25.958833333333335,0.0,0.0,0.6508092834387609,0.020102483247930625,1.0,0.00543900543900544,1.3236359748426703,26.72,25.16,0.0,0.0,0.8302591233800468,25.373,0.9322022595076325,0.5438733867345307,0.0,0.0,0.7709282664677037,25.373,0.9322022595076325,27.237404519015264,23.508595480984738,0.0,0.0,0.914765014375932
2024-05-21,25.77,25.87,25.58,25.67,12143053.0,314783911.0,1789414570.0,0.006786047908394979,-0.008114374034002947,1.1398756660746,25.389999999999997,26.04033333333333,0.0,-0.0,0.6508092834387609,0.013422818791946511,1.0,-0.008114374034002947,1.3128954974579348,26.72,25.16,0.0,-0.0,0.8302591233800468,25.389999999999997,0.934474240020941,0.29963372772451174,0.0,-0.0,0.7709282664677037,25.389999999999997,0.934474240020941,27.25894848004188,23.521051519958114,0.0,-0.0,0.914765014375932
2024-05-22,25.68,25.87,25.45,25.8,19531367.0,505562750.0,1789414570.0,0.010914948010063425,0.005064277366575665,1.1456483126110117,25.4635,26.095666666666666,0.0,0.0,0.6508092834387609,0.06041923551171413,1.0,0.005064277366575665,1.3195443644103901,26.72,25.16,0.0,0.0,0.8302591233800468,25.4635,0.9040276835535184,0.3722231145370452,0.0,0.0,0.7709282664677037,25.4635,0.9040276835535184,27.271555367107037,23.655444632892962,0.0,0.0,0.914765014375932
2024-05-23,25.83,25.83,25.15,25.17,21560893.0,551902993.0,1789414570.0,0.012049132359529183,-0.024418604651162745,1.1176731793960917,25.529500000000002,26.12683333333333,0.0,-0.0,0.6508092834387609,0.05534591194968552,1.0,-0.024418604651162745,1.287322932256183,26.72,25.16,0.0,-0.0,0.8302591233800468,25.529500000000002,0.8247390336850654,-0.43589545943241864,0.0,-0.0,0.7709282664677037,25.529500000000002,0.8247390336850654,27.17897806737013,23.880021932629873,0.0,-0.0,0.914765014375932
2024-05-24,24.85,25.27,24.27,24.32,25293568.0,628899004.0,1789414570.0,0.01413510788615072,-0.03377036154151769,1.079928952042628,25.580000000000002,26.136000000000003,0.0,-0.0,0.6508092834387609,0.043329043329043415,1.0,-0.03377036154151769,1.243849571413205,26.72,25.15,0.0,-0.0,0.8302591233800468,25.580000000000002,0.7037269207206268,-1.79046724361453,0.0,-0.0,0.7709282664677037,25.580000000000002,0.7037269207206268,26.987453841441255,24.17254615855875,0.0,-0.0,0.914765014375932
2024-05-27,24.29,24.94,23.8,24.91,31274579.0,767462995.0,1789414570.0,0.017477547978163605,0.024259868421052655,1.1061278863232675,25.617,26.146666666666665,0.0,0.0,0.6508092834387609,0.030616466694249,1.0,0.024259868421052655,1.274025198351272,26.72,24.27,0.0,0.0,0.8302591233800468,25.617,0.64247957165934,-1.1004240931334563,1.0,0.023659868421052655,0.7891683278143998,25.617,0.64247957165934,26.90195914331868,24.33204085668132,0.0,0.0,0.914765014375932
2024-05-28,25.06,25.95,24.85,24.93,40992614.0,1047454732.0,1789414570.0,0.022908394000614403,0.0008028904054595554,1.1070159857904078,25.658499999999997,26.1635,0.0,0.0,0.6508092834387609,0.03443983402489614,1.0,0.0008028904054595554,1.275048100959342,26.72,23.8,0.0,0.0,0.8302591233800468,25.658499999999997,0.5609697899733365,-1.2986439074279263,1.0,0.0008028904054595554,0.7898019434930945,25.658499999999997,0.5609697899733365,26.78043957994667,24.536560420053323,0.0,0.0,0.914765014375932
2024-05-29,24.88,25.15,24.74,24.99,22817121.0,574660342.0,1789414570.0,0.012751165315480805,0.002406738868832692,1.1096802841918287,25.660500000000003,26.178166666666666,0.0,0.0,0.6508092834387609,0.0016032064128255197,1.0,0.002406738868832692,1.2781168087835522,26.72,23.8,0.0,0.0,0.8302591233800468,25.660500000000003,0.5583761701290559,-1.2008033936065596,1.0,0.002406738868832692,0.7917027905291789,25.660500000000003,0.5583761701290559,26.777252340258116,24.54374765974189,0.0,0.0,0.914765014375932
2024-05-30,24.78,25.99,24.61,25.85,50364897.0,1301268025.0,1789414570.0,0.028146019287190672,0.034413765506202676,1.1478685612788626,25.654500000000002,26.196166666666667,0.0,0.0,0.6508092834387609,-0.0046207162110125655,1.0,0.034413765506202676,1.3221016209305654,26.72,23.8,0.0,0.0,0.8302591233800468,25.654500000000002,0.5555128024481358,0.35192708275746987,1.0,0.034413765506202676,0.8189482647130564,25.654500000000002,0.5555128024481358,26.765525604896276,24.54347439510373,0.0,0.0,0.914765014375932
2024-05-31,25.77,26.07,25.53,25.74,30881281.0,804528498.0,1789414570.0,0.017257756541012182,-0.004255319148936287,1.1429840142095906,25.663999999999998,26.209999999999997,0.0,-0.0,0.6508092834387609,0.007436399217221057,0.0,-0.0006,1.3213083599580069,26.72,23.8,0.0,-0.0,0.8302591233800468,25.663999999999998,0.5552562234534452,0.13687374727169113,0.0,-0.0006,0.8184568957542285,25.663999999999998,0.5552562234534452,26.77451244690689,24.553487553093106,0.0,-0.0,0.914765014375932
2024-06-03,25.75,26.74,25.75,26.61,58122735.0,1550741512.0,1789414570.0,0.032481424916530104,0.03379953379953382,1.1816163410301945,25.672000000000004,26.23916666666667,0.0,0.0,0.6508092834387609,0.0060491493383743045,1.0,0.03319953379953382,1.3651751815140394,26.72,23.8,0.0,0.0,0.8302591233800468,25.672000000000004,0.5681789932940363,1.6508882078901044,0.0,0.0,0.8184568957542285,25.672000000000004,0.5681789932940363,26.808357986588078,24.53564201341193,0.0,0.0,0.914765014375932
2024-06-04,26.72,26.72,26.18,26.62,34899344.0,931807401.0,1789414570.0,0.019503218865598037,0.00037579857196545774,1.1820603907637648,25.681,26.25183333333333,0.0,0.0,0.6508092834387609,0.006807866868381307,1.0,0.00037579857196545774,1.365688212397735,26.74,23.8,0.0,0.0,0.8302591233800468,25.681,0.5822361611648605,1.6127476488601704,0.0,0.0,0.8184568957542285,25.681,0.5822361611648605,26.845472322329723,24.51652767767028,0.0,0.0,0.914765014375932
2024-06-05,26.52,27.52,26.47,26.98,49591444.0,1363017541.0,1789414570.0,0.027713781273168016,0.013523666416228375,1.1980461811722904,25.7315,26.286833333333334,0.0,0.0,0.6508092834387609,0.03889102810935707,1.0,0.013523666416228375,1.3841573242107772,26.74,23.8,0.0,0.0,0.8302591233800468,25.7315,0.6486364239895034,1.924807108920858,0.0,0.0,0.8184568957542285,25.7315,0.6486364239895034,27.028772847979006,24.434227152020995,0.0,0.0,0.914765014375932
2024-06-06,27.16,27.93,27.16,27.71,65473529.0,1822023487.0,1789414570.0,0.036589357266717686,0.027057079318013377,1.230461811722912,25.794999999999998,26.3165,0.0,0.0,0.6508092834387609,0.04803328290468989,1.0,0.027057079318013377,1.4216085787205575,27.52,23.8,1.0,0.026457079318013377,0.852225354861817,25.794999999999998,0.7720683089492721,2.4803504790996747,0.0,0.0,0.8184568957542285,25.794999999999998,0.7720683089492721,27.339136617898543,24.250863382101453,0.0,0.0,0.914765014375932
2024-06-07,27.61,27.99,27.19,27.51,46276244.0,1286821698.0,1789414570.0,0.02586110830650049,-0.007217610970768673,1.2215808170515088,25.8705,26.334,0.0,-0.0,0.6508092834387609,0.05807692307692314,1.0,-0.007217610970768673,1.411347961046645,27.93,23.8,1.0,-0.007217610970768673,0.8460743237909992,25.8705,0.8617880738384053,1.9024398802569482,0.0,-0.0,0.8184568957542285,25.8705,0.8617880738384053,27.59407614767681,24.14692385232319,0.0,-0.0,0.914765014375932
2024-06-11,27.64,28.5,27.52,28.38,53878194.0,1534305537.0,1789414570.0,0.03010939717563605,0.0316248636859322,1.2602131438721125,26.006,26.346166666666665,0.0,0.0,0.6508092834387609,0.1055707051032333,1.0,0.0316248636859322,1.4559816479281635,27.99,23.8,1.0,0.0316248636859322,0.8728313089490568,26.006,1.0260060531265012,2.3138265049858306,0.0,0.0,0.8184568957542285,26.006,1.0260060531265012,28.058012106253003,23.953987893746998,0.0,0.0,0.914765014375932
2024-06-12,28.42,30.04,28.42,28.59,89341382.0,2623983368.0,1789414570.0,0.04992771574448508,0.007399577167019,1.2695381882770858,26.1495,26.315833333333334,0.0,0.0,0.6508092834387609,0.11158631415241071,1.0,0.007399577167019,1.4667552964857715,28.5,24.61,1.0,0.007399577167019,0.8792898915734155,26.1495,1.1739383781907253,2.0788995788359013,0.0,0.0,0.8184568957542285,26.1495,1.1739383781907253,28.49737675638145,23.80162324361855,0.0,0.0,0.914765014375932
2024-06-13,28.95,29.64,28.8,28.87,62291355.0,1830697759.0,1789414570.0,0.034811024814668856,0.009793634137810425,1.2819715808170502,26.294,26.31983333333333,0.0,0.0,0.6508092834387609,0.11123941493456502,1.0,0.009793634137810425,1.4811201612292488,30.04,24.61,1.0,0.009793634137810425,0.8879013350725605,26.294,1.3206712806669765,1.9505232208116523,0.0,0.0,0.8184568957542285,26.294,1.3206712806669765,28.935342561333954,23.652657438666047,0.0,0.0,0.914765014375932
2024-06-14,28.9,29.03,28.43,28.8,48979129.0,1418345383.0,1789414570.0,0.02737159393979898,-0.002424662279182588,1.278863232682059,26.4535,26.34483333333333,0.0,-0.0,0.6508092834387609,0.12456071846934802,1.0,-0.002424662279182588,1.4775289450433795,30.04,24.61,1.0,-0.002424662279182588,0.8857484741977742,26.4535,1.4224266700180226,1.6496456720473833,0.0,-0.0,0.8184568957542285,26.4535,1.4224266700180226,29.298353340036044,23.608646659963952,0.0,-0.0,0.914765014375932
2024-06-17,28.8,31.62,28.5,31.01,98033148.0,2989219120.0,1789414570.0,0.05478503955626113,0.07673611111111112,1.3769982238010643,26.717000000000002,26.38266666666667,1.0,0.07613611111111111,0.700359371354797,0.20473970473970482,1.0,0.07673611111111112,1.590908770340111,30.04,25.53,1.0,0.07673611111111112,0.9537173675303118,26.717000000000002,1.7367031682865297,2.4719250119383207,0.0,0.0,0.8184568957542285,26.717000000000002,1.7367031682865297,30.190406336573062,23.243593663426942,0.0,0.0,0.914765014375932
2024-06-18,30.93,31.14,30.54,31.13,58095648.0,1811907667.0,1789414570.0,0.032466287563535375,0.003869719445340092,1.382326820603906,26.9795,26.428,1.0,0.003869719445340092,0.7030695656328548,0.20285935085007734,1.0,0.003869719445340092,1.5970651409444583,31.62,25.75,1.0,0.003869719445340092,0.9574079861728024,26.9795,1.9828540700610162,2.093194886435732,0.0,0.0,0.8184568957542285,26.9795,1.9828540700610162,30.945208140122034,23.01379185987797,0.0,0.0,0.914765014375932
2024-06-19,31.03,31.74,30.78,31.47,73979582.0,2341767839.0,1789414570.0,0.04134289685592534,0.010921940250562256,1.3974245115452917,27.2695,26.477,1.0,0.010921940250562256,0.7107484494206856,0.22594468250876498,1.0,0.010921940250562256,1.6145081909901093,31.62,26.18,1.0,0.010921940250562256,0.9678647389931929,27.2695,2.194134465485477,1.9144223228226764,0.0,0.0,0.8184568957542285,27.2695,2.194134465485477,31.657768930970953,22.88123106902905,0.0,0.0,0.914765014375932
2024-06-20,31.03,31.6,30.66,30.81,53015408.0,1660881283.0,1789414570.0,0.029627236130082477,-0.02097235462345093,1.368117229129661,27.52,26.51833333333333,1.0,-0.02097235462345093,0.6958423808913671,0.19418604651162785,1.0,-0.02097235462345093,1.5806481526661986,31.74,26.47,1.0,-0.02097235462345093,0.947566336459494,27.52,2.3009265868111504,1.429858744237296,0.0,-0.0,0.8184568957542285,27.52,2.3009265868111504,32.1218531736223,22.9181468263777,0.0,-0.0,0.914765014375932
2024-06-21,30.36,30.98,29.98,30.73,38197822.0,1178132936.0,1789414570.0,0.021346546876501626,-0.0025965595585848433,1.3645648312610998,27.798000000000002,26.568499999999997,1.0,-0.0025965595585848433,0.6940355847059951,0.22089789431863327,1.0,-0.0025965595585848433,1.5765439055966337,31.74,27.16,1.0,-0.0025965595585848433,0.9451059240311668,27.798000000000002,2.3376429874644664,1.2542548266449378,0.0,-0.0,0.8184568957542285,27.798000000000002,2.3376429874644664,32.473285974928935,23.12271402507107,0.0,-0.0,0.914765014375932
2024-06-24,30.7,31.52,30.53,30.72,55817070.0,1751473431.0,1789414570.0,0.031192922498669496,-0.00032541490400261885,1.3641207815275296,28.117999999999995,26.618333333333332,1.0,-0.00032541490400261885,0.6938097351828236,0.26315789473684204,1.0,-0.00032541490400261885,1.5760308747129381,31.74,27.19,1.0,-0.00032541490400261885,0.9447983724776259,28.117999999999995,2.2736536791321784,1.1444135155153228,0.0,-0.0,0.8184568957542285,28.117999999999995,2.2736536791321784,32.66530735826435,23.57069264173564,0.0,-0.0,0.914765014375932
2024-06-25,30.54,31.13,29.38,29.74,64186820.0,1942393932.0,1789414570.0,0.03587029024805582,-0.03190104166666663,1.3206039076376541,28.359499999999997,26.639166666666668,1.0,-0.03190104166666663,0.6716764819120175,0.1938980329185065,1.0,-0.03190104166666663,1.5257538481107675,31.74,27.52,1.0,-0.03190104166666663,0.9146583202306183,28.359499999999997,2.1690853638778718,0.6364433705513349,0.0,-0.0,0.8184568957542285,28.359499999999997,2.1690853638778718,32.69767072775574,24.02132927224425,0.0,-0.0,0.914765014375932
2024-06-26,29.93,31.56,29.43,31.06,51769877.0,1594855040.0,1789414570.0,0.028931181106902466,0.04438466711499656,1.3792184724689152,28.666000000000004,26.690166666666663,1.0,0.04438466711499656,0.7014886189706544,0.24588848776574412,1.0,0.04438466711499656,1.593473924758589,31.74,28.42,1.0,0.04438466711499656,0.9552551252980163,28.666000000000004,2.0906569101096477,1.1450946295508801,0.0,0.0,0.8184568957542285,28.666000000000004,2.0906569101096477,32.8473138202193,24.48468617978071,0.0,0.0,0.914765014375932
2024-06-27,31.04,32.42,30.85,31.26,66167038.0,2104053444.0,1789414570.0,0.03697691921665754,0.006439150032195862,1.3880994671403184,28.9795,26.730166666666666,1.0,0.006439150032195862,0.7060056094340843,0.2509003601440578,1.0,0.006439150032195862,1.6037345424325016,31.74,28.43,1.0,0.006439150032195862,0.9614061563688342,28.9795,1.9774557683521625,1.153249562644007,0.0,0.0,0.8184568957542285,28.9795,1.9774557683521625,32.934411536704324,25.024588463295675,0.0,0.0,0.914765014375932
2024-06-28,31.03,31.79,30.79,31.53,45139177.0,1427113611.0,1789414570.0,0.02522566752097028,0.008637236084452882,1.4000888099467126,29.2635,26.776,1.0,0.008637236084452882,0.7121035465597145,0.2197292069632495,1.0,0.008637236084452882,1.617586376292283,32.42,28.43,1.0,0.008637236084452882,0.9697100483144382,29.2635,1.9111095564728606,1.1859602670728349,0.0,0.0,0.8184568957542285,29.2635,1.9111095564728606,33.085719112945725,25.44128088705428,0.0,0.0,0.914765014375932
2024-07-01,31.34,31.57,30.4,31.2,35581085.0,1107439102.0,1789414570.0,0.01988420436299454,-0.010466222645099998,1.3854351687388973,29.5365,26.83133333333333,1.0,-0.010466222645099998,0.7046505122950553,0.21212121212121215,1.0,-0.010466222645099998,1.6006563571303276,32.42,28.5,1.0,-0.010466222645099998,0.9595608470475886,29.5365,1.7657390729334894,0.9420984252426171,0.0,-0.0,0.8184568957542285,29.5365,1.7657390729334894,33.06797814586698,26.00502185413302,0.0,-0.0,0.914765014375932
2024-07-02,31.13,31.44,30.39,30.54,28876433.0,895764799.0,1789414570.0,0.01613736329418621,-0.02115384615384619,1.3561278863232666,29.732999999999997,26.875833333333333,1.0,-0.02115384615384619,0.6897444437657367,0.14768883878241268,1.0,-0.02115384615384619,1.5667963188064167,32.42,29.38,1.0,-0.02115384615384619,0.9392624445138895,29.732999999999997,1.6368972574901484,0.49300589655661947,0.0,-0.0,0.8184568957542285,29.732999999999997,1.6368972574901484,33.00679451498029,26.4592054850197,0.0,-0.0,0.914765014375932
2024-07-03,30.6,32.64,30.34,32.2,69087700.0,2202172414.0,1789414570.0,0.038609107782105516,0.054354944335298194,1.4298401420959135,30.012,26.964833333333335,1.0,0.054354944335298194,0.7272354646122046,0.20961682945154037,1.0,0.054354944335298194,1.6519594454998896,32.42,29.38,1.0,0.054354944335298194,0.990316002401678,30.012,1.5517005951026597,1.4100658380267268,0.0,0.0,0.8184568957542285,30.012,1.5517005951026597,33.11540119020532,26.908598809794682,0.0,0.0,0.914765014375932
2024-07-04,31.93,32.37,31.52,31.67,40098154.0,1286730963.0,1789414570.0,0.022408532193856006,-0.016459627329192594,1.406305506216695,30.246499999999997,27.04366666666667,1.0,-0.016459627329192594,0.7152654398841154,0.17383246849518175,1.0,-0.016459627329192594,1.6247688086640217,32.64,29.38,1.0,-0.016459627329192594,0.9740157700640106,30.246499999999997,1.4180018372788437,1.0038774016906153,0.0,-0.0,0.8184568957542285,30.246499999999997,1.4180018372788437,33.082503674557685,27.41049632544231,0.0,-0.0,0.914765014375932
2024-07-05,31.62,31.77,30.33,31.28,40157197.0,1250151528.0,1789414570.0,0.022441527901496856,-0.012314493211240896,1.3889875666074587,30.425,27.134166666666665,1.0,-0.012314493211240896,0.7064573084804272,0.12883435582822078,1.0,-0.012314493211240896,1.6047606041998927,32.64,29.38,1.0,-0.012314493211240896,0.9620212594759158,30.425,1.3018387805431937,0.656763351022045,0.0,-0.0,0.8184568957542285,30.425,1.3018387805431937,33.02867756108639,27.82132243891361,0.0,-0.0,0.914765014375932
2024-07-08,31.33,31.71,30.97,31.05,28901833.0,910614465.0,1789414570.0,0.016151557880743087,-0.007352941176470562,1.3787744227353451,30.602000000000004,27.218666666666664,1.0,-0.007352941176470562,0.7012627694474829,0.1286804798255179,1.0,-0.007352941176470562,1.5929608938748936,32.64,29.38,1.0,-0.007352941176470562,0.9549475737444753,30.602000000000004,1.1113699464600544,0.4031060957037488,0.0,-0.0,0.8184568957542285,30.602000000000004,1.1113699464600544,32.824739892920114,28.379260107079894,0.0,-0.0,0.914765014375932
2024-07-09,30.96,33.09,30.74,32.93,70699687.0,2298503398.0,1789414570.0,0.03950995380572988,0.06054750402576481,1.462255772646535,30.829500000000003,27.35166666666667,1.0,0.06054750402576481,0.7437224798037233,0.16032417195207893,1.0,0.06054750402576481,1.6894107000096696,32.64,29.38,1.0,0.06054750402576481,1.0127672658101632,30.829500000000003,1.0982017598160467,1.9126722218618908,0.0,0.0,0.8184568957542285,30.829500000000003,1.0982017598160467,33.025903519632095,28.63309648036791,0.0,0.0,0.914765014375932
2024-07-10,32.63,33.01,32.42,32.6,36498850.0,1198402335.0,1789414570.0,0.020397089982339866,-0.01002125721226843,1.4476021314387197,31.03,27.4755,1.0,-0.01002125721226843,0.736269445539064,0.1402588317593565,1.0,-0.01002125721226843,1.6724806808477142,33.09,29.43,1.0,-0.01002125721226843,1.0026180645433138,31.03,1.0318659643679366,1.5215154431047586,0.0,-0.0,0.8184568957542285,31.03,1.0318659643679366,33.09373192873588,28.96626807126413,0.0,-0.0,0.914765014375932
2024-07-11,33.12,33.99,32.56,33.52,60189065.0,2017918950.0,1789414570.0,0.03363617688661158,0.02822085889570558,1.4884547069271745,31.2625,27.612333333333332,1.0,0.02822085889570558,0.7570476016708414,0.16106685140284038,1.0,0.02822085889570558,1.719679522147711,33.09,30.33,1.0,0.02822085889570558,1.030912807469076,31.2625,1.0433643709300466,2.1636736531339347,0.0,0.0,0.8184568957542285,31.2625,1.0433643709300466,33.349228741860095,29.175771258139907,0.0,0.0,0.914765014375932
2024-07-12,33.12,33.52,32.62,33.38,32869951.0,1092826924.0,1789414570.0,0.018369108842117007,-0.00417661097852029,1.4822380106571922,31.491500000000002,27.743333333333336,1.0,-0.00417661097852029,0.7538857083464405,0.15902777777777777,1.0,-0.00417661097852029,1.7124970897759724,33.99,30.33,1.0,-0.00417661097852029,1.0266070857195035,31.491500000000002,0.9748051087268436,1.9373103229490658,0.0,-0.0,0.8184568957542285,31.491500000000002,0.9748051087268436,33.44111021745369,29.541889782546313,0.0,-0.0,0.914765014375932
2024-07-15,33.29,34.76,33.18,34.56,52764186.0,1808621029.0,1789414570.0,0.029486842727563127,0.03535050928699812,1.5346358792184709,31.669,27.911166666666666,1.0,0.03535050928699812,0.7805359520806765,0.1144792002579813,1.0,0.03535050928699812,1.7730347340520551,33.99,30.33,1.0,0.03535050928699812,1.062898169037329,31.669,1.1834023206972113,2.442956169206044,0.0,0.0,0.8184568957542285,31.669,1.1834023206972113,34.03580464139442,29.302195358605577,0.0,0.0,0.914765014375932
2024-07-16,34.11,35.99,34.11,35.83,65916686.0,2327808077.0,1789414570.0,0.03683701200666987,0.03674768518518512,1.591030195381881,31.903999999999996,28.0855,1.0,0.03674768518518512,0.8092188415234559,0.15097976228718268,1.0,0.03674768518518512,1.8381896562813984,34.76,30.33,1.0,0.03674768518518512,1.1019572163370224,31.903999999999996,1.4960875291027673,2.624178013404403,0.0,0.0,0.8184568957542285,31.903999999999996,1.4960875291027673,34.89617505820553,28.91182494179446,0.0,0.0,0.914765014375932
2024-07-17,35.67,36.5,34.15,34.48,61715559.0,2200961772.0,1789414570.0,0.03448924583194827,-0.03767792352777011,1.5310834813499095,32.054500000000004,28.238,1.0,-0.03767792352777011,0.7787291558953044,0.0956466476008897,1.0,-0.03767792352777011,1.7689304869824898,35.99,30.33,1.0,-0.03767792352777011,1.0604377566090015,32.054500000000004,1.5980530094626466,1.517784444970057,0.0,-0.0,0.8184568957542285,32.054500000000004,1.5980530094626466,35.250606018925296,28.858393981074713,0.0,-0.0,0.914765014375932
2024-07-18,33.81,35.48,32.75,35.1,80754116.0,2757132683.0,1789414570.0,0.045128790920708775,0.017981438515081383,1.5586145648312597,32.269,28.417500000000004,1.0,0.017981438515081383,0.7927318263319371,0.139240506329114,1.0,0.017981438515081383,1.8007384017716184,36.5,30.33,1.0,0.017981438515081383,1.0795059529285371,32.269,1.7064549279288437,1.658994886806674,0.0,0.0,0.8184568957542285,32.269,1.7064549279288437,35.68190985585768,28.85609014414231,0.0,0.0,0.914765014375932
2024-07-19,34.11,35.39,33.12,34.92,69429222.0,2404542409.0,1789414570.0,0.03879996461636053,-0.00512820512820511,1.5506216696269968,32.4785,28.601999999999997,1.0,-0.00512820512820511,0.7886665349148502,0.13634884477709086,1.0,-0.00512820512820511,1.7915038458650974,36.5,30.33,1.0,-0.00512820512820511,1.073970024964801,32.4785,1.7638065146304032,1.384222123996185,0.0,-0.0,0.8184568957542285,32.4785,1.7638065146304032,36.0061130292608,28.95088697073919,0.0,-0.0,0.914765014375932
2024-07-22,34.81,35.91,34.69,35.55,44491626.0,1587720005.0,1789414570.0,0.024863788831226516,0.018041237113401998,1.5785968028419166,32.720000000000006,28.806,1.0,0.018041237113401998,0.8028950548746541,0.1572265625,1.0,0.018041237113401998,1.823824791537921,36.5,30.74,1.0,0.018041237113401998,1.0933457728378773,32.720000000000006,1.8394020767629988,1.5385434406925635,0.0,0.0,0.8184568957542285,32.720000000000006,1.8394020767629988,36.398804153526,29.041195846474007,0.0,0.0,0.914765014375932
2024-07-23,35.29,35.29,33.45,33.49,57165514.0,1967210416.0,1789414570.0,0.031946489627610444,-0.05794655414908567,1.487122557726464,32.907500000000006,28.961333333333336,1.0,-0.05794655414908567,0.7563700531013268,0.12609280430396774,1.0,-0.05794655414908567,1.718140429496624,36.5,30.74,1.0,-0.05794655414908567,1.0299901528084532,32.907500000000006,1.7059335305123584,0.34145527336287745,0.0,-0.0,0.8184568957542285,32.907500000000006,1.7059335305123584,36.31936706102472,29.49563293897529,0.0,-0.0,0.914765014375932
2024-07-24,33.41,34.2,33.13,33.61,45167461.0,1529863104.0,1789414570.0,0.025241473807827552,0.003583159151985482,1.4924511545293055,33.035000000000004,29.119833333333336,1.0,0.003583159151985482,0.7590802473793845,0.0820991629104959,1.0,0.003583159151985482,1.724296800100971,36.5,32.42,1.0,0.003583159151985482,1.0336807714509437,33.035000000000004,1.6551212390001904,0.3474065744859489,0.0,0.0,0.8184568957542285,33.035000000000004,1.6551212390001904,36.34524247800039,29.724757521999624,0.0,0.0,0.914765014375932
2024-07-25,33.21,33.21,31.62,31.91,56613329.0,1830448827.0,1789414570.0,0.03163790546312585,-0.050580184468907996,1.4169626998223785,33.0675,29.235833333333336,1.0,-0.050580184468907996,0.7206858284402309,0.020793346129238666,1.0,-0.050580184468907996,1.6370815498727163,36.5,32.56,1.0,-0.050580184468907996,0.9813970073489918,33.0675,1.6245319163896026,-0.7125129326929183,0.0,-0.0,0.8184568957542285,33.0675,1.6245319163896026,36.31656383277921,29.818436167220796,0.0,-0.0,0.914765014375932
2024-07-26,32.12,32.36,31.5,32.02,32232940.0,1034983146.0,1789414570.0,0.018013120346952356,0.0034471952366030845,1.4218472468916505,33.092,29.336666666666666,1.0,0.0034471952366030845,0.7231701731951173,0.015540754836663506,1.0,0.0034471952366030845,1.6427248895933684,36.5,31.62,0.0,-0.0006,0.9808081691445824,33.092,1.603685229647492,-0.6684603562979957,0.0,0.0,0.8184568957542285,33.092,1.603685229647492,36.299370459294984,29.884629540705014,0.0,0.0,0.914765014375932
2024-07-29,32.17,33.51,31.9,32.37,38477423.0,1268889181.0,1789414570.0,0.02150279965586734,0.01093066833229206,1.4373889875666057,33.1505,29.450333333333333,1.0,0.01093066833229206,0.7310749065061194,0.03749999999999987,1.0,0.01093066833229206,1.6606809705227146,36.5,31.5,0.0,0.0,0.9808081691445824,33.1505,1.551527176348332,-0.5030527417747107,0.0,0.0,0.8184568957542285,33.1505,1.551527176348332,36.25355435269667,30.047445647303338,0.0,0.0,0.914765014375932
2024-07-30,32.13,32.73,31.65,32.64,31691240.0,1031247585.0,1789414570.0,0.017710395640737404,0.008341056533827773,1.4493783303730003,33.2555,29.5535,1.0,0.008341056533827773,0.7371728436317498,0.06876227897838905,1.0,0.008341056533827773,1.6745328043824965,36.5,31.5,0.0,0.0,0.9808081691445824,33.2555,1.4320190935216588,-0.4298127048615976,0.0,0.0,0.8184568957542285,33.2555,1.4320190935216588,36.11953818704332,30.39146181295668,0.0,0.0,0.914765014375932
2024-07-31,32.42,33.55,32.16,33.2,39575527.0,1314547750.0,1789414570.0,0.022116466280924493,0.0171568627450982,1.4742451154529295,33.3055,29.666166666666665,1.0,0.0171568627450982,0.7498204169293535,0.03105590062111796,1.0,0.0171568627450982,1.7032625338694514,36.5,31.5,0.0,0.0,0.9808081691445824,33.3055,1.4105223929639337,-0.07479498413230569,0.0,0.0,0.8184568957542285,33.3055,1.4105223929639337,36.12654478592787,30.484455214072135,0.0,0.0,0.914765014375932
2024-08-01,33.61,34.15,33.24,33.73,36093437.0,1224760724.0,1789414570.0,0.020170528174474404,0.015963855421686546,1.4977797513321476,33.408500000000004,29.7955,1.0,0.015963855421686546,0.7617904416574425,0.06504578465424671,1.0,0.015963855421686546,1.7304531707053188,36.5,31.5,0.0,0.0,0.9808081691445824,33.408500000000004,1.3590835728147157,0.23655646086145685,0.0,0.0,0.8184568957542285,33.408500000000004,1.3590835728147157,36.12666714562943,30.690332854370574,0.0,0.0,0.914765014375932
2024-08-02,33.07,33.26,31.9,32.04,45946800.0,1500703965.0,1789414570.0,0.025677001165805863,-0.05010376519418913,1.4227353463587906,33.4465,29.888833333333334,1.0,-0.05010376519418913,0.7236218722414604,0.024296675191815886,1.0,-0.05010376519418913,1.6437509513607593,36.5,31.5,0.0,-0.0,0.9808081691445824,33.4465,1.3060276252418304,-1.076929746979561,0.0,-0.0,0.8184568957542285,33.4465,1.3060276252418304,36.058555250483664,30.83444474951634,0.0,-0.0,0.914765014375932
2024-08-05,31.6,31.84,29.48,29.62,71875553.0,2203510542.0,1789414570.0,0.040167077101646714,-0.07553058676654179,1.315275310834812,33.375,29.949166666666667,1.0,-0.07553058676654179,0.6689662876339593,-0.04605475040257645,1.0,-0.07553058676654179,1.5195974775064198,36.5,31.5,0.0,-0.0,0.9808081691445824,33.375,1.4726470974691404,-2.5498301707539173,0.0,-0.0,0.8184568957542285,33.375,1.4726470974691404,36.32029419493828,30.42970580506172,0.0,-0.0,0.914765014375932
2024-08-06,30.33,30.48,29.34,29.88,33041806.0,988203784.0,1789414570.0,0.018465148632382043,0.008777852802160702,1.3268206039076362,33.222500000000004,30.019333333333336,1.0,0.008777852802160702,0.6748383752364181,-0.09262071059823873,0.0,-0.0006,1.518685719019916,36.5,29.48,0.0,0.0,0.9808081691445824,33.222500000000004,1.666338169381265,-2.005895358708084,1.0,0.008177852802160702,0.8251501157726201,33.222500000000004,1.666338169381265,36.555176338762536,29.88982366123747,1.0,0.008177852802160702,0.9222458280120649
2024-08-07,29.84,30.05,29.26,29.41,28718381.0,856727599.0,1789414570.0,0.016049037199915055,-0.015729585006693414,1.3059502664298388,33.063,30.08083333333333,1.0,-0.015729585006693414,0.664223447647358,-0.09785276073619631,0.0,-0.0,1.518685719019916,36.5,29.34,0.0,-0.0,0.9808081691445824,33.063,1.8693626834045116,-1.9541419289204507,1.0,-0.015729585006693414,0.8121708468832918,33.063,1.8693626834045116,36.80172536680902,29.324274633190978,1.0,-0.015729585006693414,0.9077392838632807
2024-08-08,29.09,30.61,29.02,29.96,37092815.0,1115596608.0,1789414570.0,0.020729022565184545,0.018701122067324105,1.3303730017761977,32.885000000000005,30.147166666666667,1.0,0.018701122067324105,0.67664517142179,-0.10620525059665875,0.0,0.0,1.518685719019916,36.5,29.26,0.0,0.0,0.9808081691445824,32.885000000000005,1.9892064008702564,-1.4704356464569732,1.0,0.018701122067324105,0.8273593530303782,32.885000000000005,1.9892064008702564,36.863412801740516,28.906587198259494,1.0,0.018701122067324105,0.9247150270161133
2024-08-09,30.63,31.19,30.43,30.68,39786411.0,1232085352.0,1789414570.0,0.02223431711523395,0.024032042723631575,1.3623445825932492,32.75,30.23166666666667,1.0,0.024032042723631575,0.6929063370901375,-0.08088675853804683,0.0,0.0,1.518685719019916,36.5,29.02,0.0,0.0,0.9808081691445824,32.75,2.0446901708417524,-1.0123783199622016,1.0,0.024032042723631575,0.8472424883502004,32.75,2.0446901708417524,36.83938034168351,28.660619658316495,1.0,0.024032042723631575,0.9469378180525486
2024-08-12,30.66,31.06,30.46,30.71,20015396.0,617291692.0,1789414570.0,0.01118544373984839,0.0009778357235985524,1.3636767317939598,32.5575,30.314500000000002,1.0,0.0009778357235985524,0.693583885659652,-0.11140046296296302,0.0,0.0,1.518685719019916,36.5,29.02,0.0,0.0,0.9808081691445824,32.5575,2.0465474778141326,-0.9027398680109128,1.0,0.0009778357235985524,0.8480709523218598,32.5575,2.0465474778141326,36.650594955628264,28.46440504437173,1.0,0.0009778357235985524,0.9478637676790669
2024-08-13,30.68,31.4,30.55,31.22,22658598.0,708059379.0,1789414570.0,0.012662576006632158,0.016606968414197176,1.3863232682060378,32.327000000000005,30.4035,1.0,0.016606968414197176,0.7051022113413979,-0.1286631314540887,0.0,0.0,1.518685719019916,36.5,29.02,0.0,0.0,0.9808081691445824,32.327000000000005,1.9138803240372289,-0.5784060717364233,1.0,0.016606968414197176,0.862154839840067,32.327000000000005,1.9138803240372289,36.154760648074465,28.499239351925546,1.0,0.016606968414197176,0.963604911329875
2024-08-14,31.34,31.37,30.73,30.85,19643326.0,613297612.0,1789414570.0,0.010977515400469776,-0.011851377322229295,1.3698934280639419,32.1455,30.489833333333333,1.0,-0.011851377322229295,0.6967457789840528,-0.10527842227378181,0.0,-0.0,1.518685719019916,36.5,29.02,0.0,-0.0,0.9808081691445824,32.1455,1.8705908860993334,-0.6925619116542635,1.0,-0.011851377322229295,0.8519371175229362,32.1455,1.8705908860993334,35.88668177219866,28.404318227801333,1.0,-0.011851377322229295,0.9521848659361514
2024-08-15,30.64,31.2,30.29,30.48,25701461.0,792962744.0,1789414570.0,0.014363055622152445,-0.011993517017828248,1.353463587921846,31.914499999999997,30.567833333333333,1.0,-0.011993517017828248,0.6883893466267075,-0.1316239316239316,0.0,-0.0,1.518685719019916,35.91,29.02,0.0,-0.0,0.9808081691445824,31.914499999999997,1.7690421880661509,-0.8108907801504365,1.0,-0.011993517017828248,0.8417193952058053,31.914499999999997,1.7690421880661509,35.4525843761323,28.376415623867693,1.0,-0.011993517017828248,0.9407648205424276
2024-08-16,30.65,31.08,30.33,30.45,18083146.0,558143867.0,1789414570.0,0.010105621303843525,-0.0009842519685039353,1.3521314387211354,31.691000000000003,30.655833333333337,1.0,-0.0009842519685039353,0.687711798057193,-0.12800687285223378,0.0,-0.0,1.518685719019916,35.91,29.02,0.0,-0.0,0.9808081691445824,31.691000000000003,1.6475401121224933,-0.7532441795309296,1.0,-0.0009842519685039353,0.840890931234146,31.691000000000003,1.6475401121224933,34.986080224244986,28.395919775755015,1.0,-0.0009842519685039353,0.9398388709159095
2024-08-19,30.18,31.13,30.03,30.69,22599586.0,699873619.0,1789414570.0,0.012629597623093009,0.007881773399014858,1.3627886323268192,31.447999999999997,30.761999999999997,1.0,0.007881773399014858,0.6931321866133088,-0.1367088607594935,0.0,0.0,1.518685719019916,35.91,29.02,0.0,0.0,0.9808081691445824,31.447999999999997,1.3860682750708375,-0.5468706077709314,1.0,0.007881773399014858,0.8475186430074202,31.447999999999997,1.3860682750708375,34.220136550141675,28.675863449858323,1.0,0.007881773399014858,0.9472464679280547
2024-08-20,30.69,30.93,29.99,30.19,18496648.0,563516325.0,1789414570.0,0.010336703584569562,-0.016291951775822766,1.3405861456483112,31.282999999999998,30.85,1.0,-0.016291951775822766,0.6818397104547341,-0.09853687667960587,0.0,-0.0,1.518685719019916,35.29,29.02,0.0,-0.0,0.9808081691445824,31.282999999999998,1.3252769323308857,-0.8247332865574272,1.0,-0.016291951775822766,0.8337109101464325,31.282999999999998,1.3252769323308857,33.93355386466177,28.632446135338228,1.0,-0.016291951775822766,0.9318139741527524
2024-08-21,30.03,31.12,29.93,30.41,23664005.0,727719227.0,1789414570.0,0.01322443965570259,0.007287181185823055,1.3503552397868546,31.122999999999998,30.941333333333333,1.0,0.007287181185823055,0.6868083999645069,-0.09520975900029749,0.0,0.0,1.518685719019916,34.2,29.02,0.0,0.0,0.9808081691445824,31.122999999999998,1.2184118221771263,-0.585188018551863,1.0,0.007287181185823055,0.839786312605267,31.122999999999998,1.2184118221771263,33.55982364435425,28.686176355645745,1.0,0.007287181185823055,0.9386042714138852
2024-08-22,30.38,30.38,29.64,29.99,20335346.0,612541165.0,1789414570.0,0.011364245234685889,-0.013811246300559077,1.3317051509769078,31.026999999999997,31.02466666666667,1.0,-0.013811246300559077,0.6773227199913042,-0.06016922594797869,0.0,-0.0,1.518685719019916,34.15,29.02,0.0,-0.0,0.9808081691445824,31.026999999999997,1.228735336154909,-0.8439571724575703,1.0,-0.013811246300559077,0.8281878170020374,31.026999999999997,1.228735336154909,33.48447067230982,28.56952932769018,1.0,-0.013811246300559077,0.9256409766426312
2024-08-23,29.75,30.57,29.73,30.4,18613563.0,566115592.0,1789414570.0,0.010402040595880473,0.013671223741247074,1.3499111900532843,30.945999999999998,31.1005,1.0,0.013671223741247074,0.6865825504413354,-0.05059337913803885,0.0,0.0,1.518685719019916,34.15,29.64,0.0,0.0,0.9808081691445824,30.945999999999998,1.213127320085062,-0.4500764189876747,1.0,0.013671223741247074,0.8395101579480472,30.945999999999998,1.213127320085062,33.37225464017012,28.519745359829873,1.0,0.013671223741247074,0.9382956215383791
2024-08-26,30.98,32.1,30.86,31.09,39570993.0,1247341753.0,1789414570.0,0.02211393249133989,0.022697368421052744,1.3805506216696255,30.881999999999998,31.189666666666668,0.0,-0.0006,0.6861706009110706,-0.03954278653073828,0.0,0.0,1.518685719019916,34.15,29.64,0.0,0.0,0.9808081691445824,30.881999999999998,1.1669330021808735,0.17824502316008897,1.0,0.022697368421052744,0.8585648292962101,30.881999999999998,1.1669330021808735,33.21586600436174,28.548133995638253,1.0,0.022697368421052744,0.9595924629482964
2024-08-27,31.13,31.13,29.83,29.93,28288728.0,859135791.0,1789414570.0,0.01580892906220161,-0.037311032486330054,1.3290408525754869,30.746500000000005,31.244999999999997,0.0,-0.0,0.6861706009110706,-0.08302696078431371,0.0,-0.0,1.518685719019916,34.15,29.64,0.0,-0.0,0.9808081691445824,30.746500000000005,1.1079011688774012,-0.7369790942881094,0.0,-0.0006,0.8580496903986323,30.746500000000005,1.1079011688774012,32.96230233775481,28.530697662245203,0.0,-0.0006,0.9590167074705274
2024-08-28,29.84,30.21,29.64,29.98,17321353.0,520967544.0,1789414570.0,0.009679899387429265,0.0016705646508519134,1.3312611012433375,30.585499999999996,31.301,0.0,0.0,0.6861706009110706,-0.09698795180722897,0.0,0.0,1.518685719019916,34.15,29.64,0.0,0.0,0.9808081691445824,30.585499999999996,0.9561682025558312,-0.6332567830445504,0.0,0.0,0.8580496903986323,30.585499999999996,0.9561682025558312,32.497836405111656,28.673163594888333,0.0,0.0,0.9590167074705274
2024-08-29,29.67,30.92,29.57,30.75,26946028.0,824881767.0,1789414570.0,0.015058571921653684,0.025683789192795237,1.36545293072824,30.436500000000002,31.363833333333332,0.0,0.0,0.6861706009110706,-0.08834865105247547,0.0,0.0,1.518685719019916,34.15,29.64,0.0,0.0,0.9808081691445824,30.436500000000002,0.6098341016857309,0.5140742361462024,0.0,0.0,0.8580496903986323,30.436500000000002,0.6098341016857309,31.656168203371465,29.21683179662854,0.0,0.0,0.9590167074705274
2024-08-30,30.56,32.9,30.56,32.47,50763389.0,1645059828.0,1789414570.0,0.02836871334964038,0.05593495934959347,1.4418294849023072,30.458,31.443166666666666,0.0,0.0,0.6861706009110706,0.013420724094881376,0.0,0.0,1.518685719019916,33.26,29.57,0.0,0.0,0.9808081691445824,30.458,0.6735889735313769,2.9869847623125887,0.0,0.0,0.8580496903986323,30.458,0.6735889735313769,31.805177947062752,29.110822052937245,0.0,0.0,0.9590167074705274
2024-09-02,32.35,32.57,30.81,30.86,38364191.0,1213579986.0,1789414570.0,0.021439520859607174,-0.04958423159839853,1.3703374777975115,30.52,31.499000000000002,0.0,-0.0,0.6861706009110706,0.04186360567184333,1.0,-0.050184231598398535,1.44247164317144,32.9,29.57,0.0,-0.0,0.9808081691445824,30.52,0.6490154486847587,0.5238704266424102,0.0,-0.0,0.8580496903986323,30.52,0.6490154486847587,31.818030897369518,29.22196910263048,0.0,-0.0,0.9590167074705274
2024-09-03,30.78,31.13,30.54,30.84,24378379.0,755671631.0,1789414570.0,0.013623661843772738,-0.0006480881399870686,1.3694493783303712,30.568,31.540000000000003,0.0,-0.0,0.6861706009110706,0.032128514056224855,1.0,-0.0006480881399870686,1.4415367944072328,32.9,29.57,0.0,-0.0,0.9808081691445824,30.568,0.6345292494605392,0.42866424239898476,0.0,-0.0,0.8580496903986323,30.568,0.6345292494605392,31.83705849892108,29.29894150107892,0.0,-0.0,0.9590167074705274
2024-09-04,30.15,30.56,29.83,30.31,20891904.0,634389718.0,1789414570.0,0.01167527321519462,-0.017185473411154395,1.3459147424511526,30.613,31.568666666666665,0.0,-0.0,0.6861706009110706,0.030601836110166536,1.0,-0.017185473411154395,1.4167633021557466,32.9,29.57,0.0,-0.0,0.9808081691445824,30.613,0.5774271428180905,-0.5247415258680631,0.0,-0.0,0.8580496903986323,30.613,0.5774271428180905,31.76785428563618,29.45814571436382,0.0,-0.0,0.9590167074705274
2024-09-05,30.42,30.62,30.0,30.28,18562096.0,564889127.0,1789414570.0,0.010373278675159105,-0.0009897723523588642,1.3445825932504423,30.628999999999998,31.592166666666667,0.0,-0.0,0.6861706009110706,0.010680907877169465,1.0,-0.0009897723523588642,1.4153610290094363,32.9,29.57,0.0,-0.0,0.9808081691445824,30.628999999999998,0.5626244891482954,-0.6203071617595514,0.0,-0.0,0.8580496903986323,30.628999999999998,0.5626244891482954,31.754248978296587,29.50375102170341,0.0,-0.0,0.9590167074705274
2024-09-06,30.29,30.39,29.6,29.6,19181870.0,575319998.0,1789414570.0,0.010719634410934745,-0.022457067371202122,1.3143872113676713,30.575,31.605500000000003,0.0,-0.0,0.6861706009110706,-0.03520208604954367,1.0,-0.022457067371202122,1.3835761710263974,32.9,29.57,0.0,-0.0,0.9808081691445824,30.575,0.6075100172446003,-1.6049118077462678,0.0,-0.0,0.8580496903986323,30.575,0.6075100172446003,31.7900200344892,29.3599799655108,0.0,-0.0,0.9590167074705274
2024-09-09,29.4,29.85,29.06,29.26,21261796.0,627254674.0,1789414570.0,0.011881984396718084,-0.011486486486486536,1.2992895204262858,30.502499999999998,31.57633333333333,0.0,-0.0,0.6861706009110706,-0.04721589058938458,0.0,-0.0006,1.3827460253237815,32.9,29.57,0.0,-0.0,0.9808081691445824,30.502499999999998,0.6734895380736321,-1.844869043628937,1.0,-0.012086486486486536,0.8476788844108952,30.502499999999998,0.6734895380736321,31.84947907614726,29.155520923852734,0.0,-0.0,0.9590167074705274
2024-09-10,29.31,29.54,28.7,29.43,23261334.0,681329034.0,1789414570.0,0.012999410192574883,0.005809979494189932,1.3068383658969784,30.413,31.548000000000002,0.0,0.0,0.6861706009110706,-0.05733504163997438,0.0,0.0,1.3827460253237815,32.9,29.06,0.0,0.0,0.9808081691445824,30.413,0.6918099830383126,-1.4209104004004547,1.0,0.005809979494189932,0.8526038813469803,30.413,0.6918099830383126,31.796619966076626,29.029380033923374,0.0,0.0,0.9590167074705274
2024-09-11,29.35,29.57,28.99,29.16,14258994.0,419363888.0,1789414570.0,0.00796852458846359,-0.00917431192660545,1.2948490230905843,30.328500000000002,31.5095,0.0,-0.0,0.6861706009110706,-0.05478119935170178,0.0,-0.0,1.3827460253237815,32.9,28.7,0.0,-0.0,0.9808081691445824,30.328500000000002,0.7373371363436568,-1.5847567447835547,1.0,-0.00917431192660545,0.8447818273896686,30.328500000000002,0.7373371363436568,31.803174272687315,28.85382572731269,0.0,-0.0,0.9590167074705274
2024-09-12,29.5,29.57,28.88,28.9,14067554.0,412745451.0,1789414570.0,0.007861539877816017,-0.008916323731138598,1.28330373001776,30.2495,31.477666666666668,0.0,-0.0,0.6861706009110706,-0.05183727034120744,0.0,-0.0,1.3827460253237815,32.9,28.7,0.0,-0.0,0.9808081691445824,30.2495,0.8020531220101295,-1.6825568817908787,1.0,-0.008916323731138598,0.8372494791344794,30.2495,0.8020531220101295,31.85360624402026,28.645393755979743,0.0,-0.0,0.9590167074705274
2024-09-13,28.85,29.7,28.73,28.8,23338931.0,684909532.0,1789414570.0,0.013042774654506139,-0.0034602076124566894,1.2788632326820586,30.167,31.4455,0.0,-0.0,0.6861706009110706,-0.054187192118226535,0.0,-0.0,1.3827460253237815,32.9,28.7,0.0,-0.0,0.9808081691445824,30.167,0.8628965907428672,-1.584199097163139,1.0,-0.0034602076124566894,0.8343524221132529,30.167,0.8628965907428672,31.892793181485736,28.441206818514267,0.0,-0.0,0.9590167074705274
2024-09-18,28.84,28.97,27.28,27.63,43767481.0,1221116817.0,1789414570.0,0.024459106198067897,-0.04062500000000002,1.22690941385435,30.014000000000003,31.394000000000002,0.0,-0.0,0.6861706009110706,-0.09970674486803521,0.0,-0.0,1.3827460253237815,32.9,28.7,0.0,-0.0,0.9808081691445824,30.014000000000003,1.021914611738218,-2.332875929765753,1.0,-0.04062500000000002,0.8004568549649019,30.014000000000003,1.021914611738218,32.05782922347644,27.970170776523567,0.0,-0.0,0.9590167074705274
2024-09-19,27.91,28.22,27.46,27.72,29885978.0,834911026.0,1789414570.0,0.016701539431413035,0.0032573289902280145,1.2309058614564814,29.890499999999996,31.360333333333333,0.0,0.0,0.6861706009110706,-0.08181517058628696,0.0,0.0,1.3827460253237815,32.9,27.28,0.0,0.0,0.9808081691445824,29.890499999999996,1.1417506179915402,-1.9010280929982202,1.0,0.0032573289902280145,0.8030642062840059,29.890499999999996,1.1417506179915402,32.17400123598308,27.606998764016915,1.0,0.0026573289902280146,0.9615651303694018
2024-09-20,27.77,28.13,27.32,27.9,24474454.0,682090850.0,1789414570.0,0.013677352588003126,0.006493506493506551,1.2388987566607443,29.765000000000004,31.307666666666666,0.0,0.0,0.6861706009110706,-0.08253863860572186,0.0,0.0,1.3827460253237815,32.9,27.28,0.0,0.0,0.9808081691445824,29.765000000000004,1.2171039829295616,-1.5323259361217128,1.0,0.006493506493506551,0.8082789089222138,29.765000000000004,1.2171039829295616,32.19920796585913,27.33079203414088,1.0,0.006493506493506551,0.967809059787385
2024-09-23,27.9,28.44,27.57,27.64,24387765.0,684141106.0,1789414570.0,0.013628907134694897,-0.009318996415770497,1.2273534635879204,29.6475,31.247333333333337,0.0,-0.0,0.6861706009110706,-0.0783594531510503,0.0,-0.0,1.3827460253237815,32.9,27.28,0.0,-0.0,0.9808081691445824,29.6475,1.30453409711136,-1.5388635716346728,1.0,-0.009318996415770497,0.8007465606670248,29.6475,1.30453409711136,32.25656819422272,27.038431805777282,1.0,-0.009318996415770497,0.9587900506280761
2024-09-24,27.92,28.86,27.35,28.84,43369718.0,1231930366.0,1789414570.0,0.02423681953142921,0.04341534008683068,1.2806394316163396,29.569499999999998,31.2025,0.0,0.0,0.6861706009110706,-0.051315789473684204,0.0,0.0,1.3827460253237815,32.9,27.28,0.0,0.0,0.9808081691445824,29.569499999999998,1.3038101048364037,-0.5595139946330854,1.0,0.04341534008683068,0.8355112449217437,29.569499999999998,1.3038101048364037,32.17712020967281,26.961879790327192,1.0,0.04341534008683068,1.0004162467479636
2024-09-25,29.09,30.16,29.07,29.63,53343197.0,1589734431.0,1789414570.0,0.029810418387282944,0.027392510402219017,1.3157193605683821,29.496500000000005,31.176333333333332,0.0,0.0,0.6861706009110706,-0.04696043743969125,0.0,0.0,1.3827460253237815,32.9,27.28,0.0,0.0,0.9808081691445824,29.496500000000005,1.2541227800212569,0.10644890765617991,1.0,0.027392510402219017,0.8583979953894335,29.496500000000005,1.2541227800212569,32.004745560042515,26.98825443995749,1.0,0.027392510402219017,1.027820159193556
2024-09-26,29.64,30.46,29.44,30.45,41591105.0,1249161526.0,1789414570.0,0.02324285590230776,0.027674654066824234,1.3521314387211352,29.522499999999997,31.174833333333332,0.0,0.0,0.6861706009110706,0.017373872368860566,0.0,0.0,1.3827460253237815,32.9,27.28,0.0,0.0,0.9808081691445824,29.522499999999997,1.2688862708772914,0.7309559739808207,0.0,-0.0006,0.8578829565921998,29.522499999999997,1.2688862708772914,32.06027254175458,26.984727458245416,0.0,-0.0006,1.02720346709804
2024-09-27,30.81,31.95,30.61,31.94,29463744.0,926751353.0,1789414570.0,0.01646557734242658,0.048932676518883556,1.418294849023089,29.620500000000003,31.1705,0.0,0.0,0.6861706009110706,0.06537691794529699,1.0,0.04833267651888355,1.4495778416735279,32.9,27.28,0.0,0.0,0.9808081691445824,29.620500000000003,1.3771498981973957,1.684275621002536,0.0,0.0,0.8578829565921998,29.620500000000003,1.3771498981973957,32.3747997963948,26.86620020360521,0.0,0.0,1.02720346709804
2024-09-30,33.56,35.13,32.73,35.13,89256281.0,3072340195.0,1789414570.0,0.04988015773225765,0.09987476518472138,1.55994671403197,29.839500000000005,31.228166666666667,0.0,0.0,0.6861706009110706,0.14243902439024403,1.0,0.09987476518472138,1.5943540882276468,32.9,27.28,0.0,0.0,0.9808081691445824,29.839500000000005,1.8375311669393628,2.8791348387369045,0.0,0.0,0.8578829565921998,29.839500000000005,1.8375311669393628,33.51456233387873,26.16443766612128,0.0,0.0,1.02720346709804
2024-10-08,38.64,38.64,37.34,38.64,66960473.0,2590922492.0,1789414570.0,0.03742032401133293,0.09991460290350118,1.7158081705150958,30.148000000000003,31.350833333333334,0.0,0.0,0.6861706009110706,0.19002155836156454,1.0,0.09991460290350118,1.7536533438404858,35.13,27.28,1.0,0.09931460290350118,1.0782167429876865,30.148000000000003,2.643559402735136,3.2123356075198544,0.0,0.0,0.8578829565921998,30.148000000000003,2.643559402735136,35.435118805470275,24.860881194529732,0.0,0.0,1.02720346709804
2024-10-09,39.71,41.77,37.58,39.08,165205135.0,6662934518.0,1789414570.0,0.0923235664723575,0.011387163561076497,1.7353463587921827,30.558999999999997,31.484666666666666,0.0,0.0,0.6861706009110706,0.26636422553467276,1.0,0.011387163561076497,1.773622481296226,38.64,27.28,1.0,0.011387163561076497,1.0904945733943785,30.558999999999997,3.314044912823366,2.5711781898395043,0.0,0.0,0.8578829565921998,30.558999999999997,3.314044912823366,37.18708982564673,23.930910174353265,0.0,0.0,1.02720346709804
2024-10-10,39.1,39.6,35.95,37.96,95675959.0,3664558248.0,1789414570.0,0.0534677433636857,-0.028659160696008157,1.6856127886323249,30.915,31.568499999999997,0.0,-0.0,0.6861706009110706,0.23086900129701693,1.0,-0.028659160696008157,1.7227919495907047,41.77,27.32,1.0,-0.028659160696008157,1.0592419141773441,30.915,3.7051606968488726,1.9014020109820235,0.0,-0.0,0.8578829565921998,30.915,3.7051606968488726,38.32532139369774,23.504678606302253,0.0,-0.0,1.02720346709804
2024-10-11,37.41,38.47,35.82,36.35,68346194.0,2527090854.0,1789414570.0,0.03819472309315108,-0.04241306638566911,1.6141207815275294,31.217000000000002,31.631000000000004,0.0,-0.0,0.6861706009110706,0.1992741669416036,1.0,-0.04241306638566911,1.6497230602640178,41.77,27.32,1.0,-0.04241306638566911,1.0143162165528572,31.217000000000002,3.894565849731482,1.3179902967499968,0.0,-0.0,0.8578829565921998,31.217000000000002,3.894565849731482,39.00613169946297,23.42786830053704,0.0,-0.0,1.02720346709804
2024-10-14,36.35,37.29,35.36,37.23,63249879.0,2323592506.0,1789414570.0,0.03534668827470205,0.024209078404401563,1.6531971580817033,31.564500000000002,31.692833333333336,0.0,0.0,0.6861706009110706,0.2295244385733155,1.0,0.024209078404401563,1.6896613351754988,41.77,27.35,1.0,0.024209078404401563,1.0388718773662413,31.564500000000002,4.1106299619657465,1.3782559005361534,0.0,0.0,0.8578829565921998,31.564500000000002,4.1106299619657465,39.785759923931494,23.34324007606851,0.0,0.0,1.02720346709804
2024-10-15,37.22,39.27,36.75,37.65,84398234.0,3248115670.0,1789414570.0,0.047165277077183966,0.011281224818694646,1.67184724689165,31.967000000000002,31.764,0.0,0.0,0.6861706009110706,0.27195945945945943,1.0,0.011281224818694646,1.7087227845650694,41.77,27.35,1.0,0.011281224818694646,1.0505916245726292,31.967000000000002,4.2979935343195494,1.322244892790356,0.0,0.0,0.8578829565921998,31.967000000000002,4.2979935343195494,40.5629870686391,23.3710129313609,0.0,0.0,1.02720346709804
2024-10-16,36.56,37.65,36.35,36.97,45855171.0,1709234927.0,1789414570.0,0.02562579503306492,-0.018061088977423645,1.6416518650088792,32.352500000000006,31.804166666666667,1.0,-0.018661088977423645,0.6733659102737769,0.26349965823650034,1.0,-0.018061088977423645,1.6778613903152886,41.77,29.07,1.0,-0.018061088977423645,1.0316167957622868,32.352500000000006,4.387255316314104,1.0524803475260986,0.0,-0.0,0.8578829565921998,32.352500000000006,4.387255316314104,41.12701063262821,23.5779893673718,0.0,-0.0,1.02720346709804
2024-10-17,37.51,37.78,36.79,36.79,44447297.0,1665894852.0,1789414570.0,0.024839015924632824,-0.004868812550716806,1.6336589698046162,32.7205,31.82016666666667,1.0,-0.004868812550716806,0.670087417878611,0.25008494733265363,1.0,-0.004868812550716806,1.6696921977197583,41.77,29.44,1.0,-0.004868812550716806,1.0265940469595491,32.7205,4.437603045504833,0.917049127258529,0.0,-0.0,0.8578829565921998,32.7205,4.437603045504833,41.59570609100967,23.845293908990335,0.0,-0.0,1.02720346709804
2024-10-18,36.94,40.47,36.92,39.81,118700834.0,4646463702.0,1789414570.0,0.06633501033804592,0.08208752378363693,1.7677619893428045,33.253,31.909,1.0,0.08208752378363693,0.7250932347308374,0.3652263374485598,1.0,0.08208752378363693,1.806753095711432,41.77,30.61,1.0,0.08208752378363693,1.1108646102054813,33.253,4.622979330987428,1.4183494085835517,0.0,0.0,0.8578829565921998,33.253,4.622979330987428,42.498958661974854,24.007041338025147,0.0,0.0,1.02720346709804
2024-10-21,40.77,41.47,39.64,39.73,146009015.0,5931508021.0,1789414570.0,0.08159596856305915,-0.002009545340366903,1.7642095914742428,33.7945,31.986166666666666,1.0,-0.002009545340366903,0.7236361269996525,0.3747404844290656,1.0,-0.002009545340366903,1.8031223434467516,41.77,32.73,1.0,-0.002009545340366903,1.1086322774042645,33.7945,4.719529944256843,1.257646433035743,0.0,-0.0,0.8578829565921998,33.7945,4.719529944256843,43.23355988851368,24.355440111486313,0.0,-0.0,1.02720346709804
2024-10-22,39.16,39.76,38.42,38.76,86272802.0,3378595682.0,1789414570.0,0.04821286438949695,-0.024414799899320383,1.7211367673179374,34.2925,32.05016666666667,1.0,-0.024414799899320383,0.7059686957590368,0.3458333333333332,1.0,-0.024414799899320383,1.7590994722375055,41.77,35.36,1.0,-0.024414799899320383,1.0815652421895114,34.2925,4.690170993404038,0.9525239071843675,0.0,-0.0,0.8578829565921998,34.2925,4.690170993404038,43.67284198680807,24.91215801319192,0.0,-0.0,1.02720346709804
2024-10-23,38.77,39.06,38.07,38.45,71764485.0,2779133765.0,1789414570.0,0.040105007639453835,-0.007997936016511775,1.7073712255772626,34.8335,32.098499999999994,1.0,-0.007997936016511775,0.7003224033006957,0.3916033297140791,1.0,-0.007997936016511775,1.7450303072118702,41.77,35.36,1.0,-0.007997936016511775,1.0729149525847967,34.8335,4.501453887941472,0.8034070969132682,0.0,-0.0,0.8578829565921998,34.8335,4.501453887941472,43.83640777588295,25.830592224117055,0.0,-0.0,1.02720346709804
2024-10-24,38.18,38.87,38.0,38.44,51954243.0,2007546646.0,1789414570.0,0.02903421256930975,-0.0002600780234071065,1.7069271758436924,35.3695,32.181,1.0,-0.0002600780234071065,0.7001402648342976,0.3867243867243868,1.0,-0.0002600780234071065,1.744576463178785,41.77,35.36,1.0,-0.0002600780234071065,1.0726359109846446,35.3695,4.2405169434125245,0.7240862472604658,0.0,-0.0,0.8578829565921998,35.3695,4.2405169434125245,43.85053388682505,26.888466113174953,0.0,-0.0,1.02720346709804
2024-10-25,38.56,39.03,38.08,38.87,55396443.0,2148251872.0,1789414570.0,0.03095785846876166,0.011186264308012506,1.7260213143872092,35.91799999999999,32.26866666666667,1.0,0.011186264308012506,0.7079722188894159,0.39318996415770613,1.0,0.011186264308012506,1.7640917566014405,41.77,35.36,1.0,0.011186264308012506,1.0846346997911847,35.91799999999999,3.920933830768312,0.7528818713631689,0.0,0.0,0.8578829565921998,35.91799999999999,3.920933830768312,43.75986766153662,28.076132338463367,0.0,0.0,1.02720346709804
2024-10-28,38.71,38.71,37.29,38.31,73570970.0,2804314734.0,1789414570.0,0.0411145473125325,-0.014406997684589529,1.7011545293072805,36.451499999999996,32.37533333333333,1.0,-0.014406997684589529,0.6977724647711223,0.3860347322720694,1.0,-0.014406997684589529,1.73867649074868,41.77,35.36,1.0,-0.014406997684589529,1.0690083701826676,36.451499999999996,3.4305489433371923,0.5417500320494137,0.0,-0.0,0.8578829565921998,36.451499999999996,3.4305489433371923,43.31259788667438,29.59040211332561,0.0,-0.0,1.02720346709804
2024-10-29,38.32,39.67,37.83,38.41,88662432.0,3454756976.0,1789414570.0,0.04954828997508386,0.002610284521012751,1.705595026642982,36.93,32.481833333333334,1.0,0.002610284521012751,0.6995938494351033,0.3318307905686546,1.0,0.002610284521012751,1.7432149310795302,41.77,36.35,1.0,0.002610284521012751,1.0717987861841884,36.93,2.9462393514088183,0.5023352903396316,0.0,0.0,0.8578829565921998,36.93,2.9462393514088183,42.822478702817634,31.037521297182362,0.0,0.0,1.02720346709804
2024-10-30,37.99,38.76,37.49,38.05,64495578.0,2473006664.0,1789414570.0,0.036042837183336444,-0.009372559229367305,1.6896092362344564,37.351000000000006,32.5765,1.0,-0.009372559229367305,0.6930368646447717,0.28417144785690174,1.0,-0.009372559229367305,1.7268765458884698,41.77,36.35,1.0,-0.009372559229367305,1.061753288578713,37.351000000000006,2.3989666635099347,0.2913754537035884,0.0,-0.0,0.8578829565921998,37.351000000000006,2.3989666635099347,42.148933327019876,32.55306667298014,0.0,-0.0,1.02720346709804
2024-10-31,37.94,40.57,37.4,39.7,117597573.0,4619560691.0,1789414570.0,0.06571846176484412,0.043363994743758294,1.7628774422735327,37.8135,32.69416666666667,1.0,0.043363994743758294,0.7230897116004582,0.3037766830870281,1.0,0.043363994743758294,1.801760811347497,41.77,36.79,1.0,0.043363994743758294,1.1077951526038086,37.8135,1.820376696123612,1.0363239674608002,0.0,0.0,0.8578829565921998,37.8135,1.820376696123612,41.454253392247224,34.17274660775277,0.0,0.0,1.02720346709804
2024-11-01,41.67,41.67,38.29,38.38,113728682.0,4557471255.0,1789414570.0,0.06355636301765442,-0.03324937027707808,1.7042628774422717,38.13549999999999,32.780499999999996,1.0,-0.03324937027707808,0.699047434035909,0.2016280525986225,1.0,-0.03324937027707808,1.7418533989802754,41.77,36.92,1.0,-0.03324937027707808,1.0709616613837323,38.13549999999999,1.1856797961287184,0.20621081745536138,0.0,-0.0,0.8578829565921998,38.13549999999999,1.1856797961287184,40.50685959225743,35.76414040774256,0.0,-0.0,1.02720346709804
2024-11-04,38.39,39.28,37.89,38.63,60254633.0,2332569306.0,1789414570.0,0.03367281903823997,0.006513809275664473,1.7153641207815258,38.3105,32.86216666666666,1.0,0.006513809275664473,0.7036008956958615,0.09962994591517216,1.0,0.006513809275664473,1.7531994998074008,41.77,37.29,1.0,0.006513809275664473,1.0779377013875346,38.3105,0.9544878759123357,0.33473447705620646,0.0,0.0,0.8578829565921998,38.3105,0.9544878759123357,40.21947575182467,36.40152424817533,0.0,0.0,1.02720346709804
2024-11-05,38.64,41.13,38.34,40.84,119830445.0,4833970198.0,1789414570.0,0.0669662843976955,0.05720942272844942,1.813499111900531,38.4205,33.008833333333335,1.0,0.05720942272844942,0.7438534967698417,0.05693581780538315,1.0,0.05720942272844942,1.8534990311191883,41.77,37.29,1.0,0.05720942272844942,1.1396058950211472,38.4205,1.108761637333086,2.1821642439033613,0.0,0.0,0.8578829565921998,38.4205,1.108761637333086,40.63802327466617,36.202976725333826,0.0,0.0,1.02720346709804
2024-11-06,40.87,44.9,40.47,43.32,165675041.0,7008960223.0,1789414570.0,0.09258616967671164,0.06072477962781586,1.9236234458259305,38.63250000000001,33.23716666666667,1.0,0.06072477962781586,0.7890238364365706,0.10849539406345965,1.0,0.06072477962781586,1.9660523513242714,41.77,37.29,1.0,0.06072477962781586,1.208808211858866,38.63250000000001,1.5564631802838946,3.0116356489364597,0.0,0.0,0.8578829565921998,38.63250000000001,1.5564631802838946,41.7454263605678,35.51957363943222,0.0,0.0,1.02720346709804
2024-11-07,42.36,44.0,41.52,43.59,118829163.0,5089477535.0,1789414570.0,0.06640672597183558,0.006232686980609525,1.9356127886323249,38.914,33.465666666666664,1.0,0.006232686980609525,0.7939415750293194,0.14831401475237094,1.0,0.006232686980609525,1.9783061402175668,44.9,37.29,1.0,0.006232686980609525,1.2163423350629727,38.914,1.89970468619135,2.461435208319008,0.0,0.0,0.8578829565921998,38.914,1.89970468619135,42.7134093723827,35.114590627617304,0.0,0.0,1.02720346709804
2024-11-08,44.54,45.44,43.25,43.37,119651640.0,5343170107.0,1789414570.0,0.06686636065559699,-0.0050470291351228935,1.9258436944937811,39.265,33.69833333333334,1.0,-0.0050470291351228935,0.7899345287685611,0.19312242090784038,1.0,-0.0050470291351228935,1.9683215714896962,44.9,37.29,1.0,-0.0050470291351228935,1.2102034198596265,39.265,2.044073590188432,2.008244722550121,0.0,-0.0,0.8578829565921998,39.265,2.044073590188432,43.353147180376865,35.176852819623136,0.0,-0.0,1.02720346709804
2024-11-11,44.71,47.65,44.27,46.29,132303030.0,6109575381.0,1789414570.0,0.07393648862488025,0.0673276458381371,2.055506216696268,39.718,33.9705,1.0,0.0673276458381371,0.8431189609568065,0.2433521353746979,1.0,0.0673276458381371,2.10084402915052,45.44,37.29,1.0,0.0673276458381371,1.2916835671040379,39.718,2.5182671569324837,2.609731053318977,0.0,0.0,0.8578829565921998,39.718,2.5182671569324837,44.75453431386497,34.681465686135034,0.0,0.0,1.02720346709804
2024-11-12,46.32,47.29,44.76,45.84,99999906.0,4611431008.0,1789414570.0,0.055884146511671694,-0.009721322099805474,2.0355239786856107,40.1275,34.223166666666664,1.0,-0.009721322099805474,0.834922729968892,0.21752988047808786,1.0,-0.009721322099805474,2.080421047661695,47.65,37.4,1.0,-0.009721322099805474,1.2791266950971938,40.1275,2.8129416612283893,2.0307922054470913,0.0,-0.0,0.8578829565921998,40.1275,2.8129416612283893,45.75338332245678,34.50161667754322,0.0,-0.0,1.02720346709804
2024-11-13,45.37,45.46,43.5,44.09,87731005.0,3903748142.0,1789414570.0,0.04902776945646531,-0.038176265270506105,1.9578152753108329,40.4835,34.44616666666666,1.0,-0.038176265270506105,0.8030484983492245,0.19258858533946466,1.0,-0.038176265270506105,2.000998341871818,47.65,37.4,1.0,-0.038176265270506105,1.2302944150705775,40.4835,2.8426919691692993,1.2686918030918093,0.0,-0.0,0.8578829565921998,40.4835,2.8426919691692993,46.168883938338595,34.7981160616614,0.0,-0.0,1.02720346709804
2024-11-14,44.48,44.96,42.77,42.85,72183784.0,3175689292.0,1789414570.0,0.04033932952719838,-0.028124291222499487,1.902753108348133,40.786500000000004,34.64,1.0,-0.028124291222499487,0.7804633285158601,0.16471867355259584,1.0,-0.028124291222499487,1.9447216817692765,47.65,37.4,1.0,-0.028124291222499487,1.1956932566517178,40.786500000000004,2.7497296996347385,0.75043739763734,0.0,-0.0,0.8578829565921998,40.786500000000004,2.7497296996347385,46.28595939926948,35.28704060073053,0.0,-0.0,1.02720346709804
2024-11-15,43.64,46.19,42.77,42.95,108336661.0,4826996862.0,1789414570.0,0.060543075269583836,0.002333722287047868,1.9071936056838348,40.94350000000001,34.84166666666667,1.0,0.002333722287047868,0.7822847131798412,0.07887465460939458,1.0,0.002333722287047868,1.9492601221001267,47.65,37.89,1.0,0.002333722287047868,1.1984836726532386,40.94350000000001,2.7805097506905,0.7216302692345207,0.0,0.0,0.8578829565921998,40.94350000000001,2.7805097506905,46.504519501381004,35.38248049861901,0.0,0.0,1.02720346709804
2024-11-18,42.06,42.59,40.14,40.53,85193216.0,3531158347.0,1789414570.0,0.04760954640041855,-0.05634458672875442,1.799733570159856,40.98350000000001,35.00916666666667,1.0,-0.05634458672875442,0.7382072043115008,0.020135917442738682,1.0,-0.05634458672875442,1.8394298660935537,47.65,37.89,1.0,-0.05634458672875442,1.130955605416432,40.98350000000001,2.767859281105298,-0.16384503471538758,0.0,-0.0,0.8578829565921998,40.98350000000001,2.767859281105298,46.519218562210604,35.44778143778941,0.0,-0.0,1.02720346709804
2024-11-19,40.47,41.88,40.23,41.75,63771141.0,2637166042.0,1789414570.0,0.03563799136831662,0.030101159634838393,1.8539076376554156,41.133,35.197500000000005,1.0,0.030101159634838393,0.760428097212069,0.07714138286893713,1.0,0.030101159634838393,1.8947988381299252,47.65,38.34,1.0,0.030101159634838393,1.1649986806349875,41.133,2.721806868897883,0.22668764894763957,0.0,0.0,0.8578829565921998,41.133,2.721806868897883,46.57661373779577,35.68938626220424,0.0,0.0,1.02720346709804
2024-11-20,41.73,41.76,40.68,41.4,58461353.0,2424805043.0,1789414570.0,0.03267065887364491,-0.008383233532934131,1.83836589698046,41.2805,35.376,1.0,-0.008383233532934131,0.7540532508881356,0.07672301690507144,1.0,-0.008383233532934131,1.87891429697195,47.65,40.14,1.0,-0.008383233532934131,1.1552322246296642,41.2805,2.647681160245046,0.04513383325541176,0.0,-0.0,0.8578829565921998,41.2805,2.647681160245046,46.575862320490096,35.98513767950991,0.0,-0.0,1.02720346709804
2024-11-21,41.27,41.3,40.44,40.82,55671938.0,2288496125.0,1789414570.0,0.03111181664291467,-0.014009661835748699,1.812611012433391,41.3995,35.55316666666667,1.0,-0.014009661835748699,0.7434892198370459,0.0619146722164412,1.0,-0.014009661835748699,1.8525913430530194,47.65,40.14,1.0,-0.014009661835748699,1.139047811820843,41.3995,2.5655049261922227,-0.22588146063711104,0.0,-0.0,0.8578829565921998,41.3995,2.5655049261922227,46.53050985238445,36.26849014761556,0.0,-0.0,1.02720346709804
2024-11-22,40.82,41.27,38.61,38.7,70601205.0,2833315231.0,1789414570.0,0.039454917928828534,-0.05193532582067606,1.7184724689165174,41.391000000000005,35.69133333333333,1.0,-0.05193532582067606,0.7048758649606486,-0.004373552868536024,1.0,-0.05193532582067606,1.756376408038997,47.65,40.14,1.0,-0.05193532582067606,1.0798909925885993,41.391000000000005,2.5745922518252606,-1.0452140520861952,0.0,-0.0,0.8578829565921998,41.391000000000005,2.5745922518252606,46.54018450365053,36.24181549634948,0.0,-0.0,1.02720346709804
2024-11-25,38.66,38.87,36.7,37.51,72806217.0,2742623605.0,1789414570.0,0.04068717122382657,-0.030749354005168095,1.6656305506216682,41.351,35.81666666666667,1.0,-0.030749354005168095,0.6832013874592745,-0.020882276168102454,0.0,-0.0006,1.7553225821941736,47.65,38.61,0.0,-0.0006,1.079243057993046,41.351,2.63058508600988,-1.460131443923793,0.0,-0.0,0.8578829565921998,41.351,2.63058508600988,46.61217017201976,36.08982982798024,0.0,-0.0,1.02720346709804
2024-11-26,37.53,38.29,37.27,37.36,40512291.0,1538089227.0,1789414570.0,0.022639969339245964,-0.003998933617701872,1.6589698046181158,41.298500000000004,35.93266666666667,1.0,-0.003998933617701872,0.6804693104633031,-0.02733663108565476,0.0,-0.0,1.7553225821941736,47.65,36.7,0.0,-0.0,1.079243057993046,41.298500000000004,2.7018809724846213,-1.4576881957824372,0.0,-0.0,0.8578829565921998,41.298500000000004,2.7018809724846213,46.702261944969244,35.894738055030764,0.0,-0.0,1.02720346709804
2024-11-27,37.23,37.96,36.62,37.95,53150689.0,1998534047.0,1789414570.0,0.029702836833389593,0.01579229122055681,1.6851687388987553,41.2935,36.047000000000004,1.0,0.01579229122055681,0.691215479980791,-0.0026281208935609035,0.0,0.0,1.7553225821941736,47.65,36.7,0.0,0.0,1.079243057993046,41.2935,2.7082938404679333,-1.2345410789777211,0.0,0.0,0.8578829565921998,41.2935,2.7082938404679333,46.71008768093587,35.87691231906413,0.0,0.0,1.02720346709804
2024-11-28,37.97,38.97,37.58,38.16,57574427.0,2219028465.0,1789414570.0,0.0321750073824424,0.00553359683794441,1.6944937833037281,41.2165,36.18416666666666,1.0,0.00553359683794441,0.695040387775151,-0.03879093198992456,0.0,0.0,1.7553225821941736,47.65,36.62,0.0,0.0,1.079243057993046,41.2165,2.7770038284378806,-1.1006466641132966,0.0,0.0,0.8578829565921998,41.2165,2.7770038284378806,46.770507656875765,35.66249234312424,0.0,0.0,1.02720346709804
2024-11-29,38.09,39.33,37.62,38.76,56235191.0,2175884223.0,1789414570.0,0.03142658607054932,0.01572327044025168,1.7211367673179379,41.2355,36.3305,1.0,0.01572327044025168,0.7059686957590371,0.009900990099009688,0.0,0.0,1.7553225821941736,47.65,36.62,0.0,0.0,1.079243057993046,41.2355,2.75780896059873,-0.8976328800754074,0.0,0.0,0.8578829565921998,41.2355,2.75780896059873,46.75111792119746,35.71988207880254,0.0,0.0,1.02720346709804
2024-12-02,38.97,40.28,38.97,39.97,63726890.0,2546953583.0,1789414570.0,0.035613262051398184,0.031217750257998,1.7748667850799273,41.3025,36.48416666666666,1.0,0.031217750257998,0.7280074501932072,0.034688066269738416,1.0,0.030617750257998,1.809066610638019,47.65,36.62,0.0,0.0,1.079243057993046,41.3025,2.7069868177698444,-0.49224473176333583,0.0,0.0,0.8578829565921998,41.3025,2.7069868177698444,46.71647363553969,35.88852636446031,0.0,0.0,1.02720346709804
2024-12-03,40.01,40.73,39.06,39.51,58213636.0,2338575131.0,1789414570.0,0.032532224212302015,-0.011508631473605258,1.7544404973357,41.236000000000004,36.6015,1.0,-0.011508631473605258,0.7196290807388945,-0.03256611165524004,1.0,-0.011508631473605258,1.788246729704982,47.65,36.62,0.0,-0.0,1.079243057993046,41.236000000000004,2.73513667511876,-0.6310470755268796,0.0,-0.0,0.8578829565921998,41.236000000000004,2.73513667511876,46.706273350237524,35.765726649762485,0.0,-0.0,1.02720346709804
2024-12-04,40.36,40.6,39.06,39.08,51648404.0,2070969647.0,1789414570.0,0.028863296893799184,-0.010883320678309327,1.7353463587921831,41.024,36.7385,1.0,-0.010883320678309327,0.7117971266837761,-0.09787626962142204,0.0,-0.0006,1.787173781667159,47.65,36.62,0.0,-0.0,1.079243057993046,41.024,2.7294194485854537,-0.7122393742037334,0.0,-0.0,0.8578829565921998,41.024,2.7294194485854537,46.48283889717091,35.565161102829094,0.0,-0.0,1.02720346709804
2024-12-05,38.87,39.55,38.78,39.09,31240889.0,1227937119.0,1789414570.0,0.01745872059150608,0.00025588536335741097,1.7357904085257536,40.799,36.876,1.0,0.00025588536335741097,0.7119792651501744,-0.10323468685478321,0.0,0.0,1.787173781667159,47.65,36.62,0.0,0.0,1.079243057993046,40.799,2.6919800969000445,-0.6348486758754267,0.0,0.0,0.8578829565921998,40.799,2.6919800969000445,46.182960193800085,35.415039806199914,0.0,0.0,1.02720346709804
2024-12-06,39.11,39.73,38.63,39.34,45811564.0,1802291916.0,1789414570.0,0.025601425610388317,0.006395497569710917,1.7468916518650075,40.597500000000004,37.02649999999999,1.0,0.006395497569710917,0.7165327268101269,-0.09292137422181213,0.0,0.0,1.787173781667159,47.65,36.62,0.0,0.0,1.079243057993046,40.597500000000004,2.639726610645136,-0.47637508934786005,0.0,0.0,0.8578829565921998,40.597500000000004,2.639726610645136,45.87695322129028,35.31804677870973,0.0,0.0,1.02720346709804
2024-12-09,39.33,39.33,38.09,38.42,36837191.0,1428578216.0,1789414570.0,0.02058616914022333,-0.023385866802236976,1.7060390763765527,40.20399999999999,37.162166666666664,1.0,-0.023385866802236976,0.6997759879015016,-0.17001512205659963,0.0,-0.0,1.787173781667159,47.65,36.62,0.0,-0.0,1.079243057993046,40.20399999999999,2.312836945580632,-0.7713470694113818,0.0,-0.0,0.8578829565921998,40.20399999999999,2.312836945580632,44.82967389116126,35.57832610883873,0.0,-0.0,1.02720346709804
2024-12-10,39.61,39.76,38.23,38.34,45442658.0,1782816040.0,1789414570.0,0.025395265447067418,-0.0020822488287349783,1.7024866785079915,39.829,37.307833333333335,1.0,-0.0020822488287349783,0.6983188801703168,-0.16361256544502611,0.0,-0.0,1.787173781667159,47.29,36.62,0.0,-0.0,1.079243057993046,39.829,1.9267176888771678,-0.7728169044151668,0.0,-0.0,0.8578829565921998,39.829,1.9267176888771678,43.68243537775434,35.97556462224566,0.0,-0.0,1.02720346709804
2024-12-11,38.15,38.57,37.84,38.25,38879681.0,1491870292.0,1789414570.0,0.021727598317253,-0.0023474178403756207,1.69849023090586,39.537,37.45766666666667,1.0,-0.0023474178403756207,0.6966796339727339,-0.13245633930596512,0.0,-0.0,1.787173781667159,46.19,36.62,0.0,-0.0,1.079243057993046,39.537,1.6727604037702506,-0.769386934972407,0.0,-0.0,0.8578829565921998,39.537,1.6727604037702506,42.8825208075405,36.1914791924595,0.0,-0.0,1.02720346709804
2024-12-12,38.24,38.5,37.8,38.37,34320584.0,1316343208.0,1789414570.0,0.01917978347521782,0.0031372549019608176,1.703818827708702,39.313,37.60666666666667,1.0,0.0031372549019608176,0.6988652955695112,-0.10455075845974338,0.0,0.0,1.787173781667159,46.19,37.58,0.0,0.0,1.079243057993046,39.313,1.4964311931358574,-0.630165960403361,0.0,0.0,0.8578829565921998,39.313,1.4964311931358574,42.30586238627172,36.320137613728285,0.0,0.0,1.02720346709804
2024-12-13,38.29,38.45,37.69,37.79,41236742.0,1573535849.0,1789414570.0,0.023044822978053655,-0.015115976022934574,1.6780639431616329,39.05499999999999,37.750499999999995,1.0,-0.015115976022934574,0.6883012645184213,-0.1201396973224681,0.0,-0.0,1.787173781667159,46.19,37.62,0.0,-0.0,1.079243057993046,39.05499999999999,1.262981018318201,-1.0015985843433188,0.0,-0.0,0.8578829565921998,39.05499999999999,1.262981018318201,41.58096203663639,36.52903796336359,0.0,-0.0,1.02720346709804
2024-12-16,37.8,38.36,37.44,37.63,34638305.0,1317783287.0,1789414570.0,0.019357339311258655,-0.0042339243186027,1.6709591474245105,38.91,37.896,1.0,-0.0042339243186027,0.6853870490560517,-0.07155193683691086,0.0,-0.0,1.787173781667159,42.59,37.69,0.0,-0.0,1.079243057993046,38.91,1.2511426356484403,-1.0230648077440008,0.0,-0.0,0.8578829565921998,38.91,1.2511426356484403,41.41228527129688,36.40771472870311,0.0,-0.0,1.02720346709804
2024-12-17,37.47,38.15,37.38,37.53,31836121.0,1208083668.0,1789414570.0,0.017791361227152632,-0.0026574541589158285,1.6665186500888087,38.699,38.041500000000006,1.0,-0.0026574541589158285,0.6835656643920707,-0.10107784431137723,0.0,-0.0,1.787173781667159,41.88,37.44,0.0,-0.0,1.079243057993046,38.699,1.0928037335223835,-1.0697254814750803,0.0,-0.0,0.8578829565921998,38.699,1.0928037335223835,40.884607467044766,36.51339253295523,0.0,-0.0,1.02720346709804
2024-12-18,37.69,38.22,37.31,37.98,41970266.0,1594968817.0,1789414570.0,0.0234547469902405,0.011990407673860837,1.6865008880994659,38.528,38.214000000000006,1.0,0.011990407673860837,0.6917618953799851,-0.08260869565217399,0.0,0.0,1.787173781667159,41.76,37.38,0.0,0.0,1.079243057993046,38.528,0.8981536616862631,-0.6101405843752218,0.0,0.0,0.8578829565921998,38.528,0.8981536616862631,40.32430732337252,36.731692676627475,0.0,0.0,1.02720346709804
2024-12-19,37.41,38.78,37.3,38.65,61115916.0,2340619950.0,1789414570.0,0.03415414014428194,0.01764086361242767,1.7162522202486667,38.4195,38.396166666666666,1.0,0.01764086361242767,0.7039651726286579,-0.0531602155805978,0.0,0.0,1.787173781667159,41.3,37.31,0.0,0.0,1.079243057993046,38.4195,0.720127729898559,0.32008210547935534,0.0,0.0,0.8578829565921998,38.4195,0.720127729898559,39.859755459797114,36.979244540202885,0.0,0.0,1.02720346709804
2024-12-20,38.58,40.33,38.17,39.76,93949507.0,3726683816.0,1789414570.0,0.05250292949162697,0.028719275549806023,1.7655417406749545,38.472500000000004,38.593833333333336,1.0,0.028719275549806023,0.724182542398847,0.027390180878552828,0.0,0.0,1.787173781667159,41.27,37.3,0.0,0.0,1.079243057993046,38.472500000000004,0.7784997380254534,1.6538220080401607,0.0,0.0,0.8578829565921998,38.472500000000004,0.7784997380254534,40.02949947605091,36.9155005239491,0.0,0.0,1.02720346709804
2024-12-23,39.78,39.98,38.63,38.81,57373972.0,2273705391.0,1789414570.0,0.03206298471125112,-0.02389336016096566,1.7233570159857896,38.5375,38.78,0.0,-0.0006,0.7237480328734077,0.03465742468675037,1.0,-0.02449336016096566,1.74339989056255,40.73,37.3,0.0,-0.0,1.079243057993046,38.5375,0.747563586452629,0.3645174871251817,0.0,-0.0,0.8578829565921998,38.5375,0.747563586452629,40.03262717290526,37.042372827094745,0.0,-0.0,1.02720346709804
2024-12-24,38.88,39.07,37.84,39.02,50299365.0,1946568051.0,1789414570.0,0.02810939725387393,0.005410976552435054,1.7326820603907631,38.6205,38.949666666666666,0.0,0.0,0.7237480328734077,0.04443254817987152,1.0,0.005410976552435054,1.752833386491902,40.73,37.3,0.0,0.0,1.079243057993046,38.6205,0.7006273504588441,0.5702032610322291,0.0,0.0,0.8578829565921998,38.6205,0.7006273504588441,40.02175470091769,37.21924529908231,0.0,0.0,1.02720346709804
2024-12-25,39.03,39.23,38.5,38.71,34364702.0,1343335566.0,1789414570.0,0.01920443846615153,-0.007944643772424431,1.718916518650088,38.6585,39.101,0.0,-0.0,0.7237480328734077,0.020026350461133102,1.0,-0.007944643772424431,1.7389077496438115,40.73,37.3,0.0,-0.0,1.079243057993046,38.6585,0.6827288511634649,0.07543258192801015,0.0,-0.0,0.8578829565921998,38.6585,0.6827288511634649,40.023957702326925,37.29304229767307,0.0,-0.0,1.02720346709804
2024-12-26,38.58,39.88,38.48,39.71,61167992.0,2428757246.0,1789414570.0,0.03418324239977547,0.025833118057349447,1.7633214920071039,38.736000000000004,39.25533333333333,0.0,0.0,0.7237480328734077,0.04061844863731667,1.0,0.025833118057349447,1.7838291588311999,40.73,37.3,0.0,0.0,1.079243057993046,38.736000000000004,0.710569823229693,1.3707308812706918,0.0,0.0,0.8578829565921998,38.736000000000004,0.710569823229693,40.15713964645939,37.31486035354062,0.0,0.0,1.02720346709804
2024-12-27,39.46,41.29,39.46,40.23,94710175.0,3839328221.0,1789414570.0,0.052928022710802006,0.01309493830269437,1.786412078152752,38.8095,39.3935,0.0,0.0,0.7237480328734077,0.03792569659442724,1.0,0.01309493830269437,1.8071882916086417,40.73,37.3,0.0,0.0,1.079243057993046,38.8095,0.7852822154456395,1.8089038208943495,0.0,0.0,0.8578829565921998,38.8095,0.7852822154456395,40.38006443089128,37.23893556910872,0.0,0.0,1.02720346709804
2024-12-30,41.27,43.24,40.77,42.73,150542962.0,6359134869.0,1789414570.0,0.08412972852903505,0.0621426795923441,1.897424511545292,38.9475,39.52016666666667,0.0,0.0,0.7237480328734077,0.0690517888416311,1.0,0.0621426795923441,1.9194918145771132,41.29,37.3,0.0,0.0,1.079243057993046,38.9475,1.155293879222473,3.2740587204925453,0.0,0.0,0.8578829565921998,38.9475,1.155293879222473,41.258087758444944,36.63691224155505,0.0,0.0,1.02720346709804
2024-12-31,42.74,42.84,40.62,40.63,95529516.0,3981376139.0,1789414570.0,0.05338590486608143,-0.04914579920430595,1.8041740674955586,39.003499999999995,39.55333333333333,0.0,-0.0,0.7237480328734077,0.02834725385978243,1.0,-0.04914579920430595,1.8251568552835975,43.24,37.3,1.0,-0.049745799204305954,1.025555249537483,39.003499999999995,1.209851121767716,1.344380288397406,0.0,-0.0,0.8578829565921998,39.003499999999995,1.209851121767716,41.42320224353543,36.58379775646456,0.0,-0.0,1.02720346709804
2025-01-02,40.63,40.69,37.56,38.02,87935179.0,3434066962.0,1789414570.0,0.04914187046101899,-0.06423824760029528,1.6882770870337471,38.950500000000005,39.53566666666667,0.0,-0.0,0.7237480328734077,-0.0271238485158648,1.0,-0.06423824760029528,1.7079119773045135,43.24,37.3,1.0,-0.06423824760029528,0.9596753774899115,38.950500000000005,1.2293835639737953,-0.7568833903979507,0.0,-0.0,0.8578829565921998,38.950500000000005,1.2293835639737953,41.409267127947594,36.49173287205242,0.0,-0.0,1.02720346709804
2025-01-03,37.93,38.16,36.03,36.16,62704464.0,2330323727.0,1789414570.0,0.03504188747049265,-0.04892162019989499,1.605683836589697,38.804,39.50566666666667,0.0,-0.0,0.7237480328734077,-0.07495523151701222,0.0,-0.0006,1.7068872301181308,43.24,37.3,1.0,-0.04892162019989499,0.9127265031571592,38.804,1.3775355569010876,-1.9193696937652658,0.0,-0.0,0.8578829565921998,38.804,1.3775355569010876,41.559071113802176,36.04892888619783,0.0,-0.0,1.02720346709804
2025-01-06,36.0,36.78,35.15,35.46,41407243.0,1489125825.0,1789414570.0,0.02314010609626365,-0.019358407079645867,1.574600355239786,38.61,39.490833333333335,0.0,-0.0,0.7237480328734077,-0.09862735129639055,0.0,-0.0,1.7068872301181308,43.24,36.03,0.0,-0.0006,0.9121788672552649,38.61,1.5592980877036433,-2.0201397185312784,1.0,-0.019958407079645867,0.8407609793178424,38.61,1.5592980877036433,41.72859617540728,35.491403824592716,0.0,-0.0,1.02720346709804
2025-01-07,35.79,37.19,35.57,37.16,50876906.0,1855862162.0,1789414570.0,0.028432151415867815,0.04794134235758585,1.6500888099467128,38.547000000000004,39.48966666666667,0.0,0.0,0.7237480328734077,-0.03279541905257688,0.0,0.0,1.7068872301181308,43.24,35.15,0.0,0.0,0.9121788672552649,38.547000000000004,1.592479364486784,-0.8709688997740971,1.0,0.04794134235758585,0.8810681892682183,38.547000000000004,1.592479364486784,41.731958728973574,35.362041271026435,1.0,0.047341342357585844,1.0758326581048274
2025-01-08,36.68,37.28,35.69,36.76,49484894.0,1814898744.0,1789414570.0,0.027654236659087894,-0.01076426264800856,1.6323268206039065,38.468,39.474833333333336,0.0,-0.0,0.7237480328734077,-0.041210224308816046,0.0,-0.0,1.7068872301181308,43.24,35.15,0.0,-0.0,0.9121788672552649,38.468,1.6417179705227312,-1.0403735785727983,1.0,-0.01076426264800856,0.8715841398681299,38.468,1.6417179705227312,41.751435941045465,35.18456405895454,1.0,-0.01076426264800856,1.0642521128076818
2025-01-09,36.51,37.87,36.41,37.48,52990529.0,1992987843.0,1789414570.0,0.029613332700202614,0.019586507072905324,1.664298401420958,38.429500000000004,39.483333333333334,0.0,0.0,0.7237480328734077,-0.02013071895424845,0.0,0.0,1.7068872301181308,43.24,35.15,0.0,0.0,0.9121788672552649,38.429500000000004,1.6560653273411292,-0.5733469473239097,1.0,0.019586507072905324,0.8886554287882891,38.429500000000004,1.6560653273411292,41.74163065468226,35.11736934531775,1.0,0.019586507072905324,1.085097094342544
2025-01-10,37.49,41.23,37.48,39.86,182273195.0,7422520833.0,1789414570.0,0.10186191509550523,0.06350053361792973,1.7699822380106562,38.504000000000005,39.534499999999994,0.0,0.0,0.7237480328734077,0.038832421162366515,0.0,0.0,1.7068872301181308,43.24,35.15,0.0,0.0,0.9121788672552649,38.504000000000005,1.6864831049133973,0.8040400737187501,1.0,0.06350053361792973,0.9450855227188156,38.504000000000005,1.6864831049133973,41.8769662098268,35.13103379017321,1.0,0.06350053361792973,1.1540013388605606
2025-01-13,39.18,39.86,38.14,38.68,103905994.0,4057135361.0,1789414570.0,0.05806703250437935,-0.02960361264425493,1.7175843694493773,38.548500000000004,39.51566666666667,0.0,-0.0,0.7237480328734077,0.0235512040222281,1.0,-0.03020361264425493,1.6553330693922175,43.24,35.15,0.0,-0.0,0.9121788672552649,38.548500000000004,1.678374134942072,0.07834963448393117,0.0,-0.0006,0.9445184714051843,38.548500000000004,1.678374134942072,41.90524826988415,35.19175173011586,0.0,-0.0006,1.153308938057244
2025-01-14,38.83,40.43,37.91,40.37,119725549.0,4732371232.0,1789414570.0,0.06690766410826754,0.04369183040330915,1.7926287744227343,38.685500000000005,39.52633333333333,0.0,0.0,0.7237480328734077,0.07281424395429159,1.0,0.04369183040330915,1.7276576011210913,43.24,35.15,0.0,0.0,0.9121788672552649,38.685500000000005,1.710966101359247,0.9845314870129638,0.0,0.0,0.9445184714051843,38.685500000000005,1.710966101359247,42.1074322027185,35.26356779728151,0.0,0.0,1.153308938057244
2025-01-15,39.82,40.49,39.41,39.77,70548592.0,2827681142.0,1789414570.0,0.039425515575186136,-0.014862521674510631,1.765985790408525,38.7975,39.54316666666667,0.0,-0.0,0.7237480328734077,0.059685584865440955,1.0,-0.014862521674510631,1.701980252578296,43.24,35.15,0.0,-0.0,0.9121788672552649,38.7975,1.7046496012841965,0.570498476207293,0.0,-0.0,0.9445184714051843,38.7975,1.7046496012841965,42.20679920256839,35.38820079743161,0.0,-0.0,1.153308938057244
2025-01-16,40.84,41.76,39.29,39.87,94068194.0,3825541400.0,1789414570.0,0.05256925677094492,0.0025144581342719796,1.7704262877442265,38.892,39.56683333333333,0.0,0.0,0.7237480328734077,0.049763033175355575,1.0,0.0025144581342719796,1.7062598106687619,43.24,35.15,0.0,0.0,0.9121788672552649,38.892,1.7093261214508397,0.5721553001073246,0.0,0.0,0.9445184714051843,38.892,1.7093261214508397,42.31065224290168,35.473347757098324,0.0,0.0,1.153308938057244
2025-01-17,39.29,41.25,39.18,40.17,85723252.0,3464449090.0,1789414570.0,0.04790575277365714,0.007524454477050524,1.7837477797513315,38.967999999999996,39.595666666666666,0.0,0.0,0.7237480328734077,0.03932729624838305,1.0,0.007524454477050524,1.7190984849401598,43.24,35.15,0.0,0.0,0.9121788672552649,38.967999999999996,1.731645399460923,0.6941374951096794,0.0,0.0,0.9445184714051843,38.967999999999996,1.731645399460923,42.43129079892184,35.50470920107815,0.0,0.0,1.153308938057244
2025-01-20,40.37,41.97,40.08,41.39,96494727.0,3985148083.0,1789414570.0,0.053925305302504604,0.030370923574807085,1.837921847246891,39.0495,39.63766666666666,0.0,0.0,0.7237480328734077,0.04099597585513082,1.0,0.030370923574807085,1.771309093643844,43.24,35.15,0.0,0.0,0.9121788672552649,39.0495,1.8075760885201986,1.294827927224954,0.0,0.0,0.9445184714051843,39.0495,1.8075760885201986,42.6646521770404,35.4343478229596,0.0,0.0,1.153308938057244
2025-01-21,41.47,41.77,40.56,41.06,81146850.0,3354094541.0,1789414570.0,0.0453482671709776,-0.007972940323749622,1.823268206039076,39.162,39.683499999999995,0.0,-0.0,0.7237480328734077,0.05797474877608866,1.0,-0.007972940323749622,1.7571865519453067,43.24,35.57,0.0,-0.0,0.9121788672552649,39.162,1.8611105909051908,1.0198211805763087,0.0,-0.0,0.9445184714051843,39.162,1.8611105909051908,42.88422118181038,35.439778818189616,0.0,-0.0,1.153308938057244
2025-01-22,40.6,41.07,39.99,40.58,62149767.0,2530977979.0,1789414570.0,0.03473189949492811,-0.011690209449586098,1.801953818827708,39.24,39.71966666666667,0.0,-0.0,0.7237480328734077,0.03997949769349041,1.0,-0.011690209449586098,1.73664467311107,43.24,35.69,0.0,-0.0,0.9121788672552649,39.24,1.8873512489313258,0.7099897280692951,0.0,-0.0,0.9445184714051843,39.24,1.8873512489313258,43.01470249786265,35.46529750213735,0.0,-0.0,1.153308938057244
2025-01-23,41.23,41.32,39.18,39.18,78506547.0,3173108057.0,1789414570.0,0.043872754987124084,-0.034499753573188685,1.7397868561278858,39.2635,39.7385,0.0,-0.0,0.7237480328734077,0.012141565486954331,1.0,-0.034499753573188685,1.6767308598445474,43.24,36.41,0.0,-0.0,0.9121788672552649,39.2635,1.8833264943209025,-0.044336444186279855,0.0,-0.0,0.9445184714051843,39.2635,1.8833264943209025,43.0301529886418,35.4968470113582,0.0,-0.0,1.153308938057244
2025-01-24,39.0,40.74,38.97,40.4,72123651.0,2919692760.0,1789414570.0,0.04030572468178797,0.031138335885655843,1.793960923623445,39.297999999999995,39.75016666666667,0.0,0.0,0.7237480328734077,0.017375975824729162,1.0,0.031138335885655843,1.7289414685482314,43.24,37.48,0.0,0.0,0.9121788672552649,39.297999999999995,1.8981974829324435,0.5805507645587916,0.0,0.0,0.9445184714051843,39.297999999999995,1.8981974829324435,43.09439496586488,35.50160503413511,0.0,0.0,1.153308938057244
2025-01-27,40.37,40.4,38.58,38.61,59484262.0,2341200151.0,1789414570.0,0.033242303375231826,-0.044306930693069235,1.7144760213143866,39.217,39.754,0.0,-0.0,0.7237480328734077,-0.04026845637583887,1.0,-0.044306930693069235,1.6523373787288915,43.24,37.91,0.0,-0.0,0.9121788672552649,39.217,1.8908842264652967,-0.32101383654497345,0.0,-0.0,0.9445184714051843,39.217,1.8908842264652967,42.99876845293059,35.43523154706941,0.0,-0.0,1.153308938057244
2025-02-05,39.65,39.96,38.97,39.37,47860522.0,1897901378.0,1789414570.0,0.026746469377412076,0.01968401968401956,1.7482238010657185,39.049,39.766333333333336,0.0,0.0,0.7237480328734077,-0.07863327872688974,0.0,-0.0006,1.651345976301654,43.24,37.91,0.0,0.0,0.9121788672552649,39.049,1.7021840459586894,0.18858125286869734,0.0,0.0,0.9445184714051843,39.049,1.7021840459586894,42.453368091917376,35.64463190808262,0.0,0.0,1.153308938057244
2025-02-06,39.28,42.09,39.08,42.05,106010157.0,4396145195.0,1789414570.0,0.0592429271434847,0.06807213614427221,1.8672291296625212,39.12,39.786500000000004,0.0,0.0,0.7237480328734077,0.03494954467142497,0.0,0.0,1.651345976301654,42.84,38.58,0.0,0.0,0.9121788672552649,39.12,1.7984905952084222,1.6291439097908933,0.0,0.0,0.9445184714051843,39.12,1.7984905952084222,42.716981190416845,35.52301880958315,0.0,0.0,1.153308938057244
2025-02-07,41.97,42.67,40.97,41.69,104597670.0,4408683622.0,1789414570.0,0.058453570096950756,-0.008561236623067736,1.8512433392539955,39.3035,39.75933333333333,0.0,-0.0,0.7237480328734077,0.09652814308258795,1.0,-0.009161236623067736,1.6362176050662036,42.09,38.58,0.0,-0.0,0.9121788672552649,39.3035,1.8662974180532204,1.2787350916926272,0.0,-0.0,0.9445184714051843,39.3035,1.8662974180532204,43.03609483610644,35.570905163893556,0.0,-0.0,1.153308938057244
2025-02-10,41.77,42.02,40.98,41.3,62393649.0,2595115331.0,1789414570.0,0.034868190997237716,-0.009354761333653205,1.8339253996447593,39.5605,39.72116666666667,0.0,-0.0,0.7237480328734077,0.14214601769911517,1.0,-0.009354761333653205,1.6209111798808877,42.67,38.58,0.0,-0.0,0.9121788672552649,39.5605,1.761603560754726,0.9874525907831064,0.0,-0.0,0.9445184714051843,39.5605,1.761603560754726,43.08370712150945,36.03729287849055,0.0,-0.0,1.153308938057244
2025-02-11,41.3,41.42,40.2,40.37,59632909.0,2427921492.0,1789414570.0,0.033325373560583,-0.022518159806295346,1.7926287744227345,39.806,39.671166666666664,0.0,-0.0,0.7237480328734077,0.13846587704455704,1.0,-0.022518159806295346,1.5844112429005193,42.67,38.58,0.0,-0.0,0.9121788672552649,39.806,1.4796422042616202,0.38117323118763746,0.0,-0.0,0.9445184714051843,39.806,1.4796422042616202,42.765284408523236,36.84671559147676,0.0,-0.0,1.153308938057244
2025-02-12,40.28,41.32,40.19,41.23,78489198.0,3215350923.0,1789414570.0,0.043863059637432145,0.021302947733465416,1.8308170515097681,40.009499999999996,39.58683333333333,1.0,0.020702947733465416,0.7387317505701844,0.10952637244348762,1.0,0.021302947733465416,1.618163872796344,42.67,38.58,0.0,0.0,0.9121788672552649,40.009499999999996,1.372582947354751,0.8891994486396287,0.0,0.0,0.9445184714051843,40.009499999999996,1.372582947354751,42.7546658947095,37.264334105290494,0.0,0.0,1.153308938057244
2025-02-13,40.78,40.87,39.88,39.89,62328034.0,2522410164.0,1789414570.0,0.03483152258003577,-0.03250060635459606,1.771314387211367,40.166,39.48766666666666,1.0,-0.03250060635459606,0.7147225207432611,0.08514689880304682,1.0,-0.03250060635459606,1.5655725657493615,42.67,38.58,0.0,-0.0,0.9121788672552649,40.166,1.1415796995948082,-0.24177024179560969,0.0,-0.0,0.9445184714051843,40.166,1.1415796995948082,42.44915939918961,37.88284060081038,0.0,-0.0,1.153308938057244
2025-02-14,39.78,40.28,39.24,40.04,51550462.0,2061244106.0,1789414570.0,0.028808562791572664,0.003760340937578377,1.7779751332149194,40.294,39.42016666666667,1.0,0.003760340937578377,0.7174101210970213,0.06830309498399156,1.0,0.003760340937578377,1.5714596523590985,42.67,38.58,0.0,0.0,0.9121788672552649,40.294,0.9524063705884773,-0.26669288220222115,0.0,0.0,0.9445184714051843,40.294,0.9524063705884773,42.19881274117695,38.38918725882304,0.0,0.0,1.153308938057244
2025-02-17,40.04,40.42,39.86,40.29,57602893.0,2325185338.0,1789414570.0,0.032190915378541934,0.006243756243756282,1.7890763765541735,40.3155,39.37749999999999,1.0,0.006243756243756282,0.7218894550199547,0.010787757150025001,1.0,0.006243756243756282,1.5812714633753266,42.67,38.58,0.0,0.0,0.9121788672552649,40.3155,0.946931192965573,-0.026929094943150798,0.0,0.0,0.9445184714051843,40.3155,0.946931192965573,42.20936238593114,38.42163761406886,0.0,0.0,1.153308938057244
2025-02-18,40.28,40.9,38.78,38.88,72281454.0,2901230099.0,1789414570.0,0.040393911624403506,-0.034996276991809294,1.7264653641207812,40.3255,39.309666666666665,1.0,-0.034996276991809294,0.6966260116946101,0.005170630816959676,1.0,-0.034996276991809294,1.5259328492438,42.67,38.58,0.0,-0.0,0.9121788672552649,40.3255,0.9296489150554829,-1.5548880621387333,0.0,-0.0,0.9445184714051843,40.3255,0.9296489150554829,42.184797830110966,38.46620216988903,0.0,-0.0,1.153308938057244
2025-02-19,38.77,39.96,38.68,39.85,71031278.0,2829610308.0,1789414570.0,0.03969526078017795,0.02494855967078191,1.7695381882770866,40.2995,39.298333333333325,1.0,0.02494855967078191,0.7140058273155919,-0.012880852117909236,1.0,0.02494855967078191,1.5640026759867651,42.67,38.78,0.0,0.0,0.9121788672552649,40.2995,0.9355914256715634,-0.4804447621752747,1.0,0.02434855967078191,0.9675161357663492,40.2995,0.9355914256715634,42.17068285134313,38.42831714865687,0.0,0.0,1.153308938057244
2025-02-20,39.6,39.7,38.55,39.12,64230093.0,2516224249.0,1789414570.0,0.03589447301750762,-0.018318695106650074,1.7371225577264648,40.267,39.2545,1.0,-0.018318695106650074,0.7009261722606261,-0.016343977872768534,0.0,-0.0006,1.563064274381173,42.67,38.68,0.0,-0.0,0.9121788672552649,40.267,0.9657563166547584,-1.1876702023270729,1.0,-0.018318695106650074,0.9497925026644812,40.267,0.9657563166547584,42.19851263330952,38.33548736669049,0.0,-0.0,1.153308938057244
2025-02-21,39.16,40.72,38.96,40.43,100093314.0,4039317706.0,1789414570.0,0.05593634682431361,0.033486707566462215,1.7952930728241558,40.295,39.23833333333334,1.0,0.033486707566462215,0.7243978820167974,0.014045648357160934,0.0,0.0,1.563064274381173,42.67,38.55,0.0,0.0,0.9121788672552649,40.295,0.9617500495947019,0.14036911155542892,1.0,0.033486707566462215,0.981597926450025,40.295,0.9617500495947019,42.218500099189406,38.3714999008106,0.0,0.0,1.153308938057244
2025-02-24,40.51,41.0,39.79,40.6,86005960.0,3504477826.0,1789414570.0,0.048063741875087114,0.004204798417017042,1.8028419182948485,40.316500000000005,39.23466666666666,1.0,0.004204798417017042,0.7274438290843922,0.010704505850136936,1.0,0.0036047984170170418,1.5686988060031581,42.67,38.55,0.0,0.0,0.9121788672552649,40.316500000000005,0.9636131294033785,0.29420520678825296,0.0,-0.0006,0.9810089676941549,40.316500000000005,0.9636131294033785,42.24372625880676,38.38927374119325,0.0,0.0,1.153308938057244
2025-02-25,39.96,41.11,39.88,39.96,77985541.0,3159435675.0,1789414570.0,0.04358159495705906,-0.015763546798029604,1.7744227353463582,40.245,39.25566666666667,1.0,-0.015763546798029604,0.7159767342416825,-0.034549408069582066,1.0,-0.015763546798029604,1.5439705489627142,42.67,38.55,0.0,-0.0,0.9121788672552649,40.245,0.9323117843074621,-0.30569172759271696,0.0,-0.0,0.9810089676941549,40.245,0.9323117843074621,42.10962356861492,38.38037643138507,0.0,-0.0,1.153308938057244
2025-02-26,39.93,40.13,39.31,39.86,61256307.0,2441148456.0,1789414570.0,0.03423259653016014,-0.0025025025025025016,1.7699822380106567,40.185,39.29483333333334,1.0,-0.0025025025025025016,0.7141850006725091,-0.029225523623965022,0.0,-0.0006,1.5430441666333365,42.67,38.55,0.0,-0.0,0.9121788672552649,40.185,0.9155642493771282,-0.3549723574518174,0.0,-0.0,0.9810089676941549,40.185,0.9155642493771282,42.016128498754256,38.35387150124575,0.0,-0.0,1.153308938057244
2025-02-27,39.86,39.91,38.66,38.88,61083242.0,2402877827.0,1789414570.0,0.03413588054108668,-0.024586051179126822,1.7264653641207812,40.1,39.320166666666665,1.0,-0.024586051179126822,0.6966260116946101,-0.041892557910300554,0.0,-0.0,1.5430441666333365,42.67,38.55,0.0,-0.0,0.9121788672552649,40.1,0.9550254887756552,-1.2774528160123158,0.0,-0.0,0.9810089676941549,40.1,0.9550254887756552,42.01005097755131,38.189949022448694,0.0,-0.0,1.153308938057244
2025-02-28,38.63,38.73,37.06,37.08,69003266.0,2616304793.0,1789414570.0,0.038561922517485706,-0.04629629629629639,1.6465364120781523,39.995,39.30566666666667,1.0,-0.04629629629629639,0.6643748074494892,-0.05359877488514553,0.0,-0.0,1.5430441666333365,42.67,38.55,0.0,-0.0,0.9121788672552649,39.995,1.155829617748135,-2.5219980135819653,0.0,-0.0,0.9810089676941549,39.995,1.155829617748135,42.30665923549627,37.683340764503725,0.0,-0.0,1.153308938057244
2025-03-03,37.15,37.63,36.7,37.06,40867370.0,1526892680.0,1789414570.0,0.022838402394365215,-0.0005393743257819938,1.6456483126110122,39.828,39.287333333333336,1.0,-0.0005393743257819938,0.6640164607356546,-0.08267326732673264,0.0,-0.0,1.5430441666333365,42.67,37.06,0.0,-0.0,0.9121788672552649,39.828,1.3233792470715149,-2.0916150877575452,1.0,-0.0011393743257819937,0.9798912312630023,39.828,1.3233792470715149,42.47475849414303,37.181241505856974,1.0,-0.0011393743257819937,1.1519948874635266
2025-03-04,36.7,37.67,36.63,37.59,39461583.0,1479102853.0,1789414570.0,0.022052789589167142,0.014301133297355717,1.6691829484902307,39.777,39.26783333333333,1.0,0.014301133297355717,0.6735126486522736,-0.026418026418026264,0.0,0.0,1.5430441666333365,42.67,36.7,0.0,0.0,0.9121788672552649,39.777,1.3907290780096848,-1.5725564630674729,1.0,0.014301133297355717,0.9939047863782045,39.777,1.3907290780096848,42.55845815601937,36.99554184398063,1.0,0.014301133297355717,1.1684697199070149
2025-03-05,37.59,37.97,37.2,37.51,29633866.0,1118877595.0,1789414570.0,0.016560648659522205,-0.0021282255919128357,1.6656305506216693,39.684000000000005,39.22683333333334,1.0,-0.0021282255919128357,0.6720792617969348,-0.047244094488189003,0.0,-0.0,1.5430441666333365,42.67,36.63,0.0,-0.0,0.9121788672552649,39.684000000000005,1.4787811481795168,-1.4701296420206282,1.0,-0.0021282255919128357,0.9917895327759096,39.684000000000005,1.4787811481795168,42.64156229635904,36.72643770364097,1.0,-0.0021282255919128357,1.1659829527457335
2025-03-06,37.77,38.25,37.69,38.17,45002504.0,1722173894.0,1789414570.0,0.02514928890961249,0.01759530791788877,1.6949378330373002,39.489999999999995,39.2045,1.0,0.01759530791788877,0.6839047033534792,-0.09227110582639708,0.0,0.0,1.5430441666333365,42.67,36.63,0.0,0.0,0.9121788672552649,39.489999999999995,1.4047026282045576,-0.9397006693773838,1.0,0.01759530791788877,1.0092403749948409,39.489999999999995,1.4047026282045576,42.29940525640911,36.68059474359088,1.0,0.01759530791788877,1.1864987818263038
2025-03-07,37.99,37.99,37.19,37.49,45007393.0,1698847286.0,1789414570.0,0.02515202108810369,-0.01781503798794859,1.6647424511545295,39.28,39.178,1.0,-0.01781503798794859,0.6717209150831003,-0.10074358359318769,0.0,-0.0,1.5430441666333365,42.67,36.63,0.0,-0.0,0.9121788672552649,39.28,1.3720633712541845,-1.304604464707621,1.0,-0.01781503798794859,0.9912607193753363,39.28,1.3720633712541845,42.02412674250837,36.53587325749163,1.0,-0.01781503798794859,1.1653612609554134
2025-03-10,37.39,37.68,36.95,37.19,27826080.0,1040863216.0,1789414570.0,0.015550381933013991,-0.008002133902374031,1.6514209591474245,39.0745,39.14633333333333,1.0,-0.008002133902374031,0.6663457143755801,-0.09951573849878936,0.0,-0.0,1.5430441666333365,42.02,36.63,0.0,-0.0,0.9121788672552649,39.0745,1.3613401871919049,-1.3842976338539172,1.0,-0.008002133902374031,0.9833285183667313,39.0745,1.3613401871919049,41.797180374383814,36.35181962561619,1.0,-0.008002133902374031,1.1560358841006086
2025-03-11,36.73,37.37,36.61,37.24,23514608.0,876033162.0,1789414570.0,0.01314095033885859,0.0013444474321056,1.6536412078152756,38.918,39.11133333333334,0.0,-0.0006,0.6659459069469548,-0.0775328214020311,0.0,0.0,1.5430441666333365,41.42,36.63,0.0,0.0,0.9121788672552649,38.918,1.3842900517481642,-1.2121737044060372,1.0,0.0013444474321056,0.9846505518681656,38.918,1.3842900517481642,41.686580103496325,36.14941989650367,1.0,0.0013444474321056,1.1575901135764097
2025-03-12,37.37,37.64,37.12,37.22,31145238.0,1169368560.0,1789414570.0,0.017405266796279635,-0.0005370569280344073,1.6527531083481353,38.7175,39.09133333333333,0.0,-0.0,0.6659459069469548,-0.09725927722532135,0.0,-0.0,1.5430441666333365,41.32,36.61,0.0,-0.0,0.9121788672552649,38.7175,1.3207409204487683,-1.1338332725324918,1.0,-0.0005370569280344073,0.984121738467592,38.7175,1.3207409204487683,41.358981840897535,36.07601815910247,1.0,-0.0005370569280344073,1.1569684217860894
2025-03-13,37.14,37.19,36.34,36.53,33462668.0,1235406539.0,1789414570.0,0.01870034399015763,-0.018538420204191275,1.6221136767317943,38.5495,39.061166666666665,0.0,-0.0,0.6659459069469548,-0.08423163700175484,0.0,-0.0,1.5430441666333365,41.11,36.61,0.0,-0.0,0.9121788672552649,38.5495,1.3762782575139865,-1.467363150565123,1.0,-0.018538420204191275,0.9658776761478005,38.5495,1.3762782575139865,41.30205651502798,35.796943484972026,1.0,-0.018538420204191275,1.1355200550200388
2025-03-14,36.5,37.32,36.43,37.19,35415486.0,1318489685.0,1789414570.0,0.019791660688221625,0.018067341910758206,1.6514209591474247,38.407,39.0435,0.0,0.0,0.6659459069469548,-0.07117882117882124,0.0,0.0,1.5430441666333365,41.11,36.34,0.0,0.0,0.9121788672552649,38.407,1.3612923426309718,-0.894003412704064,1.0,0.018067341910758206,0.9833285183667314,38.407,1.3612923426309718,41.12958468526194,35.684415314738054,1.0,0.018067341910758206,1.1560358841006089
2025-03-17,37.41,37.48,36.92,37.11,24031759.0,899131118.0,1789414570.0,0.013429956033050519,-0.002151115891368627,1.6478685612788635,38.248000000000005,39.0225,0.0,-0.0,0.6659459069469548,-0.07892777364110204,0.0,-0.0,1.5430441666333365,41.11,36.34,0.0,-0.0,0.9121788672552649,38.248000000000005,1.314696683049551,-0.8655988979604917,1.0,-0.002151115891368627,0.9812132647644367,38.248000000000005,1.314696683049551,40.877393366099106,35.6186066339009,1.0,-0.002151115891368627,1.1535491169393277
2025-03-18,37.18,37.67,37.18,37.3,25760605.0,968631345.0,1789414570.0,0.01439610777283433,0.005119913769873197,1.6563055062166963,38.169,39.01433333333333,0.0,0.0,0.6659459069469548,-0.04063786008230463,0.0,0.0,1.5430441666333365,41.11,36.34,0.0,0.0,0.9121788672552649,38.169,1.3221708624357573,-0.6572524207643575,1.0,0.005119913769873197,0.9862369920698864,38.169,1.3221708624357573,40.81334172487151,35.52465827512848,1.0,0.005119913769873197,1.1594551889473705
2025-03-19,37.29,37.29,36.84,36.96,21358982.0,794084808.0,1789414570.0,0.011936296014399838,-0.009115281501340333,1.6412078152753111,38.0245,39.003166666666665,0.0,-0.0,0.6659459069469548,-0.07252195734002509,0.0,-0.0,1.5430441666333365,41.11,36.34,0.0,-0.0,0.9121788672552649,38.0245,1.286220391199446,-0.8276186626207337,1.0,-0.009115281501340333,0.9772471642601341,38.0245,1.286220391199446,40.596940782398896,35.45205921760111,1.0,-0.009115281501340333,1.1488864285119256
2025-03-20,36.97,37.07,36.77,36.8,20606993.0,764656766.0,1789414570.0,0.011516052984859736,-0.0043290043290044045,1.6341030195381885,37.9085,38.99099999999999,0.0,-0.0,0.6659459069469548,-0.059304703476482645,0.0,-0.0,1.5430441666333365,41.11,36.34,0.0,-0.0,0.9121788672552649,37.9085,1.2868373102915134,-0.8614142527068054,1.0,-0.0043290043290044045,0.9730166570555447,37.9085,1.2868373102915134,40.482174620583024,35.33482537941697,1.0,-0.0043290043290044045,1.143912894189363
2025-03-21,36.71,36.83,35.9,36.06,31276901.0,1142045152.0,1789414570.0,0.01747884560926538,-0.02010869565217377,1.6012433392539969,37.690000000000005,38.958999999999996,0.0,-0.0,0.6659459069469548,-0.10808805342567396,0.0,-0.0,1.5430441666333365,41.11,36.34,0.0,-0.0,0.9121788672552649,37.690000000000005,1.2045352892955326,-1.3532189670867187,1.0,-0.02010869565217377,0.9534505612343193,37.690000000000005,1.2045352892955326,40.09907057859107,35.28092942140894,1.0,-0.02010869565217377,1.1209102979475118
2025-03-24,36.05,36.42,35.33,36.4,28007676.0,1008210870.0,1789414570.0,0.015651865403107788,0.00942872989462007,1.6163410301953822,37.480000000000004,38.9215,0.0,0.0,0.6659459069469548,-0.10344827586206906,0.0,0.0,1.5430441666333365,41.11,35.9,0.0,0.0,0.9121788672552649,37.480000000000004,1.022926657863982,-1.0557941683279628,1.0,0.00942872989462007,0.9624403890440716,37.480000000000004,1.022926657863982,39.52585331572797,35.43414668427204,1.0,0.00942872989462007,1.131479058382957
2025-03-25,36.4,36.4,35.78,35.81,18953827.0,685503155.0,1789414570.0,0.01059219440691153,-0.01620879120879115,1.590142095914743,37.272499999999994,38.855666666666664,0.0,-0.0,0.6659459069469548,-0.10385385385385382,0.0,-0.0,1.5430441666333365,41.11,35.33,0.0,-0.0,0.9121788672552649,37.272499999999994,0.9078191044013788,-1.611003770364992,1.0,-0.01620879120879115,0.9468403937271485,37.272499999999994,0.9078191044013788,39.088138208802754,35.456861791197234,1.0,-0.01620879120879115,1.113139150568508
2025-03-26,35.7,36.04,35.68,35.72,15049044.0,542290160.0,1789414570.0,0.008410037703001378,-0.002513264451270647,1.5861456483126115,37.0655,38.80416666666667,0.0,-0.0,0.6659459069469548,-0.10386352232814855,0.0,-0.0,1.5430441666333365,40.13,35.33,0.0,-0.0,0.9121788672552649,37.0655,0.7439827035343,-1.8085097860584463,1.0,-0.002513264451270647,0.9444607334245669,37.0655,0.7439827035343,38.5534654070686,35.5775345929314,1.0,-0.002513264451270647,1.1103415375120667
2025-03-27,35.62,36.2,35.34,35.85,19578611.0,705405302.0,1789414570.0,0.010941349941059214,0.0036394176931691113,1.5919182948490236,36.914,38.751333333333335,0.0,0.0,0.6659459069469548,-0.07793209876543217,0.0,0.0,1.5430441666333365,39.91,35.33,0.0,0.0,0.9121788672552649,36.914,0.6586541301458527,-1.6154153618749605,1.0,0.0036394176931691113,0.9478980205282957,36.914,0.6586541301458527,38.231308260291705,35.5966917397083,1.0,0.0036394176931691113,1.1143825341491487
2025-03-28,35.9,36.04,35.68,35.7,15185811.0,547173821.0,1789414570.0,0.008486468845506271,-0.004184100418409997,1.5852575488454712,36.845000000000006,38.70116666666666,0.0,-0.0,0.6659459069469548,-0.03721682847896424,0.0,-0.0,1.5430441666333365,38.73,35.33,0.0,-0.0,0.9121788672552649,36.845000000000006,0.7105853776624288,-1.6113475396392798,1.0,-0.004184100418409997,0.9439319200239933,36.845000000000006,0.7105853776624288,38.266170755324865,35.42382924467515,1.0,-0.004184100418409997,1.1097198457217465
2025-03-31,35.65,35.89,34.24,34.82,32509962.0,1142840523.0,1789414570.0,0.01816793187282475,-0.024649859943977614,1.546181172291297,36.733,38.61966666666667,0.0,-0.0,0.6659459069469548,-0.0604425256341069,0.0,-0.0,1.5430441666333365,38.25,35.33,0.0,-0.0,0.9121788672552649,36.733,0.8397123567660189,-2.2781610685920195,1.0,-0.024649859943977614,0.920664130398752,36.733,0.8397123567660189,38.41242471353203,35.05357528646796,1.0,-0.024649859943977614,1.082365406947653
2025-04-01,34.81,35.0,34.67,34.81,17271525.0,605260163.0,1789414570.0,0.009652053408730208,-0.0002871912693853673,1.545737122557727,36.594,38.52933333333333,0.0,-0.0,0.6659459069469548,-0.07395583931896788,0.0,-0.0,1.5430441666333365,38.25,34.24,0.0,-0.0,0.9121788672552649,36.594,0.9169250672479372,-1.9456333605912903,1.0,-0.0002871912693853673,0.9203997236984651,36.594,0.9169250672479372,38.42785013449588,34.760149865504125,1.0,-0.0002871912693853673,1.0820545610524928
2025-04-02,34.82,35.12,34.74,35.03,15112534.0,531221262.0,1789414570.0,0.008445518580973664,0.006320022981901818,1.5555062166962705,36.47,38.400999999999996,0.0,0.0,0.6659459069469548,-0.06611570247933873,0.0,0.0,1.5430441666333365,38.25,34.24,0.0,0.0,0.9121788672552649,36.47,0.9534921963085526,-1.5102378452335123,1.0,0.006320022981901818,0.9262166711047755,36.47,0.9534921963085526,38.3769843926171,34.563015607382894,1.0,0.006320022981901818,1.088893170746016
2025-04-03,34.79,35.1,33.88,34.18,27634501.0,958376810.0,1789414570.0,0.01544331954332975,-0.024264915786468833,1.5177619893428067,36.2705,38.2935,0.0,-0.0,0.6659459069469548,-0.10453235525281634,0.0,-0.0,1.5430441666333365,38.25,34.24,0.0,-0.0,0.9121788672552649,36.2705,0.9955663556093527,-2.0998098099854667,1.0,-0.024264915786468833,0.9037421015803946,36.2705,0.9955663556093527,38.2616327112187,34.279367288781295,1.0,-0.024264915786468833,1.062471269657403
2025-04-07,31.14,32.22,30.76,30.76,41439780.0,1293597632.0,1789414570.0,0.023158289138106213,-0.10005851375073138,1.365896980461812,35.934,38.1725,0.0,-0.0,0.6659459069469548,-0.1795145372099226,0.0,-0.0,1.5430441666333365,37.99,33.88,0.0,-0.0,0.9121788672552649,35.934,1.5465697186797123,-3.3454683209606464,1.0,-0.10005851375073138,0.8133150100822978,35.934,1.5465697186797123,39.02713943735942,32.84086056264057,1.0,-0.10005851375073138,0.9561619735126308
2025-04-08,30.76,31.12,28.92,29.83,73055334.0,2177802763.0,1789414570.0,0.04082638826395607,-0.03023407022106639,1.324600355239787,35.566,38.067,0.0,-0.0,0.6659459069469548,-0.19790266200591555,0.0,-0.0,1.5430441666333365,37.68,30.76,0.0,-0.0,0.9121788672552649,35.566,2.0315728933643515,-2.8234281027942836,1.0,-0.03023407022106639,0.7887251869556223,35.566,2.0315728933643515,39.62914578672871,31.5028542132713,1.0,-0.03023407022106639,0.9272533052627364
2025-04-09,29.34,31.14,28.74,30.91,68987230.0,2107993061.0,1789414570.0,0.0385529609273272,0.03620516258799866,1.3725577264653641,35.2495,37.991166666666665,0.0,0.0,0.6659459069469548,-0.16997851772287864,0.0,0.0,1.5430441666333365,37.67,28.92,0.0,0.0,0.9121788672552649,35.2495,2.239491189862962,-1.9377169330438573,1.0,0.03620516258799866,0.8172811105866002,35.2495,2.239491189862962,39.72848237972592,30.770517620274074,1.0,0.03620516258799866,0.9608246619400329
2025-04-10,31.82,32.79,31.42,31.78,59010878.0,1902402785.0,1789414570.0,0.032977756518434966,0.028146230993206123,1.411190053285968,34.9775,37.901500000000006,0.0,0.0,0.6659459069469548,-0.1461579795808704,0.0,0.0,1.5430441666333365,37.67,28.74,0.0,0.0,0.9121788672552649,34.9775,2.3165988567635116,-1.380256228075318,1.0,0.028146230993206123,0.8402844935115548,34.9775,2.3165988567635116,39.610697713527024,30.344302286472974,1.0,0.028146230993206123,0.9878682548189662
2025-04-11,31.78,33.94,31.68,33.17,70133598.0,2316349873.0,1789414570.0,0.03919359950221038,0.04373820012586527,1.4729129662522202,34.8095,37.84166666666667,0.0,0.0,0.6659459069469548,-0.09197919518204212,0.0,0.0,1.5430441666333365,37.67,28.74,0.0,0.0,0.9121788672552649,34.8095,2.319917137812445,-0.7067062755292878,1.0,0.04373820012586527,0.8770370248514244,34.8095,2.319917137812445,39.44933427562489,30.16966572437511,1.0,0.04373820012586527,1.0310758342462274
2025-04-14,34.21,34.21,32.92,33.17,48566543.0,1628151410.0,1789414570.0,0.027141023558336176,0.0,1.4729129662522202,34.6085,37.769833333333324,0.0,0.0,0.6659459069469548,-0.10809357354127447,0.0,0.0,1.5430441666333365,37.67,28.74,0.0,0.0,0.9121788672552649,34.6085,2.2765562057403304,-0.6318754601238589,1.0,0.0,0.8770370248514244,34.6085,2.2765562057403304,39.16161241148066,30.055387588519338,1.0,0.0,1.0310758342462274
2025-04-15,32.97,33.06,32.48,32.67,24396093.0,801412073.0,1789414570.0,0.013633561170791182,-0.015073861923424747,1.4507104795737122,34.3865,37.65,0.0,-0.0,0.6659459069469548,-0.1196443007275666,0.0,-0.0,1.5430441666333365,37.67,28.74,0.0,-0.0,0.9121788672552649,34.3865,2.2359038558559767,-0.7676984837717292,1.0,-0.015073861923424747,0.8638166898370828,34.3865,2.2359038558559767,38.85830771171195,29.914692288288045,1.0,-0.015073861923424747,1.0155335394882197
2025-04-16,32.69,32.89,32.02,32.67,27052313.0,880533126.0,1789414570.0,0.015117968442606343,0.0,1.4507104795737122,34.155,37.54983333333333,0.0,0.0,0.6659459069469548,-0.12412868632707763,0.0,0.0,1.5430441666333365,37.67,28.74,0.0,0.0,0.9121788672552649,34.155,2.156655549199907,-0.6885661461103125,1.0,0.0,0.8638166898370828,34.155,2.156655549199907,38.468311098399816,29.841688901600186,1.0,0.0,1.0155335394882197
2025-04-17,32.42,32.97,32.32,32.62,21627245.0,710844423.0,1789414570.0,0.012086212643278076,-0.0015304560759107355,1.4484902309058614,33.938,37.42066666666666,0.0,-0.0,0.6659459069469548,-0.11742424242424254,0.0,-0.0,1.5430441666333365,37.29,28.74,0.0,-0.0,0.9121788672552649,33.938,2.0764154335372216,-0.6347477381993648,1.0,-0.0015304560759107355,0.8624946563356486,33.938,2.0764154335372216,38.090830867074445,29.78516913292556,1.0,-0.0015304560759107355,1.0139793100124188
2025-04-18,32.42,32.68,32.16,32.62,16523801.0,538859907.0,1789414570.0,0.009234193840279282,0.0,1.4484902309058614,33.729,37.301500000000004,0.0,0.0,0.6659459069469548,-0.11358695652173911,0.0,0.0,1.5430441666333365,37.07,28.74,0.0,0.0,0.9121788672552649,33.729,1.9813735267817478,-0.5597127371542601,1.0,0.0,0.8624946563356486,33.729,1.9813735267817478,37.691747053563496,29.766252946436502,1.0,0.0,1.0139793100124188
2025-04-21,32.62,33.0,32.45,32.97,18495558.0,610632297.0,1789414570.0,0.010336094446799995,0.010729613733905685,1.4640319715808172,33.5745,37.1865,0.0,0.0,0.6659459069469548,-0.08569051580698839,0.0,0.0,1.5430441666333365,36.83,28.74,0.0,0.0,0.9121788672552649,33.5745,1.909203402358924,-0.3166242000475744,1.0,0.010729613733905685,0.8717488908456879,33.5745,1.909203402358924,37.392906804717846,29.75609319528215,1.0,0.010729613733905685,1.0248589163430242
2025-04-22,32.97,32.97,32.52,32.59,20290436.0,667081589.0,1789414570.0,0.01133914764089576,-0.011525629360024103,1.4471580817051515,33.384,37.06016666666667,0.0,-0.0,0.6659459069469548,-0.10467032967032952,0.0,-0.0,1.5430441666333365,36.42,28.74,0.0,-0.0,0.9121788672552649,33.384,1.7993577801684002,-0.4412685507857627,1.0,-0.011525629360024103,0.8617014362347883,33.384,1.7993577801684002,36.9827155603368,29.7852844396632,1.0,-0.011525629360024103,1.0130467723269385
2025-04-23,32.75,33.07,32.62,32.93,23087384.0,762953734.0,1789414570.0,0.012902199628339899,0.010432648051549531,1.4622557726465368,33.24,36.91916666666667,0.0,0.0,0.6659459069469548,-0.08042446244065915,0.0,0.0,1.5430441666333365,36.4,28.74,0.0,0.0,0.9121788672552649,33.24,1.707907306741486,-0.1815086795263209,1.0,0.010432648051549531,0.8706912640445407,33.24,1.707907306741486,36.655814613482974,29.82418538651703,1.0,0.010432648051549531,1.0236155327623837
2025-04-24,33.05,33.05,32.42,32.63,17623421.0,579243813.0,1789414570.0,0.009848707669793925,-0.009110233829334846,1.448934280639432,33.0855,36.77866666666667,0.0,-0.0,0.6659459069469548,-0.0865061590145576,0.0,-0.0,1.5430441666333365,36.2,31.42,0.0,-0.0,0.9121788672552649,33.0855,1.6086328782049655,-0.2831596980090834,1.0,-0.009110233829334846,0.8627590630359357,33.0855,1.6086328782049655,36.30276575640993,29.868234243590074,1.0,-0.009110233829334846,1.0142901559075792
2025-04-25,32.65,33.05,32.52,32.82,19388698.0,640549329.0,1789414570.0,0.010835218582131026,0.005822862396567485,1.457371225577265,32.934,36.649333333333324,0.0,0.0,0.6659459069469548,-0.08451882845188285,0.0,0.0,1.5430441666333365,36.2,31.68,0.0,0.0,0.9121788672552649,32.934,1.471398904730452,-0.07747729023957718,1.0,0.005822862396567485,0.8677827903413855,32.934,1.471398904730452,35.8767978094609,29.99120219053909,1.0,0.005822862396567485,1.020196227915622
2025-04-28,32.82,32.91,32.5,32.54,15020036.0,492546402.0,1789414570.0,0.008393826814543037,-0.008531383302864182,1.4449378330373004,32.776,36.53866666666667,0.0,-0.0,0.6659459069469548,-0.08851540616246512,0.0,-0.0,1.5430441666333365,36.04,32.02,0.0,-0.0,0.9121788672552649,32.776,1.3206951917355993,-0.17869376785559687,1.0,-0.008531383302864182,0.8603794027333541,32.776,1.3206951917355993,35.4173903834712,30.134609616528806,1.0,-0.008531383302864182,1.0114925428511377
2025-04-29,32.72,32.89,32.47,32.84,18541014.0,610254859.0,1789414570.0,0.010361497168316898,0.0092194222495392,1.4582593250444054,32.677,36.41266666666666,0.0,0.0,0.6659459069469548,-0.05686387133831128,0.0,0.0,1.5430441666333365,35.89,32.02,0.0,0.0,0.9121788672552649,32.677,1.2305458780129133,0.13246153834037977,1.0,0.0092194222495392,0.8683116037419593,32.677,1.2305458780129133,35.13809175602583,30.215908243974173,1.0,0.0092194222495392,1.0208179197059424
2025-04-30,32.87,33.47,32.76,33.24,27866729.0,931978982.0,1789414570.0,0.015573098301082907,0.012180267965895109,1.4760213143872116,32.598499999999994,36.32316666666667,0.0,0.0,0.6659459069469548,-0.04510198218902617,0.0,0.0,1.5430441666333365,35.12,32.02,0.0,0.0,0.9121788672552649,32.598499999999994,1.1335703957430645,0.5659110386166175,0.0,-0.0006,0.867790616779714,32.598499999999994,1.1335703957430645,34.86564079148612,30.331359208513867,0.0,-0.0006,1.0202054289541187
2025-05-06,33.44,34.15,33.44,34.13,33288837.0,1134357000.0,1789414570.0,0.01860319992811951,0.026774969915764224,1.515541740674956,32.5535,36.235833333333325,0.0,0.0,0.6659459069469548,-0.025692263773907986,0.0,0.0,1.5430441666333365,35.12,32.16,0.0,0.0,0.9121788672552649,32.5535,1.0464842141791417,1.506472795900322,0.0,0.0,0.867790616779714,32.5535,1.0464842141791417,34.64646842835828,30.460531571641717,0.0,0.0,1.0202054289541187
2025-05-07,34.81,34.83,33.67,34.04,33681437.0,1153833562.0,1789414570.0,0.018822601293561614,-0.0026369762672137087,1.5115452930728244,32.5465,36.10233333333334,0.0,-0.0,0.6659459069469548,-0.0040959625511995945,0.0,-0.0,1.5430441666333365,35.1,32.16,0.0,-0.0,0.9121788672552649,32.5465,1.0354418075594223,1.442379464588393,0.0,-0.0,0.867790616779714,32.5465,1.0354418075594223,34.61738361511885,30.475616384881157,0.0,-0.0,1.0202054289541187
2025-05-08,33.83,34.14,33.76,34.08,20321515.0,695345675.0,1789414570.0,0.011356515891116277,0.001175088131609936,1.5133214920071052,32.7125,35.975500000000004,0.0,0.0,0.6659459069469548,0.107932379713914,0.0,0.0,1.5430441666333365,34.83,32.42,0.0,0.0,0.9121788672552649,32.7125,0.9994623554690982,1.3682356244004437,0.0,0.0,0.867790616779714,32.7125,0.9994623554690982,34.711424710938196,30.7135752890618,0.0,0.0,1.0202054289541187
2025-05-09,34.08,34.08,33.33,33.5,19535161.0,659340520.0,1789414570.0,0.01091706825657511,-0.017018779342723,1.487566607460036,32.896,35.8455,0.0,-0.0,0.6659459069469548,0.12303050620181022,1.0,-0.017618779342723,1.5158576119453477,34.83,32.42,0.0,-0.0,0.9121788672552649,32.896,0.7475391206097276,0.8079844697724298,0.0,-0.0,0.867790616779714,32.896,0.7475391206097276,34.391078241219454,31.400921758780544,0.0,-0.0,1.0202054289541187
2025-05-12,33.81,34.06,33.79,33.96,21762942.0,742030196.0,1789414570.0,0.012162045824853208,0.013731343283582165,1.5079928952042634,33.048500000000004,35.73866666666667,0.0,0.0,0.6659459069469548,0.09867356842445818,1.0,0.013731343283582165,1.5366723731840004,34.83,32.42,0.0,0.0,0.9121788672552649,33.048500000000004,0.6215538677590167,1.4664859270948907,0.0,0.0,0.867790616779714,33.048500000000004,0.6215538677590167,34.291607735518035,31.80539226448197,0.0,0.0,1.0202054289541187
2025-05-13,34.41,34.41,33.76,33.88,20775851.0,710294791.0,1789414570.0,0.011610417925679458,-0.002355712603062332,1.5044404973357022,33.1535,35.616166666666665,0.0,-0.0,0.6659459069469548,0.06607929515418509,1.0,-0.002355712603062332,1.5330524147077131,34.83,32.42,0.0,-0.0,0.9121788672552649,33.1535,0.5713352320383459,1.2715827053200903,0.0,-0.0,0.867790616779714,33.1535,0.5713352320383459,34.296170464076695,32.01082953592331,0.0,-0.0,1.0202054289541187
2025-05-14,33.84,34.15,33.78,34.04,19153032.0,654354159.0,1789414570.0,0.010703518525614776,0.0047225501770955525,1.5115452930728246,33.197,35.51866666666667,0.0,0.0,0.6659459069469548,0.026228519746759105,1.0,0.0047225501770955525,1.540292331660288,34.83,32.47,0.0,0.0,0.9121788672552649,33.197,0.6047974867671781,1.3938549984823536,0.0,0.0,0.867790616779714,33.197,0.6047974867671781,34.40659497353436,31.987405026465645,0.0,0.0,1.0202054289541187
2025-05-15,34.16,34.16,33.24,33.28,21190090.0,716145836.0,1789414570.0,0.01184191207295244,-0.02232667450058745,1.4777975133214927,33.2025,35.406,0.0,-0.0,0.6659459069469548,0.0033162496231533556,1.0,-0.02232667450058745,1.5059027261355578,34.83,32.47,0.0,-0.0,0.9121788672552649,33.2025,0.605039146188863,0.1280908855041405,0.0,-0.0,0.867790616779714,33.2025,0.605039146188863,34.412578292377724,31.992421707622274,0.0,-0.0,1.0202054289541187
2025-05-16,33.41,33.64,33.19,33.49,13870500.0,467410203.0,1789414570.0,0.007751417828234181,0.006310096153846256,1.4871225577264662,33.2435,35.292666666666676,0.0,0.0,0.6659459069469548,0.025099479644934197,1.0,0.006310096153846256,1.5154051171358123,34.83,32.47,0.0,0.0,0.9121788672552649,33.2435,0.5947513854765002,0.41445889159638505,0.0,0.0,0.867790616779714,33.2435,0.5947513854765002,34.433002770952996,32.053997229047,0.0,0.0,1.0202054289541187
2025-05-19,33.31,33.56,32.73,33.27,18411103.0,613144629.0,1789414570.0,0.010288897446498382,-0.006569125111973717,1.4773534635879226,33.2735,35.19916666666667,0.0,-0.0,0.6659459069469548,0.018365472910927494,1.0,-0.006569125111973717,1.5054502313260218,34.83,32.76,0.0,-0.0,0.9121788672552649,33.2735,0.5792306603544407,-0.006042497815729728,0.0,-0.0,0.867790616779714,33.2735,0.5792306603544407,34.43196132070888,32.11503867929112,0.0,-0.0,1.0202054289541187
2025-05-20,33.31,33.4,33.12,33.16,16244582.0,542926938.0,1789414570.0,0.009078154538553913,-0.003306281935677946,1.4724689165186506,33.3005,35.08766666666667,0.0,-0.0,0.6659459069469548,0.016554261189454245,1.0,-0.003306281935677946,1.5004727884211264,34.83,32.73,0.0,-0.0,0.9121788672552649,33.3005,0.5594120503753659,-0.25115654892619377,0.0,-0.0,0.867790616779714,33.3005,0.5594120503753659,34.41932410075073,32.18167589924927,0.0,-0.0,1.0202054289541187
2025-05-21,33.17,33.17,32.82,32.89,14570379.0,482150105.0,1789414570.0,0.00814253960165307,-0.008142340168878048,1.4604795737122565,33.314,34.98383333333333,0.0,-0.0,0.6659459069469548,0.008277130594727344,1.0,-0.008142340168878048,1.4882554285636567,34.83,32.73,0.0,-0.0,0.9121788672552649,33.314,0.5452030042006215,-0.777691972959081,0.0,-0.0,0.867790616779714,33.314,0.5452030042006215,34.404406008401246,32.223593991598754,0.0,-0.0,1.0202054289541187
2025-05-22,32.89,33.26,32.64,32.71,16736358.0,553970589.0,1789414570.0,0.009352979617238726,-0.00547278808148377,1.4524866785079935,33.301,34.85516666666667,0.0,-0.0,0.6659459069469548,-0.007885956930542837,1.0,-0.00547278808148377,1.4801105219920099,34.83,32.73,0.0,-0.0,0.9121788672552649,33.301,0.5568133014139358,-1.0613970580430707,0.0,-0.0,0.867790616779714,33.301,0.5568133014139358,34.41462660282787,32.18737339717213,0.0,-0.0,1.0202054289541187
2025-05-23,32.71,33.43,32.42,32.45,21606167.0,714889672.0,1789414570.0,0.01207443337180383,-0.007948639559767545,1.4409413854351696,33.294000000000004,34.71933333333334,0.0,-0.0,0.6659459069469548,-0.004295796256520434,0.0,-0.0006,1.4792224556788145,34.83,32.64,0.0,-0.0,0.9121788672552649,33.294000000000004,0.5670087718618892,-1.4885131269284506,0.0,-0.0,0.867790616779714,33.294000000000004,0.5670087718618892,34.42801754372378,32.159982456276225,0.0,-0.0,1.0202054289541187
2025-05-26,32.52,32.77,32.42,32.61,13996750.0,458338351.0,1789414570.0,0.00782197162952574,0.004930662557781185,1.4480461811722922,33.278,34.59683333333333,0.0,0.0,0.6659459069469548,-0.009717582751290643,0.0,0.0,1.4792224556788145,34.83,32.42,0.0,0.0,0.9121788672552649,33.278,0.5821340051911633,-1.1475021112718522,0.0,0.0,0.867790616779714,33.278,0.5821340051911633,34.44226801038233,32.11373198961767,0.0,0.0,1.0202054289541187
2025-05-27,32.52,32.52,32.12,32.17,12079122.0,392181339.0,1789414570.0,0.006750320581104914,-0.013492793621588395,1.4285079928952054,33.255,34.468666666666664,0.0,-0.0,0.6659459069469548,-0.014097456328532099,0.0,-0.0,1.4792224556788145,34.83,32.42,0.0,-0.0,0.9121788672552649,33.255,0.6171197955868584,-1.7581675515176198,0.0,-0.0,0.867790616779714,33.255,0.6171197955868584,34.48923959117372,32.020760408826284,0.0,-0.0,1.0202054289541187
2025-05-28,32.32,32.32,31.84,31.88,11266254.0,362349082.0,1789414570.0,0.006296055810029534,-0.009014609884986147,1.4156305506216704,33.208000000000006,34.352,0.0,-0.0,0.6659459069469548,-0.02864107251675807,0.0,-0.0,1.4792224556788145,34.83,32.12,0.0,-0.0,0.9121788672552649,33.208000000000006,0.6841483372546621,-1.9410995067662966,1.0,-0.009614609884986147,0.8594471485375256,33.208000000000006,0.6841483372546621,34.57629667450933,31.83970332549068,0.0,-0.0,1.0202054289541187
2025-05-29,31.89,32.52,31.88,32.51,17938521.0,582843164.0,1789414570.0,0.010024798780977848,0.0197616060225847,1.4436056838365905,33.2065,34.27583333333334,0.0,0.0,0.6659459069469548,-0.0009219422249538978,0.0,0.0,1.4792224556788145,34.83,31.84,0.0,0.0,0.9121788672552649,33.2065,0.68572109567413,-1.015719079366041,1.0,0.0197616060225847,0.876431204484158,33.2065,0.68572109567413,34.57794219134826,31.83505780865174,0.0,0.0,1.0202054289541187
2025-05-30,32.35,32.36,31.96,31.98,12569677.0,405347080.0,1789414570.0,0.007024463313719414,-0.016302676099661517,1.4200710479573722,33.1635,34.19116666666666,0.0,-0.0,0.6659459069469548,-0.026187576126674883,0.0,-0.0,1.4792224556788145,34.83,31.84,0.0,-0.0,0.9121788672552649,33.1635,0.7350995278119603,-1.6099860702165216,1.0,-0.016302676099661517,0.8621430304338166,33.1635,0.7350995278119603,34.63369905562392,31.693300944376077,0.0,-0.0,1.0202054289541187
2025-06-03,31.82,32.22,31.74,31.85,15024638.0,482383024.0,1789414570.0,0.008396398605382988,-0.004065040650406471,1.41429840142096,33.09400000000001,34.0955,0.0,-0.0,0.6659459069469548,-0.041817087845968715,0.0,-0.0,1.4792224556788145,34.83,31.84,0.0,-0.0,0.9121788672552649,33.09400000000001,0.7910645725189713,-1.5725644191583024,1.0,-0.004065040650406471,0.8586383839686385,33.09400000000001,0.7910645725189713,34.67612914503795,31.511870854962066,0.0,-0.0,1.0202054289541187
2025-06-04,31.91,32.36,31.85,32.25,15791681.0,511079319.0,1789414570.0,0.008825054442246997,0.012558869701726705,1.4320603907637663,33.0,34.00783333333333,0.0,0.0,0.6659459069469548,-0.05508350424846187,0.0,0.0,1.4792224556788145,34.83,31.74,0.0,0.0,0.9121788672552649,33.0,0.7729710282579758,-0.9702821614029377,1.0,0.012558869701726705,0.8694219115538018,33.0,0.7729710282579758,34.545942056515955,31.45405794348405,0.0,0.0,1.0202054289541187
2025-06-05,32.25,32.89,32.13,32.84,20644791.0,676715167.0,1789414570.0,0.01153717609441394,0.018294573643411027,1.458259325044406,32.94,33.919,0.0,0.0,0.6659459069469548,-0.03525264394829597,0.0,0.0,1.4792224556788145,34.83,31.74,0.0,0.0,0.9121788672552649,32.94,0.7335637596511673,-0.13632080195393986,1.0,0.018294573643411027,0.885327614741918,32.94,0.7335637596511673,34.407127519302335,31.472872480697664,0.0,0.0,1.0202054289541187
2025-06-06,32.87,32.95,32.64,32.76,14570611.0,480520795.0,1789414570.0,0.008142669252994849,-0.0024360535931792215,1.4547069271758446,32.874,33.84016666666666,0.0,-0.0,0.6659459069469548,-0.03873239436619724,0.0,-0.0,1.4792224556788145,34.41,31.74,0.0,-0.0,0.9121788672552649,32.874,0.6832538250705593,-0.16684868173000217,1.0,-0.0024360535931792215,0.8831709092248852,32.874,0.6832538250705593,34.24050765014112,31.507492349858882,0.0,-0.0,1.0202054289541187
2025-06-09,32.76,32.98,32.72,32.78,14918634.0,492560497.0,1789414570.0,0.008337159119029639,0.0006105006105006083,1.455595026642985,32.83800000000001,33.76666666666667,0.0,0.0,0.6659459069469548,-0.021492537313432813,0.0,0.0,1.4792224556788145,34.41,31.74,0.0,0.0,0.9121788672552649,32.83800000000001,0.6673167006356364,-0.08691525319950848,1.0,0.0006105006105006083,0.8837100856041433,32.83800000000001,0.6673167006356364,34.172633401271284,31.503366598728736,0.0,0.0,1.0202054289541187
2025-06-10,32.82,32.83,32.01,32.2,18506593.0,602500617.0,1789414570.0,0.01034226126816437,-0.017693715680292765,1.4298401420959157,32.75,33.68266666666667,0.0,-0.0,0.6659459069469548,-0.051825677267373305,0.0,-0.0,1.4792224556788145,34.41,31.74,0.0,-0.0,0.9121788672552649,32.75,0.626359573878558,-0.8780898751084375,1.0,-0.017693715680292765,0.8680739706056564,32.75,0.626359573878558,34.00271914775712,31.497280852242884,0.0,-0.0,1.0202054289541187
2025-06-11,32.18,32.42,31.93,32.12,21046639.0,681577849.0,1789414570.0,0.011761745630583527,-0.002484472049689601,1.4262877442273543,32.662,33.59766666666667,0.0,-0.0,0.6659459069469548,-0.051948051948052076,0.0,-0.0,1.4792224556788145,34.41,31.74,0.0,-0.0,0.9121788672552649,32.662,0.5812563525401403,-0.9324629272977661,1.0,-0.002484472049689601,0.8659172650886235,32.662,0.5812563525401403,33.82451270508028,31.499487294919717,0.0,-0.0,1.0202054289541187
2025-06-12,32.12,32.38,31.87,31.94,18440943.0,593563357.0,1789414570.0,0.010305573291492759,-0.005603985056039762,1.4182948490230916,32.557,33.52116666666667,0.0,-0.0,0.6659459069469548,-0.0616921269095182,0.0,-0.0,1.4792224556788145,34.16,31.74,0.0,-0.0,0.9121788672552649,32.557,0.5037344747508047,-1.2248516449171525,1.0,-0.005603985056039762,0.8610646776753,32.557,0.5037344747508047,33.56446894950161,31.54953105049839,0.0,-0.0,1.0202054289541187
2025-06-13,31.83,32.47,31.72,31.72,23010589.0,738811899.0,1789414570.0,0.012859283357684966,-0.006887914840325693,1.408525754884548,32.479,33.43,0.0,-0.0,0.6659459069469548,-0.04687500000000011,0.0,-0.0,1.4792224556788145,34.16,31.74,0.0,-0.0,0.9121788672552649,32.479,0.506659856833109,-1.4980464502243185,1.0,-0.006887914840325693,0.8551337375034601,32.479,0.506659856833109,33.49231971366622,31.465680286333782,0.0,-0.0,1.0202054289541187
2025-06-16,31.53,32.11,31.48,31.76,18182949.0,582610436.0,1789414570.0,0.01016139541101423,0.0012610340479193294,1.4103019538188286,32.3925,33.34083333333333,0.0,0.0,0.6659459069469548,-0.05165721110779342,0.0,0.0,1.4792224556788145,33.64,31.72,0.0,0.0,0.9121788672552649,32.3925,0.4714242139236236,-1.341679068064309,1.0,0.0012610340479193294,0.8562120902619765,32.3925,0.4714242139236236,33.335348427847244,31.44965157215275,0.0,0.0,1.0202054289541187
2025-06-17,31.77,32.04,31.64,31.71,15882778.0,507384091.0,1789414570.0,0.008875963271049035,-0.0015743073047859157,1.4080817051509777,32.314499999999995,33.24766666666667,0.0,-0.0,0.6659459069469548,-0.04688908926961233,0.0,-0.0,1.4792224556788145,33.56,31.48,0.0,-0.0,0.9121788672552649,32.314499999999995,0.4470190741247998,-1.352291289098838,1.0,-0.0015743073047859157,0.854864149313831,32.314499999999995,0.4470190741247998,33.208538148249595,31.420461851750396,0.0,-0.0,1.0202054289541187
2025-06-18,31.62,32.37,31.58,32.13,23331727.0,750460878.0,1789414570.0,0.013038748756807094,0.013245033112582849,1.4267317939609245,32.263,33.16716666666667,0.0,0.0,0.6659459069469548,-0.031061519903498036,0.0,0.0,1.4792224556788145,33.43,31.48,0.0,0.0,0.9121788672552649,32.263,0.40149850887816335,-0.33125901356798076,1.0,0.013245033112582849,0.8661868532782527,32.263,0.40149850887816335,33.065997017756324,31.460002982243672,0.0,0.0,1.0202054289541187
2025-06-19,32.02,32.28,31.65,31.77,20035665.0,644590100.0,1789414570.0,0.01119677090815238,-0.011204481792717158,1.4107460035523987,32.207,33.083333333333336,0.0,-0.0,0.6659459069469548,-0.03405290361812108,0.0,-0.0,1.4792224556788145,33.43,31.48,0.0,-0.0,0.9121788672552649,32.207,0.38729969355963023,-1.1283251891670265,1.0,-0.011204481792717158,0.8564816784516056,32.207,0.38729969355963023,32.98159938711926,31.43240061288074,0.0,-0.0,1.0202054289541187
2025-06-20,31.74,32.07,31.44,31.48,15618657.0,496099964.0,1789414570.0,0.00872836136569515,-0.009128108278249947,1.397868561278864,32.1455,33.007,0.0,-0.0,0.6659459069469548,-0.03760317945582392,0.0,-0.0,1.4792224556788145,33.43,31.48,0.0,-0.0,0.9121788672552649,32.1455,0.4006504579723866,-1.6610488937613175,1.0,-0.009128108278249947,0.8486636209523621,32.1455,0.4006504579723866,32.94680091594477,31.344199084055226,0.0,-0.0,1.0202054289541187
2025-06-23,31.32,32.61,31.14,32.44,41098350.0,1330342130.0,1789414570.0,0.022967483717314316,0.030495552731893083,1.440497335701599,32.144999999999996,32.941,0.0,0.0,0.6659459069469548,-0.0003081664098615322,0.0,0.0,1.4792224556788145,33.43,31.44,0.0,0.0,0.9121788672552649,32.144999999999996,0.4002564967089147,0.7370273872519789,1.0,0.030495552731893083,0.8745440871567542,32.144999999999996,0.4002564967089147,32.94551299341783,31.344487006582167,0.0,0.0,1.0202054289541187
2025-06-24,32.49,32.91,32.43,32.84,28530675.0,935264859.0,1789414570.0,0.01594413920525974,0.01233045622688067,1.4582593250444058,32.15650000000001,32.8915,0.0,0.0,0.6659459069469548,0.007053051211284966,0.0,0.0,1.4792224556788145,32.98,31.14,0.0,0.0,0.9121788672552649,32.15650000000001,0.4172626965048957,1.638056806240228,0.0,-0.0006,0.8740193607044602,32.15650000000001,0.4172626965048957,32.9910253930098,31.321974606990217,0.0,0.0,1.0202054289541187
2025-06-25,32.91,33.24,32.66,33.16,35670096.0,1179255618.0,1789414570.0,0.019933947447404544,0.009744214372715998,1.4724689165186506,32.206,32.84883333333333,0.0,0.0,0.6659459069469548,0.030774013055641758,1.0,0.009144214372715998,1.4927487829184771,32.98,31.14,0.0,0.0,0.9121788672552649,32.206,0.4738354144635074,2.0133573196088452,0.0,0.0,0.8740193607044602,32.206,0.4738354144635074,33.15367082892702,31.258329171072987,0.0,0.0,1.0202054289541187
2025-06-26,33.25,33.34,32.87,32.9,26210900.0,869151212.0,1789414570.0,0.01464775152691419,-0.007840772014475195,1.4609236234458265,32.257,32.79966666666667,0.0,-0.0,0.6659459069469548,0.0319949811794229,1.0,-0.007840772014475195,1.481044480036728,33.24,31.14,1.0,-0.008440772014475195,0.9044793734003409,32.257,0.49146504935412244,1.3083331171667725,0.0,-0.0,0.8740193607044602,32.257,0.49146504935412244,33.23993009870824,31.274069901291753,0.0,-0.0,1.0202054289541187
2025-06-27,33.28,34.02,32.94,33.54,46409194.0,1558093104.0,1789414570.0,0.025935406349127915,0.019452887537994012,1.4893428063943168,32.308499999999995,32.763666666666666,0.0,0.0,0.6659459069469548,0.03168255921255003,1.0,0.019452887537994012,1.5098550717456491,33.34,31.14,1.0,0.019452887537994012,0.9220741089315331,32.308499999999995,0.5674622639898126,2.170188359912004,0.0,0.0,0.8740193607044602,32.308499999999995,0.5674622639898126,33.44342452797962,31.17357547202037,0.0,0.0,1.0202054289541187
2025-06-30,33.72,33.94,33.51,33.63,30024016.0,1013129804.0,1789414570.0,0.01677868086208776,0.0026833631484795006,1.4933392539964483,32.391,32.743833333333335,0.0,0.0,0.6659459069469548,0.05159474671669795,1.0,0.0026833631484795006,1.5139065612047162,34.02,31.14,1.0,0.0026833631484795006,0.9245483686156071,32.391,0.6333112646199783,1.9563839603318482,0.0,0.0,0.8740193607044602,32.391,0.6333112646199783,33.65762252923996,31.12437747076004,0.0,0.0,1.0202054289541187
2025-07-01,33.64,34.32,33.31,33.91,39286790.0,1333734927.0,1789414570.0,0.02195510792113423,0.0083258994944988,1.5057726465364125,32.494,32.728833333333334,0.0,0.0,0.6659459069469548,0.06467817896389305,1.0,0.0083258994944988,1.526511195077369,34.02,31.14,1.0,0.0083258994944988,0.9322460654105035,32.494,0.7042382969898721,2.0106830401760454,0.0,0.0,0.8740193607044602,32.494,0.7042382969898721,33.90247659397974,31.085523406020254,0.0,0.0,1.0202054289541187
2025-07-02,33.76,33.76,33.17,33.25,26212329.0,875886910.0,1789414570.0,0.014648550112118512,-0.01946328516661744,1.476465364120782,32.544000000000004,32.69916666666667,0.0,-0.0,0.6659459069469548,0.03100775193798455,1.0,-0.01946328516661744,1.4968002723775442,34.32,31.14,1.0,-0.01946328516661744,0.9141014943939617,32.544000000000004,0.7212956179132682,0.978794245336575,0.0,-0.0,0.8740193607044602,32.544000000000004,0.7212956179132682,33.98659123582654,31.101408764173467,0.0,-0.0,1.0202054289541187
2025-07-03,33.27,33.59,33.17,33.47,21316115.0,712586470.0,1789414570.0,0.011912340134796152,0.006616541353383409,1.4862344582593257,32.5755,32.687333333333335,0.0,0.0,0.6659459069469548,0.01918392204628483,1.0,0.006616541353383409,1.5067039132774858,34.32,31.14,1.0,0.006616541353383409,0.9201496847328089,32.5755,0.7481589684720061,1.1956015201246235,0.0,0.0,0.8740193607044602,32.5755,0.7481589684720061,34.07181793694401,31.079182063055985,0.0,0.0,1.0202054289541187
2025-07-04,33.44,33.59,33.04,33.17,20300143.0,676363723.0,1789414570.0,0.011344572320096846,-0.008963250672243683,1.4729129662522211,32.596000000000004,32.7275,0.0,-0.0,0.6659459069469548,0.012515262515262693,1.0,-0.008963250672243683,1.4931989484139292,34.32,31.14,1.0,-0.008963250672243683,0.9119021524525627,32.596000000000004,0.7590187571358467,0.7562395456022512,0.0,-0.0,0.8740193607044602,32.596000000000004,0.7590187571358467,34.1140375142717,31.07796248572831,0.0,-0.0,1.0202054289541187
2025-07-07,33.09,33.26,32.82,32.89,15458230.0,510490749.0,1789414570.0,0.008638708021696728,-0.008441362677117925,1.4604795737122567,32.6015,32.7785,0.0,-0.0,0.6659459069469548,0.003355704697986628,1.0,-0.008441362677117925,1.480594314541276,34.32,31.14,1.0,-0.008441362677117925,0.9042044556576662,32.6015,0.7608186380470943,0.3791968092954909,0.0,-0.0,0.8740193607044602,32.6015,0.7608186380470943,34.12313727609419,31.079862723905812,0.0,-0.0,1.0202054289541187
2025-07-08,32.99,33.54,32.95,33.49,24446618.0,818037521.0,1789414570.0,0.013661796662357567,0.01824262693827916,1.4871225577264664,32.666000000000004,32.8215,0.0,0.0,0.6659459069469548,0.040062111801242306,1.0,0.01824262693827916,1.5076042442683897,34.32,32.43,1.0,0.01824262693827916,0.9206995202181587,32.666000000000004,0.779442445800606,1.05716593244242,0.0,0.0,0.8740193607044602,32.666000000000004,0.779442445800606,34.224884891601214,31.10711510839879,0.0,0.0,1.0202054289541187
2025-07-09,33.49,33.58,33.04,33.12,19428706.0,647986717.0,1789414570.0,0.010857576732484078,-0.011048074051955958,1.4706927175843703,32.716,32.843833333333336,0.0,-0.0,0.6659459069469548,0.031133250311332406,1.0,-0.011048074051955958,1.4909481209366695,34.32,32.66,1.0,-0.011048074051955958,0.9105275637391882,32.716,0.7746333597935917,0.5215370534876602,0.0,-0.0,0.8740193607044602,32.716,0.7746333597935917,34.26526671958718,31.166733280412817,0.0,-0.0,1.0202054289541187
2025-07-10,33.13,33.29,32.97,33.02,20641001.0,684172081.0,1789414570.0,0.011535058083270218,-0.003019323671497376,1.466252220248669,32.769999999999996,32.84133333333333,0.0,-0.0,0.6659459069469548,0.033813400125234816,1.0,-0.003019323671497376,1.4864464659821508,34.32,32.82,1.0,-0.003019323671497376,0.9077783863124397,32.769999999999996,0.7550880046303823,0.33108723548374047,0.0,-0.0,0.8740193607044602,32.769999999999996,0.7550880046303823,34.280176009260764,31.259823990739232,0.0,-0.0,1.0202054289541187
2025-07-11,33.03,33.64,32.94,33.45,31462010.0,1052944334.0,1789414570.0,0.01758229229127155,0.01302241066020593,1.4853463587921858,32.856500000000004,32.846,0.0,0.0,0.6659459069469548,0.0545397225725095,1.0,0.01302241066020593,1.5058035822865823,34.32,32.82,1.0,0.01302241066020593,0.9195998492474593,32.856500000000004,0.7270435808264255,0.8163197030436213,0.0,0.0,0.8740193607044602,32.856500000000004,0.7270435808264255,34.310587161652855,31.402412838347153,0.0,0.0,1.0202054289541187
2025-07-14,33.53,33.64,33.34,33.34,18902230.0,633136938.0,1789414570.0,0.010563359836731406,-0.003288490284005907,1.4804618117229142,32.935500000000005,32.857166666666664,1.0,-0.003888490284005907,0.663356382758118,0.049748110831234316,1.0,-0.003288490284005907,1.5008517618366115,34.32,32.82,1.0,-0.003288490284005907,0.9165757540780357,32.935500000000005,0.6863287151671743,0.5893677345285948,0.0,-0.0,0.8740193607044602,32.935500000000005,0.6863287151671743,34.308157430334354,31.562842569665655,0.0,-0.0,1.0202054289541187
2025-07-15,33.34,33.65,33.19,33.58,27976977.0,937076905.0,1789414570.0,0.015634709512843632,0.007198560287942302,1.4911190053285979,33.029,32.87233333333334,1.0,0.007198560287942302,0.6681315936717936,0.05897193314411853,1.0,0.007198560287942302,1.5116557337274568,34.32,32.82,1.0,0.007198560287942302,0.9231737799022326,33.029,0.6361305724951706,0.866174373350336,0.0,0.0,0.8740193607044602,33.029,0.6361305724951706,34.30126114499034,31.75673885500966,0.0,0.0,1.0202054289541187
2025-07-16,33.54,34.08,33.44,33.53,30670399.0,1036286461.0,1789414570.0,0.017139906824386705,-0.0014889815366289083,1.4888987566607472,33.099000000000004,32.8875,1.0,-0.0014889815366289083,0.6671367580647779,0.04357298474945526,1.0,-0.0014889815366289083,1.5094049062501973,34.32,32.82,1.0,-0.0014889815366289083,0.9217991911888582,33.099000000000004,0.6084224640303192,0.7083893601576808,0.0,-0.0,0.8740193607044602,33.099000000000004,0.6084224640303192,34.31584492806064,31.882155071939366,0.0,-0.0,1.0202054289541187
2025-07-17,33.44,34.02,33.27,33.9,40208799.0,1359935671.0,1789414570.0,0.022470365265886933,0.011034894124664296,1.505328596802843,33.2055,32.908833333333334,1.0,0.011034894124664296,0.6744985415566945,0.06704438149197345,1.0,0.011034894124664296,1.526061029581917,34.32,32.82,1.0,0.011034894124664296,0.9319711476678284,33.2055,0.5468519957566685,1.2699962794120037,0.0,0.0,0.8740193607044602,33.2055,0.5468519957566685,34.29920399151334,32.111796008486664,0.0,0.0,1.0202054289541187
2025-07-18,34.03,34.13,33.74,33.87,28219169.0,958470367.0,1789414570.0,0.01577005657218942,-0.0008849557522123686,1.5039964476021326,33.325,32.923833333333334,1.0,-0.0008849557522123686,0.6739016401924851,0.07592121982210909,1.0,-0.0008849557522123686,1.5247105330955615,34.32,32.82,1.0,-0.0008849557522123686,0.9311463944398038,33.325,0.38801112300919094,1.4045989088490254,0.0,-0.0,0.8740193607044602,33.325,0.38801112300919094,34.10102224601839,32.54897775398162,0.0,-0.0,1.0202054289541187
2025-07-21,33.88,34.19,33.76,34.01,25515987.0,867305013.0,1789414570.0,0.014259404962819768,0.004133451431945767,1.510213143872115,33.403499999999994,32.947500000000005,1.0,0.004133451431945767,0.6766871798921293,0.048397040690505655,1.0,0.004133451431945767,1.531012850031888,34.32,32.82,1.0,0.004133451431945767,0.9349952428372522,33.403499999999994,0.35712705980087833,1.6982751190519347,0.0,0.0,0.8740193607044602,33.403499999999994,0.35712705980087833,34.11775411960175,32.68924588039824,0.0,0.0,1.0202054289541187
2025-07-22,34.04,34.46,33.93,34.19,37186191.0,1274656897.0,1789414570.0,0.020781204994882767,0.005292561011467134,1.5182060390763776,33.471000000000004,32.9685,1.0,0.005292561011467134,0.6802685880773861,0.04110840438489638,1.0,0.005292561011467134,1.539115828950022,34.32,32.94,1.0,0.005292561011467134,0.9399437622053999,33.471000000000004,0.37227465808533733,1.9313697142263606,0.0,0.0,0.8740193607044602,33.471000000000004,0.37227465808533733,34.21554931617068,32.72645068382933,0.0,0.0,1.0202054289541187
2025-07-23,34.2,34.36,33.87,33.96,36673917.0,1253089643.0,1789414570.0,0.020494924773078158,-0.006727113190991396,1.507992895204264,33.511,32.99066666666667,1.0,-0.006727113190991396,0.6756923442851136,0.024125452352231624,1.0,-0.006727113190991396,1.5287620225546286,34.46,32.94,1.0,-0.006727113190991396,0.9336206541238778,33.511,0.37999861495583037,1.1815832540657765,0.0,-0.0,0.8740193607044602,33.511,0.37999861495583037,34.270997229911664,32.75100277008834,0.0,-0.0,1.0202054289541187
2025-07-24,34.04,34.72,34.02,34.64,48968064.0,1693268735.0,1789414570.0,0.027365410353174892,0.020023557126030544,1.5381882770870348,33.598,33.021,1.0,0.020023557126030544,0.6892221085405281,0.0528875379939211,1.0,0.020023557126030544,1.5593732762453572,34.46,32.94,1.0,0.020023557126030544,0.9523150606257693,33.598,0.428800039277225,2.4300370908462874,0.0,0.0,0.8740193607044602,33.598,0.428800039277225,34.45560007855445,32.74039992144555,0.0,0.0,1.0202054289541187
2025-07-25,34.72,34.92,34.36,34.76,38499014.0,1334394412.0,1789414570.0,0.021514865613282672,0.0034642032332563577,1.5435168738898768,33.659000000000006,33.058,1.0,0.0034642032332563577,0.691609713997366,0.03637447823494333,1.0,0.0034642032332563577,1.5647752621907798,34.72,32.94,1.0,0.0034642032332563577,0.9556140735378679,33.659000000000006,0.5008403464493703,2.198305323852921,0.0,0.0,0.8740193607044602,33.659000000000006,0.5008403464493703,34.660680692898744,32.65731930710127,0.0,0.0,1.0202054289541187
2025-07-28,34.89,35.39,34.67,34.95,46255246.0,1618637582.0,1789414570.0,0.025849373742385478,0.005466052934407495,1.55195381882771,33.725,33.09316666666667,1.0,0.005466052934407495,0.695390089304026,0.03925066904549501,1.0,0.005466052934407495,1.573328406604366,34.92,33.19,1.0,0.005466052934407495,0.9608375106486906,33.725,0.5778681328359642,2.1198607959019165,0.0,0.0,0.8740193607044602,33.725,0.5778681328359642,34.88073626567193,32.569263734328075,0.0,0.0,1.0202054289541187
2025-07-29,34.79,35.79,34.79,35.74,66342712.0,2360968298.0,1789414570.0,0.037075093224484025,0.022603719599427752,1.5870337477797527,33.8165,33.13483333333333,1.0,0.022603719599427752,0.7111084918948752,0.053966381598348656,1.0,0.022603719599427752,1.6088914807450656,35.39,33.19,1.0,0.022603719599427752,0.9825560123200058,33.8165,0.7328119957073573,2.6248205696241613,0.0,0.0,0.8740193607044602,33.8165,0.7328119957073573,35.282123991414714,32.35087600858528,0.0,0.0,1.0202054289541187
2025-07-30,35.81,36.03,35.24,35.48,61286102.0,2189338007.0,1789414570.0,0.034249247227264946,-0.007274762171236904,1.5754884547069283,33.928,33.157333333333334,1.0,-0.007274762171236904,0.7059353467383931,0.06706766917293217,1.0,-0.007274762171236904,1.597187177863316,35.79,33.27,1.0,-0.007274762171236904,0.9754081510104589,33.928,0.8078861305901861,1.921062809762825,0.0,-0.0,0.8740193607044602,33.928,0.8078861305901861,35.54377226118037,32.31222773881962,0.0,-0.0,1.0202054289541187
2025-07-31,35.44,35.92,34.73,35.01,61067918.0,2162464204.0,1789414570.0,0.034127316846425365,-0.013246899661781275,1.554618117229131,34.005,33.173500000000004,1.0,-0.013246899661781275,0.6965838920324449,0.0460113534508515,1.0,-0.013246899661781275,1.576029399577077,36.03,33.27,1.0,-0.013246899661781275,0.9624870171047397,34.005,0.8348747148367102,1.2037734310788888,0.0,-0.0,0.8740193607044602,34.005,0.8348747148367102,35.674749429673426,32.33525057032658,0.0,-0.0,1.0202054289541187
2025-08-01,34.95,35.19,34.31,34.48,35873193.0,1245793434.0,1789414570.0,0.02004744657913454,-0.01513853184804348,1.5310834813499123,34.070499999999996,33.18016666666667,1.0,-0.01513853184804348,0.6860386345980776,0.03949351823937275,1.0,-0.01513853184804348,1.5521706283181267,36.03,33.74,1.0,-0.01513853184804348,0.9479163767429712,34.070499999999996,0.8171160775621352,0.5011527875228499,0.0,-0.0,0.8740193607044602,34.070499999999996,0.8171160775621352,35.70473215512427,32.43626784487572,0.0,-0.0,1.0202054289541187
2025-08-04,34.29,34.88,34.29,34.66,23086292.0,799181731.0,1789414570.0,0.012901589372886352,0.0052204176334107455,1.5390763765541753,34.159,33.1995,1.0,0.0052204176334107455,0.6896200427833344,0.053815749467923224,1.0,0.0052204176334107455,1.5602736072362609,36.03,33.76,1.0,0.0052204176334107455,0.9528648961111191,34.159,0.7774174520403164,0.6444414113487332,0.0,0.0,0.8740193607044602,34.159,0.7774174520403164,35.713834904080635,32.60416509591936,0.0,0.0,1.0202054289541187
2025-08-05,34.74,34.77,34.52,34.68,22989521.0,797235378.0,1789414570.0,0.012847509674630626,0.0005770340450086398,1.5399644760213156,34.2185,33.2115,1.0,0.0005770340450086398,0.6900179770261408,0.035532994923857864,1.0,0.0005770340450086398,1.5611739382271645,36.03,33.87,1.0,0.0005770340450086398,0.9534147315964688,34.2185,0.769013551314466,0.600119463709273,0.0,0.0,0.8740193607044602,34.2185,0.769013551314466,35.75652710262893,32.68047289737107,0.0,0.0,1.0202054289541187
2025-08-06,34.67,34.99,34.4,34.9,34358086.0,1194917908.0,1789414570.0,0.01920074116754286,0.006343713956170616,1.549733570159859,34.3075,33.228500000000004,1.0,0.006343713956170616,0.69439525369701,0.05374396135265713,1.0,0.006343713956170616,1.571077579127106,36.03,33.87,1.0,0.006343713956170616,0.959462921935316,34.3075,0.7375483927031387,0.8033371177563949,0.0,0.0,0.8740193607044602,34.3075,0.7375483927031387,35.78259678540628,32.83240321459372,0.0,0.0,1.0202054289541187
2025-08-07,34.82,35.42,34.77,35.12,45973884.0,1617424011.0,1789414570.0,0.025692136842274622,0.006303724928366838,1.5595026642984025,34.4125,33.2465,1.0,0.006303724928366838,0.6987725303678796,0.0635978195033311,1.0,0.006303724928366838,1.5809812200270479,36.03,34.02,1.0,0.006303724928366838,0.9655111122741633,34.4125,0.6927282067456931,1.0213240822453267,0.0,0.0,0.8740193607044602,34.4125,0.6927282067456931,35.797956413491384,33.02704358650862,0.0,0.0,1.0202054289541187
2025-08-08,34.99,35.01,34.54,34.54,31680712.0,1100954752.0,1789414570.0,0.017704512152262177,-0.016514806378132074,1.5337477797513333,34.467,33.2675,1.0,-0.016514806378132074,0.6872324373264966,0.03258594917787727,1.0,-0.016514806378132074,1.5548716212908382,36.03,34.29,1.0,-0.016514806378132074,0.9495658831990206,34.467,0.6548611745208265,0.11147400829407209,0.0,-0.0,0.8740193607044602,34.467,0.6548611745208265,35.77672234904165,33.15727765095835,0.0,-0.0,1.0202054289541187
2025-08-11,34.49,34.89,34.45,34.71,25413756.0,883216245.0,1789414570.0,0.014202273987296303,0.004921829762594143,1.5412966252220262,34.5355,33.28783333333333,1.0,0.004921829762594143,0.6906148783903503,0.04109178164367111,1.0,0.004921829762594143,1.5625244347135205,36.03,34.29,1.0,0.004921829762594143,0.9542394848244935,34.5355,0.6001357302618404,0.29076755673898497,0.0,0.0,0.8740193607044602,34.5355,0.6001357302618404,35.73577146052368,33.33522853947632,0.0,0.0,1.0202054289541187
2025-08-12,34.72,35.29,34.46,35.04,44800132.0,1564649682.0,1789414570.0,0.025036194938325554,0.009507346585998278,1.5559502664298415,34.6085,33.31733333333333,1.0,0.009507346585998278,0.6971807933966544,0.04347826086956519,1.0,0.009507346585998278,1.577379896063433,36.03,34.29,1.0,0.009507346585998278,0.9633117703327644,34.6085,0.5655949359559618,0.7629134784785222,0.0,0.0,0.8740193607044602,34.6085,0.5655949359559618,35.73968987191192,33.47731012808808,0.0,0.0,1.0202054289541187
2025-08-13,35.06,35.6,34.93,35.51,57729412.0,2040701204.0,1789414570.0,0.03226161950832892,0.013413242009132409,1.576820603907639,34.707499999999996,33.3565,1.0,0.013413242009132409,0.7065322481026026,0.05905159558604223,1.0,0.013413242009132409,1.598537674349672,36.03,34.29,1.0,0.013413242009132409,0.9762329042384835,34.707499999999996,0.5395697603794017,1.4872960994621331,0.0,0.0,0.8740193607044602,34.707499999999996,0.5395697603794017,35.7866395207588,33.628360479241195,0.0,0.0,1.0202054289541187
2025-08-14,35.59,36.06,35.05,35.22,69073829.0,2465722320.0,1789414570.0,0.03860135608485629,-0.008166713601802322,1.5639431616341042,34.7735,33.39533333333333,1.0,-0.008166713601802322,0.7007622015819112,0.038938053097345104,1.0,-0.008166713601802322,1.585482874981567,36.03,34.29,1.0,-0.008166713601802322,0.9682602897009122,34.7735,0.5158057059745405,0.8656360230765633,0.0,-0.0,0.8740193607044602,34.7735,0.5158057059745405,35.80511141194908,33.74188858805092,0.0,-0.0,1.0202054289541187
2025-08-15,35.07,35.94,35.07,35.8,53130560.0,1891947867.0,1789414570.0,0.029691587902964264,0.016467915956842605,1.5896980461811734,34.87,33.44683333333333,1.0,0.016467915956842605,0.7123022946232941,0.05698258045467974,1.0,0.016467915956842605,1.6115924737177767,36.06,34.29,1.0,0.016467915956842605,0.9842055187760549,34.87,0.5184084957069762,1.7939520816141685,0.0,0.0,0.8740193607044602,34.87,0.5184084957069762,35.90681699141395,33.83318300858605,0.0,0.0,1.0202054289541187
2025-08-18,36.63,37.26,36.35,36.83,101271946.0,3746006332.0,1789414570.0,0.05659501587717596,0.028770949720670513,1.6354351687389002,35.011,33.51983333333333,1.0,0.028770949720670513,0.7327959081278191,0.08291678917965295,1.0,0.028770949720670513,1.6579595197493218,36.06,34.29,1.0,0.028770949720670513,1.0125220462715672,35.011,0.64115767007412,2.837055664934513,0.0,0.0,0.8740193607044602,35.011,0.64115767007412,36.29331534014824,33.728684659851766,0.0,0.0,1.0202054289541187
2025-08-19,36.83,37.13,36.26,36.26,69393774.0,2540869113.0,1789414570.0,0.038780154785483835,-0.015476513711648154,1.610124333925401,35.1145,33.580666666666666,1.0,-0.015476513711648154,0.7214547822078393,0.060544018718923676,1.0,-0.015476513711648154,1.6323000865085637,37.26,34.4,1.0,-0.015476513711648154,0.9968517349390992,35.1145,0.6681590970326748,1.7144120391194497,0.0,-0.0,0.8740193607044602,35.1145,0.6681590970326748,36.45081819406535,33.77818180593465,0.0,-0.0,1.0202054289541187
2025-08-20,36.19,37.73,36.09,37.63,89100133.0,3293108852.0,1789414570.0,0.04979289567313627,0.037782680639823596,1.6709591474245131,35.297999999999995,33.67166666666667,1.0,0.037782680639823596,0.7487132778400716,0.10806831566548891,1.0,0.037782680639823596,1.6939727593854732,37.26,34.4,1.0,0.037782680639823596,1.0345154656855573,35.297999999999995,0.8209019429872098,2.8407777809783332,0.0,0.0,0.8740193607044602,35.297999999999995,0.8209019429872098,36.93980388597441,33.656196114025576,0.0,0.0,1.0202054289541187
2025-08-21,36.98,37.38,36.3,36.51,105457067.0,3890905350.0,1789414570.0,0.05893383722699877,-0.029763486579856613,1.6212255772646549,35.39149999999999,33.74883333333333,1.0,-0.029763486579856613,0.7264289602429181,0.05398383371824478,1.0,-0.029763486579856613,1.643554223894861,37.73,34.45,1.0,-0.029763486579856613,1.003724678505971,35.39149999999999,0.8480583085714276,1.3188951616830944,0.0,-0.0,0.8740193607044602,35.39149999999999,0.8480583085714276,37.08761661714285,33.69538338285714,0.0,-0.0,1.0202054289541187
2025-08-22,36.23,39.13,36.11,38.77,209117219.0,7962735782.0,1789414570.0,0.11686348289876727,0.06190084908244331,1.7215808170515112,35.592,33.85316666666667,1.0,0.06190084908244331,0.7713955296800312,0.11536248561565032,1.0,0.06190084908244331,1.745291625866989,37.73,34.45,1.0,0.06190084908244331,1.065856088350493,35.592,1.1210033100097645,2.834960407005687,0.0,0.0,0.8740193607044602,35.592,1.1210033100097645,37.83400662001953,33.34999337998047,0.0,0.0,1.0202054289541187
2025-08-25,39.92,40.34,38.39,38.93,183577786.0,7217823094.0,1789414570.0,0.10259097532663992,0.004126902244002917,1.7286856127886334,35.791000000000004,33.969,1.0,0.004126902244002917,0.7745790036224816,0.11387696709585104,1.0,0.004126902244002917,1.752494273794219,39.13,34.45,1.0,0.004126902244002917,1.070254772233291,35.791000000000004,1.3340555500152753,2.352975481391351,0.0,0.0,0.8740193607044602,35.791000000000004,1.3340555500152753,38.459111100030555,33.12288889996945,0.0,0.0,1.0202054289541187
2025-08-26,38.43,39.51,38.06,38.92,125253581.0,4853764491.0,1789414570.0,0.06999696051429825,-0.00025687130747487075,1.7282415630550634,35.95,34.08683333333333,1.0,-0.00025687130747487075,0.7743800365010785,0.08897593732512599,1.0,-0.00025687130747487075,1.7520441082987672,40.34,34.46,1.0,-0.00025687130747487075,1.069979854490616,35.95,1.5060719211177171,1.9720173773612626,0.0,-0.0,0.8740193607044602,35.95,1.5060719211177171,38.962143842235434,32.93785615776457,0.0,-0.0,1.0202054289541187
2025-08-27,38.93,40.43,38.53,38.53,150393048.0,5929198325.0,1789414570.0,0.08404595029088201,-0.010020554984583763,1.7109236234458272,36.1025,34.1915,1.0,-0.010020554984583763,0.7666203187663554,0.08596392333709146,1.0,-0.010020554984583763,1.7344876539761434,40.34,34.93,1.0,-0.010020554984583763,1.059258062526296,36.1025,1.6070105459321433,1.51056880500553,0.0,-0.0,0.8740193607044602,36.1025,1.6070105459321433,39.31652109186429,32.88847890813571,0.0,-0.0,1.0202054289541187
2025-08-28,38.48,40.11,38.09,40.11,157605980.0,6210676900.0,1789414570.0,0.08807683956658517,0.04100700752660269,1.7810834813499126,36.3575,34.31266666666667,1.0,0.04100700752660269,0.7980571239480538,0.14567266495287057,1.0,0.04100700752660269,1.8056138022575425,40.43,35.05,1.0,0.04100700752660269,1.1026950658689263,36.3575,1.8156219030230814,2.066784936749187,0.0,0.0,0.8740193607044602,36.3575,1.8156219030230814,39.988743806046166,32.72625619395384,0.0,0.0,1.0202054289541187
2025-08-29,40.16,40.7,39.39,39.83,114774429.0,4591110157.0,1789414570.0,0.06414077035261874,-0.006980802792321161,1.768650088809948,36.625,34.4305,1.0,-0.006980802792321161,0.7924860445487655,0.15516241299303957,1.0,-0.006980802792321161,1.7930091683848894,40.43,35.07,1.0,-0.006980802792321161,1.0949973690740298,36.625,1.9157972093540496,1.6729328053884314,0.0,-0.0,0.8740193607044602,36.625,1.9157972093540496,40.4565944187081,32.7934055812919,0.0,-0.0,1.0202054289541187
2025-09-01,41.92,42.61,40.33,41.08,155686011.0,6441938030.0,1789414570.0,0.08700388026906476,0.03138337936228974,1.824156305506218,36.946,34.56883333333333,1.0,0.03138337936228974,0.8173569347241598,0.18522792844777847,1.0,0.03138337936228974,1.849279855316376,40.7,36.09,1.0,0.03138337936228974,1.1293620869083894,36.946,2.0983738064461557,1.9700970281369545,0.0,0.0,0.8740193607044602,36.946,2.0983738064461557,41.14274761289231,32.74925238710769,0.0,0.0,1.0202054289541187
2025-09-02,40.61,41.4,38.43,38.95,123529024.0,4907832205.0,1789414570.0,0.0690332056478114,-0.05185004868549159,1.7295737122557742,37.159499999999994,34.681333333333335,1.0,-0.05185004868549159,0.774976937865288,0.12312572087658591,1.0,-0.05185004868549159,1.7533946047851232,42.61,36.09,1.0,-0.05185004868549159,1.070804607718641,37.159499999999994,2.0727542698444266,0.8638264680233403,0.0,-0.0,0.8740193607044602,37.159499999999994,2.0727542698444266,41.30500853968885,33.01399146031114,0.0,-0.0,1.0202054289541187
2025-09-03,38.96,39.73,37.96,38.28,89852179.0,3484406403.0,1789414570.0,0.05021317055666983,-0.017201540436457052,1.6998223801065733,37.3285,34.784,1.0,-0.017201540436457052,0.7616461407312766,0.09684813753581678,1.0,-0.017201540436457052,1.7232335165898462,42.61,36.09,1.0,-0.017201540436457052,1.0523851189594242,37.3285,2.015843234819823,0.47201091015643803,0.0,-0.0,0.8740193607044602,37.3285,2.015843234819823,41.36018646963964,33.29681353036035,0.0,-0.0,1.0202054289541187
2025-09-04,38.18,38.4,35.64,36.18,106546647.0,3940314150.0,1789414570.0,0.05954274028292952,-0.054858934169279006,1.6065719360568396,37.3815,34.85466666666667,1.0,-0.054858934169279006,0.719863045236614,0.03018223234624151,1.0,-0.054858934169279006,1.6286987625449487,42.61,36.11,1.0,-0.054858934169279006,0.9946523929977003,37.3815,1.9680909130692348,-0.6104900906870534,0.0,-0.0,0.8740193607044602,37.3815,1.9680909130692348,41.317681826138475,33.44531817386153,0.0,-0.0,1.0202054289541187
2025-09-05,36.24,37.27,35.9,37.11,65632093.0,2408140387.0,1789414570.0,0.036677969488087936,0.025704809286898778,1.6478685612788644,37.510000000000005,34.9445,1.0,0.025704809286898778,0.7383669875271074,0.07440648523451077,1.0,0.025704809286898778,1.6705641536219746,42.61,35.64,1.0,0.025704809286898778,1.0202197430664637,37.510000000000005,1.8533554207949212,-0.21582476599574302,0.0,0.0,0.8740193607044602,37.510000000000005,1.8533554207949212,41.216710841589844,33.803289158410166,0.0,0.0,1.0202054289541187
2025-09-08,37.43,37.86,36.94,37.56,59735432.0,2237450044.0,1789414570.0,0.03338266771796767,0.012126111560226471,1.6678507992895217,37.652499999999996,35.04116666666667,1.0,0.012126111560226471,0.7473205079902494,0.08210890233362145,1.0,0.012126111560226471,1.69082160091731,42.61,35.64,1.0,0.012126111560226471,1.0325910414868331,37.652499999999996,1.7323542697121561,-0.05339554478967146,0.0,0.0,0.8740193607044602,37.652499999999996,1.7323542697121561,41.11720853942431,34.18779146057568,0.0,0.0,1.0202054289541187
2025-09-09,37.28,37.31,36.45,36.54,49776671.0,1837858218.0,1789414570.0,0.02781729389852906,-0.02715654952076685,1.6225577264653652,37.7275,35.12166666666667,1.0,-0.02715654952076685,0.7270258616071276,0.042808219178082085,1.0,-0.02715654952076685,1.6449047203812168,42.61,35.64,1.0,-0.02715654952076685,1.0045494317339958,37.7275,1.6434875465880314,-0.7225488276228889,0.0,-0.0,0.8740193607044602,37.7275,1.6434875465880314,41.01447509317606,34.44052490682394,0.0,-0.0,1.0202054289541187
2025-09-10,36.56,37.06,36.44,36.53,36582081.0,1346412164.0,1789414570.0,0.020443602960045194,-0.00027367268746569806,1.6221136767317952,37.7785,35.195,1.0,-0.00027367268746569806,0.7268268944857245,0.028724303013235808,1.0,-0.00027367268746569806,1.644454554885765,42.61,35.64,1.0,-0.00027367268746569806,1.004274513991321,37.7785,1.58586942782366,-0.787265318377035,0.0,-0.0,0.8740193607044602,37.7785,1.58586942782366,40.95023885564732,34.60676114435268,0.0,-0.0,1.0202054289541187
2025-09-11,36.55,37.99,36.18,37.98,82889949.0,3107199849.0,1789414570.0,0.04632238408565099,0.039693402682726475,1.6865008880994683,37.9165,35.2985,1.0,0.039693402682726475,0.7556771270891819,0.07836456558773408,1.0,0.039693402682726475,1.7097285517262895,42.61,35.64,1.0,0.039693402682726475,1.0441375866791778,37.9165,1.4671572046506782,0.04328097888809172,0.0,0.0,0.8740193607044602,37.9165,1.4671572046506782,40.85081440930136,34.98218559069864,0.0,0.0,1.0202054289541187
2025-09-12,37.99,38.4,37.73,37.81,76163057.0,2903698918.0,1789414570.0,0.042563114370975534,-0.00447604002106361,1.6789520426287758,38.017,35.403999999999996,1.0,-0.00447604002106361,0.7522946860253283,0.05614525139664828,1.0,-0.00447604002106361,1.7020757383036074,42.61,35.64,1.0,-0.00447604002106361,1.039463985053705,38.017,1.3808506150388398,-0.1499075987985698,0.0,-0.0,0.8740193607044602,38.017,1.3808506150388398,40.77870123007768,35.25529876992233,0.0,-0.0,1.0202054289541187
2025-09-15,38.51,38.69,37.67,37.75,62709655.0,2390558698.0,1789414570.0,0.03504478841926496,-0.0015868817773077026,1.6762877442273547,38.063,35.49249999999999,1.0,-0.0015868817773077026,0.7511008832969094,0.02497963616616894,1.0,-0.0015868817773077026,1.6993747453308958,42.61,35.64,1.0,-0.0015868817773077026,1.0378144785976557,38.063,1.3542956996556474,-0.23111643940063306,0.0,-0.0,0.8740193607044602,38.063,1.3542956996556474,40.7715913993113,35.35440860068871,0.0,-0.0,1.0202054289541187
2025-09-16,37.68,38.93,37.61,38.63,77177903.0,2966403227.0,1789414570.0,0.04313025292959362,0.02331125827814584,1.7153641207815291,38.1815,35.589000000000006,1.0,0.02331125827814584,0.7686099899803871,0.06536127964699401,1.0,0.02331125827814584,1.7389893089306627,42.61,35.64,1.0,0.02331125827814584,1.062007239953045,38.1815,1.2904110932079815,0.34756365809365836,0.0,0.0,0.8740193607044602,38.1815,1.2904110932079815,40.762322186415965,35.600677813584035,0.0,0.0,1.0202054289541187
2025-09-17,38.51,39.0,38.02,38.7,65856196.0,2544732335.0,1789414570.0,0.036803207654668865,0.0018120631633444795,1.71847246891652,38.235,35.681333333333335,1.0,0.0018120631633444795,0.7700027598302092,0.028434759500398643,1.0,0.0018120631633444795,1.7421404673988259,42.61,35.64,1.0,0.0018120631633444795,1.0639316641517689,38.235,1.2885222053518333,0.36087853051242863,0.0,0.0,0.8740193607044602,38.235,1.2885222053518333,40.81204441070366,35.657955589296336,0.0,0.0,1.0202054289541187
2025-09-18,38.92,40.3,38.03,39.06,141211852.0,5572856944.0,1789414570.0,0.07891511244373069,0.009302325581395321,1.7344582593250457,38.3625,35.784,1.0,0.009302325581395321,0.7771655762007227,0.06984387838948236,1.0,0.009302325581395321,1.758346425235094,42.61,35.64,1.0,0.009302325581395321,1.0738287028880644,38.3625,1.2338509463850558,0.5653032905178255,0.0,0.0,0.8740193607044602,38.3625,1.2338509463850558,40.830201892770106,35.89479810722989,0.0,0.0,1.0202054289541187
2025-09-19,39.36,39.67,38.61,38.66,85149177.0,3336914236.0,1789414570.0,0.04758493555800208,-0.010240655401945853,1.716696269982239,38.357,35.86933333333333,1.0,-0.010240655401945853,0.7692068913445964,-0.0028372452927523106,1.0,-0.010240655401945853,1.740339805417018,42.61,35.9,1.0,-0.010240655401945853,1.0628319931810692,38.357,1.2321829153346777,0.2459050488601348,0.0,-0.0,0.8740193607044602,38.357,1.2321829153346777,40.82136583066936,35.89263416933064,0.0,-0.0,1.0202054289541187
2025-09-22,38.81,39.81,38.43,39.59,88723472.0,3495822099.0,1789414570.0,0.0495824016901796,0.02405587170201784,1.7579928952042643,38.39,35.96866666666667,1.0,0.02405587170201784,0.78771083363509,0.01695350629334702,0.0,-0.0006,1.7392956015337677,42.61,36.18,1.0,0.02405587170201784,1.088399343249833,38.39,1.2569260749524223,0.9547100851141351,0.0,0.0,0.8740193607044602,38.39,1.2569260749524223,40.90385214990484,35.87614785009516,0.0,0.0,1.0202054289541187
2025-09-23,39.63,39.73,38.04,39.13,89206084.0,3464905105.0,1789414570.0,0.049852105540864125,-0.01161909573124531,1.7375666074600369,38.4005,36.05566666666666,1.0,-0.01161909573124531,0.7785583460505449,0.0053956834532373765,1.0,-0.01221909573124531,1.7180429820736927,42.61,36.18,1.0,-0.01161909573124531,1.0757531270867886,38.4005,1.2624515623852617,0.5778439519863182,0.0,-0.0,0.8740193607044602,38.4005,1.2624515623852617,40.925403124770526,35.875596875229476,0.0,-0.0,1.0202054289541187
2025-09-24,39.08,41.62,38.93,41.13,185184984.0,7569191034.0,1789414570.0,0.10348914505597213,0.051111679018655654,1.8263765541740686,38.5305,36.187,1.0,0.051111679018655654,0.8183517703311758,0.06747988580327013,1.0,0.051111679018655654,1.8058550435136973,42.61,36.18,1.0,0.051111679018655654,1.1307366756217636,38.5305,1.4025783588206995,1.8533723863996319,0.0,0.0,0.8740193607044602,38.5305,1.4025783588206995,41.3356567176414,35.72534328235861,0.0,0.0,1.0202054289541187
2025-09-25,41.16,44.41,40.81,42.74,238196421.0,10118282574.0,1789414570.0,0.13311416202451062,0.03914417699975692,1.8978685612788646,38.662,36.3415,1.0,0.03914417699975692,0.8503854768770838,0.06556968337073066,1.0,0.03914417699975692,1.8765437529729012,42.61,36.18,1.0,0.03914417699975692,1.1749984321924187,38.662,1.6584158579485868,2.458973110064428,0.0,0.0,0.8740193607044602,38.662,1.6584158579485868,41.97883171589717,35.345168284102826,0.0,0.0,1.0202054289541187
2025-09-26,42.35,43.15,41.25,41.28,131969267.0,5552536752.0,1789414570.0,0.07374996784562897,-0.03416003743565743,1.8330373001776212,38.734500000000004,36.47666666666667,1.0,-0.03416003743565743,0.8213362771522232,0.03640472006025619,1.0,-0.03416003743565743,1.8124409481216979,44.41,37.61,1.0,-0.03416003743565743,1.1348604417618868,38.734500000000004,1.7417640029883175,1.4614494246251055,0.0,-0.0,0.8740193607044602,38.734500000000004,1.7417640029883175,42.21802800597664,35.25097199402337,0.0,-0.0,1.0202054289541187
2025-09-29,41.28,41.62,40.39,40.85,102754051.0,4199736908.0,1789414570.0,0.05742327838539953,-0.01041666666666663,1.8139431616341044,38.723,36.60933333333333,1.0,-0.01041666666666663,0.8127806909318877,-0.005598831548198513,1.0,-0.01041666666666663,1.793561354912097,44.41,37.61,1.0,-0.01041666666666663,1.1230389788268673,38.723,1.7261520942930264,1.2322205019084078,0.0,-0.0,0.8740193607044602,38.723,1.7261520942930264,42.175304188586054,35.270695811413944,0.0,-0.0,1.0202054289541187
2025-09-30,41.79,44.93,41.09,44.04,215434169.0,9289248003.0,1789414570.0,0.12039365981020261,0.07809057527539776,1.9555950266429853,38.977500000000006,36.78516666666667,1.0,0.07809057527539776,0.876251202659494,0.1306803594351731,0.0,-0.0006,1.7924852180991497,44.41,37.61,1.0,0.07809057527539776,1.2107377387401526,38.977500000000006,2.096814312989722,2.4143768805076866,0.0,0.0,0.8740193607044602,38.977500000000006,2.096814312989722,43.17112862597945,34.78387137402056,0.0,0.0,1.0202054289541187
2025-10-09,45.26,47.55,44.95,46.95,230258658.0,10646431436.0,1789414570.0,0.1286782067500434,0.06607629427792916,2.084813499111902,39.411,37.01566666666667,1.0,0.06607629427792916,0.934150634987812,0.2264890282131662,1.0,0.06547629427792916,1.9098505077282477,44.93,38.02,1.0,0.06607629427792916,1.2907388018585413,39.411,2.741991016915052,2.749461961579272,0.0,0.0,0.8740193607044602,39.411,2.741991016915052,44.894982033830104,33.9270179661699,0.0,0.0,1.0202054289541187
2025-10-10,45.5,45.8,43.43,43.72,166155591.0,7376464981.0,1789414570.0,0.0928547211952119,-0.06879659211927591,1.94138543516874,39.788,37.193999999999996,1.0,-0.06879659211927591,0.869884254774593,0.20840243228302935,1.0,-0.06879659211927591,1.7784593013392755,47.55,38.03,1.0,-0.06879659211927591,1.2019403709745564,39.788,2.792257339972872,1.4081796629956047,0.0,-0.0,0.8740193607044602,39.788,2.792257339972872,45.37251467994574,34.203485320054256,0.0,-0.0,1.0202054289541187
2025-10-13,40.92,43.88,40.92,43.56,120308229.0,5157949199.0,1789414570.0,0.06723329015925024,-0.0036596523330282293,1.9342806394316179,40.1105,37.3625,1.0,-0.0036596523330282293,0.8667007808321426,0.17380759902991105,1.0,-0.0036596523330282293,1.7719507586079335,47.55,38.04,1.0,-0.0036596523330282293,1.1975416870917586,40.1105,2.8387682187880108,1.2151397134750004,0.0,-0.0,0.8740193607044602,40.1105,2.8387682187880108,45.788036437576025,34.43296356242398,0.0,-0.0,1.0202054289541187
2025-10-14,44.25,44.43,40.54,40.75,137290704.0,5793296703.0,1789414570.0,0.07672381029064718,-0.06450872359963278,1.8095026642984027,40.27,37.486,1.0,-0.06450872359963278,0.810791019717856,0.0849307774227901,1.0,-0.06450872359963278,1.6576444768887346,47.55,38.04,1.0,-0.06450872359963278,1.1202898014001184,40.27,2.776864949429357,0.1728568038926907,0.0,-0.0,0.8740193607044602,40.27,2.776864949429357,45.823729898858716,34.71627010114129,0.0,-0.0,1.0202054289541187
2025-10-15,40.99,41.89,39.87,41.87,84115639.0,3448067187.0,1789414570.0,0.04700735112489891,0.027484662576687136,1.8592362344582607,40.536500000000004,37.624166666666675,1.0,0.027484662576687136,0.8330753373150094,0.14586754241926658,1.0,0.027484662576687136,1.7032042760081305,47.55,38.04,1.0,0.027484662576687136,1.1510805885797044,40.536500000000004,2.653054396649243,0.502628216626157,0.0,0.0,0.8740193607044602,40.536500000000004,2.653054396649243,45.84260879329849,35.23039120670152,0.0,0.0,1.0202054289541187
2025-10-16,41.65,42.55,41.3,41.67,74077490.0,3103103147.0,1789414570.0,0.041397611957524186,-0.004776689754000363,1.8503552397868577,40.7935,37.75983333333333,1.0,-0.004776689754000363,0.8290959948869464,0.14070626882014792,1.0,-0.004776689754000363,1.6950685975939528,47.55,38.93,1.0,-0.004776689754000363,1.145582233726207,40.7935,2.488362968531494,0.3522396093674654,0.0,-0.0,0.8740193607044602,40.7935,2.488362968531494,45.77022593706299,35.816774062937014,0.0,-0.0,1.0202054289541187
2025-10-17,41.01,41.53,39.43,39.46,83649260.0,3363928719.0,1789414570.0,0.046746718956245,-0.053035757139428874,1.7522202486678522,40.86750000000001,37.85249999999999,1.0,-0.053035757139428874,0.7851242610568492,0.0389678778304372,1.0,-0.053035757139428874,1.6051693511172875,47.55,39.87,1.0,-0.053035757139428874,1.0848254125950594,40.86750000000001,2.4213955849774633,-0.5812763551450458,0.0,-0.0,0.8740193607044602,40.86750000000001,2.4213955849774633,45.710291169954935,36.02470883004508,0.0,-0.0,1.0202054289541187
2025-10-20,40.21,40.53,39.35,39.55,59487514.0,2377353980.0,1789414570.0,0.033244120729384694,0.0022807906741002526,1.7562166962699834,40.9545,37.94716666666667,1.0,0.0022807906741002526,0.7869149651494775,0.046019571541920046,1.0,0.0022807906741002526,1.6088304064036674,47.55,39.43,0.0,-0.0006,1.0841745173475024,40.9545,2.3354938055560055,-0.6013717513010658,0.0,0.0,0.8740193607044602,40.9545,2.3354938055560055,45.625487611112014,36.28351238888799,0.0,0.0,1.0202054289541187
2025-10-21,39.61,40.46,39.49,40.46,65598869.0,2639323979.0,1789414570.0,0.03665940252179795,0.02300884955752225,1.7966252220248682,41.09,38.05466666666667,1.0,0.02300884955752225,0.8050209731971646,0.0717880794701986,1.0,0.02300884955752225,1.6458477431881768,47.55,39.35,0.0,0.0,1.0841745173475024,41.09,2.2153127378130635,-0.2843842267714909,0.0,0.0,0.8740193607044602,41.09,2.2153127378130635,45.52062547562613,36.659374524373874,0.0,0.0,1.0202054289541187
2025-10-22,40.15,40.46,39.52,39.89,46589992.0,1863321019.0,1789414570.0,0.02603644386331335,-0.014087988136431084,1.771314387211369,41.153000000000006,38.14966666666667,1.0,-0.014087988136431084,0.7936798472771848,0.03261713694020196,1.0,-0.014087988136431084,1.62266105970777,47.55,39.35,0.0,-0.0,1.0841745173475024,41.153000000000006,2.1588693434541835,-0.5850284565990499,0.0,-0.0,0.8740193607044602,41.153000000000006,2.1588693434541835,45.470738686908376,36.835261313091635,0.0,-0.0,1.0202054289541187
2025-10-23,39.56,39.8,38.82,39.79,45822407.0,1799467135.0,1789414570.0,0.02560748513409053,-0.0025068939583855476,1.7668738898756675,41.207499999999996,38.246833333333335,1.0,-0.0025068939583855476,0.7916901760631533,0.02816537467700253,1.0,-0.0025068939583855476,1.618593220500681,47.55,39.35,0.0,-0.0,1.0841745173475024,41.207499999999996,2.1068156939851423,-0.6728163284747173,0.0,-0.0,0.8740193607044602,41.207499999999996,2.1068156939851423,45.42113138797028,36.993868612029715,0.0,-0.0,1.0202054289541187
2025-10-24,40.36,41.05,40.06,40.91,75658558.0,3082212694.0,1789414570.0,0.042281179145646504,0.028147775823071042,1.8166074600355253,41.3,38.35133333333333,1.0,0.028147775823071042,0.8139744936603066,0.047363031233998765,1.0,0.028147775823071042,1.6641530196200767,47.55,38.82,0.0,0.0,1.0841745173475024,41.3,2.0473397373179325,-0.1904911006665218,0.0,0.0,0.8740193607044602,41.3,2.0473397373179325,45.394679474635865,37.20532052536413,0.0,0.0,1.0202054289541187
2025-10-27,41.83,42.45,40.96,42.04,123359141.0,5155208442.0,1789414570.0,0.06893826789395148,0.027621608408702203,1.8667850799289538,41.46900000000001,38.47266666666667,1.0,0.027621608408702203,0.8364577783788633,0.08742886704604258,1.0,0.027621608408702203,1.7101196026601817,47.55,38.82,0.0,0.0,1.0841745173475024,41.46900000000001,1.9553863529938966,0.2920139025854054,0.0,0.0,0.8740193607044602,41.46900000000001,1.9553863529938966,45.379772705987804,37.55822729401221,0.0,0.0,1.0202054289541187
2025-10-28,41.97,42.88,41.55,41.84,95768243.0,4048035501.0,1789414570.0,0.05351931553793037,-0.004757373929590747,1.8579040852575508,41.5815,38.5875,1.0,-0.004757373929590747,0.8324784359508003,0.05683253346804751,1.0,-0.004757373929590747,1.701983924246004,47.55,38.82,0.0,-0.0,1.0841745173475024,41.5815,1.9056847781533328,0.13564677797893707,0.0,-0.0,0.8740193607044602,41.5815,1.9056847781533328,45.392869556306664,37.77013044369333,0.0,-0.0,1.0202054289541187
2025-10-29,41.58,42.34,41.37,41.75,67862839.0,2833735528.0,1789414570.0,0.03792460402286766,-0.0021510516252390977,1.853907637655419,41.7125,38.687666666666665,1.0,-0.0021510516252390977,0.8306877318581718,0.06695629951443904,1.0,-0.0021510516252390977,1.6983228689596237,47.55,38.82,0.0,-0.0,1.0841745173475024,41.7125,1.8162479398332425,0.02064696079074119,0.0,-0.0,0.8740193607044602,41.7125,1.8162479398332425,45.344995879666484,38.08000412033351,0.0,-0.0,1.0202054289541187
2025-10-30,42.04,42.55,41.5,41.55,92839206.0,3908161357.0,1789414570.0,0.051882446670812564,-0.004790419161676662,1.8450266429840159,41.73350000000001,38.78883333333333,1.0,-0.004790419161676662,0.8267083894301087,0.010211524434718955,1.0,-0.004790419161676662,1.6901871905454458,47.55,38.82,0.0,-0.0,1.0841745173475024,41.73350000000001,1.8115805108715302,-0.10129276557061746,0.0,-0.0,0.8740193607044602,41.73350000000001,1.8115805108715302,45.356661021743065,38.11033897825695,0.0,-0.0,1.0202054289541187
2025-10-31,41.25,41.26,39.96,39.98,80387834.0,3251958139.0,1789414570.0,0.04492409715877076,-0.037785800240673906,1.7753108348135007,41.5955,38.87166666666667,1.0,-0.037785800240673906,0.7954705513698134,-0.06457650912494162,1.0,-0.037785800240673906,1.6263221149941498,47.55,38.82,0.0,-0.0,1.0841745173475024,41.5955,1.8358347448851238,-0.8799811663337341,0.0,-0.0,0.8740193607044602,41.5955,1.8358347448851238,45.26716948977025,37.923830510229756,0.0,-0.0,1.0202054289541187
2025-11-03,39.76,39.77,38.4,39.41,66861761.0,2613870601.0,1789414570.0,0.03736515960077379,-0.014257128564282184,1.7500000000000016,41.502,38.953833333333336,1.0,-0.014257128564282184,0.7841294254498336,-0.04530038759689936,0.0,-0.0006,1.6253463217251531,47.55,38.82,0.0,-0.0,1.0841745173475024,41.502,1.8992729911042119,-1.1014740955083793,0.0,-0.0,0.8740193607044602,41.502,1.8992729911042119,45.300545982208426,37.70345401779158,0.0,-0.0,1.0202054289541187
2025-11-04,39.54,41.16,39.4,39.78,71868602.0,2897071317.0,1789414570.0,0.040163192590971244,0.009388480081197859,1.766429840142098,41.4485,39.03916666666667,1.0,0.009388480081197859,0.7914912089417504,-0.026193390452876386,0.0,0.0,1.6253463217251531,47.55,38.4,0.0,0.0,1.0841745173475024,41.4485,1.9333697743089953,-0.8630009748633519,0.0,0.0,0.8740193607044602,41.4485,1.9333697743089953,45.315239548617996,37.58176045138201,0.0,0.0,1.0202054289541187
2025-11-05,38.52,39.19,38.46,38.84,49717864.0,1930759686.0,1789414570.0,0.027784430077597948,-0.02362996480643531,1.724689165186503,41.1885,39.10850000000001,1.0,-0.02362996480643531,0.772788299529854,-0.11807447774750213,0.0,-0.0,1.6253463217251531,47.55,38.4,0.0,-0.0,1.0841745173475024,41.1885,1.9160932704473652,-1.2256710235466104,0.0,-0.0,0.8740193607044602,41.1885,1.9160932704473652,45.02068654089473,37.356313459105266,0.0,-0.0,1.0202054289541187
2025-11-06,39.23,39.66,38.87,39.65,48840818.0,1925169949.0,1789414570.0,0.027294299945260867,0.02085478887744574,1.7606571936056856,40.8235,39.187666666666665,1.0,0.02085478887744574,0.7889046363635094,-0.15548455804046868,0.0,0.0,1.6253463217251531,47.55,38.4,0.0,0.0,1.0841745173475024,40.8235,1.381540996972866,-0.8494138086175463,0.0,0.0,0.8740193607044602,40.8235,1.381540996972866,43.586581993945735,38.06041800605427,0.0,0.0,1.0202054289541187
2025-11-07,39.2,39.21,38.76,38.88,35648645.0,1389916425.0,1789414570.0,0.01992195972786787,-0.01941992433795703,1.7264653641207834,40.5815,39.25033333333333,1.0,-0.01941992433795703,0.7735841680154665,-0.11070448307410785,0.0,-0.0,1.6253463217251531,45.8,38.4,0.0,-0.0,1.0841745173475024,40.5815,1.2665879361500945,-1.3433729719326515,0.0,-0.0,0.8740193607044602,40.5815,1.2665879361500945,43.11467587230019,38.04832412769981,0.0,-0.0,1.0202054289541187
2025-11-10,39.11,39.54,38.84,39.15,38152359.0,1494887356.0,1789414570.0,0.02132114024309079,0.00694444444444442,1.7384547069271776,40.361,39.32716666666667,1.0,0.00694444444444442,0.7789562802933516,-0.10123966942148765,0.0,0.0,1.6253463217251531,44.43,38.4,0.0,0.0,1.0841745173475024,40.361,1.092702588708081,-1.108261307801771,0.0,0.0,0.8740193607044602,40.361,1.092702588708081,42.54640517741616,38.17559482258383,0.0,0.0,1.0202054289541187
2025-11-11,39.46,39.65,38.47,38.48,39938220.0,1552991927.0,1789414570.0,0.022319154358958863,-0.01711366538952752,1.7087033747779767,40.2475,39.39,1.0,-0.01711366538952752,0.7656254831593402,-0.055705521472392716,0.0,-0.0,1.6253463217251531,44.43,38.4,0.0,-0.0,1.0841745173475024,40.2475,1.1656300532559782,-1.5163473136805383,0.0,-0.0,0.8740193607044602,40.2475,1.1656300532559782,42.57876010651196,37.91623989348805,0.0,-0.0,1.0202054289541187
2025-11-12,38.26,38.26,37.42,37.65,40462795.0,1529100787.0,1789414570.0,0.02261230889608773,-0.02156964656964655,1.6718472468916534,40.036500000000004,39.4335,1.0,-0.02156964656964655,0.7491112120828783,-0.10078815380941009,0.0,-0.0,1.6253463217251531,42.88,38.4,0.0,-0.0,1.0841745173475024,40.036500000000004,1.2362774130858059,-1.9303919773501244,1.0,-0.02216964656964655,0.8546426603826138,40.036500000000004,1.2362774130858059,42.509054826171614,37.563945173828394,0.0,-0.0,1.0202054289541187
2025-11-13,37.63,38.38,37.57,38.2,34916245.0,1330942105.0,1789414570.0,0.019512663854078266,0.014608233731739917,1.6962699822380125,39.863,39.47833333333333,1.0,0.014608233731739917,0.7600544037600521,-0.08327333813294935,0.0,0.0,1.6253463217251531,42.88,37.42,0.0,0.0,1.0841745173475024,39.863,1.2384544697666724,-1.3428026952927141,1.0,0.014608233731739917,0.8671274801225991,39.863,1.2384544697666724,42.339908939533345,37.386091060466654,0.0,0.0,1.0202054289541187
2025-11-14,37.76,37.77,36.99,37.01,48226236.0,1802972186.0,1789414570.0,0.02695084571709953,-0.031151832460733053,1.6434280639431633,39.7405,39.50816666666667,1.0,-0.031151832460733053,0.7363773163130766,-0.06208819057273196,0.0,-0.0,1.6253463217251531,42.88,37.42,0.0,-0.0,1.0841745173475024,39.7405,1.3920582073434997,-1.961484071280814,1.0,-0.031151832460733053,0.8401148701397223,39.7405,1.3920582073434997,42.524616414686996,36.956383585313,0.0,-0.0,1.0202054289541187
2025-11-17,36.96,37.29,36.73,37.04,28551304.0,1057684374.0,1789414570.0,0.015955667556680285,0.0008105917319642941,1.6447602131438737,39.614999999999995,39.52883333333333,1.0,0.0008105917319642941,0.736974217677286,-0.06346396965865986,0.0,0.0,1.6253463217251531,42.88,36.99,0.0,0.0,1.0841745173475024,39.614999999999995,1.5176175927734674,-1.696738369574477,1.0,0.0008105917319642941,0.8407958603073579,39.614999999999995,1.5176175927734674,42.65023518554693,36.57976481445306,0.0,0.0,1.0202054289541187
2025-11-18,36.97,37.48,36.77,37.13,28868445.0,1074728786.0,1789414570.0,0.01613289926436667,0.0024298056155509506,1.6487566607460054,39.448499999999996,39.53383333333333,1.0,0.0024298056155509506,0.7387649217699145,-0.08230350963914979,0.0,0.0,1.6253463217251531,42.88,36.73,0.0,0.0,1.0841745173475024,39.448499999999996,1.600441633129243,-1.4486626391159143,1.0,0.0024298056155509506,0.8428388308102647,39.448499999999996,1.600441633129243,42.64938326625848,36.24761673374151,0.0,0.0,1.0202054289541187
2025-11-19,36.97,37.16,36.35,36.55,29693719.0,1090272798.0,1789414570.0,0.016594097029175303,-0.015620791812550605,1.623001776198936,39.2815,39.53866666666667,0.0,-0.0006,0.7383216628168525,-0.08373025821007785,0.0,-0.0,1.6253463217251531,42.88,36.73,0.0,-0.0,1.0841745173475024,39.2815,1.721618806760141,-1.5865881513808076,1.0,-0.015620791812550605,0.8296730209026439,39.2815,1.721618806760141,42.72473761352028,35.83826238647972,0.0,-0.0,1.0202054289541187
2025-11-20,36.95,37.04,36.07,36.08,26871999.0,980623957.0,1789414570.0,0.015017201407944275,-0.012859097127222996,1.6021314387211383,39.096,39.51283333333333,0.0,-0.0,0.7383216628168525,-0.09323950741392317,0.0,-0.0,1.6253463217251531,42.88,36.35,0.0,-0.0,1.0841745173475024,39.096,1.8583846975831546,-1.6229147839639082,1.0,-0.012859097127222996,0.8190041749430204,39.096,1.8583846975831546,42.812769395166306,35.37923060483369,0.0,-0.0,1.0202054289541187
2025-11-21,35.56,35.76,34.76,34.81,42233532.0,1486565480.0,1789414570.0,0.023601871085692568,-0.035199556541019805,1.545737122557728,38.791000000000004,39.4845,0.0,-0.0,0.7383216628168525,-0.14910779760449755,0.0,-0.0,1.6253463217251531,42.88,36.07,0.0,-0.0,1.0841745173475024,38.791000000000004,2.0369866805756875,-1.9543574034931355,1.0,-0.035199556541019805,0.7901755911797822,38.791000000000004,2.0369866805756875,42.86497336115138,34.71702663884863,0.0,-0.0,1.0202054289541187
2025-11-24,34.97,35.22,34.54,35.01,28559949.0,997828583.0,1789414570.0,0.015960498745687536,0.00574547543809234,1.5546181172291311,38.439499999999995,39.42183333333333,0.0,0.0,0.7383216628168525,-0.16722169362511896,0.0,0.0,1.6253463217251531,42.88,34.76,0.0,0.0,1.0841745173475024,38.439499999999995,2.0533143297709433,-1.6702264968766736,1.0,0.00574547543809234,0.7947155256306857,38.439499999999995,2.0533143297709433,42.54612865954188,34.33287134045811,0.0,0.0,1.0202054289541187
2025-11-25,35.4,35.89,35.24,35.47,32948443.0,1172826325.0,1789414570.0,0.018412973467629695,0.013139103113396278,1.5750444049733587,38.121,39.36416666666666,0.0,0.0,0.7383216628168525,-0.15224665391969416,0.0,0.0,1.6253463217251531,42.88,34.54,0.0,0.0,1.0841745173475024,38.121,1.9911855764846569,-1.331367619024349,1.0,0.013139103113396278,0.8051573748677642,38.121,1.9911855764846569,42.103371152969316,34.13862884703069,0.0,0.0,1.0202054289541187
2025-11-26,35.44,36.04,35.22,35.76,36563489.0,1309368383.0,1789414570.0,0.020433212969759154,0.008175923315477895,1.5879218472468934,37.8215,39.3115,0.0,0.0,0.7383216628168525,-0.14347305389221565,0.0,0.0,1.6253463217251531,42.55,34.54,0.0,0.0,1.0841745173475024,37.8215,1.8629667200464115,-1.1065683448970278,1.0,0.008175923315477895,0.8117402798215745,37.8215,1.8629667200464115,41.547433440092824,34.095566559907176,0.0,0.0,1.0202054289541187
2025-11-27,35.81,36.52,35.69,35.71,36700158.0,1326760581.0,1789414570.0,0.020509589345748983,-0.0013982102908276506,1.5857015985790428,37.5295,39.264500000000005,0.0,-0.0,0.7383216628168525,-0.1405535499398315,0.0,-0.0,1.6253463217251531,42.55,34.54,0.0,-0.0,1.0841745173475024,37.5295,1.6981986586412559,-1.0714294177194772,1.0,-0.0013982102908276506,0.8106052962088487,37.5295,1.6981986586412559,40.92589731728251,34.133102682717485,0.0,-0.0,1.0202054289541187
2025-11-28,35.57,35.94,35.39,35.87,23399785.0,836578646.0,1789414570.0,0.013076782424991655,0.004480537664519613,1.5928063943161652,37.324,39.19383333333334,0.0,0.0,0.7383216628168525,-0.10280140070035015,0.0,0.0,1.6253463217251531,41.26,34.54,0.0,0.0,1.0841745173475024,37.324,1.6334993112947436,-0.8901136290333246,1.0,0.004480537664519613,0.8142372437695715,37.324,1.6334993112947436,40.59099862258949,34.05700137741051,0.0,0.0,1.0202054289541187
2025-12-01,36.94,37.18,36.46,37.06,48395869.0,1784103507.0,1789414570.0,0.027045643760461837,0.0331753554502372,1.6456483126110146,37.2065,39.147666666666666,0.0,0.0,0.7383216628168525,-0.05962953565084994,0.0,0.0,1.6253463217251531,41.16,34.54,0.0,0.0,1.0841745173475024,37.2065,1.5583435031098225,-0.09401008167175043,1.0,0.0331753554502372,0.8412498537524485,37.2065,1.5583435031098225,40.32318700621964,34.089812993780356,0.0,0.0,1.0202054289541187
2025-12-02,36.96,36.96,36.36,36.42,27538492.0,1009123627.0,1789414570.0,0.01538966568267073,-0.017269293038316258,1.6172291296625243,37.0385,39.07000000000001,0.0,-0.0,0.7383216628168525,-0.08446455505279038,0.0,-0.0,1.6253463217251531,41.16,34.54,0.0,-0.0,1.0841745173475024,37.0385,1.4431590895999966,-0.42857367871440166,1.0,-0.017269293038316258,0.8267220635095568,37.0385,1.4431590895999966,39.924818179199995,34.1521818208,0.0,-0.0,1.0202054289541187
2025-12-03,36.49,37.74,36.42,36.57,35654280.0,1317048542.0,1789414570.0,0.01992510880248393,0.004118616144975329,1.6238898756660767,36.925,39.03033333333334,0.0,0.0,0.7383216628168525,-0.058444902162718915,0.0,0.0,1.6253463217251531,39.66,34.54,0.0,0.0,1.0841745173475024,36.925,1.3819875085124849,-0.2568764173433843,1.0,0.004118616144975329,0.8301270143477346,36.925,1.3819875085124849,39.688975017024966,34.16102498297503,0.0,0.0,1.0202054289541187
2025-12-04,36.44,36.95,35.97,36.95,28584518.0,1043606559.0,1789414570.0,0.015974228934550364,0.01039103089964466,1.640763765541743,36.79,39.00816666666667,0.0,0.0,0.7383216628168525,-0.06809583858764179,0.0,0.0,1.6253463217251531,39.66,34.54,0.0,0.0,1.0841745173475024,36.79,1.224710492105787,0.13064312017519922,1.0,0.01039103089964466,0.8387528898044517,36.79,1.224710492105787,39.23942098421157,34.34057901578843,0.0,0.0,1.0202054289541187
2025-12-05,36.95,36.95,36.18,36.7,28128675.0,1029369731.0,1789414570.0,0.015719484725107608,-0.006765899864682012,1.629662522202489,36.681,39.01683333333333,0.0,-0.0,0.7383216628168525,-0.05606995884773658,0.0,-0.0,1.6253463217251531,39.65,34.54,0.0,-0.0,1.0841745173475024,36.681,1.1215773666912068,0.016940427441093812,0.0,-0.0006,0.8382496380705691,36.681,1.1215773666912068,38.92415473338241,34.437845266617586,0.0,-0.0,1.0202054289541187
2025-12-08,36.69,37.43,36.57,37.24,38282025.0,1421326447.0,1789414570.0,0.02139360304862165,0.014713896457765552,1.6536412078152773,36.5855,39.019,0.0,0.0,0.7383216628168525,-0.048786717752234865,0.0,0.0,1.6253463217251531,39.65,34.54,0.0,0.0,1.0841745173475024,36.5855,0.9715666946255137,0.6736542160415174,0.0,0.0,0.8382496380705691,36.5855,0.9715666946255137,38.52863338925103,34.64236661074898,0.0,0.0,1.0202054289541187
2025-12-09,37.08,37.35,36.76,36.86,29713283.0,1102144996.0,1789414570.0,0.016605030213876038,-0.010204081632653184,1.636767317939611,36.5045,39.007333333333335,0.0,-0.0,0.7383216628168525,-0.04209979209979209,0.0,-0.0,1.6253463217251531,39.65,35.22,0.0,-0.0,1.0841745173475024,36.5045,0.8672368401090764,0.40992262270049135,0.0,-0.0,0.8382496380705691,36.5045,0.8672368401090764,38.23897368021815,34.77002631978185,0.0,-0.0,1.0202054289541187
2025-12-10,36.66,37.26,36.41,37.15,30528865.0,1129250136.0,1789414570.0,0.01706081168211344,0.007867607162235446,1.6496447602131454,36.4795,39.0175,0.0,0.0,0.7383216628168525,-0.013280212483399723,0.0,0.0,1.6253463217251531,38.38,35.22,0.0,0.0,1.0841745173475024,36.4795,0.8392319483659814,0.7989447986405757,0.0,0.0,0.8382496380705691,36.4795,0.8392319483659814,38.157963896731964,34.80103610326804,0.0,0.0,1.0202054289541187
2025-12-11,37.12,37.13,36.33,36.37,26025243.0,956493237.0,1789414570.0,0.014543998599497265,-0.020995962314939498,1.6150088809946728,36.388,39.014833333333335,0.0,-0.0,0.7383216628168525,-0.047905759162303774,0.0,-0.0,1.6253463217251531,38.38,35.39,0.0,-0.0,1.0841745173475024,36.388,0.735073215114793,-0.024487356673973906,0.0,-0.0,0.8382496380705691,36.388,0.735073215114793,37.85814643022958,34.917853569770415,0.0,-0.0,1.0202054289541187
2025-12-12,36.38,36.91,35.94,36.78,33601146.0,1228852280.0,1789414570.0,0.018777731311308145,0.011273027220236598,1.6332149200710495,36.3765,38.99483333333333,0.0,0.0,0.7383216628168525,-0.00621453661172644,0.0,0.0,1.6253463217251531,37.77,35.39,0.0,0.0,1.0841745173475024,36.3765,0.7265801292430007,0.5553413639599449,0.0,0.0,0.8382496380705691,36.3765,0.7265801292430007,37.829660258486,34.923339741514,0.0,0.0,1.0202054289541187
2025-12-15,36.44,36.53,35.97,36.0,25048397.0,908577094.0,1789414570.0,0.01399809603651545,-0.021207177814029365,1.598579040852577,36.3245,38.964666666666666,0.0,-0.0,0.7383216628168525,-0.028077753779697567,0.0,-0.0,1.6253463217251531,37.74,35.94,0.0,-0.0,1.0841745173475024,36.3245,0.7136966405533118,-0.45467497191583167,0.0,-0.0,0.8382496380705691,36.3245,0.7136966405533118,37.751893281106625,34.897106718893376,0.0,-0.0,1.0202054289541187
2025-12-16,35.96,36.11,35.06,35.34,27127806.0,961806334.0,1789414570.0,0.01516015710098974,-0.0183333333333332,1.5692717584369467,36.235,38.9245,0.0,-0.0,0.7383216628168525,-0.04820899542149204,0.0,-0.0,1.6253463217251531,37.74,35.94,0.0,-0.0,1.0841745173475024,36.235,0.7195795556033612,-1.2437818626594337,0.0,-0.0,0.8382496380705691,36.235,0.7195795556033612,37.67415911120672,34.79584088879328,0.0,-0.0,1.0202054289541187
2025-12-17,35.26,36.01,35.09,35.89,27849810.0,991389545.0,1789414570.0,0.015563643253446852,0.015563101301641069,1.5936944937833053,36.202,38.87883333333333,0.0,0.0,0.7383216628168525,-0.018057455540355538,0.0,0.0,1.6253463217251531,37.74,35.06,0.0,0.0,1.0841745173475024,36.202,0.7195071412543518,-0.43363016447074154,0.0,0.0,0.8382496380705691,36.202,0.7195071412543518,37.6410142825087,34.7629857174913,0.0,0.0,1.0202054289541187
2025-12-18,35.56,36.11,35.53,35.63,22518805.0,807786685.0,1789414570.0,0.01258445380826423,-0.007244357759821574,1.5821492007104814,36.179500000000004,38.827666666666666,0.0,-0.0,0.7383216628168525,-0.012472283813747098,0.0,-0.0,1.6253463217251531,37.74,35.06,0.0,-0.0,1.0841745173475024,36.179500000000004,0.7304755120361169,-0.7522497208268262,0.0,-0.0,0.8382496380705691,36.179500000000004,0.7304755120361169,37.64045102407224,34.71854897592777,0.0,-0.0,1.0202054289541187
2025-12-19,35.93,36.31,35.7,35.72,24064359.0,865662234.0,1789414570.0,0.013448174281938478,0.002525961268593724,1.5861456483126126,36.225,38.772,0.0,0.0,0.7383216628168525,0.026141913243320714,0.0,0.0,1.6253463217251531,37.74,35.06,0.0,0.0,1.0841745173475024,36.225,0.6661950085927605,-0.7580363009124629,0.0,0.0,0.8382496380705691,36.225,0.6661950085927605,37.557390017185526,34.89260998281448,0.0,0.0,1.0202054289541187
2025-12-22,36.01,36.85,35.99,36.75,41516939.0,1519928286.0,1789414570.0,0.02320140882724566,0.02883538633818583,1.631882770870339,36.312,38.74016666666667,0.0,0.0,0.7383216628168525,0.049700085689802886,1.0,0.02823538633818583,1.6712386030524122,37.74,35.06,0.0,0.0,1.0841745173475024,36.312,0.6104579816569352,0.7174940997759767,0.0,0.0,0.8382496380705691,36.312,0.6104579816569352,37.53291596331387,35.09108403668613,0.0,0.0,1.0202054289541187
2025-12-23,36.76,36.95,36.43,36.59,28296372.0,1039494738.0,1789414570.0,0.015813200850376446,-0.004353741496598507,1.6247779751332165,36.368,38.69016666666666,0.0,-0.0,0.7383216628168525,0.03157597970115611,1.0,-0.004353741496598507,1.6639624621955855,37.74,35.06,0.0,-0.0,1.0841745173475024,36.368,0.5797513078446792,0.3829228101706623,0.0,-0.0,0.8382496380705691,36.368,0.5797513078446792,37.52750261568936,35.20849738431065,0.0,-0.0,1.0202054289541187
2025-12-24,36.8,37.16,36.66,37.08,32623248.0,1207065016.0,1789414570.0,0.0182312408465524,0.013391637059305683,1.6465364120781543,36.434,38.656,0.0,0.0,0.7383216628168525,0.03691275167785246,1.0,0.013391637059305683,1.6862456435696174,37.74,35.06,0.0,0.0,1.0841745173475024,36.434,0.582023692771718,1.1099204517321526,0.0,0.0,0.8382496380705691,36.434,0.582023692771718,37.59804738554343,35.269952614456564,0.0,0.0,1.0202054289541187
2025-12-25,37.12,37.36,36.9,37.09,27905801.0,1037102395.0,1789414570.0,0.015594933375332918,0.00026968716289110795,1.6469804618117245,36.503,38.58866666666667,0.0,0.0,0.7383216628168525,0.038644637356482825,1.0,0.00026968716289110795,1.686700402373169,37.74,35.06,0.0,0.0,1.0841745173475024,36.503,0.5734117653413208,1.0236971675155535,0.0,0.0,0.8382496380705691,36.503,0.5734117653413208,37.64982353068264,35.35617646931736,0.0,0.0,1.0202054289541187
2025-12-26,36.92,37.22,36.62,36.76,30489723.0,1126125501.0,1789414570.0,0.0170389374889241,-0.008897276894041628,1.632326820603909,36.5475,38.489,0.0,-0.0,0.7383216628168525,0.024811820462782297,1.0,-0.008897276894041628,1.6716933618559635,37.74,35.06,0.0,-0.0,1.0841745173475024,36.5475,0.555971174944079,0.3822140599669981,0.0,-0.0,0.8382496380705691,36.5475,0.555971174944079,37.65944234988816,35.43555765011184,0.0,-0.0,1.0202054289541187
2025-12-29,36.77,37.07,36.51,36.58,28355191.0,1043647681.0,1789414570.0,0.01584607137741144,-0.004896626768226331,1.624333925399646,36.5235,38.41066666666667,0.0,-0.0,0.7383216628168525,-0.012951969778737249,1.0,-0.004896626768226331,1.6635077033920334,37.74,35.06,0.0,-0.0,1.0841745173475024,36.5235,0.5428896854118616,0.10407270854139773,0.0,-0.0,0.8382496380705691,36.5235,0.5428896854118616,37.60927937082372,35.437720629176276,0.0,-0.0,1.0202054289541187
2025-12-30,36.49,37.2,36.47,37.06,33480259.0,1240081330.0,1789414570.0,0.01871017457961125,0.013121924548934016,1.645648312611014,36.5555,38.347500000000004,0.0,0.0,0.7383216628168525,0.0175727622185613,0.0,-0.0006,1.662509598769998,37.74,35.06,0.0,0.0,1.0841745173475024,36.5555,0.5551905789435271,0.9086969756583657,0.0,0.0,0.8382496380705691,36.5555,0.5551905789435271,37.66588115788706,35.44511884211295,0.0,0.0,1.0202054289541187
2025-12-31,37.22,37.31,36.66,36.74,28095490.0,1036329986.0,1789414570.0,0.01570093955365525,-0.008634646519158129,1.631438721136769,36.564,38.22583333333333,0.0,-0.0,0.7383216628168525,0.004648619086683015,1.0,-0.009234646519158129,1.6471569102906496,37.74,35.09,0.0,-0.0,1.0841745173475024,36.564,0.5567234974669749,0.31613539001098534,0.0,-0.0,0.8382496380705691,36.564,0.5567234974669749,37.67744699493395,35.45055300506605,0.0,-0.0,1.0202054289541187
2026-01-05,37.16,38.56,37.16,38.32,79525985.0,3038786138.0,1789414570.0,0.044442459748162216,0.04300489929232443,1.7015985790408543,36.63250000000001,38.082,0.0,0.0,0.7383216628168525,0.03707713125845724,1.0,0.04300489929232443,1.7179927273363553,37.43,35.53,0.0,0.0,1.0841745173475024,36.63250000000001,0.6778283822545114,2.489568221364873,0.0,0.0,0.8382496380705691,36.63250000000001,0.6778283822545114,37.98815676450903,35.276843235490986,0.0,0.0,1.0202054289541187
2026-01-06,38.56,38.65,38.02,38.4,58452059.0,2243132117.0,1789414570.0,0.032665464996185875,0.0020876826722338038,1.7051509769094155,36.7175,37.99333333333334,0.0,0.0,0.7383216628168525,0.04632152588555849,1.0,0.0020876826722338038,1.7215793509842392,38.56,35.7,1.0,0.001487682672233804,1.0857874249906379,36.7175,0.7848759539941359,2.143650842452192,0.0,0.0,0.8382496380705691,36.7175,0.7848759539941359,38.28725190798827,35.14774809201173,0.0,0.0,1.0202054289541187
2026-01-07,39.02,39.55,38.46,39.04,97859100.0,3822377234.0,1789414570.0,0.054687774225511084,0.016666666666666607,1.7335701598579056,36.8075,37.918,0.0,0.0,0.7383216628168525,0.048335123523093326,1.0,0.016666666666666607,1.7502723401673097,38.65,35.99,1.0,0.016666666666666607,1.103883882073815,36.8075,0.9364989392189514,2.3838788347821587,0.0,0.0,0.8382496380705691,36.8075,0.9364989392189514,38.6804978784379,34.9345021215621,0.0,0.0,1.0202054289541187
2026-01-08,38.76,39.56,38.64,38.94,64056495.0,2512526433.0,1789414570.0,0.035797459165653266,-0.0025614754098360892,1.729129662522204,36.911500000000004,37.88783333333333,0.0,-0.0,0.7383216628168525,0.05642973412913732,1.0,-0.0025614754098360892,1.7457890606074549,39.55,36.43,1.0,-0.0025614754098360892,1.1010563106545685,36.911500000000004,1.0511160735144074,1.9298534682451414,0.0,-0.0,0.8382496380705691,36.911500000000004,1.0511160735144074,39.01373214702882,34.80926785297119,0.0,-0.0,1.0202054289541187
2026-01-09,39.21,41.44,39.21,41.13,134851185.0,5514654632.0,1789414570.0,0.0753605046369998,0.05624036979969205,1.8263765541740693,37.1105,37.875499999999995,0.0,0.0,0.7383216628168525,0.10713324360699872,1.0,0.05624036979969205,1.843972882968275,39.56,36.47,1.0,0.05624036979969205,1.162980124736066,37.1105,1.4130760585930267,2.844503645474074,0.0,0.0,0.8382496380705691,37.1105,1.4130760585930267,39.93665211718606,34.28434788281395,0.0,0.0,1.0202054289541187
2026-01-12,41.93,45.23,41.93,43.63,167549851.0,7357955587.0,1789414570.0,0.0936338922287863,0.06078288353999506,1.9373889875666093,37.4735,37.908166666666666,0.0,0.0,0.7383216628168525,0.19961506736321155,1.0,0.06078288353999506,1.9560548719646447,41.44,36.47,1.0,0.06078288353999506,1.2336694102172272,37.4735,2.016498463334903,3.0530645631231117,0.0,0.0,0.8382496380705691,37.4735,2.016498463334903,41.506496926669804,33.4405030733302,0.0,0.0,1.0202054289541187
2026-01-13,43.45,43.75,41.93,42.15,101869675.0,4363252495.0,1789414570.0,0.05692905194127262,-0.03392161356864554,1.8716696269982254,37.742000000000004,37.952999999999996,0.0,-0.0,0.7383216628168525,0.14600326264274055,1.0,-0.03392161356864554,1.8897023344787935,45.23,36.47,1.0,-0.03392161356864554,1.1918213532123796,37.742000000000004,2.261879981924786,1.9488213500386216,0.0,-0.0,0.8382496380705691,37.742000000000004,2.261879981924786,42.265759963849575,33.21824003615043,0.0,-0.0,1.0202054289541187
2026-01-14,42.15,43.26,41.48,41.93,86562008.0,3668781163.0,1789414570.0,0.048374484846180725,-0.005219454329774553,1.861900532859682,38.0385,37.992666666666665,0.0,-0.0,0.7383216628168525,0.16472222222222221,1.0,-0.005219454329774553,1.8798391194471131,45.23,36.47,1.0,-0.005219454329774553,1.1856006960900374,38.0385,2.4056124616799806,1.61767535793456,0.0,-0.0,0.8382496380705691,38.0385,2.4056124616799806,42.84972492335996,33.22727507664004,0.0,-0.0,1.0202054289541187
2026-01-15,41.66,44.11,41.42,43.94,125270549.0,5392901852.0,1789414570.0,0.07000644294519184,0.04793703792034343,1.9511545293072843,38.4685,38.050666666666665,1.0,0.047337037920343425,0.7732716233670249,0.2433503112620259,1.0,0.04793703792034343,1.9699530386001944,45.23,36.47,1.0,0.04793703792034343,1.242434881616891,38.4685,2.6536990568282492,2.061838921003966,0.0,0.0,0.8382496380705691,38.4685,2.6536990568282492,43.775898113656496,33.1611018863435,0.0,0.0,1.0202054289541187
2026-01-16,44.95,48.34,44.75,48.34,197080479.0,9286881238.0,1789414570.0,0.1101368471589007,0.10013654984069209,2.1465364120781554,39.091,38.191500000000005,1.0,0.10013654984069209,0.8507043758207099,0.34689328503761496,1.0,0.10013654984069209,2.1672173392338054,45.23,36.66,1.0,0.10013654984069209,1.3668480240637353,39.091,3.378320822383228,2.73775064189295,0.0,0.0,0.8382496380705691,39.091,3.378320822383228,45.847641644766455,32.33435835523355,0.0,0.0,1.0202054289541187
2026-01-19,49.11,50.7,47.91,48.78,239101352.0,11749034774.0,1789414570.0,0.1336198754657508,0.009102192800992892,2.1660746003552425,39.7485,38.34133333333333,1.0,0.009102192800992892,0.8584476510660783,0.3690710075778838,1.0,0.009102192800992892,2.1869437692971663,48.34,37.16,1.0,0.009102192800992892,1.3792893383084195,39.7485,3.9074830706439747,2.311334390122274,0.0,0.0,0.8382496380705691,39.7485,3.9074830706439747,47.56346614128795,31.93353385871205,0.0,0.0,1.0202054289541187
2026-01-20,48.78,50.22,48.35,49.44,178916455.0,8842379886.0,1789414570.0,0.09998602783255531,0.013530135301353052,2.195381882770873,40.4345,38.4835,1.0,0.013530135301353052,0.8700625639341311,0.3840985442329228,1.0,0.013530135301353052,2.216533414392208,50.7,38.02,1.0,0.013530135301353052,1.3979513096754461,40.4345,4.343079764649301,2.0735285760350717,0.0,0.0,0.8382496380705691,40.4345,4.343079764649301,49.1206595292986,31.7483404707014,0.0,0.0,1.0202054289541187
2026-01-21,48.96,53.51,48.53,52.55,231403760.0,11973641605.0,1789414570.0,0.12931813783096668,0.06290453074433655,2.333481349911193,41.2245,38.65866666666667,1.0,0.06290453074433655,0.9247934412366219,0.42993197278911555,1.0,0.06290453074433655,2.3559634087036923,50.7,38.46,1.0,0.06290453074433655,1.4858887808140107,41.2245,5.021597014790063,2.2553581991233282,0.0,0.0,0.8382496380705691,41.2245,5.021597014790063,51.26769402958013,31.18130597041987,0.0,0.0,1.0202054289541187
2026-01-22,54.53,54.57,48.86,49.35,251036977.0,12607133409.0,1789414570.0,0.14029000389775523,-0.06089438629876298,2.191385435168742,41.8625,38.783833333333334,1.0,-0.06089438629876298,0.8684787121793967,0.34872916097294326,1.0,-0.06089438629876298,2.2124984627883393,53.51,38.64,1.0,-0.06089438629876298,1.3954064953981242,41.8625,5.208881964086985,1.4374485833280763,0.0,-0.0,0.8382496380705691,41.8625,5.208881964086985,52.280263928173966,31.44473607182603,0.0,-0.0,1.0202054289541187
2026-01-23,49.35,50.29,48.4,48.97,165477934.0,8143964115.0,1789414570.0,0.09247601800850432,-0.007700101317122621,2.174511545293076,42.457,38.90416666666667,1.0,-0.007700101317122621,0.8617913381038511,0.3206580366774541,1.0,-0.007700101317122621,2.195462000460891,54.57,39.21,1.0,-0.007700101317122621,1.3846617240049877,42.457,5.31181513232542,1.226134539277296,0.0,-0.0,0.8382496380705691,42.457,5.31181513232542,53.08063026465084,31.83336973534916,0.0,-0.0,1.0202054289541187
2026-01-26,48.78,49.27,47.0,47.26,125961710.0,6011665036.0,1789414570.0,0.07039269273413819,-0.03491933837043093,2.098579040852578,42.9655,38.99933333333333,1.0,-0.03491933837043093,0.8316981547638963,0.27419789700727937,1.0,-0.03491933837043093,2.1187979199873737,54.57,41.42,1.0,-0.03491933837043093,1.3363102527358732,42.9655,5.257500381660405,0.8168330362809647,0.0,-0.0,0.8382496380705691,42.9655,5.257500381660405,53.480500763320805,32.45049923667919,0.0,-0.0,1.0202054289541187
2026-01-27,47.13,48.61,46.1,48.15,129552119.0,6158076884.0,1789414570.0,0.07239916404614946,0.018831993228946242,2.1380994671403224,43.535000000000004,39.1355,1.0,0.018831993228946242,0.8473606887829371,0.309847660500544,1.0,0.018831993228946242,2.1586991080700813,54.57,41.42,1.0,0.018831993228946242,1.3614756383671667,43.535000000000004,5.166028200505933,0.8933361996645753,0.0,0.0,0.8382496380705691,43.535000000000004,5.166028200505933,53.867056401011865,33.20294359898814,0.0,0.0,1.0202054289541187
2026-01-28,49.21,51.34,49.14,50.0,151152671.0,7597088075.0,1789414570.0,0.08447045952017704,0.03842159916926269,2.220248667850802,44.206,39.312000000000005,1.0,0.03842159916926269,0.8799176415191455,0.3668671405139421,1.0,0.03842159916926269,2.241639779927395,54.57,41.42,1.0,0.03842159916926269,1.413785709623226,44.206,5.08604116546885,1.1391964420850071,0.0,0.0,0.8382496380705691,44.206,5.08604116546885,54.3780823309377,34.033917669062305,0.0,0.0,1.0202054289541187
2026-01-29,49.35,50.94,48.75,48.93,90323132.0,4469149402.0,1789414570.0,0.05047635886858795,-0.021399999999999975,2.172735346358795,44.7995,39.4645,1.0,-0.021399999999999975,0.8610874039906359,0.3202914193200215,1.0,-0.021399999999999975,2.1936686886369485,54.57,41.42,1.0,-0.021399999999999975,1.383530695437289,44.7995,4.897338133055082,0.8434173601615882,0.0,-0.0,0.8382496380705691,44.7995,4.897338133055082,54.59417626611017,35.004823733889836,0.0,-0.0,1.0202054289541187
2026-01-30,48.9,50.09,47.85,49.43,92342017.0,4542014269.0,1789414570.0,0.051604596580433565,0.010218679746576642,2.1949378330373026,45.434,39.64099999999999,1.0,0.010218679746576642,0.8698865804058272,0.34540010887316264,1.0,0.010218679746576642,2.2160850864362223,54.57,44.75,1.0,0.010218679746576642,1.397668552533521,45.434,4.6119334910986804,0.8664478808535577,0.0,0.0,0.8382496380705691,45.434,4.6119334910986804,54.65786698219736,36.21013301780263,0.0,0.0,1.0202054289541187
2026-02-02,48.39,48.7,46.16,46.29,95664825.0,4515763531.0,1789414570.0,0.05346152121696427,-0.06352417560186119,2.0555062166962723,45.832499999999996,39.75166666666667,1.0,-0.06352417560186119,0.8146277525184249,0.20798538622129437,1.0,-0.06352417560186119,2.0753101082567817,54.57,46.1,1.0,-0.06352417560186119,1.3088828099691825,45.832499999999996,4.298569988655571,0.1064307435280568,0.0,-0.0,0.8382496380705691,45.832499999999996,4.298569988655571,54.42963997731114,37.23536002268885,0.0,-0.0,1.0202054289541187
2026-02-03,47.4,47.77,46.79,47.64,64265594.0,3042598536.0,1789414570.0,0.03591431246700981,0.029163966299416755,2.115452930728244,46.2945,39.897666666666666,1.0,0.029163966299416755,0.8383855288394418,0.2406250000000001,1.0,0.029163966299416755,2.1358343823148216,54.57,46.1,1.0,0.029163966299416755,1.3470550241290096,46.2945,3.939225778861137,0.341564580334615,0.0,0.0,0.8382496380705691,46.2945,3.939225778861137,54.17295155772227,38.41604844227773,0.0,0.0,1.0202054289541187
2026-02-04,46.94,47.08,45.35,45.82,69844609.0,3218140234.0,1789414570.0,0.03903210031423853,-0.03820319059613775,2.0346358792184747,46.6335,40.00883333333333,1.0,-0.03820319059613775,0.806356526688145,0.17366803278688536,1.0,-0.03820319059613775,2.0542386943254645,54.57,46.1,1.0,-0.03820319059613775,1.295593224298724,46.6335,3.555066473581195,-0.22882835132489623,0.0,-0.0,0.8382496380705691,46.6335,3.555066473581195,53.74363294716239,39.52336705283761,0.0,-0.0,1.0202054289541187
2026-02-05,44.83,45.04,43.82,44.61,64707601.0,2871804624.0,1789414570.0,0.036161324538673004,-0.02640768223483192,1.9809058614564854,46.916999999999994,40.111,1.0,-0.02640768223483192,0.7850625197633817,0.1456086286594762,1.0,-0.02640768223483192,1.9999910116512216,54.57,45.35,0.0,-0.0006,1.2948158683641446,46.916999999999994,3.107110859743981,-0.7424904047968494,0.0,-0.0,0.8382496380705691,46.916999999999994,3.107110859743981,53.131221719487954,40.702778280512035,0.0,-0.0,1.0202054289541187
2026-02-06,43.94,44.63,43.45,44.01,48646811.0,2145297213.0,1789414570.0,0.027185880687223867,-0.01344989912575656,1.9542628774422757,47.06099999999999,40.217,1.0,-0.01344989912575656,0.774503508065152,0.07002188183807423,1.0,-0.01344989912575656,1.9730913342920928,54.57,43.82,0.0,-0.0,1.2948158683641446,47.06099999999999,2.8834845513539524,-1.0580947966471277,0.0,-0.0,0.8382496380705691,47.06099999999999,2.8834845513539524,52.8279691027079,41.29403089729209,0.0,-0.0,1.0202054289541187
2026-02-09,45.15,46.91,44.45,46.71,77345433.0,3552201435.0,1789414570.0,0.04322387572825005,0.06134969325153383,2.0741563055062193,47.214999999999996,40.35883333333334,1.0,0.06134969325153383,0.8220190607071859,0.0705936282374513,1.0,0.06134969325153383,2.0941398824081725,54.57,43.45,0.0,0.0,1.2948158683641446,47.214999999999996,2.770638345599703,-0.18226846560541934,0.0,0.0,0.8382496380705691,47.214999999999996,2.770638345599703,52.7562766911994,41.67372330880059,0.0,0.0,1.0202054289541187
2026-02-10,46.72,47.44,46.05,46.19,44473388.0,2071172715.0,1789414570.0,0.024853596671005087,-0.011132519803040086,2.051065719360571,47.417,40.511833333333335,1.0,-0.011132519803040086,0.8128679172353868,0.09584816132858842,1.0,-0.011132519803040086,2.0708268286969274,54.57,43.45,0.0,-0.0,1.2948158683641446,47.417,2.51764948858467,-0.4873593427374905,0.0,-0.0,0.8382496380705691,47.417,2.51764948858467,52.45229897716934,42.38170102283066,0.0,-0.0,1.0202054289541187
2026-02-11,45.81,46.81,45.75,46.14,33914795.0,1568992442.0,1789414570.0,0.018953011542763954,-0.001082485386447174,2.0488454706927204,47.627500000000005,40.6635,1.0,-0.001082485386447174,0.8119879995938677,0.1004054376341521,1.0,-0.001082485386447174,2.0685851889170004,54.57,43.45,0.0,-0.0,1.2948158683641446,47.627500000000005,2.1893278829242626,-0.6794322639389975,0.0,-0.0,0.8382496380705691,47.627500000000005,2.1893278829242626,52.00615576584853,43.24884423415148,0.0,-0.0,1.0202054289541187
2026-02-12,46.45,46.92,46.14,46.58,48274790.0,2250077974.0,1789414570.0,0.02697797973110278,0.009536194191590797,2.0683836589698075,47.759499999999996,40.821000000000005,1.0,0.009536194191590797,0.8197312748392361,0.06008192990441508,1.0,0.009536194191590797,2.088311618980361,54.57,43.45,0.0,0.0,1.2948158683641446,47.759499999999996,2.029014474281639,-0.581316700768038,0.0,0.0,0.8382496380705691,47.759499999999996,2.029014474281639,51.81752894856327,43.70147105143672,0.0,0.0,1.0202054289541187
2026-02-13,45.95,46.92,45.75,46.08,43143897.0,2005592207.0,1789414570.0,0.024110621274308724,-0.010734220695577501,2.0461811722912993,47.646499999999996,40.97983333333333,1.0,-0.010734220695577501,0.8109320984240447,-0.04675217211419125,1.0,-0.010734220695577501,2.0658952211810875,54.57,43.45,0.0,-0.0,1.2948158683641446,47.646499999999996,2.0577127695836297,-0.7612821493628448,0.0,-0.0,0.8382496380705691,47.646499999999996,2.0577127695836297,51.76192553916726,43.531074460832734,0.0,-0.0,1.0202054289541187
2026-02-24,46.85,47.37,46.0,46.69,55100734.0,2579475255.0,1789414570.0,0.030792603862614128,0.013237847222222321,2.0732682060390792,47.541999999999994,41.156666666666666,1.0,0.013237847222222321,0.8216670936505783,-0.04284542845428463,0.0,-0.0006,2.064655684048379,54.57,43.45,0.0,0.0,1.2948158683641446,47.541999999999994,2.050174832083233,-0.4155743142814111,0.0,0.0,0.8382496380705691,47.541999999999994,2.050174832083233,51.64234966416646,43.44165033583353,0.0,0.0,1.0202054289541187
2026-02-25,47.4,47.58,45.35,46.87,83846812.0,3906195440.0,1789414570.0,0.04685711930913807,0.0038552152495181513,2.081261101243342,47.4135,41.35766666666667,1.0,0.0038552152495181513,0.8248347971600473,-0.05198220064724923,0.0,0.0,2.064655684048379,54.57,43.45,0.0,0.0,1.2948158683641446,47.4135,2.004994487458524,-0.2710730644895325,0.0,0.0,0.8382496380705691,47.4135,2.004994487458524,51.42348897491705,43.40351102508295,0.0,0.0,1.0202054289541187
2026-02-26,46.85,49.93,46.55,48.67,100939758.0,4866860807.0,1789414570.0,0.056409375274059606,0.03840409643695342,2.1611900532859716,47.2195,41.58533333333333,1.0,0.03840409643695342,0.8565118322547366,-0.0738344433872502,0.0,0.0,2.064655684048379,54.57,43.45,0.0,0.0,1.2948158683641446,47.2195,1.635502417575997,0.8868834337461962,0.0,0.0,0.8382496380705691,47.2195,1.635502417575997,50.49050483515199,43.948495164848005,0.0,0.0,1.0202054289541187
2026-02-27,47.71,48.19,46.26,48.11,81754727.0,3875995663.0,1789414570.0,0.04568797436359311,-0.011506061228683029,2.1363232682060422,47.1575,41.79600000000001,1.0,-0.011506061228683029,0.8466567546697221,-0.025126646403242137,0.0,-0.0,2.064655684048379,54.57,43.45,0.0,-0.0,1.2948158683641446,47.1575,1.5727879202573518,0.6056124845135796,0.0,-0.0,0.8382496380705691,47.1575,1.5727879202573518,50.3030758405147,44.0119241594853,0.0,-0.0,1.0202054289541187
2026-03-02,46.73,47.63,46.65,46.72,63626436.0,2994724032.0,1789414570.0,0.035557124138091714,-0.028892122219912664,2.07460035523979,47.045,41.97866666666666,1.0,-0.028892122219912664,0.82219504423549,-0.04594649785583005,0.0,-0.0,2.064655684048379,51.34,43.45,0.0,-0.0,1.2948158683641446,47.045,1.5157541114303315,-0.21441472436008682,0.0,-0.0,0.8382496380705691,47.045,1.5157541114303315,50.07650822286067,44.013491777139336,0.0,-0.0,1.0202054289541187
2026-03-03,47.25,49.84,46.89,47.52,155758016.0,7512231166.0,1789414570.0,0.08704411968658554,0.017123287671233056,2.110124333925403,47.05800000000001,42.17549999999999,1.0,0.017123287671233056,0.8362737264997965,0.005501481168006972,0.0,0.0,2.064655684048379,51.34,44.45,0.0,0.0,1.2948158683641446,47.05800000000001,1.5188070110597567,0.304186112281397,0.0,0.0,0.8382496380705691,47.05800000000001,1.5188070110597567,50.09561402211952,44.020385977880494,0.0,0.0,1.0202054289541187
2026-03-04,45.86,49.4,45.86,47.81,99526481.0,4787131058.0,1789414570.0,0.055619576742353224,0.006102693602693554,2.123001776198938,47.041,42.3745,1.0,0.006102693602693554,0.8413772488206075,-0.0070612668743509355,1.0,0.005502693602693554,2.076016851672757,51.34,45.35,0.0,0.0,1.2948158683641446,47.041,1.507803910188958,0.5100132681733359,0.0,0.0,0.8382496380705691,47.041,1.507803910188958,50.05660782037791,44.02539217962208,0.0,0.0,1.0202054289541187
2026-03-05,49.25,50.27,48.17,48.65,114724045.0,5646963726.0,1789414570.0,0.064112613657773,0.017569546120058455,2.160301953818831,46.973499999999994,42.56766666666667,1.0,0.017569546120058455,0.856159865198129,-0.027000000000000024,0.0,-0.0006,2.074771241561753,51.34,45.35,0.0,0.0,1.2948158683641446,46.973499999999994,1.3943127905519945,1.2023844372368517,0.0,0.0,0.8382496380705691,46.973499999999994,1.3943127905519945,49.76212558110398,44.18487441889601,0.0,0.0,1.0202054289541187
2026-03-06,48.05,49.04,46.81,46.99,92025304.0,4373547863.0,1789414570.0,0.05142760405711908,-0.03412127440904411,2.0865896980461844,46.8765,42.743833333333335,1.0,-0.03412127440904411,0.8269465994996934,-0.03964847741671773,0.0,-0.0,2.074771241561753,50.94,45.35,0.0,-0.0,1.2948158683641446,46.8765,1.3163397217891863,0.08622394213382183,0.0,-0.0,0.8382496380705691,46.8765,1.3163397217891863,49.509179443578375,44.243820556421625,0.0,-0.0,1.0202054289541187
2026-03-09,45.58,45.58,42.65,44.95,107581854.0,4728604659.0,1789414570.0,0.06012125742331471,-0.04341349223238988,1.9960035523978716,46.6525,42.8835,1.0,-0.04341349223238988,0.7910459597257122,-0.09063321869310126,0.0,-0.0,2.074771241561753,50.27,45.35,0.0,-0.0,1.2948158683641446,46.6525,1.2377776137314536,-1.3754490153264094,0.0,-0.0,0.8382496380705691,46.6525,1.2377776137314536,49.12805522746291,44.1769447725371,0.0,-0.0,1.0202054289541187
2026-03-10,45.95,46.55,45.3,45.95,71321624.0,3275463114.0,1789414570.0,0.03985751831673082,0.022246941045606317,2.040408525754888,46.63549999999999,43.0335,1.0,0.022246941045606317,0.8086443125560953,-0.007344998919853074,0.0,0.0,2.074771241561753,50.27,42.65,0.0,0.0,1.2948158683641446,46.63549999999999,1.2453301189906452,-0.5504564529087246,0.0,0.0,0.8382496380705691,46.63549999999999,1.2453301189906452,49.12616023798128,44.144839762018705,0.0,0.0,1.0202054289541187
2026-03-11,46.41,48.21,46.28,46.76,91787914.0,4348980117.0,1789414570.0,0.05129494055701134,0.017627856365614702,2.076376554174071,46.591499999999996,43.20116666666667,1.0,0.017627856365614702,0.8228989783487054,-0.018471872376154552,0.0,0.0,2.074771241561753,50.27,42.65,0.0,0.0,1.2948158683641446,46.591499999999996,1.2233228045829174,0.13773960508931282,0.0,0.0,0.8382496380705691,46.591499999999996,1.2233228045829174,49.03814560916583,44.14485439083416,0.0,0.0,1.0202054289541187
2026-03-12,46.55,47.63,45.39,45.68,65357402.0,3022709735.0,1789414570.0,0.03652446062289523,-0.02309666381522668,2.0284191829484937,46.584500000000006,43.34183333333333,1.0,-0.02309666381522668,0.8038927572918918,-0.0030554343081623525,0.0,-0.0,2.074771241561753,50.27,42.65,0.0,-0.0,1.2948158683641446,46.584500000000006,1.2283599463906436,-0.7363476826623556,0.0,-0.0,0.8382496380705691,46.584500000000006,1.2283599463906436,49.04121989278129,44.12778010721872,0.0,-0.0,1.0202054289541187
2026-03-13,45.22,46.75,44.74,45.43,54306364.0,2487147609.0,1789414570.0,0.03034867655067769,-0.005472854640980684,2.0173179396092396,46.6255,43.48466666666666,1.0,-0.005472854640980684,0.7994931690842961,0.01838152880520072,0.0,-0.0,2.074771241561753,50.27,42.65,0.0,-0.0,1.2948158683641446,46.6255,1.171348637930246,-1.0206184233179558,0.0,-0.0,0.8382496380705691,46.6255,1.171348637930246,48.9681972758605,44.28280272413951,0.0,-0.0,1.0202054289541187
2026-03-16,45.26,46.41,44.1,45.7,70527085.0,3203099087.0,1789414570.0,0.039413496560497994,0.005943209333039823,2.0293072824156337,46.71,43.62716666666667,1.0,0.005943209333039823,0.8042447243484995,0.03840036355373799,1.0,0.005343209333039823,2.0858571786235887,50.27,42.65,0.0,0.0,1.2948158683641446,46.71,1.0244896033491653,-0.9858567590126838,0.0,0.0,0.8382496380705691,46.71,1.0244896033491653,48.75897920669833,44.661020793301674,0.0,0.0,1.0202054289541187
2026-03-17,45.98,45.99,43.64,43.7,62111435.0,2774511544.0,1789414570.0,0.03471047796375101,-0.043763676148796504,1.9404973357016015,46.5595,43.74933333333333,1.0,-0.043763676148796504,0.7690480186877336,-0.06444016270605857,1.0,-0.043763676148796504,1.9945724005656635,50.27,42.65,0.0,-0.0,1.2948158683641446,46.5595,1.225799309581509,-2.3327635915998663,0.0,-0.0,0.8382496380705691,46.5595,1.225799309581509,49.011098619163015,44.107901380836985,0.0,-0.0,1.0202054289541187
2026-03-18,44.2,46.12,43.88,45.72,79123287.0,3565691666.0,1789414570.0,0.04421741519630076,0.04622425629290605,2.030195381882774,46.535999999999994,43.89833333333333,1.0,0.04622425629290605,0.804596691405107,-0.010175362632604434,0.0,-0.0006,1.993375657125324,50.27,42.65,0.0,0.0,1.2948158683641446,46.535999999999994,1.237703306001196,-0.6592856268893306,1.0,0.04562425629290605,0.8764941543953365,46.535999999999994,1.237703306001196,49.01140661200239,44.0605933879976,1.0,0.04562425629290605,1.0667515429161356
2026-03-19,44.74,45.12,43.95,44.14,53194153.0,2367791367.0,1789414570.0,0.029727126341661563,-0.03455818022747148,1.9600355239786886,46.436,44.034,1.0,-0.03455818022747148,0.7767912939331021,-0.04334633723450365,0.0,-0.0,1.993375657125324,50.27,42.65,0.0,-0.0,1.2948158683641446,46.436,1.3473224909942334,-1.7041205912815318,1.0,-0.03455818022747148,0.8462041114394172,46.436,1.3473224909942334,49.13064498198847,43.74135501801153,1.0,-0.03455818022747148,1.0298865508381065
2026-03-20,44.61,44.7,41.95,41.98,77282375.0,3317503374.0,1789414570.0,0.04318863627001763,-0.04893520616221125,1.8641207815275338,46.206,44.144666666666666,1.0,-0.04893520616221125,0.7387788518194749,-0.0987548303993131,0.0,-0.0,1.993375657125324,50.27,42.65,0.0,-0.0,1.2948158683641446,46.206,1.6743809539496681,-2.523917863513299,1.0,-0.04893520616221125,0.8047949387908185,46.206,1.6743809539496681,49.55476190789934,42.857238092100665,1.0,-0.04893520616221125,0.9794888401491552
2026-03-23,40.44,41.13,38.63,39.04,75710390.0,3021893232.0,1789414570.0,0.042310145043694375,-0.07003334921391136,1.7335701598579067,45.854,44.19716666666667,1.0,-0.07003334921391136,0.6870396944981492,-0.1527777777777778,0.0,-0.0,1.993375657125324,50.27,41.95,0.0,-0.0,1.2948158683641446,45.854,2.3184055319396335,-2.939088915259465,1.0,-0.07003334921391136,0.7484324537968927,45.854,2.3184055319396335,50.49081106387926,41.217188936120735,1.0,-0.07003334921391136,0.9108919561558604
2026-03-24,39.86,39.93,38.35,39.41,46118069.0,1804238392.0,1789414570.0,0.025772713474664508,0.009477459016393297,1.7500000000000024,45.49,44.26016666666667,1.0,0.009477459016393297,0.6935510850453908,-0.15592203898050983,0.0,0.0,1.993375657125324,50.27,38.63,0.0,0.0,1.2948158683641446,45.49,2.7174039468817006,-2.2374295904651866,1.0,0.009477459016393297,0.7555256917042914,45.49,2.7174039468817006,50.9248078937634,40.0551921062366,1.0,0.009477459016393297,0.9195248973386899
2026-03-25,39.86,41.21,39.83,40.6,53328858.0,2170329915.0,1789414570.0,0.02980240515198219,0.030195381882770933,1.8028419182948516,45.176500000000004,44.3415,1.0,0.030195381882770933,0.7144931249135464,-0.13377426925538716,0.0,0.0,1.993375657125324,50.27,38.35,0.0,0.0,1.2948158683641446,45.176500000000004,2.9050179363522353,-1.5753775364797264,1.0,0.030195381882770933,0.7783390784875471,45.176500000000004,2.9050179363522353,50.98653587270447,39.36646412729554,1.0,0.030195381882770933,0.9472903027645474
2026-03-26,40.36,40.72,39.2,39.39,37774932.0,1507017755.0,1789414570.0,0.02111021818716945,-0.029802955665024666,1.7491119005328621,44.7125,44.3855,1.0,-0.029802955665024666,0.6931991179887831,-0.19067187178960343,0.0,-0.0,1.993375657125324,50.27,38.35,0.0,-0.0,1.2948158683641446,44.7125,3.054906105887919,-1.74227940745596,1.0,-0.029802955665024666,0.7551422734390266,44.7125,3.054906105887919,50.82231221177584,38.60268778822416,1.0,-0.029802955665024666,0.9190582518693478
2026-03-27,38.81,39.9,38.56,39.49,36794000.0,1445288091.0,1789414570.0,0.020562032195814747,0.002538715410002501,1.7535523978685637,44.2815,44.43383333333334,1.0,0.002538715410002501,0.6949589532718213,-0.17917272916233629,0.0,0.0,1.993375657125324,50.27,38.35,0.0,0.0,1.2948158683641446,44.2815,3.156720941937205,-1.5178725291629893,1.0,0.002538715410002501,0.7570593647653506,44.2815,3.156720941937205,50.59494188387441,37.96805811612559,1.0,0.002538715410002501,0.9213914792160585
2026-03-30,38.62,39.93,38.41,39.8,33889063.0,1330224805.0,1789414570.0,0.018938631420666256,0.007850088630032781,1.7673179396092384,43.935500000000005,44.479166666666664,0.0,-0.0006,0.6945419778998582,-0.1481164383561644,0.0,0.0,1.993375657125324,50.27,38.35,0.0,0.0,1.2948158683641446,43.935500000000005,3.2531449965260952,-1.271231378993603,1.0,0.007850088630032781,0.763002347876955,43.935500000000005,3.2531449965260952,50.4417899930522,37.42921000694781,1.0,0.007850088630032781,0.9286244839908615
2026-03-31,39.46,39.56,38.51,38.71,40400504.0,1576961626.0,1789414570.0,0.02257749806966197,-0.027386934673366725,1.7189165186500912,43.495,44.506166666666665,0.0,-0.0,0.6945419778998582,-0.18539562289562295,0.0,-0.0,1.993375657125324,50.27,38.35,0.0,-0.0,1.2948158683641446,43.495,3.3376047194297223,-1.433662881690071,1.0,-0.027386934673366725,0.7421060524200234,43.495,3.3376047194297223,50.170209438859445,36.81979056114055,1.0,-0.027386934673366725,0.9031923059117148
2026-04-01,39.84,39.85,39.2,39.45,36706954.0,1450867469.0,1789414570.0,0.020513387235915934,0.01911650736243864,1.751776198934283,43.077,44.551,0.0,0.0,0.6945419778998582,-0.17485881614724952,0.0,0.0,1.993375657125324,50.27,38.35,0.0,0.0,1.2948158683641446,43.077,3.29194247567595,-1.1017810993964123,1.0,0.01911650736243864,0.7562925282348211,43.077,3.29194247567595,49.660884951351896,36.4931150486481,1.0,0.01911650736243864,0.920458188277374
2026-04-02,39.49,39.49,38.24,38.44,32891527.0,1276608568.0,1789414570.0,0.018381166416902486,-0.025602027883396827,1.7069271758436966,42.566500000000005,44.581999999999994,0.0,-0.0,0.6945419778998582,-0.20986639260020556,0.0,-0.0,1.993375657125324,50.27,38.35,0.0,-0.0,1.2948158683641446,42.566500000000005,3.1716843856390895,-1.301043703681293,1.0,-0.025602027883396827,0.7369299058389485,42.566500000000005,3.1716843856390895,48.909868771278184,36.223131228721826,1.0,-0.025602027883396827,0.8968925920755958
2026-04-03,38.84,38.94,37.98,38.25,26170612.0,1005827844.0,1789414570.0,0.01462523690080382,-0.004942767950051996,1.6984902309058636,42.1295,44.601833333333325,0.0,-0.0,0.6945419778998582,-0.18599702064268997,0.0,-0.0,1.993375657125324,49.04,38.24,0.0,-0.0,1.2948158683641446,42.1295,3.131986884089196,-1.2386705767218391,1.0,-0.004942767950051996,0.7332874323189329,42.1295,3.131986884089196,48.393473768178396,35.865526231821605,1.0,-0.004942767950051996,0.8924594601168455
2026-04-07,38.66,39.02,38.5,38.78,27382119.0,1063155065.0,1789414570.0,0.015302277884101503,0.013856209150326926,1.7220248667850824,41.821,44.63583333333334,0.0,0.0,0.6945419778998582,-0.13726362625139044,0.0,0.0,1.993375657125324,48.21,37.98,0.0,0.0,1.2948158683641446,41.821,3.1433972570756823,-0.9674246527876192,1.0,0.013856209150326926,0.7434480163484503,41.821,3.1433972570756823,48.107794514151365,35.53420548584863,1.0,0.013856209150326926,0.9048255650544124
2026-04-08,40.01,41.93,39.99,41.93,71371225.0,2924657171.0,1789414570.0,0.03988523743829805,0.08122743682310474,1.861900532859683,41.620000000000005,44.696,0.0,0.0,0.6945419778998582,-0.0874863982589772,0.0,0.0,1.993375657125324,48.21,37.98,0.0,0.0,1.2948158683641446,41.620000000000005,2.9902754669800027,0.1036693787656548,1.0,0.08122743682310474,0.8038363931276565,41.620000000000005,2.9902754669800027,47.60055093396001,35.63944906604,1.0,0.08122743682310474,0.9783222264757997
2026-04-09,41.12,42.42,41.01,41.86,49753341.0,2083840381.0,1789414570.0,0.02780425611489237,-0.0016694490818029983,1.8587921847246918,41.375,44.75366666666666,0.0,-0.0,0.6945419778998582,-0.10479041916167664,0.0,-0.0,1.993375657125324,48.21,37.98,0.0,-0.0,1.2948158683641446,41.375,2.7369854719536972,0.17720225590156308,0.0,-0.0006,0.8033540912917799,41.375,2.7369854719536972,46.848970943907396,35.901029056092604,0.0,-0.0006,0.9777352331399142
2026-04-10,42.69,43.74,42.69,42.97,66766919.0,2885803177.0,1789414570.0,0.0373121579087176,0.02651696129956993,1.9080817051509795,41.2395,44.81916666666666,0.0,0.0,0.6945419778998582,-0.05932574430823123,0.0,0.0,1.993375657125324,47.63,37.98,0.0,0.0,1.2948158683641446,41.2395,2.5749245773320713,0.672058519785074,0.0,0.0,0.8033540912917799,41.2395,2.5749245773320713,46.389349154664146,36.08965084533585,0.0,0.0,0.9777352331399142
2026-04-13,42.45,43.45,42.45,42.8,44321080.0,1903992520.0,1789414570.0,0.02476848056512695,-0.003956248545496921,1.9005328596802866,41.108000000000004,44.8835,0.0,-0.0,0.6945419778998582,-0.0578912612810919,0.0,-0.0,1.993375657125324,46.75,37.98,0.0,-0.0,1.2948158683641446,41.108000000000004,2.4116332094336954,0.7015992288467913,0.0,-0.0,0.8033540912917799,41.108000000000004,2.4116332094336954,45.931266418867395,36.28473358113261,0.0,-0.0,0.9777352331399142
2026-04-14,43.55,45.03,43.25,44.29,82549995.0,3644259975.0,1789414570.0,0.04613240351563696,0.03481308411214967,1.9666962699822408,41.0375,44.936166666666665,0.0,0.0,0.6945419778998582,-0.030853391684901643,0.0,0.0,1.993375657125324,46.41,37.98,0.0,0.0,1.2948158683641446,41.0375,2.287756600506104,1.421698444353945,0.0,0.0,0.8033540912917799,41.0375,2.287756600506104,45.61301320101221,36.461986798987795,0.0,0.0,0.9777352331399142
2026-04-15,44.45,44.65,43.31,43.54,68066554.0,3000554903.0,1789414570.0,0.038038448518947734,-0.016933845111763324,1.933392539964479,41.0295,44.934666666666665,0.0,-0.0,0.6945419778998582,-0.0036613272311213363,0.0,-0.0,1.993375657125324,46.12,37.98,0.0,-0.0,1.2948158683641446,41.0295,2.278216003344741,1.1019587239814987,0.0,-0.0,0.8033540912917799,41.0295,2.278216003344741,45.58593200668948,36.473067993310515,0.0,-0.0,0.9777352331399142
2026-04-16,43.55,43.97,43.15,43.68,44243272.0,1930963725.0,1789414570.0,0.024724998187535714,0.003215434083601254,1.939609236234461,40.9275,44.960166666666666,0.0,0.0,0.6945419778998582,-0.044619422572178435,0.0,0.0,1.993375657125324,46.12,37.98,0.0,0.0,1.2948158683641446,40.9275,2.0955011333810676,1.313528280253836,0.0,0.0,0.8033540912917799,40.9275,2.0955011333810676,45.118502266762135,36.73649773323787,0.0,0.0,0.9777352331399142
2026-04-17,43.63,44.55,43.2,43.93,61394169.0,2700991703.0,1789414570.0,0.03430963960464455,0.005723443223443203,1.950710479573715,40.917,44.993500000000004,0.0,0.0,0.6945419778998582,-0.004757589487992764,0.0,0.0,1.993375657125324,45.12,37.98,0.0,0.0,1.2948158683641446,40.917,2.079018239964864,1.4492417344308237,0.0,0.0,0.8033540912917799,40.917,2.079018239964864,45.07503647992973,36.758963520070274,0.0,0.0,0.9777352331399142
2026-04-20,43.95,44.95,43.44,44.44,61180808.0,2719345386.0,1789414570.0,0.0341904045187248,0.01160937855679478,1.973357015985793,41.040000000000006,45.00183333333334,0.0,0.0,0.6945419778998582,0.05859933301572173,0.0,0.0,1.993375657125324,45.03,37.98,0.0,0.0,1.2948158683641446,41.040000000000006,2.2136300266165048,1.5359386885426527,0.0,0.0,0.8033540912917799,41.040000000000006,2.2136300266165048,45.46726005323302,36.61273994676699,0.0,0.0,0.9777352331399142
2026-04-21,44.45,44.55,43.08,43.98,46511624.0,2038879602.0,1789414570.0,0.025992648534207477,-0.01035103510351032,1.9529307282415656,41.28699999999999,44.92916666666667,0.0,-0.0,0.6945419778998582,0.12653688524590168,1.0,-0.01095103510351032,1.9715461303296615,45.03,38.5,0.0,-0.0,1.2948158683641446,41.28699999999999,2.2539604909443747,1.194785805172512,0.0,-0.0,0.8033540912917799,41.28699999999999,2.2539604909443747,45.794920981888744,36.77907901811124,0.0,-0.0,0.9777352331399142
2026-04-22,43.79,45.63,43.72,45.46,76861446.0,3444471386.0,1789414570.0,0.042953403469828684,0.03365165984538443,2.0186500888099497,41.5895,44.87383333333334,0.0,0.0,0.6945419778998582,0.15351433646282686,1.0,0.03365165984538443,2.037891930076999,45.03,39.99,0.0,0.0,1.2948158683641446,41.5895,2.3906296792182777,1.6190295107796164,0.0,0.0,0.8033540912917799,41.5895,2.3906296792182777,46.37075935843656,36.808240641563444,0.0,0.0,0.9777352331399142
2026-04-23,45.51,45.73,43.99,44.36,66315595.0,2974691696.0,1789414570.0,0.03705993910622959,-0.024197096348438252,1.969804618117232,41.777499999999996,44.78916666666667,0.0,-0.0,0.6945419778998582,0.09261083743842358,1.0,-0.024197096348438252,1.9885808626972212,45.63,41.01,1.0,-0.02479709634843825,1.2627081945228322,41.777499999999996,2.4556784355751415,1.0516442065816158,0.0,-0.0,0.8033540912917799,41.777499999999996,2.4556784355751415,46.68885687115028,36.866143128849714,0.0,-0.0,0.9777352331399142
2026-04-24,44.77,45.82,44.46,44.84,70028949.0,3159344706.0,1789414570.0,0.03913511724675406,0.010820559062218349,1.9911190053285999,42.05,44.660666666666664,0.0,0.0,0.6945419778998582,0.13835998984513842,1.0,0.010820559062218349,2.0100984193720337,45.73,42.45,1.0,0.010820559062218349,1.2763714031200137,42.05,2.479074530206226,1.1254199766910258,0.0,0.0,0.8033540912917799,42.05,2.479074530206226,47.00814906041245,37.091850939587545,0.0,0.0,0.9777352331399142
2026-04-27,45.95,46.9,45.5,46.27,102131277.0,4735395335.0,1789414570.0,0.05707524612365261,0.031891168599464725,2.0546181172291327,42.388999999999996,44.60933333333333,0.0,0.0,0.6945419778998582,0.17168903519878453,1.0,0.031891168599464725,2.074202806965745,45.82,42.45,1.0,0.031891168599464725,1.3170763787324495,42.388999999999996,2.572391678452152,1.5087127020778055,0.0,0.0,0.8033540912917799,42.388999999999996,2.572391678452152,47.5337833569043,37.24421664309569,0.0,0.0,0.9777352331399142
2026-04-28,46.05,46.44,44.71,45.05,80439998.0,3648812811.0,1789414570.0,0.044953248592359454,-0.02636697644261954,2.0004440497335727,42.6515,44.544000000000004,0.0,-0.0,0.6945419778998582,0.13190954773869357,1.0,-0.02636697644261954,2.019512350417264,46.9,43.08,1.0,-0.02636697644261954,1.2823490568812803,42.6515,2.562139884837509,0.9361315571386577,0.0,-0.0,0.8033540912917799,42.6515,2.562139884837509,47.77577976967502,37.52722023032498,0.0,-0.0,0.9777352331399142
2026-04-29,44.15,44.58,43.04,44.31,86287559.0,3795548157.0,1789414570.0,0.0482211112207497,-0.016426193118756816,1.967584369449381,42.9315,44.49483333333333,0.0,-0.0,0.6945419778998582,0.1446654611211573,1.0,-0.016426193118756816,1.9863394505435954,46.9,43.08,1.0,-0.016426193118756816,1.2612849436272928,42.9315,2.410217887071499,0.5719399923941852,0.0,-0.0,0.8033540912917799,42.9315,2.410217887071499,47.751935774143,38.111064225857,0.0,-0.0,0.9777352331399142
2026-04-30,44.6,45.81,44.06,45.51,101403022.0,4566035740.0,1789414570.0,0.056668266649913326,0.027081922816519777,2.0208703374778,43.234500000000004,44.45083333333333,0.0,0.0,0.6945419778998582,0.15361216730038008,1.0,0.027081922816519777,2.040133342230625,46.9,43.04,1.0,0.027081922816519777,1.2954429651202457,43.234500000000004,2.3290555461052533,0.9770054663596077,0.0,0.0,0.8033540912917799,43.234500000000004,2.3290555461052533,47.89261109221051,38.5763889077895,0.0,0.0,0.9777352331399142
2026-05-06,47.81,49.13,47.8,48.15,149998286.0,7269788006.0,1789414570.0,0.08382534070905659,0.05800922874093617,2.1380994671403224,43.72,44.419999999999995,0.0,0.0,0.6945419778998582,0.2526014568158168,1.0,0.05800922874093617,2.158479903942092,46.9,43.04,1.0,0.05800922874093617,1.3705906124047427,43.72,2.2887160270844356,1.9355830725943388,0.0,0.0,0.8033540912917799,43.72,2.2887160270844356,48.29743205416887,39.142567945831125,0.0,0.0,0.9777352331399142
2026-05-07,48.85,49.45,47.42,48.71,132166219.0,6397744066.0,1789414570.0,0.07386003289332779,0.011630321910695685,2.1629662522202513,44.243,44.416333333333334,0.0,0.0,0.6945419778998582,0.27346405228758175,1.0,0.011630321910695685,2.183583720062706,49.13,43.04,1.0,0.011630321910695685,1.3865310224347873,44.243,2.1647270400437035,2.063539613710288,0.0,0.0,0.8033540912917799,44.243,2.1647270400437035,48.57245408008741,39.91354591991259,0.0,0.0,0.9777352331399142
2026-05-08,47.95,51.53,47.05,50.69,168654906.0,8239048098.0,1789414570.0,0.09425144336451893,0.04064873742557995,2.250888099467143,44.838499999999996,44.437333333333335,0.0,0.0,0.6945419778998582,0.3071170706549766,1.0,0.04064873742557995,2.272343641346306,49.45,43.04,1.0,0.04064873742557995,1.44289175789816,44.838499999999996,2.220263794190044,2.635497644609675,0.0,0.0,0.8033540912917799,44.838499999999996,2.220263794190044,49.27902758838008,40.39797241161991,0.0,0.0,0.9777352331399142
2026-05-11,53.74,55.77,53.13,55.77,162994255.0,8971881203.0,1789414570.0,0.09108803389255962,0.10021700532649458,2.476465364120785,45.530499999999996,44.59533333333333,1.0,0.09961700532649458,0.7637301698117824,0.33007393274505126,1.0,0.10021700532649458,2.500071116154735,51.53,43.04,1.0,0.10021700532649458,1.587494048884995,45.530499999999996,3.204625727387419,3.195224925173334,0.0,0.0,0.8033540912917799,45.530499999999996,3.204625727387419,51.939751454774836,39.12124854522516,0.0,0.0,0.9777352331399142
2026-05-12,56.7,56.93,54.54,55.18,224398600.0,12497854056.0,1789414570.0,0.12540336027329876,-0.010579164425318366,2.4502664298401453,46.1965,44.721,1.0,-0.010579164425318366,0.7556505427687673,0.31820353559484005,1.0,-0.010579164425318366,2.4736224527419446,55.77,43.04,1.0,-0.010579164425318366,1.570699688317626,46.1965,3.7408981119795763,2.40142867597273,0.0,-0.0,0.8033540912917799,46.1965,3.7408981119795763,53.67829622395915,38.71470377604085,0.0,-0.0,0.9777352331399142
2026-05-13,53.45,57.91,53.14,57.43,218212309.0,12169573851.0,1789414570.0,0.12194620109749078,0.0407756433490396,2.550177619893432,46.9195,44.914500000000004,1.0,0.0407756433490396,0.7864626797972147,0.33651384686990937,1.0,0.0407756433490396,2.574485999655127,56.93,43.04,1.0,0.0407756433490396,1.6347459786169132,46.9195,4.4201613152274755,2.3778543927325186,0.0,0.0,0.8033540912917799,46.9195,4.4201613152274755,55.75982263045495,38.07917736954505,0.0,0.0,0.9777352331399142
2026-05-14,57.73,57.73,54.22,54.25,174451474.0,9730726350.0,1789414570.0,0.09749080896329128,-0.05537175692146956,2.408969804618121,47.492,45.07516666666667,1.0,-0.05537175692146956,0.7429148594636759,0.26752336448598135,1.0,-0.05537175692146956,2.4319321866844965,57.91,43.04,1.0,-0.05537175692146956,1.5442272216605877,47.492,4.596506224697861,1.4702471115318074,0.0,-0.0,0.8033540912917799,47.492,4.596506224697861,56.68501244939572,38.298987550604274,0.0,-0.0,0.9777352331399142
2026-05-15,55.11,59.66,54.57,57.99,251079832.0,14351403395.0,1789414570.0,0.14031395307125502,0.06894009216589869,2.575044404973361,48.177,45.308166666666665,1.0,0.06894009216589869,0.7941314783465173,0.30932490404154445,1.0,0.06894009216589869,2.599589815775741,57.91,43.04,1.0,0.06894009216589869,1.6506863886469583,48.177,5.088688280987023,1.9283947960940204,0.0,0.0,0.8033540912917799,48.177,5.088688280987023,58.35437656197405,37.99962343802595,0.0,0.0,0.9777352331399142
2026-05-18,57.41,61.89,56.95,58.27,240294280.0,14294155806.0,1789414570.0,0.1342865337237083,0.0048284186928782,2.587477797513326,48.9135,45.500833333333325,1.0,0.0048284186928782,0.7979658776211687,0.33830960036747837,1.0,0.0048284186928782,2.6121417238360487,59.66,43.04,1.0,0.0048284186928782,1.6586565936619808,48.9135,5.436322552492534,1.7211083245437824,0.0,0.0,0.8033540912917799,48.9135,5.436322552492534,59.78614510498507,38.04085489501493,0.0,0.0,0.9777352331399142
2026-05-19,56.85,60.93,56.02,60.74,231949700.0,13664043254.0,1789414570.0,0.12962323202722106,0.042388879354728015,2.6971580817051555,49.76649999999999,45.74333333333333,1.0,0.042388879354728015,0.831790756936842,0.3905677655677655,1.0,0.042388879354728015,2.722867484225186,61.89,44.06,1.0,0.042388879354728015,1.7289651879016426,49.76649999999999,5.8913087412062115,1.8626591275461228,0.0,0.0,0.8033540912917799,49.76649999999999,5.8913087412062115,61.54911748241241,37.983882517587574,0.0,0.0,0.9777352331399142
2026-05-20,59.71,66.82,59.7,66.15,285968244.0,18682988445.0,1789414570.0,0.1598110626762137,0.08906815936779733,2.937388987566613,50.877500000000005,46.07683333333333,1.0,0.08906815936779733,0.9058768286363534,0.5058046892783976,1.0,0.08906815936779733,2.9653882792475486,61.89,47.05,1.0,0.08906815936779733,1.8829609347990397,50.877500000000005,6.763332933430334,2.258132218289874,0.0,0.0,0.8033540912917799,50.877500000000005,6.763332933430334,64.40416586686067,37.35083413313934,0.0,0.0,0.9777352331399142
2026-05-21,66.81,71.2,65.6,66.77,312505756.0,21324471319.0,1789414570.0,0.17464133870330564,0.009372637944066398,2.9649200710479624,51.99399999999999,46.413333333333334,1.0,0.009372637944066398,0.9143672841730811,0.5024752475247525,1.0,0.009372637944066398,2.993181789952514,66.82,47.05,1.0,0.009372637944066398,1.9006092459037318,51.99399999999999,7.452691071722262,1.9826395402413184,0.0,0.0,0.8033540912917799,51.99399999999999,7.452691071722262,66.89938214344451,37.08861785655547,0.0,0.0,0.9777352331399142
2026-05-22,66.98,73.06,63.88,72.8,286927908.0,19820620387.0,1789414570.0,0.16034736321611598,0.09031001946982187,3.2326820603907693,53.435,46.858666666666664,1.0,0.09031001946982187,0.9969438114093202,0.6552978626648478,1.0,0.09031001946982187,3.263496095679842,71.2,47.05,1.0,0.09031001946982187,2.0722533039058213,53.435,8.529963595899513,2.2702324320949097,0.0,0.0,0.8033540912917799,53.435,8.529963595899513,70.49492719179904,36.375072808200976,0.0,0.0,0.9777352331399142
2026-05-25,73.92,80.08,70.92,80.08,275139063.0,21048787141.0,1789414570.0,0.15375926161146658,0.10000000000000009,3.5559502664298464,55.166,47.415166666666664,1.0,0.10000000000000009,1.0966381925502524,0.7615486141662999,1.0,0.10000000000000009,3.5898457052478263,73.06,53.13,1.0,0.10000000000000009,2.2794786342964035,55.166,10.179632606337162,2.4474360680256972,0.0,0.0,0.8033540912917799,55.166,10.179632606337162,75.52526521267433,34.806734787325674,0.0,0.0,0.9777352331399142
2026-05-26,82.91,88.09,81.06,88.09,339836664.0,28784651037.0,1789414570.0,0.18991499773023532,0.1000249750249751,3.911634103019545,57.352500000000006,48.10216666666667,1.0,0.1000249750249751,1.2063294003715253,0.9857980162308386,1.0,0.1000249750249751,3.9489199322587543,80.08,53.14,1.0,0.1000249750249751,2.5074834277618656,57.352500000000006,12.226971856902125,2.51390944215257,0.0,0.0,0.8033540912917799,57.352500000000006,12.226971856902125,81.80644371380426,32.898556286195756,0.0,0.0,0.9777352331399142
2026-05-27,86.41,94.8,83.41,86.07,351341166.0,31523590759.0,1789414570.0,0.19634419652680038,-0.02293109320013631,3.8219360568383722,59.414,48.725500000000004,1.0,-0.02293109320013631,1.1786669484615413,0.9194915254237286,1.0,-0.02293109320013631,3.8583668812522527,88.09,53.14,1.0,-0.02293109320013631,2.449984091582061,59.414,13.42349566206496,1.9857718638320365,0.0,-0.0,0.8033540912917799,59.414,13.42349566206496,86.26099132412992,32.567008675870085,0.0,-0.0,0.9777352331399142
2026-05-28,82.92,87.4,80.91,84.65,272264649.0,22950139180.0,1789414570.0,0.15215291837039194,-0.016498199140234537,3.75888099467141,61.333000000000006,49.3345,1.0,-0.016498199140234537,1.1592210664258102,0.8294791441538794,1.0,-0.016498199140234537,3.7947107760892673,94.8,54.22,1.0,-0.016498199140234537,2.4095637661487337,61.333000000000006,14.168263682945662,1.6457203593737932,0.0,-0.0,0.8033540912917799,61.333000000000006,14.168263682945662,89.66952736589133,32.996472634108684,0.0,-0.0,0.9777352331399142
2026-05-29,85.91,89.67,80.24,81.96,310358553.0,26508349088.0,1789414570.0,0.17344139150493226,-0.031777909037212226,3.639431616341036,63.1785,49.92183333333333,1.0,-0.031777909037212226,1.1223834448229106,0.8193118756936737,1.0,-0.031777909037212226,3.6741228022241734,94.8,54.57,1.0,-0.031777909037212226,2.332992867968697,63.1785,14.33852714854204,1.3098625685490801,0.0,-0.0,0.8033540912917799,63.1785,14.33852714854204,91.85555429708408,34.501445702915916,0.0,-0.0,0.9777352331399142
2026-06-01,80.01,83.42,74.92,75.57,295336496.0,23173514634.0,1789414570.0,0.16504643527072657,-0.07796486090775989,3.3556838365897033,64.7415,50.38933333333333,1.0,-0.07796486090775989,1.0348769756621201,0.7054840893703451,1.0,-0.07796486090775989,3.387670328990737,94.8,56.02,1.0,-0.07796486090775989,2.1511014035187217,64.7415,13.869587052252264,0.7807370153995727,0.0,-0.0,0.8033540912917799,64.7415,13.869587052252264,92.48067410450453,37.002325895495474,0.0,-0.0,0.9777352331399142
2026-06-02,76.78,77.46,72.57,75.27,253251201.0,19021217125.0,1789414570.0,0.1415274052451691,-0.003969829297340133,3.3423623445825985,66.2295,50.847,1.0,-0.003969829297340133,1.0307686907249938,0.6539222148978245,1.0,-0.003969829297340133,3.3742218560689796,94.8,56.02,1.0,-0.003969829297340133,2.1425618981454835,66.2295,13.281683657935746,0.6806742452865406,0.0,-0.0,0.8033540912917799,66.2295,13.281683657935746,92.79286731587149,39.66613268412851,0.0,-0.0,0.9777352331399142
2026-06-03,76.15,82.8,76.15,80.04,325350062.0,26269142977.0,1789414570.0,0.18181927623401434,0.0633718612993226,3.5541740674955657,67.824,51.37016666666667,1.0,0.0633718612993226,1.0960904212253024,0.6623052959501559,1.0,0.0633718612993226,3.5880525755249257,94.8,59.7,1.0,0.0633718612993226,2.2783400335799726,67.824,12.905878464768383,0.9465454082299266,0.0,0.0,0.8033540912917799,67.824,12.905878464768383,93.63575692953677,42.01224307046323,0.0,0.0,0.9777352331399142
2026-06-04,78.91,81.77,77.71,79.99,227052025.0,18217342178.0,1789414570.0,0.12688620558175068,-0.0006246876561720738,3.551953818827714,69.388,51.92016666666667,1.0,-0.0006246876561720738,1.0954057070691146,0.6421679326626974,1.0,-0.0006246876561720738,3.585811163371299,94.8,63.88,1.0,-0.0006246876561720738,2.2769167826844323,69.388,12.351042828335284,0.8583890564833353,0.0,-0.0,0.8033540912917799,69.388,12.351042828335284,94.09008565667057,44.685914343329436,0.0,-0.0,0.9777352331399142
2026-06-05,79.57,80.33,75.0,75.57,205371194.0,15961191020.0,1789414570.0,0.11477004683157352,-0.05525690711338915,3.3556838365897033,70.63199999999999,52.4305,1.0,-0.05525690711338915,1.0348769756621201,0.490826593016374,1.0,-0.05525690711338915,3.387670328990737,94.8,63.88,1.0,-0.05525690711338915,2.1511014035187217,70.63199999999999,11.598702559020802,0.4257372731883283,0.0,-0.0,0.8033540912917799,70.63199999999999,11.598702559020802,93.82940511804159,47.43459488195839,0.0,-0.0,0.9777352331399142
2026-06-08,70.84,72.92,69.62,70.22,168129755.0,11980759199.0,1789414570.0,0.09395796693440359,-0.07079528913590039,3.118117229129668,71.3545,52.83500000000001,1.0,-0.07079528913590039,0.9616125609500342,0.2590998744844897,1.0,-0.07079528913590039,3.147839228552727,94.8,70.92,1.0,-0.07079528913590039,1.9988135576959727,71.3545,11.061832662000878,-0.10255985917208704,0.0,-0.0,0.8033540912917799,71.3545,11.061832662000878,93.47816532400176,49.230834675998246,0.0,-0.0,0.9777352331399142
2026-06-09,72.9,75.57,71.32,75.21,166474326.0,12258528311.0,1789414570.0,0.09303284369703103,0.07106237539162619,3.339698046181178,72.35600000000001,53.30916666666667,1.0,0.07106237539162619,1.0299470337375685,0.3629938383472271,1.0,0.07106237539162619,3.3715321614846276,94.8,69.62,0.0,-0.0006,1.997614269561355,72.35600000000001,10.407762993377588,0.2742183888906744,0.0,0.0,0.8033540912917799,72.35600000000001,10.407762993377588,93.17152598675519,51.54047401324483,0.0,0.0,0.9777352331399142
2026-06-10,73.42,76.36,72.39,73.97,150274848.0,11181386124.0,1789414570.0,0.0839798951676134,-0.016487169259406964,3.284635879218478,73.183,53.78066666666667,1.0,-0.016487169259406964,1.0129661226641131,0.28800278600034823,1.0,-0.016487169259406964,3.3159451400746964,94.8,69.62,0.0,-0.0,1.997614269561355,73.183,9.798630462843912,0.08031734669291493,0.0,-0.0,0.8033540912917799,73.183,9.798630462843912,92.78026092568783,53.58573907431219,0.0,-0.0,0.9777352331399142
2026-06-11,72.52,74.18,70.92,71.87,127999146.0,9250455315.0,1789414570.0,0.07153129752374823,-0.02838988779234819,3.1913854351687445,74.064,54.22133333333333,1.0,-0.02838988779234819,0.984208128104229,0.3247926267281107,1.0,-0.02838988779234819,3.2218058296223937,94.8,69.62,0.0,-0.0,1.997614269561355,74.064,8.741890317076383,-0.25097546645194524,0.0,-0.0,0.8033540912917799,74.064,8.741890317076383,91.54778063415276,56.58021936584723,0.0,-0.0,0.9777352331399142
2026-06-12,74.92,75.8,68.77,68.84,186316644.0,13358663368.0,1789414570.0,0.1041215641828601,-0.042159454570752763,3.056838365896986,74.60650000000001,54.607,1.0,-0.042159454570752763,0.9427144502392532,0.18710122434902576,1.0,-0.042159454570752763,3.085976253112642,94.8,69.62,0.0,-0.0,1.997614269561355,74.60650000000001,7.9967850612476665,-0.7211022874610453,0.0,-0.0,0.8033540912917799,74.60650000000001,7.9967850612476665,90.60007012249534,58.612929877504676,0.0,-0.0,0.9777352331399142
2026-06-15,70.22,74.39,67.88,74.24,178153124.0,12871558147.0,1789414570.0,0.09955944641715977,0.07844276583381737,3.2966252220248724,75.405,55.11599999999999,1.0,0.07844276583381737,1.0166635791075267,0.2740689891882613,1.0,0.07844276583381737,3.328048765704278,94.8,68.77,0.0,0.0,1.997614269561355,75.405,7.016986532693678,-0.16602568560905967,0.0,0.0,0.8033540912917799,75.405,7.016986532693678,89.43897306538736,61.371026934612644,0.0,0.0,0.9777352331399142
2026-06-16,74.98,78.29,74.88,76.85,191709382.0,14701154142.0,1789414570.0,0.10713525262063782,0.03515625,3.4125222024866844,76.2105,55.63483333333333,1.0,0.03515625,1.0524056580605257,0.2652288442541981,1.0,0.03515625,3.445050480123569,94.8,67.88,0.0,0.0,1.997614269561355,76.2105,6.111133476567628,0.10464507156521462,0.0,0.0,0.8033540912917799,76.2105,6.111133476567628,88.43276695313526,63.98823304686474,0.0,0.0,0.9777352331399142
2026-06-17,75.92,82.74,75.92,81.67,222806726.0,18015771097.0,1789414570.0,0.12451375423862789,0.06271958360442431,3.6265541740675022,76.9865,56.26033333333333,1.0,0.06271958360442431,1.118412102717022,0.2346182917611488,1.0,0.06271958360442431,3.6611226117331412,94.8,67.88,0.0,0.0,1.997614269561355,76.9865,5.740539379572757,0.8158641009703459,0.0,0.0,0.8033540912917799,76.9865,5.740539379572757,88.46757875914552,65.50542124085449,0.0,0.0,0.9777352331399142
2026-06-18,81.8,85.46,80.94,82.94,234078050.0,19547621790.0,1789414570.0,0.1308126433775489,0.015550385698542835,3.6829484902309124,77.79499999999999,56.943,1.0,0.015550385698542835,1.13580384228419,0.24217462932454703,1.0,0.015550385698542835,3.718054480435248,94.8,67.88,0.0,0.0,1.997614269561355,77.79499999999999,5.3514184051868865,0.9614273470026555,0.0,0.0,0.8033540912917799,77.79499999999999,5.3514184051868865,88.49783681037376,67.09216318962622,0.0,0.0,0.9777352331399142
2026-06-22,85.79,91.23,85.51,91.23,237219439.0,20917975491.0,1789414570.0,0.1325681834590181,0.09995177236556563,4.051065719360576,78.7165,57.81283333333333,1.0,0.09995177236556563,1.2493294493801141,0.25315934065934087,1.0,0.09995177236556563,4.0896806155064835,94.8,67.88,0.0,0.0,1.997614269561355,78.7165,5.994215874271879,2.087595819448199,0.0,0.0,0.8033540912917799,78.7165,5.994215874271879,90.70493174854376,66.72806825145624,0.0,0.0,0.9777352331399142
2026-06-23,91.96,91.96,84.38,86.09,222117468.0,19525842488.0,1789414570.0,0.12412856792598934,-0.05634111586101065,3.822824156305513,79.01700000000001,58.59083333333333,1.0,-0.05634111586101065,1.1789408341240164,0.07504995004995019,1.0,-0.05634111586101065,3.859263446113703,94.8,67.88,0.0,-0.0,1.997614269561355,79.01700000000001,6.212827223194585,1.1384511021961294,0.0,-0.0,0.8033540912917799,79.01700000000001,6.212827223194585,91.44265444638918,66.59134555361084,0.0,-0.0,0.9777352331399142
2026-06-24,84.0,94.7,84.0,94.7,257325263.0,23788606704.0,1789414570.0,0.14380416216237693,0.1000116157509583,4.2051509769094215,79.3475,59.49249999999999,1.0,0.1000116157509583,1.2968486118195417,0.07503689408559433,1.0,0.1000116157509583,4.245234618968146,94.8,67.88,0.0,0.0,1.997614269561355,79.3475,6.862705370333525,2.2370915217148366,0.0,0.0,0.8033540912917799,79.3475,6.862705370333525,93.07291074066704,65.62208925933295,0.0,0.0,0.9777352331399142
2026-06-25,100.0,104.17,99.99,104.17,119722972.0,12320788002.0,1789414570.0,0.06690622397245821,0.10000000000000009,4.625666074600364,80.2525,60.57216666666667,1.0,0.10000000000000009,1.426533473001496,0.2102939467874987,1.0,0.10000000000000009,4.669758080864961,94.8,67.88,0.0,0.0,1.997614269561355,80.2525,8.734148875474474,2.7383893200126734,0.0,0.0,0.8033540912917799,80.2525,8.734148875474474,97.72079775094895,62.78420224905105,0.0,0.0,0.9777352331399142
2026-06-26,106.92,109.33,100.68,100.89,335828451.0,35228700903.0,1789414570.0,0.18767503999925517,-0.03148699241624264,4.480017761989352,81.0645,61.595499999999994,1.0,-0.03148699241624264,1.3816162243555816,0.19184878913171888,1.0,-0.03148699241624264,4.522721443587078,104.17,67.88,1.0,-0.032086992416242646,1.9335168356433616,81.0645,9.848332199173006,2.0130819715509607,0.0,-0.0,0.8033540912917799,81.0645,9.848332199173006,100.76116439834601,61.36783560165398,0.0,-0.0,0.9777352331399142
2026-06-29,103.0,105.8,92.4,103.25,326160484.0,32439880816.0,1789414570.0,0.18227217407758114,0.023391812865497075,4.58481349911191,82.129,62.653,1.0,0.023391812865497075,1.413934732527642,0.2597608589555882,1.0,0.023391812865497075,4.628516097238237,109.33,67.88,1.0,0.023391812865497075,1.9787452996350192,82.129,11.029946270805077,1.9148778680730936,0.0,0.0,0.8033540912917799,82.129,11.029946270805077,104.18889254161016,60.06910745838985,0.0,0.0,0.9777352331399142
2026-06-30,101.29,105.07,96.45,103.55,228510859.0,23180238107.0,1789414570.0,0.127701463278015,0.0029055690072639084,4.598134991119014,83.52799999999999,63.733666666666664,1.0,0.0029055690072639084,1.4180430174647682,0.37025274579859735,1.0,0.0029055690072639084,4.6419645701599945,109.33,67.88,1.0,0.0029055690072639084,1.9844946806509078,83.52799999999999,11.894778420980163,1.683259602775361,0.0,0.0,0.8033540912917799,83.52799999999999,11.894778420980163,107.31755684196031,59.738443158039665,0.0,0.0,0.9777352331399142
2026-07-01,105.5,111.11,101.68,106.64,245979037.0,26327311096.0,1789414570.0,0.13746341464068887,0.029840656687590617,4.735346358792194,85.09649999999999,64.8535,1.0,0.029840656687590617,1.4603583523171695,0.41676630795801795,1.0,0.029840656687590617,4.780483841254098,109.33,74.88,1.0,0.029840656687590617,2.0437133051145615,85.09649999999999,12.783615037267726,1.6852431755176316,0.0,0.0,0.8033540912917799,85.09649999999999,12.783615037267726,110.66373007453544,59.52926992546454,0.0,0.0,0.9777352331399142
2026-07-02,99.0,101.0,95.98,95.98,190804372.0,18686955465.0,1789414570.0,0.1066294950308804,-0.09996249062265561,4.261989342806403,85.89349999999999,65.8125,1.0,-0.09996249062265561,1.3143772942179477,0.19915042478760614,1.0,-0.09996249062265561,4.302614770100979,111.11,75.92,1.0,-0.09996249062265561,1.8394186330166507,85.89349999999999,12.947614401279315,0.7790238176233761,0.0,-0.0,0.8033540912917799,85.89349999999999,12.947614401279315,111.78872880255862,59.998271197441355,0.0,-0.0,0.9777352331399142
2026-07-03,93.4,94.98,88.35,90.88,178226527.0,16408449724.0,1789414570.0,0.09960046709578317,-0.05313607001458642,4.03552397868562,86.438,66.68966666666667,1.0,-0.05313607001458642,1.2445364502868002,0.136142017752219,1.0,-0.05313607001458642,4.0739907304311,111.11,80.94,1.0,-0.05313607001458642,1.741679155746543,86.438,12.915225449873404,0.3439351498152542,0.0,-0.0,0.8033540912917799,86.438,12.915225449873404,112.26845089974681,60.607549100253195,0.0,-0.0,0.9777352331399142
2026-07-06,94.85,97.9,90.88,95.09,208421379.0,19748583547.0,1789414570.0,0.11647461828814773,0.046324823943662,4.2224689165186575,87.414,67.62816666666667,1.0,0.046324823943662,1.3021893822378061,0.2583035596136034,1.0,0.046324823943662,4.262717633766432,111.11,84.0,1.0,0.046324823943662,1.8223621360028475,87.414,12.787638109559472,0.6002672216898103,0.0,0.0,0.8033540912917799,87.414,12.787638109559472,112.98927621911895,61.838723780881054,0.0,0.0,0.9777352331399142
2026-07-07,92.0,102.88,91.8,100.99,227205544.0,22578698079.0,1789414570.0,0.12697199844527923,0.06204648227994514,4.484458259325051,88.9525,68.6125,1.0,0.06204648227994514,1.382985652667957,0.43819424665337503,1.0,0.06204648227994514,4.52720426789433,111.11,84.0,1.0,0.06204648227994514,1.935433295981991,88.9525,12.456840384641135,0.9663365370597369,0.0,0.0,0.8033540912917799,88.9525,12.456840384641135,113.86618076928227,64.03881923071773,0.0,0.0,0.9777352331399142
2026-07-08,100.9,102.68,91.0,94.11,207165389.0,19914071465.0,1789414570.0,0.11577271833658982,-0.06812555698584011,4.178952042628781,89.89750000000001,69.48333333333333,1.0,-0.06812555698584011,1.2887689847765267,0.2512963701635422,1.0,-0.06812555698584011,4.218785955555356,111.11,84.0,1.0,-0.06812555698584011,1.8035808246842777,89.89750000000001,12.070336791621152,0.348996061396081,0.0,-0.0,0.8033540912917799,89.89750000000001,12.070336791621152,114.03817358324231,65.7568264167577,0.0,-0.0,0.9777352331399142
2026-07-09,97.7,103.52,94.6,103.52,206375823.0,20497139426.0,1789414570.0,0.1153314757015754,0.09998937413664866,4.5968028419183025,91.375,70.49249999999999,1.0,0.09998937413664866,1.4176321889710557,0.3994862782209003,1.0,0.09998937413664866,4.64061972286782,111.11,88.35,1.0,0.09998937413664866,1.9839197425493194,91.375,11.824138335135737,1.027136156206056,0.0,0.0,0.8033540912917799,91.375,11.824138335135737,115.02327667027147,67.72672332972853,0.0,0.0,0.9777352331399142
2026-07-10,108.88,113.87,101.11,101.11,305852847.0,33213191229.0,1789414570.0,0.17092341379560802,-0.023280525502318405,4.4897868561278935,92.837,71.46433333333333,1.0,-0.023280525502318405,1.3846289666428075,0.40684569361346856,1.0,-0.023280525502318405,4.532583657063034,111.11,88.35,1.0,-0.023280525502318405,1.937733048388347,92.837,11.069091675757383,0.7473964659737025,0.0,-0.0,0.8033540912917799,92.837,11.069091675757383,114.97518335151477,70.69881664848523,0.0,-0.0,0.9777352331399142
2026-07-13,98.12,106.66,98.12,99.05,243121889.0,25012153841.0,1789414570.0,0.13586672036542097,-0.02037385026209082,4.39831261101244,94.3475,72.377,1.0,-0.02037385026209082,1.3564187434078734,0.438843695525857,1.0,-0.02037385026209082,4.440237476333632,113.87,88.35,1.0,-0.02037385026209082,1.898253965412578,94.3475,9.583659819000333,0.49067893568978077,0.0,-0.0,0.8033540912917799,94.3475,9.583659819000333,113.51481963800066,75.18018036199933,0.0,-0.0,0.9777352331399142
2026-07-14,98.0,103.28,91.65,102.7,278263194.0,27424670381.0,1789414570.0,0.155505157197865,0.03685007571933374,4.560390763765549,95.7705,73.363,1.0,0.03685007571933374,1.406402876809577,0.3833512931034484,1.0,0.03685007571933374,4.603860563548349,113.87,88.35,1.0,0.03685007571933374,1.9682047677725572,95.7705,8.491600478367808,0.8160416893909194,0.0,0.0,0.8033540912917799,95.7705,8.491600478367808,112.75370095673561,78.78729904326438,0.0,0.0,0.9777352331399142
2026-07-15,105.0,105.05,92.43,92.46,238580981.0,22966900490.0,1789414570.0,0.13332907030034968,-0.09970788704965927,4.105683836589705,96.551,74.176,1.0,-0.09970788704965927,1.2661734176223318,0.20312296681847752,1.0,-0.09970788704965927,4.14481935448569,113.87,88.35,1.0,-0.09970788704965927,1.7719592290968902,96.551,7.293936847604867,-0.560876805691481,0.0,-0.0,0.8033540912917799,96.551,7.293936847604867,111.13887369520974,81.96312630479026,0.0,-0.0,0.9777352331399142
2026-07-16,87.46,90.41,83.21,83.21,185426440.0,15886100924.0,1789414570.0,0.10362408080761296,-0.10004326195111402,3.6949378330373066,96.628,74.83066666666667,1.0,-0.10004326195111402,1.1395012987276036,0.018856373209256594,1.0,-0.10004326195111402,3.7301581060648306,113.87,88.35,1.0,-0.10004326195111402,1.5946866477736559,96.628,7.1349706597711675,-1.880596380816841,0.0,-0.0,0.8033540912917799,96.628,7.1349706597711675,110.89794131954234,82.35805868045766,0.0,-0.0,0.9777352331399142
2026-07-17,82.0,90.15,77.71,85.49,252546378.0,20781603333.0,1789414570.0,0.14113352055694953,0.027400552818170887,3.7961811722913033,96.75550000000001,75.51483333333334,1.0,0.027400552818170887,1.1707242642497637,0.03074511695201343,1.0,0.027400552818170887,3.8323665002701883,113.87,83.21,0.0,-0.0006,1.5937298357849916,96.75550000000001,6.896287693199463,-1.6335600400066115,1.0,0.026800552818170887,0.824884425047139,96.75550000000001,6.896287693199463,110.54807538639893,82.96292461360109,0.0,0.0,0.9777352331399142
2026-07-20,86.0,86.99,76.94,76.99,201899735.0,16284351133.0,1789414570.0,0.11283004977432368,-0.09942683354778337,3.4187388987566667,96.04350000000001,76.065,1.0,-0.09942683354778337,1.0543228576978514,-0.1560890058094926,1.0,-0.09942683354778337,3.451326434153723,113.87,77.71,0.0,-0.0,1.5937298357849916,96.04350000000001,8.122813406177988,-2.345677420770056,1.0,-0.09942683354778337,0.7428687786218181,96.04350000000001,8.122813406177988,112.28912681235599,79.79787318764403,0.0,-0.0,0.9777352331399142
2026-07-21,76.7,84.69,69.29,84.69,268854169.0,20904684925.0,1789414570.0,0.1502469989388764,0.1000129886998311,3.7606571936056903,95.97349999999999,76.71883333333334,1.0,0.1000129886998311,1.1597688377507602,-0.016262051341619288,0.0,-0.0006,3.4492556382932307,113.87,76.94,0.0,0.0,1.5937298357849916,95.97349999999999,8.21857221240601,-1.3729270374928926,1.0,0.1000129886998311,0.8171653053835793,95.97349999999999,8.21857221240601,112.410644424812,79.53635557518797,1.0,0.0994129886998311,1.0749348148234792
2026-07-22,84.0,89.88,82.66,85.78,257780881.0,22454664476.0,1789414570.0,0.14405878063237185,0.012870468768449772,3.8090586145648384,95.5275,77.40916666666666,1.0,0.012870468768449772,1.1746956063556526,-0.09419218585005285,0.0,0.0,3.4492556382932307,113.87,69.29,0.0,0.0,1.5937298357849916,95.5275,8.527543531651796,-1.143060714239696,1.0,0.012870468768449772,0.8276826059251794,95.5275,8.527543531651796,112.58258706330359,78.47241293669641,1.0,0.012870468768449772,1.0887697297857841
2026-07-23,85.78,86.88,80.3,80.81,168530327.0,13953017825.0,1789414570.0,0.09418182338819338,-0.0579389134996503,3.5883658969804686,94.3595,78.00866666666667,1.0,-0.0579389134996503,1.1066350192305932,-0.2242488240376308,0.0,-0.0,3.4492556382932307,113.87,69.29,0.0,-0.0,1.5937298357849916,94.3595,8.874233829048979,-1.52683603576536,1.0,-0.0579389134996503,0.7797275750153153,94.3595,8.874233829048979,112.10796765809795,76.61103234190205,1.0,-0.0579389134996503,1.025687594590688
2026-07-24,78.02,84.8,78.02,82.9,172161393.0,14208029489.0,1789414570.0,0.0962110155390095,0.0258631357505259,3.6811722912966323,93.46,78.61916666666666,1.0,0.0258631357505259,1.1352560709592399,-0.1783130141738527,0.0,0.0,3.4492556382932307,113.87,69.29,0.0,0.0,1.5937298357849916,93.46,9.086656498173301,-1.1621436335931565,1.0,0.0258631357505259,0.7998937751363647,93.46,9.086656498173301,111.6333129963466,75.28668700365338,1.0,0.0258631357505259,1.0522150920872173
2026-07-27,81.76,84.2,77.1,82.35,142857990.0,11593743613.0,1789414570.0,0.07983504348017016,-0.00663449939686378,3.656749555950273,92.41499999999999,79.24083333333334,1.0,-0.00663449939686378,1.1277242152411748,-0.20242130750605336,0.0,-0.0,3.4492556382932307,113.87,69.29,0.0,-0.0,1.5937298357849916,92.41499999999999,9.103286566718362,-1.105644640123454,1.0,-0.00663449939686378,0.7945868803676674,92.41499999999999,9.103286566718362,110.62157313343671,74.20842686656327,1.0,-0.00663449939686378,1.0452341716933937
2026-07-28,79.3,82.87,75.56,76.83,137595027.0,10874183348.0,1789414570.0,0.07689387876170026,-0.06703096539162112,3.4116341030195443,91.079,79.78283333333334,1.0,-0.06703096539162112,1.0521317723980506,-0.25803959439884117,0.0,-0.0,3.4492556382932307,113.87,69.29,0.0,-0.0,1.5937298357849916,91.079,9.340722332037062,-1.5254708890262576,1.0,-0.06703096539162112,0.7413249546891061,91.079,9.340722332037062,109.76044466407411,72.39755533592587,1.0,-0.06703096539162112,0.975171116104474
2026-07-29,76.7,77.45,69.7,71.68,167062769.0,12070990499.0,1789414570.0,0.09336169035440457,-0.06703110764024456,3.182948490230912,89.331,80.219,1.0,-0.06703110764024456,0.9816062143107156,-0.32783195798949727,0.0,-0.0,3.4492556382932307,113.87,69.29,0.0,-0.0,1.5937298357849916,89.331,9.54435402131625,-1.849365599869667,1.0,-0.06703110764024456,0.6916331218549412,89.331,9.54435402131625,108.41970804263251,70.2422919573675,1.0,-0.06703110764024456,0.9098043160532177
2026-07-30,70.0,71.33,64.51,64.51,159793915.0,10647381356.0,1789414570.0,0.08929954951691267,-0.1000279017857143,2.8645648312611067,87.75750000000001,80.49166666666666,1.0,-0.1000279017857143,0.8834182043133965,-0.32788080850177115,0.0,-0.0,3.4492556382932307,113.87,69.29,0.0,-0.0,1.5937298357849916,87.75750000000001,10.889768193850337,-2.1348020991969614,1.0,-0.1000279017857143,0.6224505118702882,87.75750000000001,10.889768193850337,109.53703638770068,65.97796361229933,1.0,-0.1000279017857143,0.8187984992828274
2026-07-31,70.27,70.27,65.56,65.71,160360275.0,10900609125.0,1789414570.0,0.08961605526661158,0.018601767167880867,2.9178507992895257,86.499,80.775,1.0,0.018601767167880867,0.8998513440619017,-0.2769586267605634,0.0,0.0,3.4492556382932307,113.87,64.51,0.0,0.0,1.5937298357849916,86.499,11.915977288365692,-1.7446323953888023,1.0,0.018601767167880867,0.6340291913656276,86.499,11.915977288365692,110.33095457673139,62.66704542326861,1.0,0.018601767167880867,0.8340295983238969
2026-08-03,64.1,65.42,60.84,61.0,135091372.0,8459420419.0,1789414570.0,0.07549473121815477,-0.07167858773398261,2.70870337477798,84.7945,80.94683333333334,1.0,-0.07167858773398261,0.8353512705490185,-0.35850247134293833,0.0,-0.0,3.4492556382932307,113.87,64.51,0.0,-0.0,1.5937298357849916,84.7945,13.01033414150801,-1.8288923052395958,1.0,-0.07167858773398261,0.5885828743464204,84.7945,13.01033414150801,110.81516828301602,58.77383171698398,1.0,-0.07167858773398261,0.7742475345876991
2026-08-04,61.99,66.1,61.15,65.41,143599301.0,9186950735.0,1789414570.0,0.08024931919493647,0.07229508196721302,2.9045293072824205,83.0155,81.1075,1.0,0.07229508196721302,0.8957430591247753,-0.3523121101099119,0.0,0.0,3.4492556382932307,113.87,60.84,0.0,0.0,1.5937298357849916,83.0155,13.11141506474433,-1.3427612437760401,1.0,0.07229508196721302,0.6311345214917927,83.0155,13.11141506474433,109.23833012948866,56.79266987051135,1.0,0.07229508196721302,0.8302218235636294
2026-08-05,65.71,70.59,65.7,68.97,176105264.0,12008296116.0,1789414570.0,0.0984150162586415,0.05442592875707075,3.062611012433398,81.7585,81.33733333333333,1.0,0.05442592875707075,0.9444947070453409,-0.2671342046541282,0.0,0.0,3.4492556382932307,113.87,60.84,0.0,0.0,1.5937298357849916,81.7585,13.196614508035333,-0.9690743025200262,1.0,0.05442592875707075,0.6654846039946329,81.7585,13.196614508035333,108.15172901607066,55.365270983929335,1.0,0.05442592875707075,0.8754074173854689
2026-08-06,67.01,75.87,67.01,75.87,235907084.0,17259959743.0,1789414570.0,0.13183478437866972,0.10004349717268379,3.369005328596809,80.376,81.64466666666667,1.0,0.10004349717268379,1.0389852605992462,-0.267098145285935,0.0,0.0,3.4492556382932307,113.87,60.84,0.0,0.0,1.5937298357849916,80.376,12.208166981682217,-0.36909717951606025,1.0,0.10004349717268379,0.7320620110928346,80.376,12.208166981682217,104.79233396336444,55.95966603663557,1.0,0.10004349717268379,0.9629862368716184
2026-08-07,75.15,78.74,73.97,77.75,228341425.0,17483054960.0,1789414570.0,0.12760677644420879,0.02477922762620266,3.452486678507999,79.208,82.03633333333333,0.0,-0.0006,1.0383618694428867,-0.23103550588468003,0.0,0.0,3.4492556382932307,113.87,60.84,0.0,0.0,1.5937298357849916,79.208,11.195535106273113,-0.13023048797221384,1.0,0.02477922762620266,0.7502019423021997,79.208,11.195535106273113,101.59907021254622,56.81692978745377,1.0,0.02477922762620266,0.9868482920359606
2026-08-10,78.42,79.49,76.0,78.52,143099767.0,11127773471.0,1789414570.0,0.07997015862008992,0.0099035369774918,3.486678507992901,78.1815,82.37849999999999,0.0,0.0,1.0383618694428867,-0.20726905603230694,0.0,0.0,3.4492556382932307,106.66,60.84,0.0,0.0,1.5937298357849916,78.1815,10.175187713256406,0.03326719953863777,1.0,0.0099035369774918,0.7576315949783757,78.1815,10.175187713256406,98.53187542651281,57.83112457348719,1.0,0.0099035369774918,0.9966215805873133
2026-08-11,77.1,80.64,76.6,77.67,130786817.0,10283784796.0,1789414570.0,0.07308916513404716,-0.010825267447783893,3.448934280639438,76.92999999999999,82.70183333333333,0.0,-0.0,1.0383618694428867,-0.24371957156767288,0.0,-0.0,3.4492556382932307,105.05,60.84,0.0,-0.0,1.5937298357849916,76.92999999999999,8.382105626681527,0.08828330648142582,0.0,-0.0006,0.7571770160213886,76.92999999999999,8.382105626681527,93.69421125336305,60.165788746636935,0.0,-0.0006,0.9960236076389609
2026-08-12,78.0,79.08,76.7,78.18,104098338.0,8129643139.0,1789414570.0,0.05817452240818627,0.006566241792197891,3.4715808170515166,76.216,82.9925,0.0,0.0,1.0383618694428867,-0.15444516547696285,0.0,0.0,3.4492556382932307,105.05,60.84,0.0,0.0,1.5937298357849916,76.216,7.557219900967743,0.25988392897611884,0.0,0.0,0.7571770160213886,76.216,7.557219900967743,91.33043980193548,61.101560198064504,0.0,0.0,0.9960236076389609
2026-08-13,79.3,81.88,77.77,77.82,150048941.0,11980625234.0,1789414570.0,0.08385364885008173,-0.00460475825019202,3.4555950266429902,75.94649999999999,83.18699999999998,0.0,-0.0,1.0383618694428867,-0.06477586828506188,0.0,-0.0,3.4492556382932307,90.41,60.84,0.0,-0.0,1.5937298357849916,75.94649999999999,7.3889108057101875,0.25355563888417176,0.0,-0.0,0.7571770160213886,75.94649999999999,7.3889108057101875,90.72432161142036,61.16867838857961,0.0,-0.0,0.9960236076389609
2026-08-14,78.99,79.28,76.4,78.71,114479283.0,8901809161.0,1789414570.0,0.06397583037451182,0.011436648676432792,3.4951154529307344,75.60749999999999,83.386,0.0,0.0,1.0383618694428867,-0.07930752134752606,0.0,0.0,3.4492556382932307,90.15,60.84,0.0,0.0,1.5937298357849916,75.60749999999999,7.07696104493891,0.4383943871245073,0.0,0.0,0.7571770160213886,75.60749999999999,7.07696104493891,89.76142208987781,61.45357791012216,0.0,0.0,0.9960236076389609
2026-08-17,78.93,86.48,78.93,85.85,191158336.0,15827066973.0,1789414570.0,0.10682730497718033,0.09071274298056164,3.8121669626998296,76.0505,83.6035,0.0,0.0,1.0383618694428867,0.11507988050396145,0.0,0.0,3.4492556382932307,89.88,60.84,0.0,0.0,1.5937298357849916,76.0505,7.436243728488034,1.3178024225400782,0.0,0.0,0.7571770160213886,76.0505,7.436243728488034,90.92298745697607,61.17801254302393,0.0,0.0,0.9960236076389609
